date,Season,Item,MSRP,revenue,COGS,Discount
2026-01-01,CORE,TRACK JACKET,"10,450","4,346","1,986",58%
2026-01-01,CORE,TRACK PANT,"6,530","2,746","1,165",58%
2026-01-01,F23,SHORTS,68,16,13,77%
2026-01-01,F23,TRACK PANT,150,19,27,88%
2026-01-01,F24,DRESS,610,93,165,85%
2026-01-01,F24,HOODIE,400,128,92,68%
2026-01-01,F24,LEGGINGS,990,180,193,82%
2026-01-01,F24,LONG SLEEVE KNIT,420,84,88,80%
2026-01-01,F24,POLO,"2,374",451,952,81%
2026-01-01,F24,SHORTS,"1,927",393,521,80%
2026-01-01,F24,SKIRT,353,74,74,79%
2026-01-01,F24,SPORT BRA,340,87,95,74%
2026-01-01,F24,SWEATPANTS,500,205,101,59%
2026-01-01,F24,SWEATSHIRT,315,64,73,80%
2026-01-01,F24,TRACK JACKET,"4,525","1,396","1,106",69%
2026-01-01,F24,TRACK PANT,"4,325","1,238",972,71%
2026-01-01,F24,T-SHIRT,"1,504",298,577,80%
2026-01-01,F25,ACCESSORIES,390,70,161,82%
2026-01-01,F25,CREWNECK,505,277,94,45%
2026-01-01,F25,CROP TOP,-20,17,-4,184%
2026-01-01,F25,DRESS,-250,-70,-57,72%
2026-01-01,F25,HAT,426,252,88,41%
2026-01-01,F25,HOODIE,"3,144","1,567",572,50%
2026-01-01,F25,KNITWEAR,435,279,124,36%
2026-01-01,F25,LONG SLEEVE KNIT,"1,485",718,299,52%
2026-01-01,F25,OUTERWEAR,225,89,58,61%
2026-01-01,F25,POLO,965,527,222,45%
2026-01-01,F25,PULLOVER,375,180,79,52%
2026-01-01,F25,SHORTS,942,520,223,45%
2026-01-01,F25,SKIRT,-156,-68,-36,56%
2026-01-01,F25,SKORT,-156,-42,-34,73%
2026-01-01,F25,SOCKS,18,7,4,60%
2026-01-01,F25,SPORT BRA,48,38,8,20%
2026-01-01,F25,SWEATER,"1,737",991,375,43%
2026-01-01,F25,SWEATPANTS,"1,135",579,215,49%
2026-01-01,F25,TANK TOP,78,0,20,100%
2026-01-01,F25,TRACK JACKET,"24,509","13,649","5,317",44%
2026-01-01,F25,TRACK PANT,"20,463","11,077","4,438",46%
2026-01-01,F25,T-SHIRT,680,467,142,31%
2026-01-01,F25,VEST,110,66,24,40%
2026-01-01,S24,FOOTWEAR,789,276,194,65%
2026-01-01,S24,SHORTS,390,87,87,78%
2026-01-01,S24,SKORT,88,16,19,82%
2026-01-01,S24,SPORT BRA,126,28,24,77%
2026-01-01,S24,SWEATPANTS,88,15,16,83%
2026-01-01,S24,TRACK JACKET,135,18,23,87%
2026-01-01,S24,TRACK PANT,250,38,57,85%
2026-01-01,S25,SHOES,176,44,35,75%
2026-01-01,S25,ACCESSORIES,"1,076",351,224,67%
2026-01-01,S25,ACTIVE JACKET,125,0,26,100%
2026-01-01,S25,CABANA SHIRT,"1,546",459,325,70%
2026-01-01,S25,CAMP SHIRT,176,49,30,72%
2026-01-01,S25,DRESS,470,96,93,80%
2026-01-01,S25,HAT,174,39,37,78%
2026-01-01,S25,HOODIE,513,133,109,74%
2026-01-01,S25,JACKET,"1,485",430,287,71%
2026-01-01,S25,LEGGINGS,228,91,42,60%
2026-01-01,S25,LONG SLEEVE KNIT,484,144,82,70%
2026-01-01,S25,PANTS,"1,035",277,214,73%
2026-01-01,S25,POLO,"3,440","1,046",646,70%
2026-01-01,S25,PULLOVER,485,149,97,69%
2026-01-01,S25,SHORTS,"11,843","3,162","2,439",73%
2026-01-01,S25,SKIRT,272,74,26,73%
2026-01-01,S25,SKORT,204,55,33,73%
2026-01-01,S25,SOCKS,216,74,49,66%
2026-01-01,S25,SWEATER,"2,560",731,575,71%
2026-01-01,S25,SWEATPANTS,744,167,147,78%
2026-01-01,S25,SWEATSHIRT,770,203,129,74%
2026-01-01,S25,TANK TOP,320,107,60,67%
2026-01-01,S25,TRACK JACKET,"25,760","6,933","5,149",73%
2026-01-01,S25,TRACK PANT,"13,877","4,165","2,788",70%
2026-01-01,S25,T-SHIRT,"8,386","2,618","1,391",69%
2026-01-01,S25,VISOR,76,19,14,75%
2026-01-01,SS22,ACCESSORIES,102,37,38,64%
2026-01-01,SS22,SOCKS,90,46,21,49%
2026-01-02,CORE,TRACK JACKET,"12,685","5,553","2,464",56%
2026-01-02,CORE,TRACK PANT,"9,835","4,179","1,854",58%
2026-01-02,F22,TANK TOP,58,9,11,85%
2026-01-02,F23,TRACK PANT,110,23,23,80%
2026-01-02,F24,ACCESSORIES,42,5,10,88%
2026-01-02,F24,DRESS,"1,550",319,486,79%
2026-01-02,F24,HOODIE,250,38,63,85%
2026-01-02,F24,LEGGINGS,770,121,150,84%
2026-01-02,F24,LONG SLEEVE KNIT,"1,050",158,221,85%
2026-01-02,F24,POLO,"1,750",276,781,84%
2026-01-02,F24,SHORTS,849,158,243,81%
2026-01-02,F24,SKIRT,617,132,212,79%
2026-01-02,F24,SPORT BRA,272,58,76,79%
2026-01-02,F24,SWEATPANTS,98,53,18,46%
2026-01-02,F24,SWEATSHIRT,190,34,47,82%
2026-01-02,F24,TRACK JACKET,"2,840",942,702,67%
2026-01-02,F24,TRACK PANT,"3,105",910,683,71%
2026-01-02,F24,T-SHIRT,723,162,242,78%
2026-01-02,F25,CABANA SHIRT,"1,080",864,252,20%
2026-01-02,F25,CONTOUR JACKET,270,130,58,52%
2026-01-02,F25,CREWNECK,820,339,158,59%
2026-01-02,F25,DRESS,125,60,27,52%
2026-01-02,F25,HAT,346,200,70,42%
2026-01-02,F25,HOODIE,"1,450",745,270,49%
2026-01-02,F25,KNITWEAR,"1,500",826,403,45%
2026-01-02,F25,LONG SLEEVE KNIT,"2,778","1,526",555,45%
2026-01-02,F25,OUTERWEAR,"1,400",742,313,47%
2026-01-02,F25,POLO,"1,132",723,265,36%
2026-01-02,F25,PULLOVER,125,30,27,76%
2026-01-02,F25,SHORTS,"2,126","1,334",501,37%
2026-01-02,F25,SKORT,116,63,21,46%
2026-01-02,F25,SOCKS,36,17,8,52%
2026-01-02,F25,SPORT BRA,48,29,8,40%
2026-01-02,F25,SWEATER,"1,029",560,224,46%
2026-01-02,F25,SWEATPANTS,507,366,97,28%
2026-01-02,F25,TANK TOP,116,63,30,46%
2026-01-02,F25,TRACK JACKET,"22,031","10,828","4,802",51%
2026-01-02,F25,TRACK PANT,"18,344","9,574","4,033",48%
2026-01-02,F25,T-SHIRT,679,329,141,52%
2026-01-02,F25,VEST,220,132,49,40%
2026-01-02,S24,DRESS,176,21,39,88%
2026-01-02,S24,FOOTWEAR,553,200,156,64%
2026-01-02,S24,POLO,204,51,35,75%
2026-01-02,S24,SHORTS,180,-3,39,102%
2026-01-02,S24,SKIRT,234,68,44,71%
2026-01-02,S24,SKORT,176,34,38,81%
2026-01-02,S24,SPORT BRA,78,14,16,82%
2026-01-02,S24,SWEATER,150,15,37,90%
2026-01-02,S24,TRACK PANT,500,131,102,74%
2026-01-02,S25,SHOES,88,44,18,50%
2026-01-02,S25,ACCESSORIES,608,171,129,72%
2026-01-02,S25,CABANA SHIRT,"1,086",299,240,72%
2026-01-02,S25,CAMP SHIRT,264,96,45,64%
2026-01-02,S25,DRESS,735,62,144,92%
2026-01-02,S25,HOODIE,-213,-55,-42,74%
2026-01-02,S25,JACKET,825,285,159,65%
2026-01-02,S25,LEGGINGS,-50,1,-5,102%
2026-01-02,S25,LONG SLEEVE KNIT,328,130,62,60%
2026-01-02,S25,PADDLE,58,35,10,40%
2026-01-02,S25,PANTS,345,93,71,73%
2026-01-02,S25,POLO,"3,201",955,582,70%
2026-01-02,S25,PULLOVER,375,113,76,70%
2026-01-02,S25,SHORTS,"6,379","1,659","1,356",74%
2026-01-02,S25,SKIRT,214,82,42,62%
2026-01-02,S25,SKORT,372,110,81,70%
2026-01-02,S25,SOCKS,144,55,32,62%
2026-01-02,S25,SWEATER,"2,520",688,580,73%
2026-01-02,S25,SWEATSHIRT,770,262,129,66%
2026-01-02,S25,TANK TOP,730,192,148,74%
2026-01-02,S25,TRACK JACKET,"15,335","4,416","3,203",71%
2026-01-02,S25,TRACK PANT,"9,890","2,801","1,990",72%
2026-01-02,S25,T-SHIRT,"5,194","1,552",891,70%
2026-01-02,S25,VISOR,114,31,22,73%
2026-01-02,SS22,SOCKS,144,50,33,66%
2026-01-03,CORE,TRACK JACKET,"4,640","2,872",880,38%
2026-01-03,CORE,TRACK PANT,"2,930","1,929",531,34%
2026-01-03,F23,TRACK PANT,110,27,23,75%
2026-01-03,F24,DRESS,-275,-60,-56,78%
2026-01-03,F24,HOODIE,150,150,29,0%
2026-01-03,F24,LEGGINGS,330,77,64,77%
2026-01-03,F24,LONG SLEEVE KNIT,-125,-30,-22,76%
2026-01-03,F24,POLO,369,167,112,55%
2026-01-03,F24,SHORTS,685,171,180,75%
2026-01-03,F24,SPORT BRA,136,59,38,57%
2026-01-03,F24,SWEATPANTS,500,310,101,38%
2026-01-03,F24,SWEATSHIRT,505,121,120,76%
2026-01-03,F24,TRACK JACKET,"1,280",395,311,69%
2026-01-03,F24,TRACK PANT,"1,225",346,265,72%
2026-01-03,F24,T-SHIRT,482,68,157,86%
2026-01-03,F25,CABANA SHIRT,675,459,158,32%
2026-01-03,F25,CREWNECK,261,236,51,10%
2026-01-03,F25,DRESS,-250,-123,-54,51%
2026-01-03,F25,HAT,160,160,35,0%
2026-01-03,F25,HOODIE,196,118,34,40%
2026-01-03,F25,KNITWEAR,575,460,148,20%
2026-01-03,F25,LONG SLEEVE KNIT,945,646,190,32%
2026-01-03,F25,OUTERWEAR,100,62,23,39%
2026-01-03,F25,POLO,298,220,69,26%
2026-01-03,F25,PULLOVER,250,236,53,6%
2026-01-03,F25,SHORTS,464,303,109,35%
2026-01-03,F25,SKIRT,-78,-35,-17,55%
2026-01-03,F25,SKORT,116,88,21,24%
2026-01-03,F25,SOCKS,36,29,8,20%
2026-01-03,F25,SWEATER,-152,37,-32,124%
2026-01-03,F25,SWEATPANTS,311,315,60,-1%
2026-01-03,F25,TANK TOP,174,109,45,37%
2026-01-03,F25,TRACK JACKET,"5,570","4,990","1,161",10%
2026-01-03,F25,TRACK PANT,"5,032","4,638","1,081",8%
2026-01-03,F25,T-SHIRT,228,146,47,36%
2026-01-03,S24,FOOTWEAR,295,148,48,50%
2026-01-03,S24,POLO,125,19,20,85%
2026-01-03,S24,SHORTS,68,38,13,45%
2026-01-03,S24,SKIRT,68,14,9,79%
2026-01-03,S24,TRACK PANT,125,38,29,70%
2026-01-03,S25,SHOES,88,0,18,100%
2026-01-03,S25,ACCESSORIES,-60,-41,-16,32%
2026-01-03,S25,ACTIVE JACKET,250,68,52,73%
2026-01-03,S25,CABANA SHIRT,-14,69,-3,595%
2026-01-03,S25,CAMP SHIRT,88,44,15,50%
2026-01-03,S25,DRESS,-7,8,-8,216%
2026-01-03,S25,JACKET,165,83,32,50%
2026-01-03,S25,LEGGINGS,440,167,82,62%
2026-01-03,S25,LONG SLEEVE KNIT,156,59,20,63%
2026-01-03,S25,POLO,-43,45,-1,204%
2026-01-03,S25,SHORTS,950,564,174,41%
2026-01-03,S25,SKIRT,116,42,22,64%
2026-01-03,S25,SOCKS,108,56,24,48%
2026-01-03,S25,SWEATER,975,469,211,52%
2026-01-03,S25,SWEATPANTS,-10,-1,0,95%
2026-01-03,S25,SWEATSHIRT,330,147,55,55%
2026-01-03,S25,TANK TOP,84,71,19,16%
2026-01-03,S25,TRACK JACKET,"5,430","2,488","1,123",54%
2026-01-03,S25,TRACK PANT,"2,286","1,086",474,52%
2026-01-03,S25,T-SHIRT,"2,166",807,370,63%
2026-01-03,S25,VISOR,114,31,22,73%
2026-01-03,SS22,ACCESSORIES,12,10,6,17%
2026-01-03,SS22,SOCKS,90,46,21,49%
2026-01-04,CORE,TRACK JACKET,"7,270","3,860","1,449",47%
2026-01-04,CORE,TRACK PANT,"4,935","2,646",950,46%
2026-01-04,F23,SHORTS,136,32,25,77%
2026-01-04,F24,CAMP SHIRT,450,85,91,81%
2026-01-04,F24,DRESS,225,34,84,85%
2026-01-04,F24,LEGGINGS,440,84,86,81%
2026-01-04,F24,POLO,"1,704",385,775,77%
2026-01-04,F24,SHORTS,"1,824",337,432,82%
2026-01-04,F24,SPORT BRA,136,40,38,70%
2026-01-04,F24,SWEATPANTS,125,75,25,40%
2026-01-04,F24,SWEATSHIRT,190,34,47,82%
2026-01-04,F24,TRACK JACKET,"1,185",363,289,69%
2026-01-04,F24,TRACK PANT,"1,785",444,385,75%
2026-01-04,F24,T-SHIRT,116,28,31,76%
2026-01-04,F25,CABANA SHIRT,540,378,126,30%
2026-01-04,F25,CONTOUR JACKET,135,108,29,20%
2026-01-04,F25,CREWNECK,68,48,14,30%
2026-01-04,F25,CROP TOP,234,162,55,31%
2026-01-04,F25,DRESS,750,415,169,45%
2026-01-04,F25,HAT,38,23,8,40%
2026-01-04,F25,HOODIE,"1,196",725,217,39%
2026-01-04,F25,KNITWEAR,"1,320",763,361,42%
2026-01-04,F25,LONG SLEEVE KNIT,"1,563",846,310,46%
2026-01-04,F25,OUTERWEAR,550,264,120,52%
2026-01-04,F25,POLO,"1,387","1,044",304,25%
2026-01-04,F25,PULLOVER,500,240,107,52%
2026-01-04,F25,SHORTS,872,576,207,34%
2026-01-04,F25,SKIRT,156,75,34,52%
2026-01-04,F25,SKORT,264,211,67,20%
2026-01-04,F25,SOCKS,36,17,8,52%
2026-01-04,F25,SPORT BRA,48,48,8,0%
2026-01-04,F25,SWEATER,571,393,126,31%
2026-01-04,F25,SWEATPANTS,429,330,80,23%
2026-01-04,F25,TANK TOP,78,62,20,20%
2026-01-04,F25,TRACK JACKET,"19,095","10,916","4,106",43%
2026-01-04,F25,TRACK PANT,"15,944","9,190","3,468",42%
2026-01-04,F25,T-SHIRT,632,390,138,38%
2026-01-04,S24,DRESS,165,30,44,82%
2026-01-04,S24,FOOTWEAR,263,149,65,43%
2026-01-04,S24,SHORTS,300,74,66,75%
2026-01-04,S24,SPORT BRA,48,14,7,71%
2026-01-04,S24,SWEATER,150,15,37,90%
2026-01-04,S24,TRACK PANT,250,63,53,75%
2026-01-04,S25,SHOES,88,24,18,73%
2026-01-04,S25,ACCESSORIES,128,38,29,70%
2026-01-04,S25,ACTIVE JACKET,375,101,79,73%
2026-01-04,S25,CABANA SHIRT,603,248,134,59%
2026-01-04,S25,CAMP SHIRT,176,53,30,70%
2026-01-04,S25,DRESS,243,63,43,74%
2026-01-04,S25,JACKET,165,50,32,70%
2026-01-04,S25,LEGGINGS,354,96,64,73%
2026-01-04,S25,LONG SLEEVE KNIT,328,101,62,69%
2026-01-04,S25,PANTS,210,57,44,73%
2026-01-04,S25,POLO,"1,873",537,376,71%
2026-01-04,S25,PULLOVER,235,98,46,58%
2026-01-04,S25,SHORTS,"5,640","1,721","1,200",69%
2026-01-04,S25,SKIRT,234,83,33,64%
2026-01-04,S25,SKORT,136,33,22,76%
2026-01-04,S25,SOCKS,72,22,16,69%
2026-01-04,S25,SWEATER,"1,920",592,435,69%
2026-01-04,S25,SWEATSHIRT,550,168,92,69%
2026-01-04,S25,TANK TOP,300,98,57,67%
2026-01-04,S25,TRACK JACKET,"13,325","4,239","2,697",68%
2026-01-04,S25,TRACK PANT,"7,157","2,368","1,408",67%
2026-01-04,S25,T-SHIRT,"2,768",899,467,68%
2026-01-04,SS22,ACCESSORIES,42,22,17,48%
2026-01-04,SS22,SOCKS,36,19,8,47%
2026-01-05,CORE,TRACK JACKET,"7,180","2,774","1,461",61%
2026-01-05,CORE,TRACK PANT,"5,030","1,923",956,62%
2026-01-05,F23,SHORTS,340,90,63,74%
2026-01-05,F24,CAMP SHIRT,435,80,92,82%
2026-01-05,F24,DRESS,300,54,89,82%
2026-01-05,F24,HOODIE,150,90,29,40%
2026-01-05,F24,LEGGINGS,440,80,86,82%
2026-01-05,F24,LONG SLEEVE KNIT,-92,-18,-20,81%
2026-01-05,F24,POLO,"1,090",234,555,79%
2026-01-05,F24,SHORTS,"1,340",300,335,78%
2026-01-05,F24,SKIRT,177,32,64,82%
2026-01-05,F24,SPORT BRA,136,33,38,75%
2026-01-05,F24,SWEATPANTS,-125,-113,-25,10%
2026-01-05,F24,TRACK JACKET,"2,020",515,485,75%
2026-01-05,F24,TRACK PANT,"1,260",349,278,72%
2026-01-05,F24,T-SHIRT,126,29,33,77%
2026-01-05,F25,CABANA SHIRT,810,539,189,34%
2026-01-05,F25,CONTOUR JACKET,540,238,117,56%
2026-01-05,F25,CREWNECK,388,188,74,51%
2026-01-05,F25,CROP TOP,312,175,73,44%
2026-01-05,F25,DRESS,125,60,27,52%
2026-01-05,F25,HAT,42,25,10,40%
2026-01-05,F25,HOODIE,"1,736",907,321,48%
2026-01-05,F25,KNITWEAR,420,45,101,89%
2026-01-05,F25,LONG SLEEVE KNIT,"1,158",699,229,40%
2026-01-05,F25,OUTERWEAR,550,238,120,57%
2026-01-05,F25,POLO,781,496,178,37%
2026-01-05,F25,PULLOVER,375,329,79,12%
2026-01-05,F25,SHORTS,"1,476",761,342,48%
2026-01-05,F25,SKIRT,234,75,56,68%
2026-01-05,F25,SKORT,760,400,175,47%
2026-01-05,F25,SOCKS,72,40,17,44%
2026-01-05,F25,SWEATER,458,325,97,29%
2026-01-05,F25,SWEATPANTS,598,317,108,47%
2026-01-05,F25,TRACK JACKET,"16,236","7,802","3,478",52%
2026-01-05,F25,TRACK PANT,"14,419","7,786","3,143",46%
2026-01-05,F25,T-SHIRT,"1,206",635,248,47%
2026-01-05,F25,VEST,220,176,49,20%
2026-01-05,S24,FOOTWEAR,295,122,48,59%
2026-01-05,S24,SHORTS,478,74,93,84%
2026-01-05,S24,SKORT,88,16,19,82%
2026-01-05,S24,SWEATER,150,15,37,90%
2026-01-05,S24,TANK TOP,78,10,12,87%
2026-01-05,S24,TRACK PANT,-250,-68,-49,73%
2026-01-05,S25,SHOES,88,40,18,55%
2026-01-05,S25,ACCESSORIES,344,121,74,65%
2026-01-05,S25,ACTIVE JACKET,-125,-16,-26,87%
2026-01-05,S25,BAG,-150,-90,-89,40%
2026-01-05,S25,CABANA SHIRT,745,186,160,75%
2026-01-05,S25,CAMP SHIRT,176,53,30,70%
2026-01-05,S25,DRESS,838,275,161,67%
2026-01-05,S25,HOODIE,263,29,58,89%
2026-01-05,S25,JACKET,165,50,32,70%
2026-01-05,S25,LEGGINGS,118,32,21,73%
2026-01-05,S25,LONG SLEEVE KNIT,406,162,72,60%
2026-01-05,S25,PANTS,75,3,17,96%
2026-01-05,S25,POLO,"2,004",471,364,77%
2026-01-05,S25,PULLOVER,125,38,25,70%
2026-01-05,S25,SHORTS,"6,286","1,663","1,287",74%
2026-01-05,S25,SKIRT,460,135,84,71%
2026-01-05,S25,SKORT,752,209,153,72%
2026-01-05,S25,SOCKS,108,45,24,58%
2026-01-05,S25,SWEATER,"1,760",556,403,68%
2026-01-05,S25,SWEATPANTS,196,48,37,76%
2026-01-05,S25,SWEATSHIRT,660,198,110,70%
2026-01-05,S25,TANK TOP,116,34,16,71%
2026-01-05,S25,TRACK JACKET,"9,955","2,974","2,104",70%
2026-01-05,S25,TRACK PANT,"5,825","1,911","1,197",67%
2026-01-05,S25,T-SHIRT,"3,978","1,150",675,71%
2026-01-05,S25,VISOR,114,31,22,73%
2026-01-05,SS22,SOCKS,198,79,45,60%
2026-01-06,CORE,TRACK JACKET,"13,080","5,924","2,532",55%
2026-01-06,CORE,TRACK PANT,"8,660","3,639","1,613",58%
2026-01-06,F23,SHORTS,68,16,13,77%
2026-01-06,F24,CAMP SHIRT,300,62,61,79%
2026-01-06,F24,DRESS,775,152,232,80%
2026-01-06,F24,HOODIE,250,36,63,86%
2026-01-06,F24,LEGGINGS,330,61,64,82%
2026-01-06,F24,LONG SLEEVE KNIT,118,27,24,77%
2026-01-06,F24,POLO,"2,687",559,"1,226",79%
2026-01-06,F24,SHORTS,"2,665",506,734,81%
2026-01-06,F24,SKIRT,705,127,296,82%
2026-01-06,F24,SPORT BRA,68,21,19,69%
2026-01-06,F24,SWEATPANTS,250,155,50,38%
2026-01-06,F24,SWEATSHIRT,190,34,47,82%
2026-01-06,F24,TRACK JACKET,"2,330",744,557,68%
2026-01-06,F24,TRACK PANT,"1,645",476,362,71%
2026-01-06,F24,T-SHIRT,637,145,214,77%
2026-01-06,F25,CABANA SHIRT,540,354,126,35%
2026-01-06,F25,CREWNECK,531,139,101,74%
2026-01-06,F25,DRESS,375,220,84,41%
2026-01-06,F25,HAT,202,125,45,38%
2026-01-06,F25,HOODIE,"2,600","1,318",483,49%
2026-01-06,F25,KNITWEAR,"1,835","1,005",490,45%
2026-01-06,F25,LONG SLEEVE KNIT,"1,968",946,392,52%
2026-01-06,F25,OUTERWEAR,225,108,51,52%
2026-01-06,F25,POLO,"1,336",715,302,46%
2026-01-06,F25,PULLOVER,500,181,104,64%
2026-01-06,F25,SHORTS,"1,382",743,323,46%
2026-01-06,F25,SKIRT,234,112,53,52%
2026-01-06,F25,SPORT BRA,-48,-29,-8,40%
2026-01-06,F25,SWEATER,723,378,159,48%
2026-01-06,F25,SWEATPANTS,"1,051",545,200,48%
2026-01-06,F25,TANK TOP,78,37,20,52%
2026-01-06,F25,TRACK JACKET,"28,238","14,587","6,159",48%
2026-01-06,F25,TRACK PANT,"22,018","11,456","4,871",48%
2026-01-06,F25,T-SHIRT,818,351,156,57%
2026-01-06,F25,VEST,110,66,24,40%
2026-01-06,S24,DRESS,176,42,39,76%
2026-01-06,S24,FOOTWEAR,644,140,148,78%
2026-01-06,S24,POLO,68,15,12,78%
2026-01-06,S24,SHORTS,764,160,175,79%
2026-01-06,S24,SKIRT,78,13,28,83%
2026-01-06,S24,SPORT BRA,174,40,31,77%
2026-01-06,S24,TANK TOP,48,12,9,75%
2026-01-06,S24,TRACK PANT,500,172,102,66%
2026-01-06,S25,SHOES,176,50,35,72%
2026-01-06,S25,ACCESSORIES,156,4,30,97%
2026-01-06,S25,ACTIVE JACKET,375,101,79,73%
2026-01-06,S25,CABANA SHIRT,"1,108",345,241,69%
2026-01-06,S25,DRESS,"1,118",295,212,74%
2026-01-06,S25,HOODIE,725,229,159,68%
2026-01-06,S25,LEGGINGS,642,194,121,70%
2026-01-06,S25,LONG SLEEVE KNIT,234,75,31,68%
2026-01-06,S25,PADDLE,58,29,10,50%
2026-01-06,S25,POLO,"3,071",754,565,75%
2026-01-06,S25,PULLOVER,375,163,76,57%
2026-01-06,S25,SHORTS,"10,825","3,127","2,197",71%
2026-01-06,S25,SKIRT,292,86,16,71%
2026-01-06,S25,SKORT,538,173,115,68%
2026-01-06,S25,SOCKS,180,72,40,60%
2026-01-06,S25,SPORT BRA,68,18,17,73%
2026-01-06,S25,SWEATER,"2,010",586,458,71%
2026-01-06,S25,SWEATPANTS,98,24,18,76%
2026-01-06,S25,SWEATSHIRT,220,64,37,71%
2026-01-06,S25,TANK TOP,404,111,84,73%
2026-01-06,S25,TRACK JACKET,"16,825","4,536","3,455",73%
2026-01-06,S25,TRACK PANT,"9,004","2,470","1,842",73%
2026-01-06,S25,T-SHIRT,"6,114","1,798","1,016",71%
2026-01-06,S25,VISOR,152,39,29,74%
2026-01-06,SS22,ACCESSORIES,78,30,27,62%
2026-01-06,SS22,SOCKS,108,41,25,62%
2026-01-07,CORE,TRACK JACKET,"4,780","2,202",914,54%
2026-01-07,CORE,TRACK PANT,"2,680","1,355",532,49%
2026-01-07,F23,SHORTS,204,66,38,68%
2026-01-07,F24,DRESS,485,123,130,75%
2026-01-07,F24,LEGGINGS,330,99,64,70%
2026-01-07,F24,POLO,"1,352",352,563,74%
2026-01-07,F24,SHORTS,"1,723",459,505,73%
2026-01-07,F24,SKIRT,-87,-31,-29,65%
2026-01-07,F24,SPORT BRA,204,68,57,67%
2026-01-07,F24,SWEATPANTS,125,38,25,70%
2026-01-07,F24,SWEATSHIRT,190,48,47,75%
2026-01-07,F24,TRACK JACKET,"1,940",630,477,68%
2026-01-07,F24,TRACK PANT,935,336,212,64%
2026-01-07,F24,T-SHIRT,453,123,153,73%
2026-01-07,F25,CABANA SHIRT,"1,215",728,284,40%
2026-01-07,F25,CREWNECK,167,41,31,75%
2026-01-07,F25,HAT,80,57,18,29%
2026-01-07,F25,HOODIE,826,472,155,43%
2026-01-07,F25,KNITWEAR,565,298,162,47%
2026-01-07,F25,LONG SLEEVE KNIT,696,447,132,36%
2026-01-07,F25,POLO,301,236,70,21%
2026-01-07,F25,PULLOVER,500,278,107,44%
2026-01-07,F25,SHORTS,852,605,192,29%
2026-01-07,F25,SKIRT,156,94,34,40%
2026-01-07,F25,SKORT,78,55,21,30%
2026-01-07,F25,SOCKS,18,11,4,40%
2026-01-07,F25,SWEATER,-83,-68,-16,18%
2026-01-07,F25,SWEATPANTS,206,169,37,18%
2026-01-07,F25,TANK TOP,38,50,10,-32%
2026-01-07,F25,TRACK JACKET,"11,455","5,658","2,502",51%
2026-01-07,F25,TRACK PANT,"9,413","5,150","2,056",45%
2026-01-07,F25,T-SHIRT,605,416,122,31%
2026-01-07,S24,FOOTWEAR,295,118,48,60%
2026-01-07,S24,TANK TOP,48,17,9,65%
2026-01-07,S25,ACCESSORIES,136,54,26,60%
2026-01-07,S25,CABANA SHIRT,615,254,128,59%
2026-01-07,S25,CAMP SHIRT,176,88,30,50%
2026-01-07,S25,DRESS,110,62,23,44%
2026-01-07,S25,HOODIE,150,-15,33,110%
2026-01-07,S25,JACKET,330,69,64,79%
2026-01-07,S25,LEGGINGS,228,91,42,60%
2026-01-07,S25,LONG SLEEVE KNIT,47,20,16,57%
2026-01-07,S25,PANTS,-210,-84,-44,60%
2026-01-07,S25,POLO,971,315,174,68%
2026-01-07,S25,PULLOVER,235,68,46,71%
2026-01-07,S25,SHORTS,"4,284","1,407",878,67%
2026-01-07,S25,SKIRT,294,118,61,60%
2026-01-07,S25,SKORT,98,39,23,60%
2026-01-07,S25,SOCKS,54,27,12,50%
2026-01-07,S25,SWEATER,880,338,192,62%
2026-01-07,S25,SWEATSHIRT,550,220,92,60%
2026-01-07,S25,TANK TOP,232,93,51,60%
2026-01-07,S25,TRACK JACKET,"6,335","1,965","1,202",69%
2026-01-07,S25,TRACK PANT,"3,912","1,391",775,64%
2026-01-07,S25,T-SHIRT,"2,174",887,373,59%
2026-01-07,S25,VISOR,38,15,7,60%
2026-01-07,SS22,ACCESSORIES,12,12,6,0%
2026-01-07,SS22,SOCKS,36,18,8,50%
2026-01-08,CORE,TRACK JACKET,"-3,355","-2,079",-601,38%
2026-01-08,CORE,TRACK PANT,"-2,420","-1,551",-457,36%
2026-01-08,F24,DRESS,135,34,22,75%
2026-01-08,F24,HOODIE,-150,-90,-29,40%
2026-01-08,F24,LEGGINGS,-110,-15,-21,86%
2026-01-08,F24,POLO,173,33,56,81%
2026-01-08,F24,SHORTS,957,264,250,72%
2026-01-08,F24,SKIRT,265,66,103,75%
2026-01-08,F24,TRACK JACKET,280,165,74,41%
2026-01-08,F24,TRACK PANT,675,208,132,69%
2026-01-08,F24,T-SHIRT,396,127,117,68%
2026-01-08,F25,BUTTON DOWN SHIRT,-165,-116,-70,30%
2026-01-08,F25,CABANA SHIRT,675,473,158,30%
2026-01-08,F25,CREWNECK,501,303,94,40%
2026-01-08,F25,CROP TOP,156,94,37,40%
2026-01-08,F25,HAT,202,153,45,24%
2026-01-08,F25,HOODIE,668,238,126,64%
2026-01-08,F25,KNITWEAR,-615,-242,-158,61%
2026-01-08,F25,LEGGINGS,-220,-106,-49,52%
2026-01-08,F25,LONG SLEEVE KNIT,540,276,109,49%
2026-01-08,F25,OUTERWEAR,-648,-453,-139,30%
2026-01-08,F25,POLO,804,549,183,32%
2026-01-08,F25,PULLOVER,-125,-6,-25,95%
2026-01-08,F25,SHORTS,"1,304",882,304,32%
2026-01-08,F25,SKIRT,234,140,53,40%
2026-01-08,F25,SKORT,146,82,33,44%
2026-01-08,F25,SPORT BRA,-68,-35,-19,49%
2026-01-08,F25,SWEATER,392,327,89,17%
2026-01-08,F25,SWEATPANTS,568,463,106,18%
2026-01-08,F25,TANK TOP,154,162,40,-5%
2026-01-08,F25,TRACK JACKET,"2,782","2,248",543,19%
2026-01-08,F25,TRACK PANT,"4,018","2,632",856,34%
2026-01-08,F25,T-SHIRT,"1,098",706,233,36%
2026-01-08,F25,VEST,110,77,24,30%
2026-01-08,S24,FOOTWEAR,322,50,74,84%
2026-01-08,S24,SHORTS,335,53,65,84%
2026-01-08,S24,SKIRT,78,22,28,72%
2026-01-08,S24,SPORT BRA,48,18,7,63%
2026-01-08,S24,TRACK PANT,125,3,29,97%
2026-01-08,S25,SHOES,88,35,18,60%
2026-01-08,S25,CABANA SHIRT,925,307,206,67%
2026-01-08,S25,DRESS,603,216,113,64%
2026-01-08,S25,HOODIE,-400,-195,-84,51%
2026-01-08,S25,JACKET,165,66,32,60%
2026-01-08,S25,LEGGINGS,414,156,79,62%
2026-01-08,S25,LONG SLEEVE KNIT,-38,-12,-10,68%
2026-01-08,S25,PANTS,135,54,27,60%
2026-01-08,S25,POLO,327,194,41,41%
2026-01-08,S25,PULLOVER,-125,-46,-25,63%
2026-01-08,S25,SHORTS,"2,886","1,206",591,58%
2026-01-08,S25,SKIRT,146,38,32,74%
2026-01-08,S25,SKORT,518,203,108,61%
2026-01-08,S25,SOCKS,36,18,8,50%
2026-01-08,S25,SWEATER,875,358,222,59%
2026-01-08,S25,SWEATPANTS,-98,-54,-18,45%
2026-01-08,S25,SWEATSHIRT,550,159,92,71%
2026-01-08,S25,TANK TOP,456,214,91,53%
2026-01-08,S25,TRACK JACKET,"1,025",682,195,33%
2026-01-08,S25,TRACK PANT,287,366,100,-28%
2026-01-08,S25,T-SHIRT,"2,432","1,067",413,56%
2026-01-08,S25,VISOR,76,30,14,60%
2026-01-08,SS22,ACCESSORIES,6,13,0,-117%
2026-01-08,SS22,SOCKS,18,9,4,50%
2026-01-09,CORE,TRACK JACKET,710,313,211,56%
2026-01-09,CORE,TRACK PANT,530,-4,108,101%
2026-01-09,F24,CAMP SHIRT,300,83,61,73%
2026-01-09,F24,DRESS,250,75,70,70%
2026-01-09,F24,HOODIE,600,351,115,42%
2026-01-09,F24,LEGGINGS,550,154,107,72%
2026-01-09,F24,POLO,966,238,430,75%
2026-01-09,F24,SHORTS,"1,966",480,503,76%
2026-01-09,F24,SPORT BRA,340,129,95,62%
2026-01-09,F24,SWEATPANTS,500,293,100,42%
2026-01-09,F24,TRACK JACKET,-10,38,9,483%
2026-01-09,F24,TRACK PANT,910,199,178,78%
2026-01-09,F24,T-SHIRT,48,12,25,75%
2026-01-09,F25,CABANA SHIRT,0,30,0,#DIV/0!
2026-01-09,F25,CREWNECK,110,80,20,27%
2026-01-09,F25,CROP TOP,78,47,18,40%
2026-01-09,F25,DRESS,250,150,54,40%
2026-01-09,F25,HAT,156,109,33,30%
2026-01-09,F25,HOODIE,174,149,29,15%
2026-01-09,F25,KNITWEAR,"1,130",713,276,37%
2026-01-09,F25,LONG SLEEVE KNIT,945,522,190,45%
2026-01-09,F25,OUTERWEAR,550,364,127,34%
2026-01-09,F25,POLO,592,439,132,26%
2026-01-09,F25,SHORTS,898,643,212,28%
2026-01-09,F25,SKIRT,156,103,34,34%
2026-01-09,F25,SKORT,28,-27,-2,197%
2026-01-09,F25,SWEATER,-27,0,-5,101%
2026-01-09,F25,SWEATPANTS,98,114,18,-17%
2026-01-09,F25,TRACK JACKET,"14,363","8,256","3,091",43%
2026-01-09,F25,TRACK PANT,"10,992","6,554","2,368",40%
2026-01-09,F25,T-SHIRT,940,612,175,35%
2026-01-09,F25,VEST,220,154,49,30%
2026-01-09,S24,DRESS,165,41,44,75%
2026-01-09,S24,FOOTWEAR,666,277,171,58%
2026-01-09,S24,POLO,-125,-19,-20,85%
2026-01-09,S24,SHORTS,200,19,46,91%
2026-01-09,S24,SWEATER,150,25,37,83%
2026-01-09,S24,TRACK JACKET,140,70,34,50%
2026-01-09,S24,TRACK PANT,125,31,29,75%
2026-01-09,S25,SHOES,88,35,18,60%
2026-01-09,S25,ACCESSORIES,-50,12,-12,124%
2026-01-09,S25,ACTIVE JACKET,-125,-35,-26,72%
2026-01-09,S25,CABANA SHIRT,-188,-19,-29,90%
2026-01-09,S25,DRESS,360,119,73,67%
2026-01-09,S25,HAT,-58,-10,-12,83%
2026-01-09,S25,HOODIE,450,180,100,60%
2026-01-09,S25,JACKET,330,132,64,60%
2026-01-09,S25,LEGGINGS,110,44,20,60%
2026-01-09,S25,LONG SLEEVE KNIT,78,56,10,29%
2026-01-09,S25,PANTS,420,84,88,80%
2026-01-09,S25,POLO,771,383,141,50%
2026-01-09,S25,PULLOVER,235,105,46,55%
2026-01-09,S25,SHORTS,"4,369","1,612",933,63%
2026-01-09,S25,SKIRT,174,70,33,60%
2026-01-09,S25,SKORT,166,36,34,78%
2026-01-09,S25,SOCKS,54,27,12,50%
2026-01-09,S25,SWEATER,"1,750",534,397,69%
2026-01-09,S25,SWEATPANTS,294,69,55,77%
2026-01-09,S25,SWEATSHIRT,770,304,129,61%
2026-01-09,S25,TANK TOP,300,102,50,66%
2026-01-09,S25,TRACK JACKET,"5,095","2,253",957,56%
2026-01-09,S25,TRACK PANT,"2,571","1,218",470,53%
2026-01-09,S25,T-SHIRT,"2,788","1,078",442,61%
2026-01-09,SS22,SOCKS,54,18,12,67%
2026-01-10,CORE,TRACK JACKET,"2,645","2,099",492,21%
2026-01-10,CORE,TRACK PANT,"1,790","1,402",336,22%
2026-01-10,F23,SHORTS,476,154,88,68%
2026-01-10,F24,CAMP SHIRT,150,45,30,70%
2026-01-10,F24,DRESS,830,221,189,73%
2026-01-10,F24,HOODIE,-250,-45,-63,82%
2026-01-10,F24,LEGGINGS,330,83,64,75%
2026-01-10,F24,LONG SLEEVE KNIT,118,32,24,73%
2026-01-10,F24,POLO,"1,021",258,484,75%
2026-01-10,F24,SHORTS,"3,264",926,859,72%
2026-01-10,F24,SKIRT,89,22,26,75%
2026-01-10,F24,SPORT BRA,204,61,57,70%
2026-01-10,F24,SWEATPANTS,-125,-100,-25,20%
2026-01-10,F24,SWEATSHIRT,190,48,47,75%
2026-01-10,F24,TRACK JACKET,"4,305","1,229",834,71%
2026-01-10,F24,TRACK PANT,"2,990",833,522,72%
2026-01-10,F24,T-SHIRT,279,72,134,74%
2026-01-10,F25,CABANA SHIRT,405,284,95,30%
2026-01-10,F25,CREWNECK,691,420,131,39%
2026-01-10,F25,HAT,38,27,8,30%
2026-01-10,F25,HOODIE,300,200,58,34%
2026-01-10,F25,KNITWEAR,"1,155",809,338,30%
2026-01-10,F25,LONG SLEEVE KNIT,"1,293",835,256,35%
2026-01-10,F25,OUTERWEAR,450,428,101,5%
2026-01-10,F25,POLO,915,611,212,33%
2026-01-10,F25,PULLOVER,375,238,80,37%
2026-01-10,F25,SHORTS,"1,028",640,238,38%
2026-01-10,F25,SOCKS,18,13,4,30%
2026-01-10,F25,SWEATER,696,541,154,22%
2026-01-10,F25,SWEATPANTS,419,303,79,28%
2026-01-10,F25,TRACK JACKET,"14,463","8,689","3,067",40%
2026-01-10,F25,TRACK PANT,"11,602","7,235","2,474",38%
2026-01-10,F25,T-SHIRT,730,416,133,43%
2026-01-10,S24,FOOTWEAR,"1,170",519,278,56%
2026-01-10,S24,SHORTS,168,61,36,64%
2026-01-10,S24,SKORT,88,26,19,70%
2026-01-10,S24,SPORT BRA,78,20,16,74%
2026-01-10,S24,TRACK JACKET,"2,240","1,120",542,50%
2026-01-10,S24,TRACK PANT,750,188,172,75%
2026-01-10,S25,SHOES,-88,-44,-18,50%
2026-01-10,S25,ACTIVE JACKET,125,50,26,60%
2026-01-10,S25,CABANA SHIRT,323,143,66,56%
2026-01-10,S25,CAMP SHIRT,88,44,15,50%
2026-01-10,S25,DRESS,368,137,65,63%
2026-01-10,S25,JACKET,165,58,32,65%
2026-01-10,S25,LEGGINGS,472,175,85,63%
2026-01-10,S25,LONG SLEEVE KNIT,312,99,41,68%
2026-01-10,S25,POLO,"1,658",624,307,62%
2026-01-10,S25,SHORTS,"5,434","1,799","1,154",67%
2026-01-10,S25,SKIRT,98,39,20,60%
2026-01-10,S25,SPORT BRA,48,19,7,60%
2026-01-10,S25,SWEATER,630,199,144,68%
2026-01-10,S25,SWEATPANTS,294,74,55,75%
2026-01-10,S25,SWEATSHIRT,440,163,74,63%
2026-01-10,S25,TANK TOP,144,58,33,60%
2026-01-10,S25,TRACK JACKET,"9,700","3,669","1,799",62%
2026-01-10,S25,TRACK PANT,"4,707","2,007",943,57%
2026-01-10,S25,T-SHIRT,"3,366","1,377",562,59%
2026-01-10,SS22,ACCESSORIES,18,16,5,10%
2026-01-10,SS22,SOCKS,18,0,4,98%
2026-01-11,CORE,TRACK JACKET,255,342,58,-34%
2026-01-11,CORE,TRACK PANT,160,180,31,-12%
2026-01-11,F23,SHORTS,136,44,25,68%
2026-01-11,F24,CAMP SHIRT,300,90,61,70%
2026-01-11,F24,HOODIE,300,180,58,40%
2026-01-11,F24,LEGGINGS,220,66,43,70%
2026-01-11,F24,POLO,"1,315",342,545,74%
2026-01-11,F24,SHORTS,"1,930",497,515,74%
2026-01-11,F24,SWEATPANTS,375,143,76,62%
2026-01-11,F24,TRACK JACKET,630,256,165,59%
2026-01-11,F24,TRACK PANT,515,213,123,59%
2026-01-11,F24,T-SHIRT,454,132,133,71%
2026-01-11,F25,CABANA SHIRT,"1,215",855,284,30%
2026-01-11,F25,CREWNECK,720,343,132,52%
2026-01-11,F25,CROP TOP,312,187,73,40%
2026-01-11,F25,HAT,76,69,15,10%
2026-01-11,F25,HOODIE,496,330,92,34%
2026-01-11,F25,KNITWEAR,360,275,93,24%
2026-01-11,F25,LEGGINGS,110,77,24,30%
2026-01-11,F25,LONG SLEEVE KNIT,"1,080",576,217,47%
2026-01-11,F25,POLO,"1,232",743,287,40%
2026-01-11,F25,PULLOVER,750,443,156,41%
2026-01-11,F25,SHORTS,"2,422","1,658",574,32%
2026-01-11,F25,SKIRT,156,94,36,40%
2026-01-11,F25,SKORT,584,347,130,41%
2026-01-11,F25,SOCKS,216,136,50,37%
2026-01-11,F25,SPORT BRA,68,41,19,40%
2026-01-11,F25,SWEATER,"1,419",900,311,37%
2026-01-11,F25,SWEATPANTS,"1,051",718,200,32%
2026-01-11,F25,TRACK JACKET,"14,847","8,489","3,220",43%
2026-01-11,F25,TRACK PANT,"12,466","7,525","2,723",40%
2026-01-11,F25,T-SHIRT,"1,259",723,262,43%
2026-01-11,S24,POLO,68,25,12,63%
2026-01-11,S24,SHORTS,336,112,66,67%
2026-01-11,S24,SKIRT,78,38,15,52%
2026-01-11,S24,SWEATER,150,25,37,83%
2026-01-11,S24,TRACK JACKET,140,70,34,50%
2026-01-11,S25,SHOES,88,35,18,60%
2026-01-11,S25,CABANA SHIRT,743,282,164,62%
2026-01-11,S25,DRESS,853,298,161,65%
2026-01-11,S25,HOODIE,575,186,126,68%
2026-01-11,S25,LEGGINGS,68,24,16,64%
2026-01-11,S25,LONG SLEEVE KNIT,78,47,10,40%
2026-01-11,S25,PANTS,-210,-42,-44,80%
2026-01-11,S25,POLO,"2,365",973,431,59%
2026-01-11,S25,PULLOVER,500,200,102,60%
2026-01-11,S25,SHORTS,"5,879","2,241","1,227",62%
2026-01-11,S25,SKIRT,214,86,15,60%
2026-01-11,S25,SKORT,352,134,72,62%
2026-01-11,S25,SOCKS,198,117,45,41%
2026-01-11,S25,SWEATER,"2,435",820,545,66%
2026-01-11,S25,SWEATPANTS,196,49,37,75%
2026-01-11,S25,SWEATSHIRT,660,264,110,60%
2026-01-11,S25,TANK TOP,450,176,92,61%
2026-01-11,S25,TRACK JACKET,"6,085","2,539","1,185",58%
2026-01-11,S25,TRACK PANT,"1,325",619,258,53%
2026-01-11,S25,T-SHIRT,"3,910","1,472",659,62%
2026-01-11,S25,VISOR,76,30,14,60%
2026-01-11,SS22,SOCKS,36,18,8,50%
2026-01-12,CORE,TRACK JACKET,"-2,570","-1,761",-399,31%
2026-01-12,CORE,TRACK PANT,"-1,150",-877,-168,24%
2026-01-12,F23,SHORTS,204,52,38,75%
2026-01-12,F24,ACCESSORIES,-88,-22,-18,75%
2026-01-12,F24,CAMP SHIRT,150,38,30,75%
2026-01-12,F24,DRESS,300,82,89,73%
2026-01-12,F24,LEGGINGS,110,33,21,70%
2026-01-12,F24,POLO,924,249,330,73%
2026-01-12,F24,SHORTS,"1,023",267,303,74%
2026-01-12,F24,SKIRT,88,22,39,75%
2026-01-12,F24,SPORT BRA,68,34,19,50%
2026-01-12,F24,SWEATSHIRT,380,95,95,75%
2026-01-12,F24,TRACK JACKET,-30,-19,-1,36%
2026-01-12,F24,T-SHIRT,164,41,65,75%
2026-01-12,F25,ACCESSORIES,130,33,54,75%
2026-01-12,F25,CABANA SHIRT,810,548,190,32%
2026-01-12,F25,CONTOUR JACKET,135,85,29,37%
2026-01-12,F25,CREWNECK,38,83,0,-120%
2026-01-12,F25,CROP TOP,78,42,18,46%
2026-01-12,F25,DRESS,125,87,33,30%
2026-01-12,F25,HAT,80,53,18,34%
2026-01-12,F25,HOODIE,632,241,114,62%
2026-01-12,F25,KNITWEAR,395,241,97,39%
2026-01-12,F25,LEGGINGS,118,83,25,30%
2026-01-12,F25,LONG SLEEVE KNIT,540,338,109,38%
2026-01-12,F25,OUTERWEAR,275,165,64,40%
2026-01-12,F25,POLO,953,576,213,40%
2026-01-12,F25,PULLOVER,750,459,157,39%
2026-01-12,F25,SHORTS,"1,024",645,238,37%
2026-01-12,F25,SKORT,88,48,22,46%
2026-01-12,F25,SOCKS,36,21,8,43%
2026-01-12,F25,SWEATER,946,550,207,42%
2026-01-12,F25,SWEATPANTS,402,175,72,56%
2026-01-12,F25,TANK TOP,-78,-62,-20,20%
2026-01-12,F25,TRACK JACKET,"11,473","6,923","2,453",40%
2026-01-12,F25,TRACK PANT,"10,580","6,347","2,315",40%
2026-01-12,F25,T-SHIRT,455,308,78,32%
2026-01-12,F25,VEST,110,77,24,30%
2026-01-12,S24,DRESS,88,35,19,60%
2026-01-12,S24,FOOTWEAR,162,164,63,-1%
2026-01-12,S24,SHORTS,68,31,13,54%
2026-01-12,S24,SKORT,88,26,19,70%
2026-01-12,S24,SPORT BRA,78,20,16,74%
2026-01-12,S24,TRACK JACKET,280,70,68,75%
2026-01-12,S25,SHOES,176,70,35,60%
2026-01-12,S25,ACTIVE JACKET,125,50,26,60%
2026-01-12,S25,CABANA SHIRT,316,158,70,50%
2026-01-12,S25,DRESS,110,44,23,60%
2026-01-12,S25,LONG SLEEVE KNIT,234,58,31,75%
2026-01-12,S25,PANTS,-345,-78,-71,77%
2026-01-12,S25,POLO,"1,225",547,213,55%
2026-01-12,S25,PULLOVER,250,100,51,60%
2026-01-12,S25,SHORTS,"2,770","1,094",557,61%
2026-01-12,S25,SKIRT,78,31,2,60%
2026-01-12,S25,SKORT,352,137,74,61%
2026-01-12,S25,SOCKS,90,51,20,43%
2026-01-12,S25,SPORT BRA,48,19,7,60%
2026-01-12,S25,SWEATER,415,96,97,77%
2026-01-12,S25,SWEATSHIRT,550,235,92,57%
2026-01-12,S25,TANK TOP,236,94,42,60%
2026-01-12,S25,TRACK JACKET,"4,525","1,855",955,59%
2026-01-12,S25,TRACK PANT,"4,088","1,610",803,61%
2026-01-12,S25,T-SHIRT,"1,532",752,252,51%
2026-01-12,S25,VISOR,-38,-10,-7,73%
2026-01-12,SS22,SOCKS,36,17,8,53%
2026-01-13,CORE,TRACK JACKET,"1,740",931,364,47%
2026-01-13,CORE,TRACK PANT,"1,110",351,229,68%
2026-01-13,F23,SHORTS,204,45,38,78%
2026-01-13,F24,CAMP SHIRT,150,45,30,70%
2026-01-13,F24,DRESS,85,51,3,40%
2026-01-13,F24,HOODIE,150,90,29,40%
2026-01-13,F24,LEGGINGS,110,30,21,73%
2026-01-13,F24,POLO,383,108,154,72%
2026-01-13,F24,SHORTS,"1,360",357,363,74%
2026-01-13,F24,SKIRT,89,20,26,77%
2026-01-13,F24,SPORT BRA,136,39,38,72%
2026-01-13,F24,SWEATPANTS,250,71,50,72%
2026-01-13,F24,SWEATSHIRT,250,71,51,72%
2026-01-13,F24,TRACK JACKET,680,183,144,73%
2026-01-13,F24,TRACK PANT,135,74,31,45%
2026-01-13,F24,T-SHIRT,645,188,298,71%
2026-01-13,F25,CABANA SHIRT,675,359,158,47%
2026-01-13,F25,CONTOUR JACKET,135,81,29,40%
2026-01-13,F25,CREWNECK,508,178,95,65%
2026-01-13,F25,CROP TOP,146,88,35,40%
2026-01-13,F25,HAT,198,136,43,31%
2026-01-13,F25,HOODIE,338,289,63,14%
2026-01-13,F25,KNITWEAR,230,101,33,56%
2026-01-13,F25,LONG SLEEVE KNIT,945,629,190,33%
2026-01-13,F25,OUTERWEAR,50,64,17,-28%
2026-01-13,F25,POLO,898,618,206,31%
2026-01-13,F25,PULLOVER,750,336,160,55%
2026-01-13,F25,SHORTS,"1,164",671,269,42%
2026-01-13,F25,SKORT,322,193,77,40%
2026-01-13,F25,SOCKS,18,11,4,40%
2026-01-13,F25,SWEATER,98,62,22,37%
2026-01-13,F25,SWEATPANTS,605,424,114,30%
2026-01-13,F25,TRACK JACKET,"16,441","9,424","3,570",43%
2026-01-13,F25,TRACK PANT,"12,943","7,233","2,818",44%
2026-01-13,F25,T-SHIRT,963,618,198,36%
2026-01-13,F25,VEST,110,77,24,30%
2026-01-13,S24,FOOTWEAR,354,135,57,62%
2026-01-13,S24,SHORTS,324,61,63,81%
2026-01-13,S24,TANK TOP,184,52,31,72%
2026-01-13,S24,TRACK JACKET,420,140,102,67%
2026-01-13,S24,TRACK PANT,125,8,24,94%
2026-01-13,S25,ACCESSORIES,68,27,13,60%
2026-01-13,S25,ACTIVE JACKET,250,100,52,60%
2026-01-13,S25,CABANA SHIRT,323,114,63,65%
2026-01-13,S25,DRESS,478,154,91,68%
2026-01-13,S25,HOODIE,150,54,33,64%
2026-01-13,S25,JACKET,330,125,64,62%
2026-01-13,S25,LEGGINGS,220,84,41,62%
2026-01-13,S25,LONG SLEEVE KNIT,390,148,51,62%
2026-01-13,S25,PANTS,420,76,88,82%
2026-01-13,S25,POLO,"1,286",433,237,66%
2026-01-13,S25,SHORTS,"3,254",960,656,70%
2026-01-13,S25,SKIRT,176,67,22,62%
2026-01-13,S25,SKORT,382,114,86,70%
2026-01-13,S25,SOCKS,108,43,24,60%
2026-01-13,S25,SPORT BRA,68,27,17,60%
2026-01-13,S25,SWEATER,-45,32,-16,172%
2026-01-13,S25,SWEATSHIRT,330,117,55,65%
2026-01-13,S25,TANK TOP,308,120,70,61%
2026-01-13,S25,TRACK JACKET,"6,370","2,248","1,254",65%
2026-01-13,S25,TRACK PANT,"3,163","1,338",614,58%
2026-01-13,S25,T-SHIRT,"2,250",851,372,62%
2026-01-13,S25,VISOR,38,14,7,64%
2026-01-13,SS22,SOCKS,54,27,12,50%
2026-01-14,CORE,TRACK JACKET,445,409,97,8%
2026-01-14,CORE,TRACK PANT,670,436,104,35%
2026-01-14,F23,SHORTS,204,66,38,68%
2026-01-14,F24,ACCESSORIES,-42,-5,-10,88%
2026-01-14,F24,DRESS,125,38,35,70%
2026-01-14,F24,HOODIE,150,90,29,40%
2026-01-14,F24,LEGGINGS,110,33,21,70%
2026-01-14,F24,POLO,659,188,276,71%
2026-01-14,F24,SHORTS,682,137,191,80%
2026-01-14,F24,SKIRT,88,22,39,75%
2026-01-14,F24,SPORT BRA,68,34,19,50%
2026-01-14,F24,SWEATPANTS,125,68,25,46%
2026-01-14,F24,TRACK JACKET,165,-3,39,102%
2026-01-14,F24,TRACK PANT,175,-41,35,123%
2026-01-14,F24,T-SHIRT,10,7,-3,30%
2026-01-14,F25,CABANA SHIRT,945,359,221,62%
2026-01-14,F25,CREWNECK,466,217,88,53%
2026-01-14,F25,CROP TOP,68,41,16,40%
2026-01-14,F25,HAT,42,26,10,37%
2026-01-14,F25,HOODIE,458,182,86,60%
2026-01-14,F25,KNITWEAR,390,4,93,99%
2026-01-14,F25,LEGGINGS,236,157,50,34%
2026-01-14,F25,LONG SLEEVE KNIT,405,192,82,53%
2026-01-14,F25,OUTERWEAR,325,228,70,30%
2026-01-14,F25,POLO,"1,353",652,308,52%
2026-01-14,F25,PULLOVER,125,121,28,3%
2026-01-14,F25,SHORTS,"1,336",501,306,62%
2026-01-14,F25,SKORT,194,70,42,64%
2026-01-14,F25,SOCKS,54,32,13,40%
2026-01-14,F25,SWEATER,348,256,77,26%
2026-01-14,F25,SWEATPANTS,490,274,90,44%
2026-01-14,F25,TRACK JACKET,"12,753","7,053","2,716",45%
2026-01-14,F25,TRACK PANT,"9,378","5,187","1,996",45%
2026-01-14,F25,T-SHIRT,678,378,132,44%
2026-01-14,F25,VEST,98,62,26,37%
2026-01-14,S24,FOOTWEAR,236,57,38,76%
2026-01-14,S24,SHORTS,100,30,23,70%
2026-01-14,S24,SKIRT,234,91,57,61%
2026-01-14,S24,SKORT,88,20,19,78%
2026-01-14,S24,TANK TOP,78,13,12,83%
2026-01-14,S24,TRACK JACKET,420,210,102,50%
2026-01-14,S24,TRACK PANT,-250,-69,-57,73%
2026-01-14,S25,ACCESSORIES,88,38,17,57%
2026-01-14,S25,CABANA SHIRT,380,147,84,61%
2026-01-14,S25,DRESS,118,47,18,60%
2026-01-14,S25,HOODIE,450,174,100,61%
2026-01-14,S25,JACKET,165,66,32,60%
2026-01-14,S25,LEGGINGS,118,47,21,60%
2026-01-14,S25,LONG SLEEVE KNIT,156,31,20,80%
2026-01-14,S25,PANTS,630,252,132,60%
2026-01-14,S25,POLO,"2,556",944,475,63%
2026-01-14,S25,PULLOVER,-125,-25,-25,80%
2026-01-14,S25,SHORTS,"4,242","1,433",845,66%
2026-01-14,S25,SKIRT,196,78,41,60%
2026-01-14,S25,SKORT,88,35,18,60%
2026-01-14,S25,SOCKS,54,16,12,70%
2026-01-14,S25,SWEATER,"2,120",557,472,74%
2026-01-14,S25,SWEATPANTS,392,98,74,75%
2026-01-14,S25,SWEATSHIRT,770,294,129,62%
2026-01-14,S25,TANK TOP,212,85,48,60%
2026-01-14,S25,TRACK JACKET,"5,845","2,297","1,158",61%
2026-01-14,S25,TRACK PANT,"3,027","1,059",599,65%
2026-01-14,S25,T-SHIRT,"2,548",935,418,63%
2026-01-14,SS22,ACCESSORIES,36,0,17,100%
2026-01-14,SS22,SOCKS,36,0,8,99%
2026-01-15,CORE,TRACK JACKET,"-1,535",-585,-368,62%
2026-01-15,CORE,TRACK PANT,-380,216,-152,157%
2026-01-15,F23,SHORTS,68,22,13,68%
2026-01-15,F24,CAMP SHIRT,135,30,31,77%
2026-01-15,F24,DRESS,175,45,54,75%
2026-01-15,F24,HOODIE,450,248,86,45%
2026-01-15,F24,LONG SLEEVE KNIT,-118,-25,-24,79%
2026-01-15,F24,POLO,"1,011",253,465,75%
2026-01-15,F24,SHORTS,"1,001",216,274,78%
2026-01-15,F24,SKIRT,88,16,16,81%
2026-01-15,F24,SPORT BRA,68,20,19,70%
2026-01-15,F24,SWEATER,150,26,29,83%
2026-01-15,F24,SWEATPANTS,527,274,108,48%
2026-01-15,F24,SWEATSHIRT,190,48,47,75%
2026-01-15,F24,TRACK JACKET,135,76,11,44%
2026-01-15,F24,TRACK PANT,-295,-52,-71,82%
2026-01-15,F24,T-SHIRT,405,102,161,75%
2026-01-15,F25,CABANA SHIRT,405,265,94,35%
2026-01-15,F25,CONTOUR JACKET,-135,-57,-29,58%
2026-01-15,F25,CREWNECK,-15,-70,-3,-366%
2026-01-15,F25,CROP TOP,10,-12,2,223%
2026-01-15,F25,DRESS,375,122,88,67%
2026-01-15,F25,HAT,122,71,28,42%
2026-01-15,F25,HOODIE,782,567,143,27%
2026-01-15,F25,KNITWEAR,-340,-96,-85,72%
2026-01-15,F25,LEGGINGS,110,77,24,30%
2026-01-15,F25,LONG SLEEVE KNIT,732,335,151,54%
2026-01-15,F25,OUTERWEAR,675,450,152,33%
2026-01-15,F25,POLO,"1,415",959,329,32%
2026-01-15,F25,PULLOVER,375,183,81,51%
2026-01-15,F25,SHORTS,"1,536","1,020",372,34%
2026-01-15,F25,SKIRT,156,72,42,54%
2026-01-15,F25,SKORT,88,48,22,46%
2026-01-15,F25,SOCKS,18,13,4,30%
2026-01-15,F25,SWEATER,-152,-68,-32,56%
2026-01-15,F25,TANK TOP,174,71,45,59%
2026-01-15,F25,TRACK JACKET,"11,563","5,623","2,480",51%
2026-01-15,F25,TRACK PANT,"9,870","4,907","2,115",50%
2026-01-15,F25,T-SHIRT,"1,299",744,271,43%
2026-01-15,F25,VEST,110,58,24,48%
2026-01-15,S24,FOOTWEAR,-27,-40,-27,-47%
2026-01-15,S24,POLO,68,25,12,63%
2026-01-15,S24,SHORTS,78,20,14,75%
2026-01-15,S24,SKORT,264,70,57,73%
2026-01-15,S24,SPORT BRA,78,20,16,74%
2026-01-15,S24,TRACK JACKET,140,70,34,50%
2026-01-15,S25,SHOES,29,9,9,68%
2026-01-15,S25,ACCESSORIES,-314,-115,-67,64%
2026-01-15,S25,CABANA SHIRT,330,129,62,61%
2026-01-15,S25,DRESS,368,130,65,65%
2026-01-15,S25,HAT,290,109,62,63%
2026-01-15,S25,HOODIE,450,159,100,65%
2026-01-15,S25,JACKET,165,87,32,47%
2026-01-15,S25,PANTS,345,117,71,66%
2026-01-15,S25,POLO,"1,514",525,296,65%
2026-01-15,S25,SHORTS,"2,444",678,513,72%
2026-01-15,S25,SKIRT,488,161,105,67%
2026-01-15,S25,SKORT,566,216,110,62%
2026-01-15,S25,SOCKS,72,27,17,63%
2026-01-15,S25,SPORT BRA,68,24,17,64%
2026-01-15,S25,SWEATER,"1,665",532,378,68%
2026-01-15,S25,SWEATPANTS,-98,-40,-18,59%
2026-01-15,S25,TANK TOP,116,55,16,53%
2026-01-15,S25,TRACK JACKET,"6,465","2,151","1,297",67%
2026-01-15,S25,TRACK PANT,"1,984",774,408,61%
2026-01-15,S25,T-SHIRT,"2,930","1,037",500,65%
2026-01-15,S25,VISOR,38,11,7,70%
2026-01-15,SS22,ACCESSORIES,18,18,5,0%
2026-01-16,CORE,TRACK JACKET,"1,780","1,411",375,21%
2026-01-16,CORE,TRACK PANT,860,580,144,33%
2026-01-16,F24,CAMP SHIRT,150,45,30,70%
2026-01-16,F24,HOODIE,150,-90,29,160%
2026-01-16,F24,LEGGINGS,440,99,86,78%
2026-01-16,F24,LONG SLEEVE KNIT,630,131,133,79%
2026-01-16,F24,POLO,"1,593",330,704,79%
2026-01-16,F24,SHORTS,462,119,128,74%
2026-01-16,F24,SKIRT,88,22,39,75%
2026-01-16,F24,SPORT BRA,204,63,57,69%
2026-01-16,F24,SWEATER,300,56,59,81%
2026-01-16,F24,SWEATPANTS,375,73,76,81%
2026-01-16,F24,TRACK JACKET,-40,3,-21,108%
2026-01-16,F24,TRACK PANT,-10,63,-9,726%
2026-01-16,F24,T-SHIRT,222,56,65,75%
2026-01-16,F25,CABANA SHIRT,810,460,190,43%
2026-01-16,F25,CREWNECK,459,270,87,41%
2026-01-16,F25,CROP TOP,390,211,92,46%
2026-01-16,F25,DRESS,-135,-53,-31,61%
2026-01-16,F25,HAT,152,89,30,41%
2026-01-16,F25,HOODIE,"1,444",836,264,42%
2026-01-16,F25,KNITWEAR,625,377,155,40%
2026-01-16,F25,LONG SLEEVE KNIT,"1,968",962,392,51%
2026-01-16,F25,OUTERWEAR,450,406,101,10%
2026-01-16,F25,POLO,512,190,120,63%
2026-01-16,F25,PULLOVER,875,503,180,42%
2026-01-16,F25,SHORTS,"1,066",644,250,40%
2026-01-16,F25,SKORT,634,286,153,55%
2026-01-16,F25,SOCKS,36,19,8,48%
2026-01-16,F25,SWEATER,250,153,54,39%
2026-01-16,F25,SWEATPANTS,693,389,131,44%
2026-01-16,F25,TANK TOP,38,44,10,-15%
2026-01-16,F25,TRACK JACKET,"16,533","8,377","3,562",49%
2026-01-16,F25,TRACK PANT,"14,620","7,527","3,204",49%
2026-01-16,F25,T-SHIRT,"1,308",672,285,49%
2026-01-16,F25,VEST,98,5,26,95%
2026-01-16,S24,FOOTWEAR,322,280,74,13%
2026-01-16,S24,TRACK JACKET,140,70,34,50%
2026-01-16,S25,SHOES,264,88,53,67%
2026-01-16,S25,ACCESSORIES,-118,-31,-25,74%
2026-01-16,S25,ACTIVE JACKET,250,50,52,80%
2026-01-16,S25,CABANA SHIRT,718,228,156,68%
2026-01-16,S25,CAMP SHIRT,176,66,30,63%
2026-01-16,S25,DRESS,250,75,48,70%
2026-01-16,S25,HAT,174,87,37,50%
2026-01-16,S25,HOODIE,150,48,33,68%
2026-01-16,S25,JACKET,165,72,32,57%
2026-01-16,S25,LEGGINGS,-110,-31,-20,72%
2026-01-16,S25,LONG SLEEVE KNIT,281,114,46,59%
2026-01-16,S25,PANTS,-210,-57,-44,73%
2026-01-16,S25,POLO,"2,104",754,402,64%
2026-01-16,S25,PULLOVER,375,113,76,70%
2026-01-16,S25,SHORTS,"4,804","1,541",976,68%
2026-01-16,S25,SKIRT,264,87,43,67%
2026-01-16,S25,SKORT,20,4,7,78%
2026-01-16,S25,SOCKS,144,58,33,59%
2026-01-16,S25,SPORT BRA,204,61,50,70%
2026-01-16,S25,SWEATER,"2,615",562,609,78%
2026-01-16,S25,SWEATSHIRT,550,187,92,66%
2026-01-16,S25,TANK TOP,126,39,32,69%
2026-01-16,S25,TRACK JACKET,"5,940","1,898","1,187",68%
2026-01-16,S25,TRACK PANT,"2,976","1,040",602,65%
2026-01-16,S25,T-SHIRT,"3,640","1,301",608,64%
2026-01-16,SS22,ACCESSORIES,18,18,5,0%
2026-01-16,SS22,SOCKS,36,9,8,76%
2026-01-17,CORE,TRACK JACKET,"1,055","1,062",212,-1%
2026-01-17,CORE,TRACK PANT,895,710,190,21%
2026-01-17,F23,TRACK PANT,110,34,23,69%
2026-01-17,F24,HOODIE,150,90,29,40%
2026-01-17,F24,LEGGINGS,220,45,43,79%
2026-01-17,F24,LONG SLEEVE KNIT,210,53,44,75%
2026-01-17,F24,POLO,-77,17,-82,122%
2026-01-17,F24,SHORTS,648,158,168,76%
2026-01-17,F24,SPORT BRA,136,46,38,66%
2026-01-17,F24,SWEATSHIRT,190,36,47,81%
2026-01-17,F24,TRACK JACKET,620,191,145,69%
2026-01-17,F24,TRACK PANT,570,252,120,56%
2026-01-17,F24,T-SHIRT,781,172,283,78%
2026-01-17,F25,ACCESSORIES,130,33,54,75%
2026-01-17,F25,CABANA SHIRT,675,186,158,72%
2026-01-17,F25,CREWNECK,838,364,155,57%
2026-01-17,F25,DRESS,125,0,27,100%
2026-01-17,F25,HAT,152,115,30,25%
2026-01-17,F25,HOODIE,264,180,45,32%
2026-01-17,F25,KNITWEAR,875,428,216,51%
2026-01-17,F25,LONG SLEEVE KNIT,405,148,82,64%
2026-01-17,F25,OUTERWEAR,-275,-23,-64,92%
2026-01-17,F25,POLO,761,354,173,54%
2026-01-17,F25,PULLOVER,625,313,131,50%
2026-01-17,F25,SHORTS,842,425,188,50%
2026-01-17,F25,SKIRT,156,70,34,55%
2026-01-17,F25,SOCKS,18,8,4,55%
2026-01-17,F25,SPORT BRA,48,29,8,40%
2026-01-17,F25,SWEATER,125,66,27,47%
2026-01-17,F25,SWEATPANTS,676,262,125,61%
2026-01-17,F25,TANK TOP,58,41,15,30%
2026-01-17,F25,TRACK JACKET,"15,218","7,132","3,326",53%
2026-01-17,F25,TRACK PANT,"11,697","5,583","2,601",52%
2026-01-17,F25,T-SHIRT,803,454,156,43%
2026-01-17,S24,FOOTWEAR,853,322,160,62%
2026-01-17,S24,SHORTS,100,2,23,98%
2026-01-17,S24,TANK TOP,136,29,22,78%
2026-01-17,S24,TRACK PANT,125,47,24,63%
2026-01-17,S25,ACCESSORIES,468,178,90,62%
2026-01-17,S25,CABANA SHIRT,828,327,174,61%
2026-01-17,S25,DRESS,470,122,96,74%
2026-01-17,S25,HOODIE,-275,-75,-59,73%
2026-01-17,S25,JACKET,165,91,32,45%
2026-01-17,S25,LEGGINGS,644,188,132,71%
2026-01-17,S25,PANTS,480,158,99,67%
2026-01-17,S25,POLO,"1,498",543,286,64%
2026-01-17,S25,PULLOVER,-125,-80,-25,36%
2026-01-17,S25,SHORTS,"5,422","1,613","1,149",70%
2026-01-17,S25,SKIRT,98,29,20,70%
2026-01-17,S25,SKORT,372,127,81,66%
2026-01-17,S25,SOCKS,36,16,8,56%
2026-01-17,S25,SPORT BRA,204,61,50,70%
2026-01-17,S25,SWEATER,"4,470","1,336","1,016",70%
2026-01-17,S25,SWEATPANTS,196,49,37,75%
2026-01-17,S25,SWEATSHIRT,440,167,74,62%
2026-01-17,S25,TANK TOP,272,95,58,65%
2026-01-17,S25,TRACK JACKET,"6,690","2,295","1,362",66%
2026-01-17,S25,TRACK PANT,"3,470","1,292",696,63%
2026-01-17,S25,T-SHIRT,"2,948","1,060",497,64%
2026-01-17,S25,VISOR,38,11,7,70%
2026-01-17,SS22,SOCKS,180,79,41,56%
2026-01-18,CORE,TRACK JACKET,"1,650","1,340",404,19%
2026-01-18,CORE,TRACK PANT,"1,415",990,309,30%
2026-01-18,F23,SHORTS,68,22,13,68%
2026-01-18,F24,HOODIE,300,180,58,40%
2026-01-18,F24,LEGGINGS,440,132,86,70%
2026-01-18,F24,POLO,588,169,167,71%
2026-01-18,F24,SHORTS,"1,248",301,346,76%
2026-01-18,F24,SPORT BRA,136,54,38,60%
2026-01-18,F24,SWEATER,150,34,29,77%
2026-01-18,F24,SWEATPANTS,125,63,25,50%
2026-01-18,F24,TRACK JACKET,-165,-70,-42,57%
2026-01-18,F24,TRACK PANT,-135,-57,-31,58%
2026-01-18,F25,CABANA SHIRT,"1,215",699,284,42%
2026-01-18,F25,CREWNECK,787,381,151,52%
2026-01-18,F25,CROP TOP,234,117,55,50%
2026-01-18,F25,DRESS,250,113,54,55%
2026-01-18,F25,HAT,38,35,8,8%
2026-01-18,F25,HOODIE,826,446,156,46%
2026-01-18,F25,KNITWEAR,"1,530",868,400,43%
2026-01-18,F25,LEGGINGS,118,62,25,48%
2026-01-18,F25,OUTERWEAR,-100,42,-19,142%
2026-01-18,F25,POLO,932,541,214,42%
2026-01-18,F25,PULLOVER,125,12,28,90%
2026-01-18,F25,SHORTS,"1,426",826,321,42%
2026-01-18,F25,SKORT,176,92,44,48%
2026-01-18,F25,SOCKS,18,8,4,55%
2026-01-18,F25,SPORT BRA,-96,-77,-15,20%
2026-01-18,F25,SWEATER,794,461,175,42%
2026-01-18,F25,SWEATPANTS,321,198,60,38%
2026-01-18,F25,TANK TOP,116,81,30,30%
2026-01-18,F25,TRACK JACKET,"16,872","9,024","3,563",47%
2026-01-18,F25,TRACK PANT,"11,839","6,411","2,563",46%
2026-01-18,F25,T-SHIRT,772,474,161,39%
2026-01-18,F25,VEST,98,51,26,48%
2026-01-18,S24,FOOTWEAR,64,-6,14,109%
2026-01-18,S24,SKIRT,68,15,9,78%
2026-01-18,S24,SKORT,88,20,19,78%
2026-01-18,S24,SPORT BRA,126,30,24,76%
2026-01-18,S24,TRACK JACKET,280,116,68,59%
2026-01-18,S25,ACTIVE JACKET,125,38,26,70%
2026-01-18,S25,CABANA SHIRT,318,77,54,76%
2026-01-18,S25,DRESS,625,178,118,72%
2026-01-18,S25,HOODIE,"1,150",382,252,67%
2026-01-18,S25,JACKET,495,182,96,63%
2026-01-18,S25,LEGGINGS,110,44,20,60%
2026-01-18,S25,LONG SLEEVE KNIT,468,200,61,57%
2026-01-18,S25,POLO,"1,925",774,393,60%
2026-01-18,S25,PULLOVER,985,327,199,67%
2026-01-18,S25,SHORTS,"2,258",796,466,65%
2026-01-18,S25,SKORT,98,39,23,60%
2026-01-18,S25,SOCKS,36,25,8,30%
2026-01-18,S25,SWEATER,"2,590",872,595,66%
2026-01-18,S25,SWEATSHIRT,330,99,55,70%
2026-01-18,S25,TANK TOP,252,89,55,65%
2026-01-18,S25,TRACK JACKET,"4,305","1,487",894,65%
2026-01-18,S25,TRACK PANT,"2,663",984,531,63%
2026-01-18,S25,T-SHIRT,"1,762",712,292,60%
2026-01-18,SS22,SOCKS,108,62,25,43%
2026-01-19,CORE,TRACK JACKET,-125,291,-76,332%
2026-01-19,CORE,TRACK PANT,755,682,106,10%
2026-01-19,F21,HAT,76,33,12,57%
2026-01-19,F22,HAT,48,11,8,77%
2026-01-19,F23,HAT,42,21,7,50%
2026-01-19,F24,DRESS,250,75,70,70%
2026-01-19,F24,FOOTWEAR,140,42,28,70%
2026-01-19,F24,HOODIE,300,104,61,65%
2026-01-19,F24,LEGGINGS,440,132,86,70%
2026-01-19,F24,LONG SLEEVE KNIT,555,147,106,73%
2026-01-19,F24,POLO,"1,425",352,599,75%
2026-01-19,F24,SHORTS,"1,012",280,281,72%
2026-01-19,F24,SPORT BRA,68,20,19,70%
2026-01-19,F24,SWEATER,250,26,63,90%
2026-01-19,F24,SWEATPANTS,333,116,67,65%
2026-01-19,F24,TRACK JACKET,585,194,117,67%
2026-01-19,F24,TRACK PANT,"1,670",338,333,80%
2026-01-19,F24,T-SHIRT,376,92,135,75%
2026-01-19,F25,CABANA SHIRT,540,236,126,56%
2026-01-19,F25,CREWNECK,422,226,77,47%
2026-01-19,F25,CROP TOP,156,82,37,48%
2026-01-19,F25,DRESS,250,124,54,50%
2026-01-19,F25,HAT,320,192,70,40%
2026-01-19,F25,HOODIE,294,175,51,40%
2026-01-19,F25,KNITWEAR,"1,850","1,070",485,42%
2026-01-19,F25,LONG SLEEVE KNIT,675,356,136,47%
2026-01-19,F25,POLO,939,595,212,37%
2026-01-19,F25,PULLOVER,750,384,157,49%
2026-01-19,F25,SHORTS,934,477,221,49%
2026-01-19,F25,SKIRT,78,47,17,40%
2026-01-19,F25,SKORT,108,64,33,41%
2026-01-19,F25,SWEATER,"1,038",679,213,35%
2026-01-19,F25,SWEATPANTS,304,153,54,50%
2026-01-19,F25,TANK TOP,38,44,10,-15%
2026-01-19,F25,TRACK JACKET,"13,166","6,733","2,837",49%
2026-01-19,F25,TRACK PANT,"12,009","6,232","2,613",48%
2026-01-19,F25,T-SHIRT,"1,286",775,275,40%
2026-01-19,F25,VEST,-110,-77,-24,30%
2026-01-19,S24,FOOTWEAR,236,101,38,57%
2026-01-19,S24,SHORTS,168,55,30,67%
2026-01-19,S24,SWEATER,150,19,37,87%
2026-01-19,S24,TRACK PANT,125,23,26,81%
2026-01-19,S25,SHOES,147,41,26,72%
2026-01-19,S25,ACCESSORIES,204,82,39,60%
2026-01-19,S25,CABANA SHIRT,270,85,63,69%
2026-01-19,S25,CAMP SHIRT,88,55,15,38%
2026-01-19,S25,CREWNECK,784,387,146,51%
2026-01-19,S25,DRESS,456,152,80,67%
2026-01-19,S25,FOOTWEAR,150,54,33,64%
2026-01-19,S25,HOODIE,488,205,101,58%
2026-01-19,S25,JACKET,495,152,96,69%
2026-01-19,S25,LEGGINGS,288,86,58,70%
2026-01-19,S25,LONG SLEEVE KNIT,156,62,20,60%
2026-01-19,S25,PANTS,345,63,71,82%
2026-01-19,S25,POLO,"2,733",977,475,64%
2026-01-19,S25,PULLOVER,470,175,93,63%
2026-01-19,S25,SHORTS,"3,726","1,146",809,69%
2026-01-19,S25,SKIRT,98,39,20,60%
2026-01-19,S25,SKORT,342,137,70,60%
2026-01-19,S25,SOCKS,108,47,24,56%
2026-01-19,S25,SWEATER,"3,315",981,786,70%
2026-01-19,S25,SWEATPANTS,890,213,184,76%
2026-01-19,S25,TANK TOP,252,101,46,60%
2026-01-19,S25,TRACK JACKET,"16,610","5,143","3,329",69%
2026-01-19,S25,TRACK PANT,"7,258","2,539","1,515",65%
2026-01-19,S25,T-SHIRT,"3,088","1,094",519,65%
2026-01-19,S25,VISOR,76,27,14,65%
2026-01-19,SS22,ACCESSORIES,12,12,6,0%
2026-01-20,CORE,TRACK JACKET,495,547,125,-10%
2026-01-20,CORE,TRACK PANT,200,480,14,-140%
2026-01-20,F21,HAT,38,17,6,54%
2026-01-20,F22,HAT,192,45,31,77%
2026-01-20,F23,HAT,42,21,7,50%
2026-01-20,F24,ACCESSORIES,130,33,29,74%
2026-01-20,F24,DRESS,125,34,35,73%
2026-01-20,F24,JACKET,325,73,55,78%
2026-01-20,F24,LONG SLEEVE KNIT,385,85,72,78%
2026-01-20,F24,OUTERWEAR,225,53,49,77%
2026-01-20,F24,POLO,"1,184",295,439,75%
2026-01-20,F24,SHORTS,"1,041",246,293,76%
2026-01-20,F24,SWEATER,550,103,122,81%
2026-01-20,F24,SWEATSHIRT,125,38,26,70%
2026-01-20,F24,TRACK JACKET,"2,015",618,437,69%
2026-01-20,F24,TRACK PANT,"1,135",254,227,78%
2026-01-20,F24,T-SHIRT,303,96,106,68%
2026-01-20,F25,CABANA SHIRT,135,84,32,37%
2026-01-20,F25,CREWNECK,76,35,17,54%
2026-01-20,F25,DRESS,-125,-88,-30,30%
2026-01-20,F25,HAT,50,34,15,32%
2026-01-20,F25,HOODIE,420,268,80,36%
2026-01-20,F25,KNITWEAR,625,394,150,37%
2026-01-20,F25,LONG SLEEVE KNIT,618,315,120,49%
2026-01-20,F25,OUTERWEAR,225,180,51,20%
2026-01-20,F25,POLO,578,337,133,42%
2026-01-20,F25,PULLOVER,750,459,156,39%
2026-01-20,F25,SHORTS,628,389,154,38%
2026-01-20,F25,SKIRT,78,47,19,40%
2026-01-20,F25,SKORT,176,68,44,61%
2026-01-20,F25,SOCKS,36,23,8,35%
2026-01-20,F25,SPORT BRA,48,29,8,40%
2026-01-20,F25,SWEATER,571,329,125,42%
2026-01-20,F25,SWEATPANTS,142,87,32,39%
2026-01-20,F25,TRACK JACKET,"11,315","6,445","2,451",43%
2026-01-20,F25,TRACK PANT,"8,685","5,147","1,920",41%
2026-01-20,F25,T-SHIRT,955,542,208,43%
2026-01-20,S24,FOOTWEAR,177,71,29,60%
2026-01-20,S24,TRACK JACKET,735,255,148,65%
2026-01-20,S24,TRACK PANT,125,63,24,50%
2026-01-20,S25,SHOES,118,28,17,76%
2026-01-20,S25,ACCESSORIES,68,20,13,70%
2026-01-20,S25,CABANA SHIRT,-530,-214,-121,60%
2026-01-20,S25,CREWNECK,392,191,73,51%
2026-01-20,S25,DRESS,7,-9,5,229%
2026-01-20,S25,HOODIE,275,107,59,61%
2026-01-20,S25,LEGGINGS,338,116,63,66%
2026-01-20,S25,LONG SLEEVE KNIT,125,50,26,60%
2026-01-20,S25,PANTS,690,164,143,76%
2026-01-20,S25,POLO,"2,118",785,392,63%
2026-01-20,S25,PULLOVER,470,210,93,55%
2026-01-20,S25,SHORTS,"1,532",425,308,72%
2026-01-20,S25,SKIRT,78,31,2,60%
2026-01-20,S25,SKORT,88,26,18,70%
2026-01-20,S25,SOCKS,108,51,24,53%
2026-01-20,S25,SPORT BRA,68,20,17,70%
2026-01-20,S25,SWEATER,"1,960",685,442,65%
2026-01-20,S25,SWEATPANTS,450,106,92,76%
2026-01-20,S25,SWEATSHIRT,660,242,110,63%
2026-01-20,S25,TANK TOP,96,35,22,64%
2026-01-20,S25,TRACK JACKET,"12,315","3,691","2,371",70%
2026-01-20,S25,TRACK PANT,"3,884","1,568",800,60%
2026-01-20,S25,T-SHIRT,"2,302",758,407,67%
2026-01-20,SS22,SOCKS,18,9,4,50%
2026-01-21,CORE,TRACK JACKET,50,483,39,-865%
2026-01-21,CORE,TRACK PANT,135,304,31,-125%
2026-01-21,F23,POLO,78,24,14,70%
2026-01-21,F24,ACCESSORIES,-88,-22,-18,75%
2026-01-21,F24,CAMP SHIRT,135,34,31,75%
2026-01-21,F24,DRESS,800,225,229,72%
2026-01-21,F24,JACKET,325,58,55,82%
2026-01-21,F24,LEGGINGS,220,66,43,70%
2026-01-21,F24,LONG SLEEVE KNIT,495,148,91,70%
2026-01-21,F24,POLO,768,279,259,64%
2026-01-21,F24,SHORTS,434,104,104,76%
2026-01-21,F24,SWEATER,750,97,190,87%
2026-01-21,F24,SWEATPANTS,556,188,110,66%
2026-01-21,F24,SWEATSHIRT,125,38,26,70%
2026-01-21,F24,TRACK JACKET,"2,290",606,490,74%
2026-01-21,F24,TRACK PANT,"1,675",407,346,76%
2026-01-21,F24,T-SHIRT,184,62,41,66%
2026-01-21,F25,CABANA SHIRT,270,146,63,46%
2026-01-21,F25,CREWNECK,861,476,162,45%
2026-01-21,F25,HAT,152,118,30,23%
2026-01-21,F25,HOODIE,676,259,127,62%
2026-01-21,F25,KNITWEAR,835,492,231,41%
2026-01-21,F25,LONG SLEEVE KNIT,348,112,66,68%
2026-01-21,F25,OUTERWEAR,50,-38,6,176%
2026-01-21,F25,POLO,"1,107",657,248,41%
2026-01-21,F25,PULLOVER,375,218,80,42%
2026-01-21,F25,SHORTS,"1,226",709,277,42%
2026-01-21,F25,SOCKS,54,30,13,45%
2026-01-21,F25,SWEATER,321,195,71,39%
2026-01-21,F25,SWEATPANTS,578,336,107,42%
2026-01-21,F25,TANK TOP,58,32,15,44%
2026-01-21,F25,TRACK JACKET,"11,538","6,476","2,524",44%
2026-01-21,F25,TRACK PANT,"9,387","5,373","2,078",43%
2026-01-21,F25,T-SHIRT,436,261,95,40%
2026-01-21,F25,VEST,110,62,24,44%
2026-01-21,S24,FOOTWEAR,236,87,38,63%
2026-01-21,S24,SPORT BRA,78,20,16,74%
2026-01-21,S24,TANK TOP,136,39,22,71%
2026-01-21,S24,TRACK JACKET,140,56,30,60%
2026-01-21,S25,SHOES,147,50,26,66%
2026-01-21,S25,ACCESSORIES,18,9,4,50%
2026-01-21,S25,CABANA SHIRT,360,169,69,53%
2026-01-21,S25,CAMP SHIRT,88,44,15,50%
2026-01-21,S25,CREWNECK,196,98,36,50%
2026-01-21,S25,DRESS,360,103,73,71%
2026-01-21,S25,HAT,-58,-29,-12,50%
2026-01-21,S25,HOODIE,238,86,50,64%
2026-01-21,S25,JACKET,165,53,32,68%
2026-01-21,S25,LEGGINGS,110,35,20,68%
2026-01-21,S25,LONG SLEEVE KNIT,-78,-23,-10,70%
2026-01-21,S25,PANTS,-135,-54,-27,60%
2026-01-21,S25,POLO,"1,922",678,364,65%
2026-01-21,S25,PULLOVER,250,100,51,60%
2026-01-21,S25,SHORTS,"4,606","1,588",947,66%
2026-01-21,S25,SKIRT,98,39,20,60%
2026-01-21,S25,SKORT,548,196,118,64%
2026-01-21,S25,SOCKS,54,28,13,49%
2026-01-21,S25,SWEATER,"3,505","1,029",802,71%
2026-01-21,S25,SWEATPANTS,88,22,18,75%
2026-01-21,S25,SWEATSHIRT,330,123,55,63%
2026-01-21,S25,TANK TOP,174,60,34,66%
2026-01-21,S25,TRACK JACKET,"14,745","5,044","2,744",66%
2026-01-21,S25,TRACK PANT,"5,921","2,017","1,176",66%
2026-01-21,S25,T-SHIRT,"3,874","1,430",666,63%
2026-01-21,SS22,ACCESSORIES,18,18,5,0%
2026-01-21,SS22,SOCKS,18,18,4,0%
2026-01-22,CORE,TRACK JACKET,"1,640","1,569",302,4%
2026-01-22,CORE,TRACK PANT,670,826,104,-23%
2026-01-22,F23,SHORTS,68,20,13,71%
2026-01-22,F24,CAMP SHIRT,135,34,31,75%
2026-01-22,F24,HOODIE,150,81,29,46%
2026-01-22,F24,JACKET,325,66,55,80%
2026-01-22,F24,LEGGINGS,220,66,43,70%
2026-01-22,F24,LONG SLEEVE KNIT,620,208,114,66%
2026-01-22,F24,POLO,"2,038",587,833,71%
2026-01-22,F24,SHORTS,"1,397",381,356,73%
2026-01-22,F24,SPORT BRA,136,54,38,60%
2026-01-22,F24,SWEATPANTS,485,258,100,47%
2026-01-22,F24,SWEATSHIRT,460,105,127,77%
2026-01-22,F24,TRACK JACKET,"1,320",313,291,76%
2026-01-22,F24,TRACK PANT,"2,040",466,397,77%
2026-01-22,F24,T-SHIRT,348,104,92,70%
2026-01-22,F25,CABANA SHIRT,675,397,158,41%
2026-01-22,F25,CONTOUR JACKET,135,81,29,40%
2026-01-22,F25,CREWNECK,580,378,108,35%
2026-01-22,F25,HAT,198,137,43,31%
2026-01-22,F25,HOODIE,"1,600",999,299,38%
2026-01-22,F25,KNITWEAR,460,309,119,33%
2026-01-22,F25,LEGGINGS,110,62,24,44%
2026-01-22,F25,LONG SLEEVE KNIT,810,443,163,45%
2026-01-22,F25,OUTERWEAR,875,590,190,33%
2026-01-22,F25,POLO,490,295,115,40%
2026-01-22,F25,SHORTS,"1,184",707,279,40%
2026-01-22,F25,SKIRT,-78,-31,-19,60%
2026-01-22,F25,SKORT,350,200,75,43%
2026-01-22,F25,SOCKS,18,9,4,52%
2026-01-22,F25,SPORT BRA,68,33,19,52%
2026-01-22,F25,SWEATER,642,377,144,41%
2026-01-22,F25,SWEATPANTS,767,471,147,39%
2026-01-22,F25,TANK TOP,-58,-35,-15,40%
2026-01-22,F25,TRACK JACKET,"11,518","6,276","2,478",46%
2026-01-22,F25,TRACK PANT,"8,485","4,695","1,861",45%
2026-01-22,F25,T-SHIRT,"1,138",649,219,43%
2026-01-22,S24,FOOTWEAR,59,18,10,70%
2026-01-22,S24,SHORTS,168,52,36,69%
2026-01-22,S24,TRACK JACKET,140,70,34,50%
2026-01-22,S24,TRACK PANT,250,56,52,78%
2026-01-22,S25,ACCESSORIES,298,123,59,59%
2026-01-22,S25,CABANA SHIRT,10,21,8,-105%
2026-01-22,S25,CAMP SHIRT,264,123,45,53%
2026-01-22,S25,CREWNECK,784,382,146,51%
2026-01-22,S25,DRESS,-235,-20,-48,91%
2026-01-22,S25,FOOTWEAR,300,120,65,60%
2026-01-22,S25,HAT,-58,-10,-12,83%
2026-01-22,S25,HOODIE,600,108,134,82%
2026-01-22,S25,JACKET,330,75,64,77%
2026-01-22,S25,LEGGINGS,330,97,62,71%
2026-01-22,S25,LONG SLEEVE KNIT,194,59,30,70%
2026-01-22,S25,POLO,"1,902",757,375,60%
2026-01-22,S25,PULLOVER,15,10,4,31%
2026-01-22,S25,SHORTS,"3,401","1,102",735,68%
2026-01-22,S25,SKIRT,254,95,44,62%
2026-01-22,S25,SKORT,244,107,47,56%
2026-01-22,S25,SOCKS,72,37,17,49%
2026-01-22,S25,SPORT BRA,136,49,33,64%
2026-01-22,S25,SWEATER,820,138,190,83%
2026-01-22,S25,SWEATPANTS,88,22,18,75%
2026-01-22,S25,SWEATSHIRT,330,84,55,75%
2026-01-22,S25,TANK TOP,252,101,46,60%
2026-01-22,S25,TRACK JACKET,"12,695","4,424","2,521",65%
2026-01-22,S25,TRACK PANT,"7,919","2,923","1,560",63%
2026-01-22,S25,T-SHIRT,"2,800","1,016",470,64%
2026-01-22,S25,VISOR,38,14,7,64%
2026-01-22,SS22,ACCESSORIES,30,30,11,0%
2026-01-23,CORE,TRACK JACKET,240,839,101,-250%
2026-01-23,CORE,TRACK PANT,-85,361,-2,525%
2026-01-23,F24,ACCESSORIES,-42,-11,-10,73%
2026-01-23,F24,CAMP SHIRT,285,61,62,79%
2026-01-23,F24,LEGGINGS,110,33,21,70%
2026-01-23,F24,LONG SLEEVE KNIT,360,132,64,63%
2026-01-23,F24,OUTERWEAR,295,74,48,75%
2026-01-23,F24,POLO,"1,804",565,680,69%
2026-01-23,F24,SHORTS,"1,126",296,275,74%
2026-01-23,F24,SWEATPANTS,196,-20,36,110%
2026-01-23,F24,SWEATSHIRT,190,38,47,80%
2026-01-23,F24,TRACK JACKET,930,227,213,76%
2026-01-23,F24,TRACK PANT,485,162,101,67%
2026-01-23,F24,T-SHIRT,58,14,15,76%
2026-01-23,F25,CABANA SHIRT,-135,-73,-31,46%
2026-01-23,F25,CREWNECK,-15,-57,-3,-282%
2026-01-23,F25,CROP TOP,-68,-41,-16,40%
2026-01-23,F25,DRESS,125,60,27,52%
2026-01-23,F25,HAT,80,62,18,22%
2026-01-23,F25,HOODIE,466,325,86,30%
2026-01-23,F25,KNITWEAR,225,200,67,11%
2026-01-23,F25,LEGGINGS,-118,-50,-25,58%
2026-01-23,F25,LONG SLEEVE KNIT,"1,080",625,217,42%
2026-01-23,F25,OUTERWEAR,423,271,92,36%
2026-01-23,F25,POLO,860,607,193,29%
2026-01-23,F25,PULLOVER,-125,-53,-27,58%
2026-01-23,F25,SHORTS,568,375,135,34%
2026-01-23,F25,SKORT,-20,-3,-10,87%
2026-01-23,F25,SOCKS,36,19,8,46%
2026-01-23,F25,SWEATER,279,205,60,26%
2026-01-23,F25,SWEATPANTS,321,233,61,28%
2026-01-23,F25,TANK TOP,-78,-33,-20,58%
2026-01-23,F25,TRACK JACKET,"5,826","3,164","1,272",46%
2026-01-23,F25,TRACK PANT,"5,213","2,644","1,151",49%
2026-01-23,F25,T-SHIRT,942,526,184,44%
2026-01-23,F25,VEST,12,20,-2,-69%
2026-01-23,S24,FOOTWEAR,5,-19,4,487%
2026-01-23,S24,SKIRT,68,20,9,71%
2026-01-23,S24,SPORT BRA,48,16,7,68%
2026-01-23,S24,TRACK PANT,125,38,17,70%
2026-01-23,S25,ACCESSORIES,556,188,106,66%
2026-01-23,S25,ACTIVE JACKET,-250,-70,-52,72%
2026-01-23,S25,CABANA SHIRT,318,106,65,67%
2026-01-23,S25,CAMP SHIRT,88,35,15,60%
2026-01-23,S25,CREWNECK,392,196,73,50%
2026-01-23,S25,DRESS,368,147,63,60%
2026-01-23,S25,HOODIE,150,60,33,60%
2026-01-23,S25,LEGGINGS,280,103,57,63%
2026-01-23,S25,LONG SLEEVE KNIT,437,180,67,59%
2026-01-23,S25,POLO,"1,909",792,342,58%
2026-01-23,S25,PULLOVER,485,194,97,60%
2026-01-23,S25,SHORTS,"5,099","1,770","1,032",65%
2026-01-23,S25,SKIRT,196,74,41,62%
2026-01-23,S25,SKORT,254,99,52,61%
2026-01-23,S25,SOCKS,108,44,25,59%
2026-01-23,S25,SWEATER,990,297,214,70%
2026-01-23,S25,SWEATSHIRT,110,50,18,55%
2026-01-23,S25,TANK TOP,242,82,48,66%
2026-01-23,S25,TRACK JACKET,"4,340","1,850",938,57%
2026-01-23,S25,TRACK PANT,"1,777",805,387,55%
2026-01-23,S25,T-SHIRT,"4,352","1,577",722,64%
2026-01-24,CORE,TRACK JACKET,725,786,123,-8%
2026-01-24,CORE,TRACK PANT,230,186,37,19%
2026-01-24,F24,DRESS,350,94,119,73%
2026-01-24,F24,LONG SLEEVE KNIT,480,120,98,75%
2026-01-24,F24,POLO,963,305,308,68%
2026-01-24,F24,SHORTS,"1,657",434,423,74%
2026-01-24,F24,SKIRT,89,18,26,80%
2026-01-24,F24,SPORT BRA,68,16,19,76%
2026-01-24,F24,SWEATPANTS,348,152,68,56%
2026-01-24,F24,SWEATSHIRT,315,85,73,73%
2026-01-24,F24,TRACK JACKET,"1,335",356,300,73%
2026-01-24,F24,TRACK PANT,760,139,130,82%
2026-01-24,F24,T-SHIRT,48,12,8,75%
2026-01-24,F25,ACCESSORIES,130,33,54,75%
2026-01-24,F25,CABANA SHIRT,540,247,126,54%
2026-01-24,F25,CREWNECK,558,307,104,45%
2026-01-24,F25,CROP TOP,78,46,18,42%
2026-01-24,F25,HAT,76,53,15,30%
2026-01-24,F25,HOODIE,"1,172",738,219,37%
2026-01-24,F25,KNITWEAR,965,540,256,44%
2026-01-24,F25,LONG SLEEVE KNIT,405,221,82,45%
2026-01-24,F25,OUTERWEAR,225,180,51,20%
2026-01-24,F25,POLO,545,361,121,34%
2026-01-24,F25,PULLOVER,500,305,105,39%
2026-01-24,F25,SHORTS,"1,086",599,250,45%
2026-01-24,F25,SKIRT,78,37,17,52%
2026-01-24,F25,SKORT,176,104,44,41%
2026-01-24,F25,SOCKS,126,69,29,45%
2026-01-24,F25,SWEATER,"1,029",635,223,38%
2026-01-24,F25,SWEATPANTS,642,425,122,34%
2026-01-24,F25,TRACK JACKET,"11,420","5,740","2,481",50%
2026-01-24,F25,TRACK PANT,"8,907","4,847","1,935",46%
2026-01-24,F25,T-SHIRT,242,137,53,43%
2026-01-24,F25,VEST,208,116,51,44%
2026-01-24,S24,FOOTWEAR,209,86,11,59%
2026-01-24,S24,TRACK JACKET,140,56,30,60%
2026-01-24,S24,TRACK PANT,125,50,24,60%
2026-01-24,S25,SHOES,88,28,18,68%
2026-01-24,S25,ACCESSORIES,400,158,77,61%
2026-01-24,S25,CABANA SHIRT,125,40,27,68%
2026-01-24,S25,CREWNECK,98,39,18,60%
2026-01-24,S25,DRESS,250,50,45,80%
2026-01-24,S25,HOODIE,150,60,33,60%
2026-01-24,S25,LEGGINGS,220,65,42,71%
2026-01-24,S25,LONG SLEEVE KNIT,484,177,82,63%
2026-01-24,S25,POLO,"1,582",681,310,57%
2026-01-24,S25,PULLOVER,235,105,46,55%
2026-01-24,S25,SHORTS,"3,528","1,093",732,69%
2026-01-24,S25,SKIRT,78,31,2,60%
2026-01-24,S25,SKORT,68,30,11,56%
2026-01-24,S25,SOCKS,144,68,32,53%
2026-01-24,S25,SPORT BRA,68,24,17,64%
2026-01-24,S25,SWEATER,"2,520",741,574,71%
2026-01-24,S25,SWEATPANTS,88,22,18,75%
2026-01-24,S25,SWEATSHIRT,550,202,92,63%
2026-01-24,S25,TANK TOP,280,100,53,64%
2026-01-24,S25,TRACK JACKET,"8,145","3,024","1,630",63%
2026-01-24,S25,TRACK PANT,"3,960","1,513",809,62%
2026-01-24,S25,T-SHIRT,"2,616",929,448,64%
2026-01-24,S25,VISOR,76,27,14,64%
2026-01-24,SS22,ACCESSORIES,12,12,6,0%
2026-01-24,SS22,SOCKS,36,36,8,0%
2026-01-25,CORE,TRACK JACKET,280,479,55,-71%
2026-01-25,CORE,TRACK PANT,240,391,39,-63%
2026-01-25,F24,DRESS,175,36,54,80%
2026-01-25,F24,LEGGINGS,110,33,21,70%
2026-01-25,F24,OUTERWEAR,225,56,50,75%
2026-01-25,F24,POLO,"1,576",421,637,73%
2026-01-25,F24,SHORTS,"1,354",316,375,77%
2026-01-25,F24,SKIRT,88,18,39,80%
2026-01-25,F24,SPORT BRA,68,34,19,50%
2026-01-25,F24,SWEATPANTS,250,68,50,73%
2026-01-25,F24,SWEATSHIRT,250,68,51,73%
2026-01-25,F24,TRACK JACKET,510,140,100,73%
2026-01-25,F24,TRACK PANT,405,161,82,60%
2026-01-25,F24,T-SHIRT,472,127,199,73%
2026-01-25,F25,CABANA SHIRT,135,-1,32,101%
2026-01-25,F25,CONTOUR JACKET,135,65,29,52%
2026-01-25,F25,CREWNECK,110,66,20,40%
2026-01-25,F25,CROP TOP,156,75,37,52%
2026-01-25,F25,DRESS,125,88,30,30%
2026-01-25,F25,HOODIE,196,123,34,37%
2026-01-25,F25,KNITWEAR,485,321,123,34%
2026-01-25,F25,LONG SLEEVE KNIT,405,257,82,37%
2026-01-25,F25,OUTERWEAR,450,324,101,28%
2026-01-25,F25,POLO,234,142,55,39%
2026-01-25,F25,SHORTS,666,199,156,70%
2026-01-25,F25,SKORT,264,153,66,42%
2026-01-25,F25,SOCKS,36,21,8,42%
2026-01-25,F25,SWEATER,125,60,27,52%
2026-01-25,F25,SWEATPANTS,98,69,18,30%
2026-01-25,F25,TRACK JACKET,"12,264","6,225","2,633",49%
2026-01-25,F25,TRACK PANT,"8,970","4,720","1,934",47%
2026-01-25,F25,TRACK SHORT,155,78,29,50%
2026-01-25,F25,T-SHIRT,224,120,44,47%
2026-01-25,S24,DRESS,88,35,19,60%
2026-01-25,S24,FOOTWEAR,118,38,19,68%
2026-01-25,S24,SHORTS,100,24,23,76%
2026-01-25,S24,SKIRT,156,55,43,65%
2026-01-25,S24,SKORT,88,22,19,75%
2026-01-25,S24,TRACK JACKET,140,63,30,55%
2026-01-25,S24,TRACK PANT,125,56,24,55%
2026-01-25,S25,SHOES,147,50,26,66%
2026-01-25,S25,ACCESSORIES,68,22,13,68%
2026-01-25,S25,ACTIVE JACKET,125,40,26,68%
2026-01-25,S25,CABANA SHIRT,321,120,74,63%
2026-01-25,S25,CREWNECK,98,49,18,50%
2026-01-25,S25,DRESS,690,208,139,70%
2026-01-25,S25,HOODIE,626,204,133,67%
2026-01-25,S25,JACKET,330,106,64,68%
2026-01-25,S25,LEGGINGS,118,38,21,68%
2026-01-25,S25,LONG SLEEVE KNIT,281,107,46,62%
2026-01-25,S25,POLO,"1,292",615,267,52%
2026-01-25,S25,PULLOVER,250,90,51,64%
2026-01-25,S25,SHORTS,"4,187","1,386",894,67%
2026-01-25,S25,SKORT,332,117,68,65%
2026-01-25,S25,SOCKS,18,7,4,60%
2026-01-25,S25,SWEATER,95,76,23,20%
2026-01-25,S25,SWEATSHIRT,550,211,92,62%
2026-01-25,S25,TANK TOP,342,125,62,63%
2026-01-25,S25,TRACK JACKET,"4,800","1,759",975,63%
2026-01-25,S25,TRACK PANT,"3,311","1,173",683,65%
2026-01-25,S25,T-SHIRT,"2,148",810,359,62%
2026-01-25,S25,VISOR,38,15,7,60%
2026-01-25,SS22,ACCESSORIES,12,12,6,0%
2026-01-26,CORE,TRACK JACKET,915,"1,026",173,-12%
2026-01-26,CORE,TRACK PANT,305,731,36,-140%
2026-01-26,F24,DRESS,350,83,119,76%
2026-01-26,F24,HOODIE,-150,-75,-29,50%
2026-01-26,F24,LEGGINGS,110,26,21,76%
2026-01-26,F24,LONG SLEEVE KNIT,250,100,45,60%
2026-01-26,F24,OUTERWEAR,225,48,38,79%
2026-01-26,F24,POLO,"1,644",493,592,70%
2026-01-26,F24,SHORTS,652,179,181,73%
2026-01-26,F24,SKIRT,532,133,158,75%
2026-01-26,F24,SPORT BRA,68,16,19,76%
2026-01-26,F24,TRACK JACKET,465,163,98,65%
2026-01-26,F24,TRACK PANT,605,147,117,76%
2026-01-26,F24,T-SHIRT,232,70,61,70%
2026-01-26,F25,CABANA SHIRT,270,170,63,37%
2026-01-26,F25,CREWNECK,379,143,74,62%
2026-01-26,F25,DRESS,125,70,30,44%
2026-01-26,F25,HAT,80,42,18,48%
2026-01-26,F25,HOODIE,-52,-52,-12,0%
2026-01-26,F25,KNITWEAR,"1,580",917,429,42%
2026-01-26,F25,LONG SLEEVE KNIT,753,553,147,27%
2026-01-26,F25,OUTERWEAR,550,362,120,34%
2026-01-26,F25,POLO,"1,342",707,312,47%
2026-01-26,F25,SHORTS,772,460,174,40%
2026-01-26,F25,SKIRT,156,75,39,52%
2026-01-26,F25,SKORT,320,181,63,44%
2026-01-26,F25,SOCKS,72,42,17,41%
2026-01-26,F25,SWEATER,348,189,76,46%
2026-01-26,F25,SWEATPANTS,470,233,88,50%
2026-01-26,F25,TANK TOP,156,87,39,44%
2026-01-26,F25,TRACK JACKET,"10,720","5,830","2,342",46%
2026-01-26,F25,TRACK PANT,"8,086","4,556","1,806",44%
2026-01-26,F25,T-SHIRT,"1,320",798,254,40%
2026-01-26,F25,VEST,110,62,24,44%
2026-01-26,S24,DRESS,88,35,19,60%
2026-01-26,S24,SHORTS,310,79,66,75%
2026-01-26,S24,SKIRT,78,22,28,72%
2026-01-26,S24,SKORT,176,48,38,73%
2026-01-26,S24,SPORT BRA,156,41,33,74%
2026-01-26,S24,TANK TOP,48,15,9,68%
2026-01-26,S24,TRACK JACKET,280,126,61,55%
2026-01-26,S24,TRACK PANT,125,50,24,60%
2026-01-26,S25,SHOES,264,63,53,76%
2026-01-26,S25,ACTIVE JACKET,125,50,26,60%
2026-01-26,S25,CABANA SHIRT,645,218,138,66%
2026-01-26,S25,CAMP SHIRT,88,44,15,50%
2026-01-26,S25,DRESS,118,37,20,68%
2026-01-26,S25,HOODIE,150,60,33,60%
2026-01-26,S25,JACKET,330,119,64,64%
2026-01-26,S25,LONG SLEEVE KNIT,312,122,41,61%
2026-01-26,S25,POLO,"2,863","1,100",567,62%
2026-01-26,S25,PULLOVER,250,85,51,66%
2026-01-26,S25,SHORTS,"3,798","1,245",760,67%
2026-01-26,S25,SKIRT,116,30,22,74%
2026-01-26,S25,SKORT,832,302,183,64%
2026-01-26,S25,SOCKS,162,76,36,53%
2026-01-26,S25,SWEATER,225,116,51,49%
2026-01-26,S25,SWEATPANTS,88,22,18,75%
2026-01-26,S25,SWEATSHIRT,-110,-19,-18,83%
2026-01-26,S25,TANK TOP,582,196,121,66%
2026-01-26,S25,TRACK JACKET,"2,865",990,536,65%
2026-01-26,S25,TRACK PANT,"1,754",682,344,61%
2026-01-26,S25,T-SHIRT,"3,358","1,299",572,61%
2026-01-27,CORE,TRACK JACKET,305,435,63,-43%
2026-01-27,CORE,TRACK PANT,385,204,88,47%
2026-01-27,F23,SWEATPANTS,88,34,16,62%
2026-01-27,F24,DRESS,125,34,35,73%
2026-01-27,F24,LEGGINGS,110,28,21,75%
2026-01-27,F24,POLO,"1,043",241,381,77%
2026-01-27,F24,SHORTS,468,121,113,74%
2026-01-27,F24,SPORT BRA,68,34,19,50%
2026-01-27,F24,SWEATPANTS,125,75,25,40%
2026-01-27,F24,TRACK JACKET,360,155,81,57%
2026-01-27,F24,T-SHIRT,106,30,34,72%
2026-01-27,F25,CABANA SHIRT,945,558,220,41%
2026-01-27,F25,CREWNECK,558,284,104,49%
2026-01-27,F25,HAT,85,31,37,64%
2026-01-27,F25,HOODIE,834,513,155,38%
2026-01-27,F25,KNITWEAR,"1,095",721,290,34%
2026-01-27,F25,LONG SLEEVE KNIT,540,270,109,50%
2026-01-27,F25,POLO,633,405,142,36%
2026-01-27,F25,PULLOVER,250,148,53,41%
2026-01-27,F25,SHORTS,564,345,132,39%
2026-01-27,F25,SOCKS,18,11,4,40%
2026-01-27,F25,SPORT BRA,48,29,8,40%
2026-01-27,F25,SWEATER,250,170,55,32%
2026-01-27,F25,SWEATPANTS,419,269,79,36%
2026-01-27,F25,TRACK JACKET,"10,380","5,145","2,207",50%
2026-01-27,F25,TRACK PANT,"8,709","4,719","1,874",46%
2026-01-27,F25,T-SHIRT,624,353,116,43%
2026-01-27,S24,FOOTWEAR,553,50,156,91%
2026-01-27,S24,TRACK JACKET,140,56,37,60%
2026-01-27,S25,ACCESSORIES,68,22,13,68%
2026-01-27,S25,CABANA SHIRT,961,372,212,61%
2026-01-27,S25,CAMP SHIRT,88,44,15,50%
2026-01-27,S25,DRESS,220,75,45,66%
2026-01-27,S25,HOODIE,600,228,134,62%
2026-01-27,S25,JACKET,165,53,32,68%
2026-01-27,S25,LEGGINGS,178,62,37,65%
2026-01-27,S25,LONG SLEEVE KNIT,234,95,31,59%
2026-01-27,S25,PADDLE,58,46,10,20%
2026-01-27,S25,PANTS,345,138,71,60%
2026-01-27,S25,POLO,"2,127",829,400,61%
2026-01-27,S25,PULLOVER,375,40,76,89%
2026-01-27,S25,SHOES,340,145,83,58%
2026-01-27,S25,SHORTS,"4,287","1,383",887,68%
2026-01-27,S25,SKORT,400,146,77,64%
2026-01-27,S25,SOCKS,18,18,4,0%
2026-01-27,S25,SWEATER,"1,565",430,365,73%
2026-01-27,S25,SWEATPANTS,88,22,18,75%
2026-01-27,S25,SWEATSHIRT,110,44,18,60%
2026-01-27,S25,TANK TOP,328,124,65,62%
2026-01-27,S25,TRACK JACKET,"6,075","2,139","1,166",65%
2026-01-27,S25,TRACK PANT,"2,316",855,467,63%
2026-01-27,S25,T-SHIRT,"2,002",765,321,62%
2026-01-27,S25,VISOR,38,15,7,60%
2026-01-27,SS22,SOCKS,18,1,4,97%
2026-01-28,CORE,TRACK JACKET,"1,665","1,463",333,12%
2026-01-28,CORE,TRACK PANT,"1,585","1,258",314,21%
2026-01-28,F22,TANK TOP,58,13,11,78%
2026-01-28,F23,TRACK PANT,110,38,23,66%
2026-01-28,F24,SHOES,145,116,53,20%
2026-01-28,F24,HOODIE,150,72,29,52%
2026-01-28,F24,LEGGINGS,220,50,43,78%
2026-01-28,F24,OUTERWEAR,295,74,48,75%
2026-01-28,F24,POLO,570,279,238,51%
2026-01-28,F24,SHORTS,838,240,227,71%
2026-01-28,F24,SKIRT,617,154,257,75%
2026-01-28,F24,SPORT BRA,136,43,38,68%
2026-01-28,F24,SWEATPANTS,125,23,25,82%
2026-01-28,F24,TRACK JACKET,"1,130",467,255,59%
2026-01-28,F24,TRACK PANT,505,237,107,53%
2026-01-28,F24,T-SHIRT,328,103,88,69%
2026-01-28,F25,CABANA SHIRT,540,340,126,37%
2026-01-28,F25,CREWNECK,478,277,91,42%
2026-01-28,F25,CROP TOP,68,41,16,40%
2026-01-28,F25,HAT,72,60,13,17%
2026-01-28,F25,HOODIE,"1,158",731,212,37%
2026-01-28,F25,KNITWEAR,845,524,234,38%
2026-01-28,F25,LONG SLEEVE KNIT,561,334,105,40%
2026-01-28,F25,OUTERWEAR,225,0,51,100%
2026-01-28,F25,POLO,532,374,122,30%
2026-01-28,F25,PULLOVER,250,130,53,48%
2026-01-28,F25,SHORTS,"1,378",875,318,37%
2026-01-28,F25,SKORT,58,35,10,40%
2026-01-28,F25,SPORT BRA,68,41,19,40%
2026-01-28,F25,SWEATER,500,243,108,52%
2026-01-28,F25,SWEATPANTS,571,365,111,36%
2026-01-28,F25,TANK TOP,78,44,20,44%
2026-01-28,F25,TRACK JACKET,"14,744","7,614","3,176",48%
2026-01-28,F25,TRACK PANT,"12,097","6,391","2,638",47%
2026-01-28,F25,T-SHIRT,458,297,94,35%
2026-01-28,F25,VEST,110,62,24,44%
2026-01-28,S24,FOOTWEAR,177,61,29,65%
2026-01-28,S24,SHORTS,224,67,40,70%
2026-01-28,S24,TANK TOP,116,37,20,69%
2026-01-28,S25,ACCESSORIES,68,27,13,60%
2026-01-28,S25,CABANA SHIRT,530,180,121,66%
2026-01-28,S25,CREWNECK,98,49,18,50%
2026-01-28,S25,DRESS,125,38,25,70%
2026-01-28,S25,HOODIE,388,123,83,68%
2026-01-28,S25,JACKET,825,304,159,63%
2026-01-28,S25,LONG SLEEVE KNIT,156,59,20,62%
2026-01-28,S25,PANTS,345,121,71,65%
2026-01-28,S25,POLO,595,226,104,62%
2026-01-28,S25,PULLOVER,595,259,118,56%
2026-01-28,S25,SHOES,170,85,41,50%
2026-01-28,S25,SHORTS,"3,793","1,213",816,68%
2026-01-28,S25,SKORT,410,168,81,59%
2026-01-28,S25,SOCKS,54,25,12,53%
2026-01-28,S25,SWEATER,"1,070",290,233,73%
2026-01-28,S25,SWEATPANTS,88,22,18,75%
2026-01-28,S25,SWEATSHIRT,220,84,37,62%
2026-01-28,S25,TANK TOP,106,42,19,60%
2026-01-28,S25,TRACK JACKET,"7,960","2,952","1,596",63%
2026-01-28,S25,TRACK PANT,"3,153","1,192",621,62%
2026-01-28,S25,T-SHIRT,"2,504",953,423,62%
2026-01-28,s26,CREWNECK,624,612,111,2%
2026-01-28,s26,SHORTS,354,354,70,0%
2026-01-28,s26,T-SHIRT,196,196,45,0%
2026-01-28,SS22,SOCKS,36,34,8,5%
2026-01-29,F25,CABANA SHIRT,135,76,32,44%
2026-01-29,F25,LONG SLEEVE KNIT,135,81,27,40%
2026-01-29,F25,SHORTS,288,161,66,44%
2026-01-29,F25,TANK TOP,58,32,15,44%
2026-01-29,F25,TRACK JACKET,340,187,76,45%
2026-01-29,F25,TRACK PANT,393,234,89,40%
2026-01-29,S24,TRACK PANT,125,30,17,76%
2026-01-29,S25,SHORTS,88,21,20,76%
2026-01-29,S25,TANK TOP,48,19,11,60%
2026-01-29,S25,TRACK JACKET,620,232,146,63%
2026-01-29,S25,TRACK PANT,280,104,60,63%
2026-01-29,S25,T-SHIRT,48,15,7,68%
2026-01-29,F24,DRESS,125,38,35,70%
2026-01-29,F25,TRACK JACKET,150,105,34,30%
2026-01-29,F25,TRACK PANT,250,163,59,35%
2026-01-29,S24,TRACK JACKET,140,70,30,50%
2026-01-29,S24,TRACK PANT,125,63,24,50%
2026-01-29,S25,CABANA SHIRT,135,54,32,60%
2026-01-29,S25,SHORTS,135,34,28,75%
2026-01-29,S25,TRACK JACKET,-35,4,-12,110%
2026-01-29,S25,TRACK PANT,-150,-45,-30,70%
2026-01-29,CORE,TRACK JACKET,165,142,36,14%
2026-01-29,CORE,TRACK PANT,125,118,28,5%
2026-01-29,F24,SHORTS,146,46,34,69%
2026-01-29,F25,HAT,42,29,10,30%
2026-01-29,F25,TRACK JACKET,490,300,104,39%
2026-01-29,F25,TRACK PANT,775,452,175,42%
2026-01-29,S24,FOOTWEAR,59,24,10,60%
2026-01-29,S24,SHORTS,68,25,13,63%
2026-01-29,S25,POLO,110,44,22,60%
2026-01-29,S25,SHORTS,266,85,53,68%
2026-01-29,S25,SOCKS,18,9,4,50%
2026-01-29,S25,TRACK JACKET,630,219,125,65%
2026-01-29,S25,TRACK PANT,265,126,55,53%
2026-01-29,S25,T-SHIRT,186,69,30,63%
2026-01-29,S25,TRACK JACKET,175,70,42,60%
2026-01-29,S25,TRACK PANT,150,60,33,60%
2026-01-29,F24,SHORTS,68,17,18,75%
2026-01-29,F25,HOODIE,150,84,29,44%
2026-01-29,F25,KNITWEAR,175,98,47,44%
2026-01-29,F25,SWEATPANTS,125,70,25,44%
2026-01-29,F25,TRACK JACKET,290,139,66,52%
2026-01-29,F25,TRACK PANT,235,113,54,52%
2026-01-29,S25,SHORTS,-68,-27,-12,60%
2026-01-29,S25,SHORTS,98,39,20,60%
2026-01-29,F25,POLO,125,88,27,30%
2026-01-29,F25,TRACK JACKET,150,81,34,46%
2026-01-29,F25,TRACK PANT,125,68,29,46%
2026-01-29,F24,SHORTS,78,16,29,79%
2026-01-29,F24,T-SHIRT,58,16,15,73%
2026-01-29,F25,CABANA SHIRT,135,95,32,30%
2026-01-29,F25,SWEATPANTS,98,55,18,44%
2026-01-29,F25,TRACK JACKET,610,356,129,42%
2026-01-29,F25,TRACK PANT,530,335,111,37%
2026-01-29,S24,SKORT,88,18,19,80%
2026-01-29,S24,TANK TOP,68,18,11,74%
2026-01-29,S25,POLO,274,102,39,63%
2026-01-29,S25,SHORTS,438,155,84,65%
2026-01-29,S25,SOCKS,18,14,4,20%
2026-01-29,S25,TRACK JACKET,280,114,61,59%
2026-01-29,S25,TRACK PANT,-150,-45,-31,70%
2026-01-29,S25,VISOR,38,14,7,64%
2026-01-29,F24,LEGGINGS,220,66,43,70%
2026-01-29,F24,SPORT BRA,136,54,38,60%
2026-01-29,F25,HAT,76,57,15,25%
2026-01-29,F25,TRACK JACKET,830,448,177,46%
2026-01-29,F25,TRACK PANT,675,378,143,44%
2026-01-29,F25,T-SHIRT,144,77,23,47%
2026-01-29,S25,POLO,176,56,25,68%
2026-01-29,S25,PULLOVER,125,50,25,60%
2026-01-29,S25,SHORTS,272,109,52,60%
2026-01-29,S25,SOCKS,18,9,4,50%
2026-01-29,S25,TRACK JACKET,175,56,36,68%
2026-01-29,S25,T-SHIRT,84,30,14,64%
2026-01-29,F24,TRACK JACKET,-135,-41,-24,70%
2026-01-29,F25,CABANA SHIRT,405,284,94,30%
2026-01-29,F25,HOODIE,98,55,17,44%
2026-01-29,F25,SHORTS,330,231,76,30%
2026-01-29,F25,TRACK JACKET,778,477,166,39%
2026-01-29,F25,TRACK PANT,600,286,127,52%
2026-01-29,F25,T-SHIRT,68,48,16,30%
2026-01-29,S25,DRESS,118,42,18,64%
2026-01-29,S25,SHORTS,940,373,181,60%
2026-01-29,S25,SWEATSHIRT,110,0,18,100%
2026-01-29,S25,TRACK JACKET,740,169,139,77%
2026-01-29,S25,TRACK PANT,425,198,83,54%
2026-01-29,S25,T-SHIRT,256,107,41,58%
2026-01-29,CORE,TRACK JACKET,-140,-126,-22,10%
2026-01-29,CORE,TRACK PANT,-355,-291,-65,18%
2026-01-29,F25,HOODIE,120,84,23,30%
2026-01-29,F25,KNITWEAR,-225,-126,-54,44%
2026-01-29,F25,LONG SLEEVE KNIT,-135,-81,-27,40%
2026-01-29,F25,POLO,78,55,18,30%
2026-01-29,F25,SHORTS,-100,-30,-22,70%
2026-01-29,F25,TANK TOP,-58,-32,-15,44%
2026-01-29,F25,TRACK JACKET,"-1,250",-668,-259,47%
2026-01-29,F25,TRACK PANT,"-1,168",-644,-248,45%
2026-01-29,F25,T-SHIRT,-144,-77,-23,47%
2026-01-29,S25,CABANA SHIRT,-395,-126,-90,68%
2026-01-29,S25,DRESS,250,100,45,60%
2026-01-29,S25,POLO,314,198,50,37%
2026-01-29,S25,SHORTS,-838,-241,-177,71%
2026-01-29,S25,SWEATSHIRT,-110,-30,-18,73%
2026-01-29,S25,TRACK JACKET,"-1,640",-601,-339,63%
2026-01-29,S25,TRACK PANT,100,58,13,42%
2026-01-29,S25,T-SHIRT,-314,-107,-55,66%
2026-01-29,s26,CREWNECK,118,118,16,0%
2026-01-29,CORE,TRACK JACKET,140,158,22,-13%
2026-01-29,CORE,TRACK PANT,110,138,17,-25%
2026-01-29,F24,POLO,398,84,188,79%
2026-01-29,F25,LONG SLEEVE KNIT,135,76,27,44%
2026-01-29,F25,POLO,98,55,21,44%
2026-01-29,F25,TRACK JACKET,995,481,224,52%
2026-01-29,F25,TRACK PANT,930,406,208,56%
2026-01-29,S24,TRACK JACKET,140,70,30,50%
2026-01-29,S25,POLO,223,94,38,58%
2026-01-29,S25,TRACK JACKET,"1,160",410,228,65%
2026-01-29,S25,TRACK PANT,"1,040",396,200,62%
2026-01-29,S25,T-SHIRT,144,54,25,63%
2026-01-29,s26,CREWNECK,118,118,16,0%
2026-01-29,CORE,TRACK JACKET,-305,-305,-58,0%
2026-01-29,F25,HAT,38,21,8,44%
2026-01-29,F25,HOODIE,150,105,29,30%
2026-01-29,F25,KNITWEAR,-270,-135,-70,50%
2026-01-29,F25,LONG SLEEVE KNIT,-135,-95,-27,30%
2026-01-29,F25,POLO,-125,-75,-27,40%
2026-01-29,F25,TRACK JACKET,350,228,68,35%
2026-01-29,F25,TRACK PANT,-216,-166,-53,23%
2026-01-29,S25,DRESS,125,50,23,60%
2026-01-29,S25,POLO,-88,-35,-17,60%
2026-01-29,S25,SKIRT,20,2,-9,91%
2026-01-29,S25,SKORT,-88,-35,-18,60%
2026-01-29,S25,SOCKS,18,14,4,20%
2026-01-29,S25,SWEATER,295,110,71,63%
2026-01-29,S25,TRACK JACKET,440,153,80,65%
2026-01-29,S25,TRACK PANT,250,100,46,60%
2026-01-29,s26,CREWNECK,118,106,16,10%
2026-01-29,CORE,TRACK JACKET,-445,-247,-80,44%
2026-01-29,CORE,TRACK PANT,-235,-148,-45,37%
2026-01-29,F25,CREWNECK,-26,-21,-7,18%
2026-01-29,F25,HOODIE,248,139,46,44%
2026-01-29,F25,LONG SLEEVE KNIT,-135,-54,-27,60%
2026-01-29,F25,OUTERWEAR,-325,-228,-70,30%
2026-01-29,F25,SHORTS,-68,-41,-16,40%
2026-01-29,F25,SWEATER,98,69,22,30%
2026-01-29,F25,SWEATPANTS,-61,-35,-10,43%
2026-01-29,F25,TANK TOP,-58,-41,-15,30%
2026-01-29,F25,TRACK JACKET,"-1,735",-891,-373,49%
2026-01-29,F25,TRACK PANT,-760,-416,-153,45%
2026-01-29,F25,T-SHIRT,-65,-29,-18,55%
2026-01-29,S24,FOOTWEAR,145,73,46,50%
2026-01-29,S25,CABANA SHIRT,-135,-49,-32,64%
2026-01-29,S25,HOODIE,150,48,33,68%
2026-01-29,S25,LONG SLEEVE KNIT,78,31,10,60%
2026-01-29,S25,POLO,-274,-82,-49,70%
2026-01-29,S25,SHORTS,-457,-129,-95,72%
2026-01-29,S25,SKORT,-88,-26,-18,70%
2026-01-29,S25,SOCKS,-36,-14,-8,60%
2026-01-29,S25,SWEATER,-145,-51,-34,65%
2026-01-29,S25,TANK TOP,-68,-18,-14,73%
2026-01-29,S25,TRACK JACKET,55,136,20,-147%
2026-01-29,S25,TRACK PANT,170,118,37,31%
2026-01-29,S25,T-SHIRT,-164,-44,-29,73%
2026-01-29,SS22,SOCKS,-18,-7,-4,60%
2026-01-29,CORE,TRACK JACKET,165,178,36,-8%
2026-01-29,CORE,TRACK PANT,125,148,28,-18%
2026-01-29,F24,SHORTS,88,22,32,75%
2026-01-29,F25,CABANA SHIRT,-135,-61,-32,55%
2026-01-29,S25,ACCESSORIES,68,27,13,60%
2026-01-29,S25,SHORTS,178,71,31,60%
2026-01-29,S25,SOCKS,36,18,8,50%
2026-01-29,S25,SWEATER,175,88,39,50%
2026-01-29,S25,TRACK JACKET,175,0,36,100%
2026-01-29,S25,T-SHIRT,90,17,15,81%
2026-01-29,CORE,TRACK JACKET,165,142,36,14%
2026-01-29,F24,POLO,75,2,28,97%
2026-01-29,F24,T-SHIRT,48,10,8,80%
2026-01-29,F25,BUTTON DOWN SHIRT,165,40,70,76%
2026-01-29,F25,HAT,38,21,8,44%
2026-01-29,F25,HOODIE,98,69,17,30%
2026-01-29,F25,JEANS,165,40,65,76%
2026-01-29,F25,TRACK JACKET,315,164,61,48%
2026-01-29,F25,TRACK PANT,260,135,51,48%
2026-01-29,F25,T-SHIRT,286,99,73,65%
2026-01-29,S25,HOODIE,150,48,33,68%
2026-01-29,S25,JACKET,165,53,32,68%
2026-01-29,S25,POLO,125,5,23,96%
2026-01-29,S25,PULLOVER,125,50,25,60%
2026-01-29,S25,SHORTS,198,61,42,69%
2026-01-29,S25,TRACK JACKET,605,225,133,63%
2026-01-29,S25,TRACK PANT,353,134,74,62%
2026-01-29,S25,T-SHIRT,174,70,28,60%
2026-01-29,s26,CREWNECK,118,106,16,10%
2026-01-29,CORE,TRACK PANT,-135,0,-31,100%
2026-01-29,F24,TRACK JACKET,-165,-50,-42,70%
2026-01-29,F24,TRACK PANT,-135,-41,-31,70%
2026-01-29,F25,CREWNECK,-68,-43,-14,37%
2026-01-29,F25,LONG SLEEVE KNIT,-135,-65,-27,52%
2026-01-29,F25,POLO,110,70,25,36%
2026-01-29,F25,SWEATPANTS,-88,-55,-17,37%
2026-01-29,F25,TRACK JACKET,170,64,34,62%
2026-01-29,F25,TRACK PANT,-123,-54,-28,56%
2026-01-29,F25,T-SHIRT,144,81,23,44%
2026-01-29,S24,FOOTWEAR,145,65,46,55%
2026-01-29,S25,CABANA SHIRT,125,50,27,60%
2026-01-29,S25,PANTS,210,67,44,68%
2026-01-29,S25,POLO,-125,-31,-23,75%
2026-01-29,S25,SHORTS,246,106,52,57%
2026-01-29,S25,SWEATER,-150,-34,-37,78%
2026-01-29,S25,SWEATSHIRT,-220,-99,-37,55%
2026-01-29,S25,TRACK JACKET,-5,19,3,489%
2026-01-29,S25,TRACK PANT,135,63,24,54%
2026-01-29,S25,T-SHIRT,84,29,14,66%
2026-01-29,s26,T-SHIRT,48,38,8,20%
2026-01-29,F24,POLO,150,30,80,80%
2026-01-29,F25,CREWNECK,125,88,24,30%
2026-01-29,F25,HOODIE,218,153,40,30%
2026-01-29,F25,SHORTS,68,-28,14,141%
2026-01-29,F25,SWEATPANTS,98,69,18,30%
2026-01-29,F25,TRACK JACKET,815,455,182,44%
2026-01-29,F25,TRACK PANT,815,453,185,44%
2026-01-29,S24,SHORTS,100,24,23,76%
2026-01-29,S25,CABANA SHIRT,135,54,30,60%
2026-01-29,S25,DRESS,125,45,23,64%
2026-01-29,S25,SHORTS,321,106,67,67%
2026-01-29,S25,SKIRT,78,28,2,64%
2026-01-29,S25,SOCKS,18,7,4,60%
2026-01-29,S25,TRACK JACKET,565,188,116,67%
2026-01-29,S25,TRACK PANT,265,95,51,64%
2026-01-29,S25,T-SHIRT,144,58,22,60%
2026-01-29,F25,TRACK JACKET,"1,115",381,238,66%
2026-01-29,F25,TRACK PANT,655,234,141,64%
2026-01-29,S25,CABANA SHIRT,125,50,27,60%
2026-01-29,S25,TANK TOP,58,23,8,60%
2026-01-29,S25,TRACK JACKET,475,193,94,59%
2026-01-29,S25,TRACK PANT,375,150,74,60%
2026-01-29,S25,T-SHIRT,48,0,7,100%
2026-01-29,CORE,TRACK PANT,-15,-10,-12,33%
2026-01-29,F24,POLO,47,12,15,75%
2026-01-29,F24,SHORTS,250,63,69,75%
2026-01-29,F24,SWEATSHIRT,380,95,95,75%
2026-01-29,F24,TRACK PANT,-175,-44,-37,75%
2026-01-29,F25,CABANA SHIRT,135,95,32,30%
2026-01-29,F25,POLO,125,88,27,30%
2026-01-29,F25,SHORTS,110,77,25,30%
2026-01-29,F25,SKORT,58,35,10,40%
2026-01-29,F25,SOCKS,36,23,8,35%
2026-01-29,F25,SWEATER,125,75,27,40%
2026-01-29,F25,TRACK JACKET,820,434,172,47%
2026-01-29,F25,TRACK PANT,520,250,106,52%
2026-01-29,F25,T-SHIRT,48,29,8,40%
2026-01-29,S24,FOOTWEAR,118,47,19,60%
2026-01-29,S25,CABANA SHIRT,395,132,88,67%
2026-01-29,S25,SHORTS,624,196,132,69%
2026-01-29,S25,SWEATER,-30,6,-13,120%
2026-01-29,S25,TANK TOP,68,27,14,60%
2026-01-29,S25,TRACK JACKET,455,172,94,62%
2026-01-29,S25,TRACK PANT,140,56,30,60%
2026-01-29,S25,T-SHIRT,126,44,21,65%
2026-01-29,CORE,TRACK JACKET,-165,-178,-36,-8%
2026-01-29,CORE,TRACK PANT,-250,-266,-57,-7%
2026-01-29,F24,POLO,186,46,59,75%
2026-01-29,F24,SHORTS,780,165,210,79%
2026-01-29,F24,T-SHIRT,116,28,31,76%
2026-01-29,F25,SOCKS,36,21,8,42%
2026-01-29,F25,TRACK JACKET,"1,145",568,253,50%
2026-01-29,F25,TRACK PANT,"1,045",532,236,49%
2026-01-29,S25,ACCESSORIES,88,38,17,57%
2026-01-29,S25,HOODIE,300,96,67,68%
2026-01-29,S25,LONG SLEEVE KNIT,156,56,20,64%
2026-01-29,S25,POLO,-58,-15,-9,75%
2026-01-29,S25,SHORTS,170,91,33,46%
2026-01-29,S25,SOCKS,54,25,12,53%
2026-01-29,S25,TRACK JACKET,120,48,30,60%
2026-01-29,S25,TRACK PANT,15,-5,9,135%
2026-01-29,S25,T-SHIRT,306,107,50,65%
2026-01-29,CORE,TRACK JACKET,165,0,42,100%
2026-01-29,F25,LONG SLEEVE KNIT,-135,-65,-27,52%
2026-01-29,F25,POLO,125,88,27,30%
2026-01-29,F25,SWEATER,250,150,54,40%
2026-01-29,F25,TRACK JACKET,295,192,65,35%
2026-01-29,F25,TRACK PANT,7,31,3,-341%
2026-01-29,F25,T-SHIRT,48,34,8,30%
2026-01-29,S24,FOOTWEAR,-145,-61,-46,58%
2026-01-29,S25,POLO,88,35,13,60%
2026-01-29,S25,SHORTS,68,27,11,60%
2026-01-29,S25,TRACK PANT,125,38,22,70%
2026-01-29,S25,T-SHIRT,42,21,7,50%
2026-01-29,F24,POLO,150,38,80,75%
2026-01-29,F25,POLO,193,135,42,30%
2026-01-29,F25,SOCKS,36,25,8,30%
2026-01-29,F25,TRACK JACKET,150,13,35,92%
2026-01-29,F25,TRACK PANT,135,11,30,92%
2026-01-29,F25,T-SHIRT,68,48,16,30%
2026-01-29,S25,POLO,250,94,54,63%
2026-01-29,S25,SHORTS,110,33,24,70%
2026-01-29,S25,SKORT,68,27,11,60%
2026-01-29,S25,SOCKS,18,9,4,50%
2026-01-29,S25,SWEATER,150,38,37,75%
2026-01-29,S25,TANK TOP,58,23,8,60%
2026-01-29,S25,TRACK JACKET,145,58,24,60%
2026-01-29,S25,TRACK PANT,250,114,49,54%
2026-01-29,S25,T-SHIRT,48,24,8,50%
2026-01-30,CORE,TRACK JACKET,140,158,22,-13%
2026-01-30,CORE,TRACK PANT,110,138,17,-25%
2026-01-30,F25,CABANA SHIRT,270,189,63,30%
2026-01-30,F25,KNITWEAR,225,158,76,30%
2026-01-30,F25,SHORTS,110,77,25,30%
2026-01-30,F25,TANK TOP,116,81,30,30%
2026-01-30,F25,TRACK JACKET,320,181,66,43%
2026-01-30,F25,TRACK PANT,260,147,52,43%
2026-01-30,CORE,TRACK JACKET,140,142,22,-2%
2026-01-30,CORE,TRACK PANT,110,124,17,-13%
2026-01-30,F24,POLO,150,38,80,75%
2026-01-30,F25,KNITWEAR,175,0,47,100%
2026-01-30,F25,OUTERWEAR,-225,-144,-51,36%
2026-01-30,F25,SWEATER,110,0,20,100%
2026-01-30,F25,TRACK JACKET,165,107,36,35%
2026-01-30,F25,TRACK PANT,125,68,28,46%
2026-01-30,F25,T-SHIRT,48,30,8,37%
2026-01-30,S24,FOOTWEAR,-290,-145,-91,50%
2026-01-30,S25,SHORTS,78,31,16,60%
2026-01-30,S25,SWEATSHIRT,110,44,18,60%
2026-01-30,S25,T-SHIRT,138,41,22,70%
2026-01-30,F24,T-SHIRT,58,17,15,70%
2026-01-30,F25,CABANA SHIRT,135,95,32,30%
2026-01-30,F25,LONG SLEEVE KNIT,135,95,27,30%
2026-01-30,F25,TRACK JACKET,445,243,100,45%
2026-01-30,F25,TRACK PANT,253,164,56,35%
2026-01-30,S25,TRACK JACKET,165,53,29,68%
2026-01-30,F24,SHORTS,78,18,20,78%
2026-01-30,F25,CREWNECK,125,88,24,30%
2026-01-30,F25,SHORTS,78,55,17,30%
2026-01-30,F25,TRACK JACKET,150,-104,35,169%
2026-01-30,F25,TRACK PANT,135,0,30,100%
2026-01-30,F25,T-SHIRT,65,20,18,70%
2026-01-30,S25,POLO,88,32,13,64%
2026-01-30,S25,SHORTS,176,50,41,72%
2026-01-30,S25,TRACK JACKET,125,38,25,70%
2026-01-30,S25,T-SHIRT,222,80,35,64%
2026-01-30,F25,TRACK JACKET,315,151,65,52%
2026-01-30,F25,TRACK PANT,265,138,52,48%
2026-01-30,CORE,TRACK JACKET,140,158,22,-13%
2026-01-30,CORE,TRACK PANT,110,138,17,-25%
2026-01-30,F25,TRACK JACKET,150,90,34,40%
2026-01-30,F25,TRACK PANT,125,75,29,40%
2026-01-30,F24,TRACK JACKET,195,39,39,80%
2026-01-30,F25,TRACK JACKET,165,79,35,52%
2026-01-30,F25,TRACK PANT,260,65,58,75%
2026-01-30,S25,JACKET,165,53,32,68%
2026-01-30,S25,POLO,110,35,22,68%
2026-01-30,S25,TRACK PANT,135,43,24,68%
2026-01-30,CORE,TRACK JACKET,-165,-165,-36,0%
2026-01-30,CORE,TRACK PANT,-125,-125,-28,0%
2026-01-30,F24,T-SHIRT,115,36,69,68%
2026-01-30,F25,CABANA SHIRT,135,85,32,37%
2026-01-30,F25,DRESS,125,70,30,44%
2026-01-30,F25,SHORTS,198,125,44,37%
2026-01-30,F25,TRACK JACKET,748,425,163,43%
2026-01-30,F25,TRACK PANT,565,340,122,40%
2026-01-30,F25,T-SHIRT,100,62,20,38%
2026-01-30,S25,SKIRT,98,39,20,60%
2026-01-30,S25,SKORT,68,27,11,60%
2026-01-30,S25,TRACK PANT,125,63,27,50%
2026-01-30,F24,TRACK PANT,150,54,31,64%
2026-01-30,F25,CABANA SHIRT,270,151,63,44%
2026-01-30,F25,SHORTS,220,123,50,44%
2026-01-30,F25,SKIRT,78,37,19,52%
2026-01-30,F25,TRACK JACKET,895,458,201,49%
2026-01-30,F25,TRACK PANT,620,321,135,48%
2026-01-30,F25,T-SHIRT,48,30,8,37%
2026-01-30,S25,POLO,88,35,17,60%
2026-01-30,S25,SKORT,88,28,18,68%
2026-01-30,S25,SOCKS,36,14,8,60%
2026-01-30,S25,SWEATER,145,58,34,60%
2026-01-30,S25,TRACK JACKET,305,139,64,55%
2026-01-30,S25,TRACK PANT,140,70,30,50%
2026-01-30,S25,T-SHIRT,270,105,45,61%
2026-01-30,CORE,TRACK JACKET,140,126,22,10%
2026-01-30,CORE,TRACK PANT,110,110,17,0%
2026-01-30,F24,POLO,284,69,87,76%
2026-01-30,F24,SHORTS,78,20,25,75%
2026-01-30,F24,SWEATSHIRT,190,48,47,75%
2026-01-30,F25,HAT,42,29,10,30%
2026-01-30,F25,POLO,78,44,19,44%
2026-01-30,F25,SHORTS,68,38,16,44%
2026-01-30,F25,TRACK JACKET,"1,580",726,346,54%
2026-01-30,F25,TRACK PANT,"1,025",551,230,46%
2026-01-30,S25,CABANA SHIRT,135,43,32,68%
2026-01-30,S25,DRESS,125,50,25,60%
2026-01-30,S25,POLO,264,84,38,68%
2026-01-30,S25,SHORTS,617,190,116,69%
2026-01-30,S25,TRACK JACKET,165,66,40,60%
2026-01-30,S25,TRACK PANT,140,45,30,68%
2026-01-30,S25,T-SHIRT,78,25,13,68%
2026-01-30,F24,POLO,88,16,31,81%
2026-01-30,F25,CROP TOP,78,47,18,40%
2026-01-30,F25,HOODIE,150,84,29,44%
2026-01-30,F25,SHORTS,78,37,19,52%
2026-01-30,F25,SKORT,88,53,22,40%
2026-01-30,F25,SWEATPANTS,125,70,25,44%
2026-01-30,F25,TRACK JACKET,315,171,73,46%
2026-01-30,F25,TRACK PANT,280,152,69,46%
2026-01-30,F25,T-SHIRT,126,71,29,44%
2026-01-30,S24,FOOTWEAR,59,19,10,68%
2026-01-30,S25,DRESS,360,124,71,66%
2026-01-30,S25,POLO,88,28,13,68%
2026-01-30,S25,SHORTS,68,27,11,60%
2026-01-30,S25,TANK TOP,110,44,19,60%
2026-01-30,S25,TRACK JACKET,490,187,112,62%
2026-01-30,S25,TRACK PANT,290,104,63,64%
2026-01-30,S25,T-SHIRT,116,37,22,68%
2026-01-30,s26,CREWNECK,118,106,16,10%
2026-01-30,F24,POLO,88,16,31,81%
2026-01-30,F24,SHORTS,"1,616",345,450,79%
2026-01-30,F25,CABANA SHIRT,135,76,32,44%
2026-01-30,F25,CREWNECK,110,66,20,40%
2026-01-30,F25,HOODIE,98,55,17,44%
2026-01-30,F25,LONG SLEEVE KNIT,78,37,12,52%
2026-01-30,F25,SHORTS,110,62,25,44%
2026-01-30,F25,TRACK JACKET,630,338,145,46%
2026-01-30,F25,TRACK PANT,665,389,150,42%
2026-01-30,S24,FOOTWEAR,204,91,55,55%
2026-01-30,S25,POLO,68,34,16,50%
2026-01-30,S25,SHORTS,974,274,205,72%
2026-01-30,S25,SOCKS,18,7,4,60%
2026-01-30,S25,SWEATSHIRT,330,132,55,60%
2026-01-30,S25,TANK TOP,48,15,11,68%
2026-01-30,S25,TRACK JACKET,400,146,75,64%
2026-01-30,S25,TRACK PANT,78,31,13,60%
2026-01-30,S25,T-SHIRT,"2,902",982,476,66%
2026-01-30,s26,CREWNECK,135,138,32,-2%
2026-01-30,CORE,TRACK JACKET,140,158,22,-13%
2026-01-30,CORE,TRACK PANT,235,286,45,-22%
2026-01-30,F23,SHORTS,68,22,13,68%
2026-01-30,F24,POLO,88,20,31,77%
2026-01-30,F24,SWEATPANTS,125,34,25,73%
2026-01-30,F25,HOODIE,150,105,29,30%
2026-01-30,F25,LONG SLEEVE KNIT,213,112,39,48%
2026-01-30,F25,OUTERWEAR,325,182,70,44%
2026-01-30,F25,POLO,78,55,18,30%
2026-01-30,F25,SWEATPANTS,125,88,25,30%
2026-01-30,F25,TRACK JACKET,655,378,146,42%
2026-01-30,F25,TRACK PANT,648,352,144,46%
2026-01-30,F25,TRACK SHORT,155,37,29,76%
2026-01-30,S25,ACCESSORIES,88,34,17,62%
2026-01-30,S25,CABANA SHIRT,125,45,27,64%
2026-01-30,S25,SHORTS,632,196,140,69%
2026-01-30,S25,SKORT,98,39,23,60%
2026-01-30,S25,TRACK JACKET,575,192,115,67%
2026-01-30,S25,TRACK PANT,125,45,21,64%
2026-01-30,S25,T-SHIRT,300,115,57,62%
2026-01-30,F24,HOODIE,150,72,29,52%
2026-01-30,F24,SWEATPANTS,125,60,25,52%
2026-01-30,F24,T-SHIRT,116,35,31,70%
2026-01-30,F25,CREWNECK,110,53,20,52%
2026-01-30,F25,DRESS,-125,-56,-27,55%
2026-01-30,F25,OUTERWEAR,-225,-180,-47,20%
2026-01-30,F25,POLO,78,44,19,44%
2026-01-30,F25,SWEATPANTS,98,55,18,44%
2026-01-30,F25,TRACK JACKET,820,356,170,57%
2026-01-30,F25,TRACK PANT,965,511,203,47%
2026-01-30,S25,JACKET,-165,0,-32,100%
2026-01-30,S25,SKORT,98,39,23,60%
2026-01-30,S25,TRACK JACKET,-100,6,-22,106%
2026-01-30,S25,TRACK PANT,15,9,3,42%
2026-01-30,S25,T-SHIRT,206,75,36,64%
2026-01-30,CORE,TRACK JACKET,-420,-598,-66,-42%
2026-01-30,CORE,TRACK PANT,-465,-390,-82,16%
2026-01-30,F24,SWEATPANTS,125,75,25,40%
2026-01-30,F24,TRACK JACKET,-195,-37,-40,81%
2026-01-30,F25,CONTOUR JACKET,135,65,29,52%
2026-01-30,F25,CROP TOP,78,37,18,52%
2026-01-30,F25,POLO,110,69,25,37%
2026-01-30,F25,PULLOVER,125,60,27,52%
2026-01-30,F25,SHORTS,98,62,24,37%
2026-01-30,F25,SKORT,146,75,33,49%
2026-01-30,F25,SWEATPANTS,-88,-37,-17,58%
2026-01-30,F25,TRACK JACKET,-210,-151,-60,28%
2026-01-30,F25,TRACK PANT,270,121,55,55%
2026-01-30,F25,T-SHIRT,96,60,16,37%
2026-01-30,S25,ACCESSORIES,68,22,13,68%
2026-01-30,S25,CABANA SHIRT,135,43,32,68%
2026-01-30,S25,LONG SLEEVE KNIT,125,40,26,68%
2026-01-30,S25,PULLOVER,125,40,25,68%
2026-01-30,S25,SHORTS,281,74,54,74%
2026-01-30,S25,SOCKS,18,7,4,60%
2026-01-30,S25,SWEATER,650,187,140,71%
2026-01-30,S25,TANK TOP,58,23,8,60%
2026-01-30,S25,TRACK JACKET,-385,-122,-85,68%
2026-01-30,S25,TRACK PANT,-20,-28,-8,-38%
2026-01-30,S25,T-SHIRT,64,48,7,25%
2026-01-30,s26,CREWNECK,118,118,16,0%
2026-01-30,SS22,ACCESSORIES,-30,-12,-11,60%
2026-01-30,SS22,SOCKS,-18,-7,-4,60%
2026-01-30,CORE,TRACK JACKET,140,113,22,19%
2026-01-30,CORE,TRACK PANT,110,103,17,6%
2026-01-30,F24,SHORTS,78,19,15,76%
2026-01-30,F25,CREWNECK,110,66,20,40%
2026-01-30,F25,CROP TOP,-68,-41,-16,40%
2026-01-30,F25,HOODIE,98,62,17,37%
2026-01-30,F25,LEGGINGS,118,66,25,44%
2026-01-30,F25,PULLOVER,250,138,52,45%
2026-01-30,F25,SWEATER,125,75,27,40%
2026-01-30,F25,TRACK JACKET,"1,095",496,242,55%
2026-01-30,F25,TRACK PANT,920,527,209,43%
2026-01-30,S25,LEGGINGS,118,38,21,68%
2026-01-30,S25,LONG SLEEVE KNIT,156,70,20,55%
2026-01-30,S25,SHORTS,498,176,106,65%
2026-01-30,S25,TRACK JACKET,250,-13,50,105%
2026-01-30,S25,TRACK PANT,265,-17,57,106%
2026-01-30,S25,T-SHIRT,120,48,20,60%
2026-01-30,s26,T-SHIRT,98,94,22,4%
2026-01-30,F24,SHORTS,156,35,39,78%
2026-01-30,F25,SOCKS,36,21,8,42%
2026-01-30,F25,TRACK JACKET,465,279,100,40%
2026-01-30,F25,TRACK PANT,360,216,76,40%
2026-01-30,F25,T-SHIRT,42,25,7,40%
2026-01-30,S25,SHORTS,244,67,52,72%
2026-01-30,S25,SWEATER,145,73,34,50%
2026-01-30,S25,TRACK JACKET,425,133,91,69%
2026-01-30,S25,TRACK PANT,150,60,33,60%
2026-01-30,S25,T-SHIRT,126,45,21,64%
2026-01-30,CORE,TRACK JACKET,140,126,22,10%
2026-01-30,F25,POLO,-98,-69,-21,30%
2026-01-30,F25,TRACK JACKET,450,252,98,44%
2026-01-30,F25,TRACK PANT,520,292,118,44%
2026-01-30,S25,POLO,-98,-44,-13,55%
2026-01-30,S25,SHORTS,68,27,12,60%
2026-01-30,S25,TRACK JACKET,275,97,57,65%
2026-01-30,S25,TRACK PANT,140,45,30,68%
2026-01-30,S25,T-SHIRT,84,34,14,60%
2026-01-30,s26,CREWNECK,236,224,32,5%
2026-01-30,CORE,TRACK JACKET,280,158,44,44%
2026-01-30,CORE,TRACK PANT,220,138,34,37%
2026-01-30,F24,SHORTS,146,33,40,78%
2026-01-30,F24,T-SHIRT,58,17,15,70%
2026-01-30,F25,KNITWEAR,225,144,58,36%
2026-01-30,F25,TRACK JACKET,"1,145",421,252,63%
2026-01-30,F25,TRACK PANT,930,335,213,64%
2026-01-30,S25,JACKET,330,106,64,68%
2026-01-30,S25,PANTS,210,84,44,60%
2026-01-30,S25,SHORTS,88,26,20,70%
2026-01-30,S25,TRACK JACKET,805,274,157,66%
2026-01-30,CORE,TRACK JACKET,165,116,42,30%
2026-01-30,CORE,TRACK PANT,135,95,31,30%
2026-01-30,F25,CREWNECK,110,66,20,40%
2026-01-30,F25,SWEATPANTS,98,69,18,30%
2026-01-30,F25,TRACK JACKET,165,132,33,20%
2026-01-30,F25,TRACK PANT,145,116,31,20%
2026-01-30,F25,T-SHIRT,84,0,13,100%
2026-01-30,S25,ACCESSORIES,68,17,13,75%
2026-01-30,S25,LONG SLEEVE KNIT,234,78,31,67%
2026-01-30,S25,PULLOVER,125,31,25,75%
2026-01-30,S25,SHORTS,214,64,37,70%
2026-01-30,S25,SWEATER,325,81,76,75%
2026-01-30,S25,TANK TOP,96,38,22,60%
2026-01-30,S25,TRACK JACKET,315,104,64,67%
2026-01-30,S25,TRACK PANT,125,50,25,60%
2026-01-30,S25,T-SHIRT,84,21,15,75%
2026-01-30,CORE,TRACK JACKET,-165,-92,-36,44%
2026-01-30,F24,HOODIE,-150,-75,-29,50%
2026-01-30,F24,POLO,308,86,102,72%
2026-01-30,F24,SWEATPANTS,-125,-63,-25,50%
2026-01-30,F24,TRACK JACKET,145,44,31,70%
2026-01-30,F24,T-SHIRT,164,47,50,71%
2026-01-30,F25,LONG SLEEVE KNIT,-135,-81,-27,40%
2026-01-30,F25,POLO,146,102,35,30%
2026-01-30,F25,TRACK JACKET,-295,-177,-66,40%
2026-01-30,F25,TRACK PANT,-108,-77,-22,28%
2026-01-30,S24,TRACK PANT,-125,-56,-24,55%
2026-01-30,S25,HOODIE,125,28,26,77%
2026-01-30,S25,POLO,643,253,123,61%
2026-01-30,S25,SHORTS,126,35,20,72%
2026-01-30,S25,SKORT,156,51,29,68%
2026-01-30,S25,TANK TOP,164,47,28,71%
2026-01-30,S25,TRACK JACKET,200,14,38,93%
2026-01-30,S25,TRACK PANT,135,20,21,85%
2026-01-30,S25,T-SHIRT,284,81,52,71%
2026-01-30,F24,SWEATPANTS,125,38,25,70%
2026-01-30,F24,SWEATSHIRT,125,38,26,70%
2026-01-30,F25,SHORTS,88,62,19,30%
2026-01-30,F25,TRACK JACKET,850,461,180,46%
2026-01-30,F25,TRACK PANT,545,304,114,44%
2026-01-30,F25,T-SHIRT,54,32,9,40%
2026-01-30,S24,SHORTS,100,30,23,70%
2026-01-30,S25,JACKET,165,66,32,60%
2026-01-30,S25,PULLOVER,110,55,21,50%
2026-01-30,S25,SHORTS,640,204,139,68%
2026-01-30,S25,SWEATSHIRT,110,35,18,68%
2026-01-30,S25,TRACK JACKET,"1,390",358,309,74%
2026-01-30,S25,TRACK PANT,390,107,79,73%
2026-01-30,S25,T-SHIRT,456,143,73,69%
2026-01-30,s26,CREWNECK,118,118,16,0%
2026-01-30,F25,CABANA SHIRT,135,76,32,44%
2026-01-30,F25,HOODIE,98,69,17,30%
2026-01-30,F25,SHORTS,110,62,25,44%
2026-01-30,F25,TANK TOP,58,41,15,30%
2026-01-30,F25,TRACK JACKET,175,123,37,30%
2026-01-30,F25,TRACK PANT,135,108,31,20%
2026-01-30,S25,POLO,125,50,23,60%
2026-01-30,S25,SHORTS,354,120,74,66%
2026-01-30,S25,TRACK JACKET,125,40,25,68%
2026-01-30,F24,POLO,98,24,28,76%
2026-01-30,F24,SHORTS,88,18,32,80%
2026-01-30,F25,CABANA SHIRT,270,170,63,37%
2026-01-30,F25,CREWNECK,220,106,41,52%
2026-01-30,F25,PULLOVER,125,75,25,40%
2026-01-30,F25,SHORTS,266,160,63,40%
2026-01-30,F25,SOCKS,18,9,4,52%
2026-01-30,F25,SWEATPANTS,196,110,36,44%
2026-01-30,F25,TRACK JACKET,150,90,35,40%
2026-01-30,F25,TRACK PANT,270,162,60,40%
2026-01-30,F25,T-SHIRT,126,80,29,36%
2026-01-30,S24,FOOTWEAR,59,24,10,60%
2026-01-30,S24,SHORTS,100,20,23,80%
2026-01-30,S25,POLO,321,73,54,77%
2026-01-30,S25,SHORTS,392,110,75,72%
2026-01-30,S25,SOCKS,18,7,4,60%
2026-01-30,S25,SWEATER,250,50,55,80%
2026-01-30,S25,TRACK JACKET,795,187,158,77%
2026-01-30,S25,TRACK PANT,390,94,81,76%
2026-01-30,S25,T-SHIRT,564,176,93,69%
2026-01-31,F24,SHORTS,204,44,55,79%
2026-01-31,F25,POLO,156,87,37,44%
2026-01-31,F25,SHORTS,224,125,54,44%
2026-01-31,F25,TRACK JACKET,150,72,35,52%
2026-01-31,F25,TRACK PANT,135,65,30,52%
2026-01-31,F25,T-SHIRT,58,32,13,44%
2026-01-31,S25,ACCESSORIES,68,15,13,78%
2026-01-31,S25,POLO,329,77,74,77%
2026-01-31,S25,SHORTS,246,65,51,74%
2026-01-31,S25,SOCKS,18,8,4,55%
2026-01-31,S25,SWEATER,400,100,88,75%
2026-01-31,S25,TRACK JACKET,655,189,123,71%
2026-01-31,S25,TRACK PANT,415,104,87,75%
2026-01-31,S25,T-SHIRT,138,31,25,78%
2026-01-31,F24,POLO,98,24,28,76%
2026-01-31,F24,SHORTS,156,31,44,80%
2026-01-31,F24,SKIRT,89,18,26,80%
2026-01-31,F25,LONG SLEEVE KNIT,135,81,27,40%
2026-01-31,F25,TRACK JACKET,350,2,79,99%
2026-01-31,F25,TRACK PANT,403,63,87,84%
2026-01-31,S25,LONG SLEEVE KNIT,78,35,10,55%
2026-01-31,S25,POLO,88,0,13,100%
2026-01-31,S25,SHORTS,266,55,60,79%
2026-01-31,S25,SKORT,166,33,34,80%
2026-01-31,S25,TANK TOP,126,33,23,74%
2026-01-31,S25,TRACK JACKET,140,15,35,89%
2026-01-31,S25,TRACK PANT,15,-22,5,247%
2026-01-31,S25,T-SHIRT,84,11,14,88%
2026-01-31,S25,VISOR,38,12,7,68%
2026-01-31,s26,CREWNECK,118,118,16,0%
2026-01-31,SS22,ACCESSORIES,12,12,6,0%
2026-01-31,F25,TRACK JACKET,585,342,127,41%
2026-01-31,F25,TRACK PANT,360,220,82,39%
2026-01-31,S25,SHORTS,98,39,20,60%
2026-01-31,S25,TRACK JACKET,615,154,113,75%
2026-01-31,S25,TRACK PANT,635,159,123,75%
2026-01-31,S25,T-SHIRT,48,19,7,60%
2026-01-31,F24,POLO,248,67,108,73%
2026-01-31,S25,SHORTS,78,31,15,60%
2026-01-31,S25,TRACK JACKET,585,105,116,82%
2026-01-31,S25,TRACK PANT,140,35,30,75%
2026-01-31,S25,T-SHIRT,178,37,28,79%
2026-01-31,F24,SWEATPANTS,98,39,18,60%
2026-01-31,F25,HOODIE,150,84,29,44%
2026-01-31,F25,PULLOVER,125,70,27,44%
2026-01-31,F25,SWEATPANTS,125,70,25,44%
2026-01-31,F25,TRACK JACKET,98,59,18,40%
2026-01-31,F25,TRACK PANT,110,62,26,44%
2026-01-31,F25,T-SHIRT,78,44,19,44%
2026-01-31,S25,PULLOVER,125,25,25,80%
2026-01-31,S25,TRACK JACKET,150,30,28,80%
2026-01-31,S25,TRACK PANT,250,50,53,80%
2026-01-31,F25,TRACK JACKET,350,168,76,52%
2026-01-31,F25,TRACK PANT,275,132,61,52%
2026-01-31,F24,HOODIE,150,90,29,40%
2026-01-31,F24,SWEATPANTS,125,75,25,40%
2026-01-31,F25,CREWNECK,110,66,20,40%
2026-01-31,F25,SWEATPANTS,98,69,18,30%
2026-01-31,F25,T-SHIRT,108,70,18,35%
2026-01-31,S25,SHORTS,88,35,18,60%
2026-01-31,S25,TRACK JACKET,165,41,29,75%
2026-01-31,S25,TRACK PANT,125,63,25,50%
2026-01-31,S25,T-SHIRT,84,27,14,68%
2026-01-31,F25,CREWNECK,110,53,20,52%
2026-01-31,F25,HOODIE,150,105,29,30%
2026-01-31,F25,LONG SLEEVE KNIT,135,76,27,44%
2026-01-31,F25,OUTERWEAR,225,90,47,60%
2026-01-31,F25,SWEATPANTS,223,142,43,36%
2026-01-31,F25,TRACK JACKET,315,169,61,46%
2026-01-31,F25,TRACK PANT,378,207,77,45%
2026-01-31,S25,ACCESSORIES,68,17,13,75%
2026-01-31,S25,JACKET,165,41,32,75%
2026-01-31,S25,LONG SLEEVE KNIT,156,59,20,63%
2026-01-31,S25,POLO,88,22,13,75%
2026-01-31,S25,PULLOVER,250,56,51,78%
2026-01-31,S25,SHORTS,98,20,23,80%
2026-01-31,S25,TRACK JACKET,955,290,176,70%
2026-01-31,S25,TRACK PANT,260,88,50,66%
2026-01-31,S25,T-SHIRT,106,34,19,68%
2026-01-31,F25,HAT,38,27,8,28%
2026-01-31,F25,KNITWEAR,225,158,76,30%
2026-01-31,F25,POLO,78,44,19,44%
2026-01-31,F25,TRACK JACKET,300,180,59,40%
2026-01-31,F25,TRACK PANT,385,226,80,41%
2026-01-31,S25,DRESS,250,100,48,60%
2026-01-31,S25,JACKET,165,41,32,75%
2026-01-31,S25,POLO,88,35,17,60%
2026-01-31,S25,SHORTS,234,82,48,65%
2026-01-31,S25,SKORT,176,70,36,60%
2026-01-31,S25,SWEATER,175,35,39,80%
2026-01-31,S25,TRACK JACKET,"1,670",503,338,70%
2026-01-31,S25,TRACK PANT,"1,035",299,204,71%
2026-01-31,S25,T-SHIRT,318,95,53,70%
2026-01-31,s26,CREWNECK,135,138,32,-2%
2026-01-31,CORE,TRACK PANT,135,99,31,27%
2026-01-31,F24,SHORTS,156,40,48,74%
2026-01-31,F25,SWEATPANTS,98,69,18,30%
2026-01-31,F25,T-SHIRT,54,34,8,37%
2026-01-31,S24,FOOTWEAR,59,24,10,60%
2026-01-31,S25,ACCESSORIES,88,38,17,57%
2026-01-31,S25,POLO,234,53,45,78%
2026-01-31,S25,TRACK JACKET,150,38,35,75%
2026-01-31,S25,T-SHIRT,434,123,75,72%
2026-01-31,F24,TRACK PANT,150,32,25,78%
2026-01-31,F25,DRESS,-125,-88,-30,30%
2026-01-31,F25,OUTERWEAR,325,182,70,44%
2026-01-31,F25,POLO,78,44,18,44%
2026-01-31,F25,SHORTS,78,44,19,44%
2026-01-31,F25,TRACK JACKET,665,377,147,43%
2026-01-31,F25,TRACK PANT,380,205,88,46%
2026-01-31,S25,LONG SLEEVE KNIT,78,20,10,75%
2026-01-31,S25,POLO,176,35,25,80%
2026-01-31,S25,PULLOVER,125,25,25,80%
2026-01-31,S25,SHORTS,940,247,186,74%
2026-01-31,S25,SWEATER,725,100,164,86%
2026-01-31,S25,TANK TOP,48,15,11,68%
2026-01-31,S25,TRACK JACKET,990,238,190,76%
2026-01-31,S25,TRACK PANT,125,25,21,80%
2026-01-31,S25,T-SHIRT,444,121,72,73%
2026-01-31,s26,CREWNECK,118,106,16,10%
2026-01-31,F24,POLO,98,29,28,70%
2026-01-31,F24,SWEATPANTS,125,30,25,76%
2026-01-31,F24,TRACK PANT,110,22,22,80%
2026-01-31,F25,TRACK JACKET,945,559,201,41%
2026-01-31,F25,TRACK PANT,815,484,166,41%
2026-01-31,F25,T-SHIRT,84,44,13,48%
2026-01-31,S25,PANTS,210,42,44,80%
2026-01-31,S25,POLO,176,37,25,79%
2026-01-31,S25,SHORTS,480,140,101,71%
2026-01-31,S25,TANK TOP,96,38,22,60%
2026-01-31,S25,TRACK JACKET,720,251,165,65%
2026-01-31,S25,TRACK PANT,385,106,82,72%
2026-01-31,S25,T-SHIRT,238,69,41,71%
2026-01-31,CORE,TRACK PANT,-110,3,-17,102%
2026-01-31,F24,TRACK JACKET,165,92,42,44%
2026-01-31,F24,T-SHIRT,58,17,15,70%
2026-01-31,F25,LEGGINGS,118,83,25,30%
2026-01-31,F25,POLO,-110,0,-25,100%
2026-01-31,F25,SWEATER,125,75,27,40%
2026-01-31,F25,TRACK JACKET,945,542,208,43%
2026-01-31,F25,TRACK PANT,500,300,115,40%
2026-01-31,F25,T-SHIRT,58,41,13,30%
2026-01-31,S25,POLO,166,42,29,75%
2026-01-31,S25,SHORTS,136,44,26,68%
2026-01-31,S25,TRACK JACKET,450,137,88,70%
2026-01-31,S25,TRACK PANT,375,152,66,59%
2026-01-31,S25,T-SHIRT,90,27,14,70%
2026-01-31,F22,TRACK PANT,100,60,26,40%
2026-01-31,F24,POLO,210,23,74,89%
2026-01-31,F24,SHORTS,68,0,21,100%
2026-01-31,F24,T-SHIRT,115,0,69,100%
2026-01-31,F25,CREWNECK,110,66,20,40%
2026-01-31,F25,HOODIE,150,105,29,30%
2026-01-31,F25,KNITWEAR,225,126,76,44%
2026-01-31,F25,POLO,254,178,58,30%
2026-01-31,F25,SWEATPANTS,223,156,43,30%
2026-01-31,F25,TRACK JACKET,965,525,214,46%
2026-01-31,F25,TRACK PANT,820,456,183,44%
2026-01-31,F25,T-SHIRT,146,92,35,37%
2026-01-31,S25,PANTS,-135,-27,-27,80%
2026-01-31,S25,POLO,234,59,43,75%
2026-01-31,S25,SHORTS,292,75,58,74%
2026-01-31,S25,TRACK JACKET,5,-28,3,660%
2026-01-31,S25,TRACK PANT,-10,0,-4,97%
2026-01-31,S25,T-SHIRT,82,-2,15,102%
2026-01-31,s26,CREWNECK,118,113,16,5%
2026-01-31,SS22,SOCKS,36,0,8,100%
2026-01-31,CORE,TRACK JACKET,165,160,36,3%
2026-01-31,CORE,TRACK PANT,125,133,28,-7%
2026-01-31,F24,SWEATSHIRT,190,38,47,80%
2026-01-31,F25,CABANA SHIRT,270,170,63,37%
2026-01-31,F25,KNITWEAR,625,390,198,38%
2026-01-31,F25,SHORTS,220,139,50,37%
2026-01-31,F25,TRACK JACKET,"1,180",679,264,42%
2026-01-31,F25,TRACK PANT,645,362,146,44%
2026-01-31,F25,T-SHIRT,68,48,16,30%
2026-01-31,S25,ACCESSORIES,68,14,13,80%
2026-01-31,S25,JACKET,165,41,32,75%
2026-01-31,S25,PANTS,210,42,44,80%
2026-01-31,S25,POLO,145,-10,27,107%
2026-01-31,S25,SHORTS,324,103,62,68%
2026-01-31,S25,TRACK JACKET,635,226,150,64%
2026-01-31,S25,TRACK PANT,970,293,212,70%
2026-01-31,S25,T-SHIRT,42,17,7,60%
2026-01-31,F25,CABANA SHIRT,135,95,32,30%
2026-01-31,F25,HOODIE,120,67,23,44%
2026-01-31,F25,LONG SLEEVE KNIT,135,76,27,44%
2026-01-31,F25,SHORTS,110,77,25,30%
2026-01-31,F25,SWEATER,250,163,55,35%
2026-01-31,F25,TRACK JACKET,300,174,62,42%
2026-01-31,F25,TRACK PANT,135,81,23,40%
2026-01-31,S25,POLO,250,100,47,60%
2026-01-31,S25,SHORTS,234,66,48,72%
2026-01-31,S25,SWEATER,650,143,143,78%
2026-01-31,S25,TANK TOP,58,15,8,75%
2026-01-31,S25,TRACK JACKET,780,230,158,70%
2026-01-31,S25,TRACK PANT,618,170,125,72%
2026-01-31,S25,T-SHIRT,366,123,59,66%
2026-01-31,F25,TRACK JACKET,930,553,209,41%
2026-01-31,F25,TRACK PANT,745,457,172,39%
2026-01-31,S24,FOOTWEAR,59,24,10,60%
2026-01-31,S25,LONG SLEEVE KNIT,78,20,10,75%
2026-01-31,S25,POLO,125,31,24,75%
2026-01-31,S25,TRACK JACKET,835,195,186,77%
2026-01-31,S25,TRACK PANT,695,162,146,77%
2026-01-31,S25,T-SHIRT,132,39,22,70%
2026-01-31,F24,POLO,88,20,31,77%
2026-01-31,F24,SHORTS,292,114,81,61%
2026-01-31,F25,POLO,345,193,77,44%
2026-01-31,F25,SHORTS,274,110,67,60%
2026-01-31,F25,SWEATER,125,88,27,30%
2026-01-31,F25,TRACK JACKET,"1,380",744,309,46%
2026-01-31,F25,TRACK PANT,"1,175",628,266,47%
2026-01-31,F25,T-SHIRT,68,0,16,100%
2026-01-31,S25,PANTS,210,42,44,80%
2026-01-31,S25,POLO,284,77,39,73%
2026-01-31,S25,PULLOVER,250,56,51,78%
2026-01-31,S25,SHORTS,474,133,90,72%
2026-01-31,S25,SOCKS,36,36,8,0%
2026-01-31,S25,TANK TOP,58,13,8,78%
2026-01-31,S25,TRACK JACKET,"1,020",329,227,68%
2026-01-31,S25,TRACK PANT,265,82,57,69%
2026-01-31,S25,T-SHIRT,180,59,29,67%
2026-01-31,SS22,ACCESSORIES,18,18,5,0%
2026-01-31,F25,CREWNECK,110,53,20,52%
2026-01-31,F25,HOODIE,240,134,46,44%
2026-01-31,F25,SWEATPANTS,196,110,36,44%
2026-01-31,F25,TRACK JACKET,930,515,200,45%
2026-01-31,F25,TRACK PANT,400,256,88,36%
2026-01-31,S25,CABANA SHIRT,135,43,32,68%
2026-01-31,S25,HOODIE,88,26,17,70%
2026-01-31,S25,JACKET,165,41,32,75%
2026-01-31,S25,POLO,125,25,27,80%
2026-01-31,S25,PULLOVER,250,50,51,80%
2026-01-31,S25,SHORTS,923,225,188,76%
2026-01-31,S25,SKORT,68,17,11,75%
2026-01-31,S25,SWEATER,650,150,143,77%
2026-01-31,S25,TANK TOP,58,15,8,75%
2026-01-31,S25,TRACK JACKET,"1,080",307,237,72%
2026-01-31,S25,TRACK PANT,805,175,169,78%
2026-01-31,S25,T-SHIRT,402,131,65,67%
2026-01-31,s26,CREWNECK,135,138,32,-2%
2026-01-31,CORE,TRACK JACKET,140,126,22,10%
2026-01-31,CORE,TRACK PANT,110,110,17,0%
2026-01-31,F25,CROP TOP,156,84,37,46%
2026-01-31,F25,HAT,38,27,8,30%
2026-01-31,F25,SKIRT,78,42,19,46%
2026-01-31,F25,SKORT,176,95,44,46%
2026-01-31,F25,TANK TOP,78,49,20,37%
2026-01-31,F25,TRACK JACKET,925,515,210,44%
2026-01-31,F25,TRACK PANT,800,445,181,44%
2026-01-31,S24,FOOTWEAR,145,0,46,100%
2026-01-31,S25,DRESS,125,34,25,73%
2026-01-31,S25,LONG SLEEVE KNIT,78,20,10,75%
2026-01-31,S25,POLO,176,54,29,70%
2026-01-31,S25,SHORTS,334,108,68,68%
2026-01-31,S25,SKORT,352,94,74,73%
2026-01-31,S25,SWEATER,400,90,88,78%
2026-01-31,S25,TANK TOP,58,13,8,78%
2026-01-31,S25,TRACK JACKET,325,81,71,75%
2026-01-31,S25,TRACK PANT,290,73,61,75%
2026-01-31,S25,T-SHIRT,184,53,37,71%
2026-01-31,CORE,TRACK JACKET,280,316,44,-13%
2026-01-31,CORE,TRACK PANT,220,276,34,-25%
2026-01-31,F24,LEGGINGS,110,33,21,70%
2026-01-31,F24,LONG SLEEVE KNIT,125,50,22,60%
2026-01-31,F24,POLO,98,29,28,70%
2026-01-31,F24,SHORTS,78,20,25,75%
2026-01-31,F25,CREWNECK,110,53,20,52%
2026-01-31,F25,HAT,76,46,15,40%
2026-01-31,F25,HOODIE,150,84,29,44%
2026-01-31,F25,SWEATER,98,55,22,44%
2026-01-31,F25,SWEATPANTS,98,55,18,44%
2026-01-31,F25,TRACK JACKET,960,555,211,42%
2026-01-31,F25,TRACK PANT,"1,175",672,260,43%
2026-01-31,F25,T-SHIRT,202,123,36,39%
2026-01-31,S24,FOOTWEAR,290,145,91,50%
2026-01-31,S25,HOODIE,150,60,33,60%
2026-01-31,S25,PULLOVER,250,63,51,75%
2026-01-31,S25,SHORTS,100,25,22,75%
2026-01-31,S25,SWEATER,545,136,122,75%
2026-01-31,S25,TRACK JACKET,920,297,186,68%
2026-01-31,S25,TRACK PANT,250,57,49,77%
2026-01-31,S25,T-SHIRT,414,124,66,70%
2026-01-31,s26,CREWNECK,118,125,16,-6%
2026-01-31,F24,SHORTS,88,22,32,75%
2026-01-31,F25,LONG SLEEVE KNIT,270,151,54,44%
2026-01-31,F25,SWEATER,223,156,49,30%
2026-01-31,F25,TANK TOP,58,41,15,30%
2026-01-31,F25,TRACK JACKET,"1,155",564,253,51%
2026-01-31,F25,TRACK PANT,"1,186",611,261,49%
2026-01-31,F25,T-SHIRT,102,53,15,48%
2026-01-31,S24,FOOTWEAR,59,1,10,99%
2026-01-31,S25,ACCESSORIES,68,17,13,75%
2026-01-31,S25,ACTIVE JACKET,125,40,26,68%
2026-01-31,S25,HOODIE,125,31,26,75%
2026-01-31,S25,LEGGINGS,118,38,21,68%
2026-01-31,S25,LONG SLEEVE KNIT,78,20,10,75%
2026-01-31,S25,POLO,234,51,43,78%
2026-01-31,S25,SHORTS,68,17,13,75%
2026-01-31,S25,TRACK JACKET,760,225,152,70%
2026-01-31,S25,TRACK PANT,541,170,103,69%
2026-01-31,S25,T-SHIRT,204,64,33,69%
2026-01-31,s26,CREWNECK,135,138,32,-2%
2026-01-31,CORE,TRACK JACKET,330,276,77,16%
2026-01-31,CORE,TRACK PANT,135,110,31,19%
2026-01-31,F25,HAT,80,60,18,25%
2026-01-31,F25,POLO,78,55,18,30%
2026-01-31,F25,SHORTS,146,102,34,30%
2026-01-31,F25,SOCKS,18,13,4,30%
2026-01-31,F25,TRACK JACKET,940,539,206,43%
2026-01-31,F25,TRACK PANT,625,343,143,45%
2026-01-31,S24,FOOTWEAR,59,24,10,60%
2026-01-31,S25,ACCESSORIES,68,17,13,75%
2026-01-31,S25,HOODIE,88,26,17,70%
2026-01-31,S25,JACKET,165,41,32,75%
2026-01-31,S25,LONG SLEEVE KNIT,156,35,20,78%
2026-01-31,S25,PANTS,420,84,88,80%
2026-01-31,S25,POLO,213,47,40,78%
2026-01-31,S25,SHORTS,224,66,46,70%
2026-01-31,S25,SWEATER,250,63,55,75%
2026-01-31,S25,TRACK JACKET,"1,460",364,291,75%
2026-01-31,S25,TRACK PANT,650,188,128,71%
2026-01-31,S25,T-SHIRT,126,38,21,70%
2026-01-31,CORE,TRACK JACKET,165,178,36,-8%
2026-01-31,F25,LONG SLEEVE KNIT,78,47,12,40%
2026-01-31,F25,POLO,68,48,16,30%
2026-01-31,F25,TRACK JACKET,680,367,151,46%
2026-01-31,F25,TRACK PANT,395,190,91,52%
2026-01-31,F25,T-SHIRT,102,67,17,35%
2026-01-31,S25,POLO,98,98,21,0%
2026-01-31,S25,SHOES,170,43,41,75%
2026-01-31,S25,TRACK JACKET,"1,050",349,203,67%
2026-01-31,S25,TRACK PANT,575,223,121,61%
2026-01-31,S25,T-SHIRT,90,23,17,75%
2026-01-31,s26,T-SHIRT,48,48,8,0%
2026-02-01,F24,POLO,98,78,21,20%
2026-02-01,F25,CREWNECK,110,53,20,52%
2026-02-01,F25,HOODIE,218,126,40,42%
2026-02-01,F25,KNITWEAR,360,202,88,44%
2026-02-01,F25,POLO,146,82,35,44%
2026-02-01,F25,SWEATER,125,60,27,52%
2026-02-01,F25,TANK TOP,174,97,45,44%
2026-02-01,F25,TRACK JACKET,630,358,143,43%
2026-02-01,F25,TRACK PANT,385,216,87,44%
2026-02-01,F25,T-SHIRT,192,100,31,48%
2026-02-01,S25,ACCESSORIES,68,17,13,75%
2026-02-01,S25,POLO,88,18,13,80%
2026-02-01,S25,SWEATER,540,108,123,80%
2026-02-01,S25,TRACK JACKET,150,30,26,80%
2026-02-01,S25,T-SHIRT,234,83,38,65%
2026-02-01,CORE,TRACK JACKET,140,126,22,10%
2026-02-01,F25,SHORTS,78,44,19,44%
2026-02-01,F25,TRACK JACKET,945,484,208,49%
2026-02-01,F25,TRACK PANT,665,357,141,46%
2026-02-01,F25,T-SHIRT,116,65,26,44%
2026-02-01,S25,SHORTS,110,22,24,80%
2026-02-01,S25,SOCKS,18,14,4,20%
2026-02-01,S25,TRACK JACKET,165,132,40,20%
2026-02-01,F24,SHORTS,78,20,17,75%
2026-02-01,S25,CAMP SHIRT,88,22,15,75%
2026-02-01,S25,LONG SLEEVE KNIT,78,20,10,75%
2026-02-01,S25,TRACK JACKET,175,50,36,71%
2026-02-01,S25,TRACK PANT,316,79,66,75%
2026-02-01,S25,T-SHIRT,214,54,35,75%
2026-02-01,F24,SHORTS,68,17,21,75%
2026-02-01,F24,SPORT BRA,68,20,19,70%
2026-02-01,F25,TRACK JACKET,150,72,25,52%
2026-02-01,F25,TRACK PANT,135,65,23,52%
2026-02-01,S25,HOODIE,150,38,33,75%
2026-02-01,S25,POLO,125,31,24,75%
2026-02-01,S25,TRACK JACKET,"1,085",303,220,72%
2026-02-01,S25,TRACK PANT,125,30,27,76%
2026-02-01,S25,T-SHIRT,48,12,8,75%
2026-02-01,F25,TRACK JACKET,165,99,37,40%
2026-02-01,F25,TRACK PANT,145,87,34,40%
2026-02-01,S25,POLO,274,69,39,75%
2026-02-01,S25,SHORTS,136,34,22,75%
2026-02-01,F25,PULLOVER,125,75,27,40%
2026-02-01,F25,TRACK JACKET,330,158,75,52%
2026-02-01,S25,SHORTS,246,117,50,53%
2026-02-01,S25,TRACK JACKET,165,41,29,75%
2026-02-01,S25,TRACK PANT,220,55,37,75%
2026-02-01,S25,T-SHIRT,186,39,35,79%
2026-02-01,CORE,TRACK JACKET,305,320,58,-5%
2026-02-01,CORE,TRACK PANT,110,124,17,-13%
2026-02-01,F25,HAT,38,27,8,30%
2026-02-01,F25,TRACK JACKET,165,99,37,40%
2026-02-01,F25,TRACK PANT,145,87,34,40%
2026-02-01,S25,TRACK PANT,125,31,25,75%
2026-02-01,S25,LONG SLEEVE KNIT,78,20,10,75%
2026-02-01,F24,TRACK PANT,125,31,25,75%
2026-02-01,F25,DRESS,250,130,57,48%
2026-02-01,F25,TRACK JACKET,455,258,103,43%
2026-02-01,F25,TRACK PANT,360,203,82,44%
2026-02-01,F25,T-SHIRT,42,29,7,30%
2026-02-01,S25,JACKET,165,41,32,75%
2026-02-01,S25,SHORTS,100,25,22,75%
2026-02-01,S25,SWEATER,145,36,34,75%
2026-02-01,S25,TRACK JACKET,455,114,84,75%
2026-02-01,S25,TRACK PANT,250,63,50,75%
2026-02-01,S25,T-SHIRT,42,11,7,75%
2026-02-01,s26,CREWNECK,236,250,32,-6%
2026-02-01,CORE,TRACK JACKET,330,282,77,15%
2026-02-01,CORE,TRACK PANT,135,99,31,27%
2026-02-01,F24,SHOES,145,116,53,20%
2026-02-01,F24,LONG SLEEVE KNIT,210,53,44,75%
2026-02-01,F24,POLO,450,101,240,78%
2026-02-01,F25,CREWNECK,110,53,20,52%
2026-02-01,F25,HAT,80,45,18,44%
2026-02-01,F25,KNITWEAR,225,158,76,30%
2026-02-01,F25,LEGGINGS,118,66,25,44%
2026-02-01,F25,LONG SLEEVE KNIT,78,47,12,40%
2026-02-01,F25,POLO,254,142,58,44%
2026-02-01,F25,SHORTS,78,37,19,52%
2026-02-01,F25,SWEATER,125,88,27,30%
2026-02-01,F25,SWEATPANTS,98,55,18,44%
2026-02-01,F25,TRACK JACKET,"1,405",812,299,42%
2026-02-01,F25,TRACK PANT,"1,020",532,220,48%
2026-02-01,F25,T-SHIRT,126,71,21,44%
2026-02-01,S25,ACTIVE JACKET,250,200,52,20%
2026-02-01,S25,LEGGINGS,118,94,21,20%
2026-02-01,S25,LONG SLEEVE KNIT,78,20,10,75%
2026-02-01,S25,PULLOVER,125,31,25,75%
2026-02-01,S25,SHOES,170,34,41,80%
2026-02-01,S25,SHORTS,758,180,154,76%
2026-02-01,S25,SKORT,98,78,23,20%
2026-02-01,S25,SOCKS,36,29,8,20%
2026-02-01,S25,TRACK JACKET,650,150,107,77%
2026-02-01,S25,T-SHIRT,360,83,61,77%
2026-02-01,CORE,TRACK PANT,-125,14,-28,111%
2026-02-01,F24,POLO,383,101,154,74%
2026-02-01,F24,SHORTS,224,48,64,78%
2026-02-01,F25,CABANA SHIRT,135,76,32,44%
2026-02-01,F25,HOODIE,98,69,17,30%
2026-02-01,F25,OUTERWEAR,-225,-108,-51,52%
2026-02-01,F25,SHORTS,188,108,44,42%
2026-02-01,F25,SWEATER,-235,-139,-48,41%
2026-02-01,F25,TRACK JACKET,"1,375",716,298,48%
2026-02-01,F25,TRACK PANT,895,499,191,44%
2026-02-01,F25,T-SHIRT,58,41,13,30%
2026-02-01,S25,PADDLE,58,58,10,0%
2026-02-01,S25,POLO,389,97,65,75%
2026-02-01,S25,PULLOVER,125,31,25,75%
2026-02-01,S25,SHORTS,136,68,29,50%
2026-02-01,S25,SWEATSHIRT,110,88,18,20%
2026-02-01,S25,TRACK JACKET,625,148,119,76%
2026-02-01,S25,TRACK PANT,15,-16,11,207%
2026-02-01,S25,T-SHIRT,514,122,89,76%
2026-02-01,SS22,SOCKS,18,14,4,20%
2026-02-01,CORE,TRACK JACKET,165,160,36,3%
2026-02-01,CORE,TRACK PANT,125,133,28,-7%
2026-02-01,F25,HOODIE,150,95,29,37%
2026-02-01,F25,SOCKS,18,11,4,40%
2026-02-01,F25,SWEATER,110,69,20,37%
2026-02-01,F25,SWEATPANTS,125,79,25,37%
2026-02-01,F25,TRACK JACKET,330,188,74,43%
2026-02-01,F25,TRACK PANT,145,78,34,46%
2026-02-01,S25,TRACK JACKET,465,116,81,75%
2026-02-01,S25,TRACK PANT,135,34,24,75%
2026-02-01,S25,T-SHIRT,172,56,29,67%
2026-02-01,F25,CROP TOP,68,41,16,40%
2026-02-01,F25,DRESS,135,67,31,51%
2026-02-01,F25,LEGGINGS,118,83,25,30%
2026-02-01,F25,SKORT,58,35,10,40%
2026-02-01,F25,TANK TOP,58,41,15,30%
2026-02-01,F25,TRACK JACKET,"1,275",719,276,44%
2026-02-01,F25,TRACK PANT,405,246,89,39%
2026-02-01,S25,POLO,88,22,13,75%
2026-02-01,S25,SHORTS,168,42,33,75%
2026-02-01,S25,SWEATER,540,135,123,75%
2026-02-01,S25,TRACK JACKET,"1,555",502,298,68%
2026-02-01,S25,TRACK PANT,390,104,82,73%
2026-02-01,F24,SHORTS,400,100,110,75%
2026-02-01,F24,TRACK JACKET,165,116,42,30%
2026-02-01,F25,CREWNECK,110,66,20,40%
2026-02-01,F25,HOODIE,-120,-50,-23,58%
2026-02-01,F25,SHORTS,-68,-29,-14,58%
2026-02-01,F25,SWEATPANTS,98,69,18,30%
2026-02-01,F25,TRACK JACKET,630,371,137,41%
2026-02-01,F25,TRACK PANT,510,311,113,39%
2026-02-01,F25,T-SHIRT,54,30,8,44%
2026-02-01,S25,JACKET,330,83,64,75%
2026-02-01,S25,LONG SLEEVE KNIT,78,20,10,75%
2026-02-01,S25,PANTS,210,53,44,75%
2026-02-01,S25,POLO,264,130,50,51%
2026-02-01,S25,PULLOVER,250,63,51,75%
2026-02-01,S25,SHORTS,218,52,49,76%
2026-02-01,S25,SWEATER,150,38,37,75%
2026-02-01,S25,TRACK JACKET,820,214,168,74%
2026-02-01,S25,TRACK PANT,10,-5,0,153%
2026-02-01,S25,T-SHIRT,244,59,45,76%
2026-02-01,s26,T-SHIRT,48,43,8,10%
2026-02-01,SS22,SOCKS,18,18,4,0%
2026-02-01,CORE,TRACK JACKET,-635,-378,-141,41%
2026-02-01,CORE,TRACK PANT,-370,-216,-77,42%
2026-02-01,F24,POLO,98,98,21,0%
2026-02-01,F24,SHORTS,156,40,53,74%
2026-02-01,F24,TRACK JACKET,-165,-41,-42,75%
2026-02-01,F24,TRACK PANT,-135,-34,-31,75%
2026-02-01,F25,CABANA SHIRT,-270,-170,-63,37%
2026-02-01,F25,CONTOUR JACKET,-135,-65,-29,52%
2026-02-01,F25,CREWNECK,68,48,14,30%
2026-02-01,F25,HAT,76,57,15,25%
2026-02-01,F25,HOODIE,-30,-8,-6,74%
2026-02-01,F25,LONG SLEEVE KNIT,135,80,27,41%
2026-02-01,F25,POLO,-98,-69,-21,30%
2026-02-01,F25,SHORTS,-78,-55,-19,30%
2026-02-01,F25,SKORT,-88,-42,-22,52%
2026-02-01,F25,SWEATER,-113,-44,-29,61%
2026-02-01,F25,SWEATPANTS,-27,-8,-7,72%
2026-02-01,F25,TRACK JACKET,"-1,435",-942,-321,34%
2026-02-01,F25,TRACK PANT,-547,-432,-131,21%
2026-02-01,F25,T-SHIRT,6,5,1,16%
2026-02-01,S24,FOOTWEAR,-290,-73,-91,75%
2026-02-01,S25,CABANA SHIRT,-270,-73,-63,73%
2026-02-01,S25,LONG SLEEVE KNIT,-156,-78,-20,50%
2026-02-01,S25,POLO,88,22,13,75%
2026-02-01,S25,PULLOVER,125,31,25,75%
2026-02-01,S25,SHORTS,-223,-93,-42,58%
2026-02-01,S25,SWEATER,-175,-79,-39,55%
2026-02-01,S25,TANK TOP,58,15,8,75%
2026-02-01,S25,TRACK JACKET,-475,-337,-99,29%
2026-02-01,S25,TRACK PANT,-805,-372,-170,54%
2026-02-01,S25,T-SHIRT,90,12,16,87%
2026-02-01,s26,CREWNECK,118,125,16,-6%
2026-02-01,CORE,TRACK JACKET,165,142,36,14%
2026-02-01,F24,LEGGINGS,110,33,21,70%
2026-02-01,F24,SHORTS,291,73,85,75%
2026-02-01,F24,SPORT BRA,68,34,19,50%
2026-02-01,F24,TRACK JACKET,145,44,31,70%
2026-02-01,F24,TRACK PANT,125,38,23,70%
2026-02-01,F25,KNITWEAR,125,70,35,44%
2026-02-01,F25,SHORTS,88,62,19,30%
2026-02-01,F25,TRACK JACKET,"1,065",597,235,44%
2026-02-01,F25,TRACK PANT,"1,055",563,231,47%
2026-02-01,F25,T-SHIRT,96,48,16,50%
2026-02-01,S24,FOOTWEAR,140,98,41,30%
2026-02-01,S25,DRESS,220,142,45,35%
2026-02-01,S25,POLO,98,88,21,10%
2026-02-01,S25,SHORTS,198,46,40,77%
2026-02-01,S25,SKORT,68,10,11,85%
2026-02-01,S25,TANK TOP,116,26,16,78%
2026-02-01,S25,TRACK JACKET,290,59,48,80%
2026-02-01,S25,TRACK PANT,110,28,19,75%
2026-02-01,CORE,TRACK JACKET,140,158,22,-13%
2026-02-01,F22,TRACK PANT,100,75,26,25%
2026-02-01,F24,POLO,196,196,42,0%
2026-02-01,F24,SHORTS,78,18,25,78%
2026-02-01,F24,SWEATPANTS,125,38,25,70%
2026-02-01,F25,TRACK JACKET,640,414,143,35%
2026-02-01,F25,TRACK PANT,135,65,30,52%
2026-02-01,S25,POLO,274,133,46,51%
2026-02-01,S25,SHORTS,214,99,38,54%
2026-02-01,S25,SKORT,68,15,11,77%
2026-02-01,S25,SOCKS,18,18,4,0%
2026-02-01,S25,TANK TOP,58,13,8,78%
2026-02-01,S25,TRACK JACKET,330,83,58,75%
2026-02-01,S25,TRACK PANT,78,20,16,75%
2026-02-01,S25,T-SHIRT,78,70,13,10%
2026-02-01,SS22,SOCKS,18,14,4,20%
2026-02-01,F24,LEGGINGS,110,30,21,73%
2026-02-01,F24,LONG SLEEVE KNIT,125,50,22,60%
2026-02-01,F24,SPORT BRA,68,24,19,64%
2026-02-01,F25,CREWNECK,110,66,20,40%
2026-02-01,F25,LONG SLEEVE KNIT,78,37,12,52%
2026-02-01,F25,SOCKS,36,23,8,35%
2026-02-01,F25,SPORT BRA,96,62,15,35%
2026-02-01,F25,TRACK JACKET,815,399,181,51%
2026-02-01,F25,TRACK PANT,535,248,115,54%
2026-02-01,F25,T-SHIRT,78,44,19,44%
2026-02-01,S24,FOOTWEAR,290,131,91,55%
2026-02-01,S25,POLO,98,98,21,0%
2026-02-01,S25,PULLOVER,125,31,25,75%
2026-02-01,S25,SHORTS,68,14,11,80%
2026-02-01,S25,SWEATER,290,58,68,80%
2026-02-01,S25,TRACK JACKET,165,41,29,75%
2026-02-01,F25,HOODIE,98,55,17,44%
2026-02-01,F25,POLO,286,195,65,32%
2026-02-01,F25,PULLOVER,125,75,27,40%
2026-02-01,F25,SHORTS,254,173,59,32%
2026-02-01,F25,TRACK JACKET,630,223,133,65%
2026-02-01,F25,TRACK PANT,395,190,82,52%
2026-02-01,S24,FOOTWEAR,59,19,10,68%
2026-02-01,S25,POLO,88,22,13,75%
2026-02-01,S25,PULLOVER,125,31,25,75%
2026-02-01,S25,SHORTS,312,152,64,51%
2026-02-01,S25,SKORT,98,22,23,77%
2026-02-01,S25,TRACK JACKET,165,165,40,0%
2026-02-01,S25,TRACK PANT,140,140,30,0%
2026-02-01,S25,T-SHIRT,254,62,47,76%
2026-02-01,F24,SHORTS,322,84,91,74%
2026-02-01,F25,LONG SLEEVE KNIT,135,76,27,44%
2026-02-01,F25,POLO,78,44,18,44%
2026-02-01,F25,PULLOVER,125,75,27,40%
2026-02-01,F25,SHORTS,68,38,14,44%
2026-02-01,F25,SOCKS,18,10,4,44%
2026-02-01,F25,TRACK JACKET,590,307,130,48%
2026-02-01,F25,TRACK PANT,635,355,142,44%
2026-02-01,S25,JACKET,165,41,32,75%
2026-02-01,S25,POLO,254,75,40,70%
2026-02-01,S25,SHORTS,68,17,11,75%
2026-02-01,S25,TRACK JACKET,580,145,116,75%
2026-02-01,S25,TRACK PANT,343,137,67,60%
2026-02-01,S25,T-SHIRT,48,12,7,75%
2026-02-01,s26,CREWNECK,118,125,16,-6%
2026-02-01,CORE,TRACK JACKET,140,158,22,-13%
2026-02-01,CORE,TRACK PANT,110,138,17,-25%
2026-02-01,F24,SWEATPANTS,125,38,25,70%
2026-02-01,F25,POLO,78,55,19,30%
2026-02-01,F25,TRACK JACKET,"1,013",569,212,44%
2026-02-01,F25,TRACK PANT,368,221,76,40%
2026-02-01,S25,CAMP SHIRT,88,22,15,75%
2026-02-01,S25,POLO,78,31,14,60%
2026-02-01,S25,SHORTS,380,95,70,75%
2026-02-01,S25,TRACK JACKET,"1,135",410,225,64%
2026-02-01,S25,TRACK PANT,"1,138",475,234,58%
2026-02-01,S25,T-SHIRT,84,21,15,75%
2026-02-01,CORE,TRACK JACKET,165,178,36,-8%
2026-02-01,CORE,TRACK PANT,125,148,28,-18%
2026-02-01,F24,POLO,173,47,56,73%
2026-02-01,F25,CABANA SHIRT,135,95,32,30%
2026-02-01,F25,DRESS,125,60,27,52%
2026-02-01,F25,HAT,42,29,10,30%
2026-02-01,F25,LONG SLEEVE KNIT,135,81,27,40%
2026-02-01,F25,OUTERWEAR,225,180,51,20%
2026-02-01,F25,POLO,98,69,21,30%
2026-02-01,F25,SHORTS,110,77,25,30%
2026-02-01,F25,TRACK JACKET,480,230,105,52%
2026-02-01,F25,TRACK PANT,510,245,117,52%
2026-02-01,F25,T-SHIRT,272,184,62,32%
2026-02-01,S24,FOOTWEAR,59,24,10,60%
2026-02-01,S25,POLO,264,66,38,75%
2026-02-01,S25,PULLOVER,125,28,25,78%
2026-02-01,S25,SHORTS,272,68,46,75%
2026-02-01,S25,TRACK JACKET,"1,100",286,212,74%
2026-02-01,S25,TRACK PANT,565,189,115,67%
2026-02-01,S25,T-SHIRT,130,31,22,76%
2026-02-01,s26,SHORTS,236,189,46,20%
2026-02-01,s26,T-SHIRT,226,197,44,13%
2026-02-01,F24,SHORTS,390,91,121,77%
2026-02-01,F24,SWEATPANTS,125,30,25,76%
2026-02-01,F24,T-SHIRT,48,10,19,80%
2026-02-01,F25,POLO,68,38,16,44%
2026-02-01,F25,SHORTS,78,44,18,44%
2026-02-01,F25,SWEATER,125,75,27,40%
2026-02-01,F25,TRACK JACKET,"1,090",494,229,55%
2026-02-01,F25,TRACK PANT,935,437,194,53%
2026-02-01,F25,T-SHIRT,116,61,24,47%
2026-02-01,S24,SKORT,88,22,19,75%
2026-02-01,S24,SPORT BRA,78,20,16,74%
2026-02-01,S25,CABANA SHIRT,125,18,24,86%
2026-02-01,S25,JACKET,165,33,32,80%
2026-02-01,S25,PANTS,210,53,44,75%
2026-02-01,S25,POLO,430,97,67,77%
2026-02-01,S25,SHORTS,412,103,79,75%
2026-02-01,S25,SOCKS,18,14,4,20%
2026-02-01,S25,SWEATER,685,164,157,76%
2026-02-01,S25,TANK TOP,58,12,8,80%
2026-02-01,S25,TRACK JACKET,515,122,101,76%
2026-02-01,S25,TRACK PANT,281,82,58,71%
2026-02-01,S25,T-SHIRT,318,75,53,76%
2026-02-01,F25,HAT,76,51,15,33%
2026-02-01,F25,POLO,188,116,44,38%
2026-02-01,F25,PULLOVER,125,70,27,44%
2026-02-01,F25,SHORTS,98,55,24,44%
2026-02-01,F25,TRACK JACKET,"1,728",901,379,48%
2026-02-01,F25,TRACK PANT,"1,533",834,341,46%
2026-02-01,S24,SHORTS,100,24,23,76%
2026-02-01,S25,POLO,274,55,39,80%
2026-02-01,S25,SHORTS,272,56,49,79%
2026-02-01,S25,SKORT,68,27,11,60%
2026-02-01,S25,SWEATER,290,58,68,80%
2026-02-01,S25,TANK TOP,58,15,8,75%
2026-02-01,S25,TRACK JACKET,135,27,23,80%
2026-02-01,S25,TRACK PANT,140,45,30,68%
2026-02-01,S25,T-SHIRT,268,55,53,80%
