date,Season,Item,MSRP,revenue,COGS,Discount
2025-01-01,CORE,HAT,168,52,30,69%
2025-01-01,CORE,SOCKS,72,41,16,44%
2025-01-01,CORE,TRACK JACKET,"2,440","2,106",464,14%
2025-01-01,CORE,TRACK PANT,"1,630","1,357",304,17%
2025-01-01,F21,HAT,152,54,24,64%
2025-01-01,F22,SHORTS,78,24,14,69%
2025-01-01,F23,TRACK JACKET,140,42,29,70%
2025-01-01,F23,TRACK PANT,"1,296",364,270,72%
2025-01-01,F24,0,145,145,53,0%
2025-01-01,F24,ACCESSORIES,210,135,53,36%
2025-01-01,F24,BAG,220,154,62,30%
2025-01-01,F24,CAMP SHIRT,300,180,65,40%
2025-01-01,F24,CREWNECK,455,311,120,32%
2025-01-01,F24,DRESS,270,120,44,56%
2025-01-01,F24,HOODIE,"1,640","1,026",344,37%
2025-01-01,F24,LEGGINGS,440,220,84,50%
2025-01-01,F24,LONG SLEEVE KNIT,"1,380",904,247,34%
2025-01-01,F24,OUTERWEAR,225,153,48,32%
2025-01-01,F24,POLO,"1,472",959,537,35%
2025-01-01,F24,S/S BUTTON SHIRT,98,69,33,30%
2025-01-01,F24,SHORTS,"1,698","1,116",397,34%
2025-01-01,F24,SKIRT,88,62,39,30%
2025-01-01,F24,SPORT BRA,68,34,19,50%
2025-01-01,F24,SWEATER,"2,470","1,432",604,42%
2025-01-01,F24,SWEATPANTS,"1,219",734,249,40%
2025-01-01,F24,SWEATSHIRT,375,214,84,43%
2025-01-01,F24,TRACK JACKET,"15,850","9,905","3,001",38%
2025-01-01,F24,TRACK PANT,"11,620","7,291","2,243",37%
2025-01-01,F24,T-SHIRT,938,669,234,29%
2025-01-01,S23,POLO,605,97,141,84%
2025-01-01,S23,SHORTS,68,21,14,69%
2025-01-01,S24,CAMP SHIRT,820,241,175,71%
2025-01-01,S24,CARDIGAN,216,88,38,59%
2025-01-01,S24,DRESS,88,24,19,72%
2025-01-01,S24,FOOTWEAR,59,45,10,24%
2025-01-01,S24,LONG SLEEVE KNIT,88,36,15,59%
2025-01-01,S24,OUTERWEAR,150,45,28,70%
2025-01-01,S24,POLO,156,83,42,47%
2025-01-01,S24,SHORTS,"1,954",563,359,71%
2025-01-01,S24,SKIRT,574,170,90,70%
2025-01-01,S24,SKORT,88,27,19,69%
2025-01-01,S24,SPORT BRA,288,90,42,69%
2025-01-01,S24,SWEATER,150,41,37,73%
2025-01-01,S24,TANK TOP,78,24,12,69%
2025-01-01,S24,TRACK JACKET,845,373,142,56%
2025-01-01,S24,TRACK PANT,"1,020",479,167,53%
2025-01-01,S24,T-SHIRT,278,101,60,64%
2025-01-01,S25,SWEATER,195,195,41,0%
2025-01-01,S25,TRACK JACKET,515,480,96,7%
2025-01-01,S25,TRACK PANT,420,405,79,4%
2025-01-01,S25,T-SHIRT,96,96,16,0%
2025-01-02,CORE,HAT,0,0,0,#DIV/0!
2025-01-02,CORE,SOCKS,126,54,28,57%
2025-01-02,CORE,TRACK JACKET,"2,845","1,833",578,36%
2025-01-02,CORE,TRACK PANT,"1,940","1,560",404,20%
2025-01-02,F21,HAT,114,45,18,61%
2025-01-02,F23,POLO,78,24,14,69%
2025-01-02,F23,SHORTS,68,21,13,69%
2025-01-02,F23,TRACK JACKET,280,71,58,75%
2025-01-02,F23,TRACK PANT,532,164,109,69%
2025-01-02,F24,0,145,131,53,10%
2025-01-02,F24,ACCESSORIES,764,514,171,33%
2025-01-02,F24,BAG,220,154,62,30%
2025-01-02,F24,CARDIGAN,-210,-147,-95,30%
2025-01-02,F24,CREWNECK,95,84,-4,12%
2025-01-02,F24,DRESS,-125,-75,-19,40%
2025-01-02,F24,HOODIE,500,365,132,27%
2025-01-02,F24,LEGGINGS,110,22,21,80%
2025-01-02,F24,LONG SLEEVE KNIT,"1,475",867,273,41%
2025-01-02,F24,OUTERWEAR,200,87,43,57%
2025-01-02,F24,POLO,"1,008",502,355,50%
2025-01-02,F24,S/S BUTTON SHIRT,196,131,66,33%
2025-01-02,F24,SHORTS,843,465,179,45%
2025-01-02,F24,SKIRT,176,110,55,38%
2025-01-02,F24,SKORT,-78,-47,-18,40%
2025-01-02,F24,SOCKS,72,49,16,31%
2025-01-02,F24,SPORT BRA,68,0,19,100%
2025-01-02,F24,SWEATER,"1,470",715,297,51%
2025-01-02,F24,SWEATPANTS,431,306,84,29%
2025-01-02,F24,SWEATSHIRT,125,88,32,30%
2025-01-02,F24,TRACK JACKET,"12,410","6,411","2,390",48%
2025-01-02,F24,TRACK PANT,"10,580","6,145","2,021",42%
2025-01-02,F24,T-SHIRT,"1,070",756,234,29%
2025-01-02,S23,SHORTS,136,42,24,69%
2025-01-02,S24,CAMP SHIRT,270,78,57,71%
2025-01-02,S24,CARDIGAN,216,84,38,61%
2025-01-02,S24,DRESS,206,-11,34,106%
2025-01-02,S24,FOOTWEAR,0,-9,0,#DIV/0!
2025-01-02,S24,OUTERWEAR,900,266,168,71%
2025-01-02,S24,POLO,420,141,89,67%
2025-01-02,S24,SHORTS,"1,190",296,227,75%
2025-01-02,S24,SKIRT,594,176,109,70%
2025-01-02,S24,SKORT,156,43,27,72%
2025-01-02,S24,SPORT BRA,160,40,29,75%
2025-01-02,S24,TANK TOP,68,21,11,69%
2025-01-02,S24,TRACK JACKET,935,351,154,62%
2025-01-02,S24,TRACK PANT,523,313,50,40%
2025-01-02,S24,T-SHIRT,384,97,80,75%
2025-01-02,S25,TANK TOP,-110,-110,-19,0%
2025-01-02,S25,TRACK JACKET,875,875,161,0%
2025-01-02,S25,TRACK PANT,570,570,104,0%
2025-01-02,S25,T-SHIRT,96,91,16,5%
2025-01-03,CORE,HAT,42,13,7,69%
2025-01-03,CORE,SOCKS,360,310,80,14%
2025-01-03,CORE,TRACK JACKET,"1,195",249,218,79%
2025-01-03,CORE,TRACK PANT,"1,080",514,219,52%
2025-01-03,F21,HAT,114,42,18,63%
2025-01-03,F22,HAT,48,15,8,69%
2025-01-03,F22,SHORTS,78,24,14,69%
2025-01-03,F22,TANK TOP,108,33,21,69%
2025-01-03,F23,SWEATPANTS,88,27,16,69%
2025-01-03,F23,TANK TOP,58,18,11,69%
2025-01-03,F23,TRACK JACKET,-10,-3,-1,70%
2025-01-03,F23,TRACK PANT,"1,177",354,232,70%
2025-01-03,F24,ACCESSORIES,542,360,125,34%
2025-01-03,F24,CAMP SHIRT,600,351,124,42%
2025-01-03,F24,CREWNECK,235,165,61,30%
2025-01-03,F24,DRESS,520,274,98,47%
2025-01-03,F24,FOOTWEAR,140,84,28,40%
2025-01-03,F24,HOODIE,"2,080","1,167",431,44%
2025-01-03,F24,LEGGINGS,330,165,63,50%
2025-01-03,F24,LONG SLEEVE KNIT,"1,821","1,155",366,37%
2025-01-03,F24,OUTERWEAR,225,90,38,60%
2025-01-03,F24,POLO,558,319,216,43%
2025-01-03,F24,S/S BUTTON SHIRT,0,0,0,#DIV/0!
2025-01-03,F24,SHORTS,"1,460",940,296,36%
2025-01-03,F24,SKIRT,88,45,16,49%
2025-01-03,F24,SKORT,156,85,36,46%
2025-01-03,F24,SPORT BRA,68,34,19,50%
2025-01-03,F24,SWEATER,885,504,169,43%
2025-01-03,F24,SWEATPANTS,"2,210","1,354",468,39%
2025-01-03,F24,SWEATSHIRT,375,208,84,45%
2025-01-03,F24,TRACK JACKET,"21,160","12,939","4,023",39%
2025-01-03,F24,TRACK PANT,"17,095","10,168","3,213",41%
2025-01-03,F24,T-SHIRT,"1,625","1,148",319,29%
2025-01-03,S23,CAMP SHIRT,118,36,26,69%
2025-01-03,S23,HAT,96,30,18,69%
2025-01-03,S23,POLO,220,35,52,84%
2025-01-03,S24,CAMP SHIRT,945,249,182,74%
2025-01-03,S24,CARDIGAN,108,40,19,63%
2025-01-03,S24,DRESS,836,270,178,68%
2025-01-03,S24,OUTERWEAR,450,135,84,70%
2025-01-03,S24,POLO,166,51,32,69%
2025-01-03,S24,SHORTS,"2,977",847,562,72%
2025-01-03,S24,SKIRT,692,208,105,70%
2025-01-03,S24,SKORT,400,121,71,70%
2025-01-03,S24,SPORT BRA,446,139,81,69%
2025-01-03,S24,SWEATER,135,0,28,100%
2025-01-03,S24,SWEATPANTS,88,36,16,59%
2025-01-03,S24,TANK TOP,136,42,22,69%
2025-01-03,S24,TRACK JACKET,"1,270",391,195,69%
2025-01-03,S24,TRACK PANT,"1,150",433,320,62%
2025-01-03,S24,T-SHIRT,554,218,120,61%
2025-01-03,S25,TRACK JACKET,"1,225","1,190",231,3%
2025-01-03,S25,TRACK PANT,750,720,140,4%
2025-01-03,S25,T-SHIRT,48,48,8,0%
2025-01-03,SS22,FOOTWEAR,95,29,21,69%
2025-01-03,SS22,T-SHIRT,54,16,12,70%
2025-01-04,CORE,ACCESSORIES,18,18,5,0%
2025-01-04,CORE,SOCKS,108,67,24,38%
2025-01-04,CORE,TRACK JACKET,"1,755","1,266",306,28%
2025-01-04,CORE,TRACK PANT,"1,160",896,214,23%
2025-01-04,F21,HAT,76,30,12,61%
2025-01-04,F22,HAT,144,41,24,72%
2025-01-04,F23,OUTERWEAR,350,95,80,73%
2025-01-04,F23,SHORTS,68,21,13,69%
2025-01-04,F23,TRACK JACKET,"1,030",296,211,71%
2025-01-04,F23,TRACK PANT,"1,894",538,371,72%
2025-01-04,F24,ACCESSORIES,836,556,179,34%
2025-01-04,F24,CREWNECK,235,165,61,30%
2025-01-04,F24,DRESS,"1,310",624,240,52%
2025-01-04,F24,HAT,45,26,11,43%
2025-01-04,F24,HOODIE,"2,110","1,247",496,41%
2025-01-04,F24,LEGGINGS,220,110,42,50%
2025-01-04,F24,LONG SLEEVE KNIT,"2,207","1,245",463,44%
2025-01-04,F24,OUTERWEAR,675,370,148,45%
2025-01-04,F24,POLO,"1,547",960,381,38%
2025-01-04,F24,S/S BUTTON SHIRT,98,69,33,30%
2025-01-04,F24,SHORTS,"1,243",682,266,45%
2025-01-04,F24,SKIRT,156,99,68,37%
2025-01-04,F24,SKORT,468,240,108,49%
2025-01-04,F24,SOCKS,18,13,10,28%
2025-01-04,F24,SPORT BRA,136,68,38,50%
2025-01-04,F24,SWEATER,"2,205","1,310",501,41%
2025-01-04,F24,SWEATPANTS,"1,495",819,310,45%
2025-01-04,F24,SWEATSHIRT,375,255,96,32%
2025-01-04,F24,TRACK JACKET,"16,460","9,751","3,222",41%
2025-01-04,F24,TRACK PANT,"13,210","7,636","2,547",42%
2025-01-04,F24,T-SHIRT,"1,381",766,493,45%
2025-01-04,S23,POLO,385,59,90,85%
2025-01-04,S24,CAMP SHIRT,415,126,86,70%
2025-01-04,S24,CARDIGAN,216,88,38,59%
2025-01-04,S24,DRESS,"1,068",304,193,72%
2025-01-04,S24,FOOTWEAR,59,18,10,69%
2025-01-04,S24,LONG SLEEVE KNIT,88,36,15,59%
2025-01-04,S24,OUTERWEAR,300,86,56,72%
2025-01-04,S24,POLO,640,172,107,73%
2025-01-04,S24,SHORTS,"3,738","1,042",689,72%
2025-01-04,S24,SKIRT,964,256,154,73%
2025-01-04,S24,SKORT,440,130,95,71%
2025-01-04,S24,SPORT BRA,368,101,65,73%
2025-01-04,S24,TANK TOP,136,22,22,84%
2025-01-04,S24,TRACK JACKET,"5,110","1,452",899,72%
2025-01-04,S24,TRACK PANT,"1,556",685,379,56%
2025-01-04,S24,T-SHIRT,320,110,49,66%
2025-01-04,S25,TRACK JACKET,"1,195","1,160",226,3%
2025-01-04,S25,TRACK PANT,840,825,161,2%
2025-01-04,S25,T-SHIRT,144,125,24,13%
2025-01-04,SS22,T-SHIRT,46,13,12,72%
2025-01-05,CORE,SOCKS,252,193,56,24%
2025-01-05,CORE,TRACK JACKET,"1,170","1,051",204,10%
2025-01-05,CORE,TRACK PANT,910,818,158,10%
2025-01-05,F21,HAT,38,12,6,68%
2025-01-05,F22,HAT,60,18,12,70%
2025-01-05,F23,OUTERWEAR,350,106,80,70%
2025-01-05,F23,TRACK JACKET,460,134,92,71%
2025-01-05,F23,TRACK PANT,990,299,198,70%
2025-01-05,F24,ACCESSORIES,290,204,68,30%
2025-01-05,F24,CAMP SHIRT,150,81,30,46%
2025-01-05,F24,CREWNECK,720,490,221,32%
2025-01-05,F24,DRESS,655,334,104,49%
2025-01-05,F24,HOODIE,"1,325",833,298,37%
2025-01-05,F24,LEGGINGS,220,110,42,50%
2025-01-05,F24,LONG SLEEVE KNIT,"2,181","1,337",439,39%
2025-01-05,F24,OUTERWEAR,225,113,50,50%
2025-01-05,F24,POLO,"1,459",886,487,39%
2025-01-05,F24,S/S BUTTON SHIRT,294,179,99,39%
2025-01-05,F24,SHORTS,879,513,233,42%
2025-01-05,F24,SKIRT,166,99,50,40%
2025-01-05,F24,SOCKS,144,104,30,28%
2025-01-05,F24,SPORT BRA,68,34,19,50%
2025-01-05,F24,SWEATER,"1,335",801,293,40%
2025-01-05,F24,SWEATPANTS,705,380,148,46%
2025-01-05,F24,SWEATSHIRT,520,303,139,42%
2025-01-05,F24,TRACK JACKET,"19,870","12,613","3,744",37%
2025-01-05,F24,TRACK PANT,"17,150","10,780","3,220",37%
2025-01-05,F24,T-SHIRT,"1,096",753,289,31%
2025-01-05,S23,POLO,440,63,102,86%
2025-01-05,S24,CAMP SHIRT,550,167,118,70%
2025-01-05,S24,CARDIGAN,108,44,19,59%
2025-01-05,S24,DRESS,683,226,149,67%
2025-01-05,S24,OUTERWEAR,450,131,84,71%
2025-01-05,S24,POLO,136,42,24,69%
2025-01-05,S24,SHORTS,"2,164",618,407,71%
2025-01-05,S24,SKIRT,536,155,87,71%
2025-01-05,S24,SKORT,254,73,50,71%
2025-01-05,S24,SPORT BRA,300,90,53,70%
2025-01-05,S24,SWEATPANTS,88,36,16,59%
2025-01-05,S24,TANK TOP,184,56,31,70%
2025-01-05,S24,TRACK JACKET,"3,075",922,505,70%
2025-01-05,S24,TRACK PANT,960,479,155,50%
2025-01-05,S24,T-SHIRT,230,70,35,70%
2025-01-05,S25,SWEATER,195,195,41,0%
2025-01-05,S25,TRACK JACKET,525,525,95,0%
2025-01-05,S25,TRACK PANT,420,420,76,0%
2025-01-05,SS22,T-SHIRT,54,14,12,73%
2025-01-06,CORE,ACCESSORIES,18,14,5,22%
2025-01-06,CORE,HAT,0,3,0,#DIV/0!
2025-01-06,CORE,SOCKS,198,161,44,19%
2025-01-06,CORE,TRACK JACKET,330,469,72,-42%
2025-01-06,CORE,TRACK PANT,250,270,56,-8%
2025-01-06,F21,HAT,76,30,12,61%
2025-01-06,F22,HAT,48,15,8,69%
2025-01-06,F23,FOOTWEAR,290,124,61,57%
2025-01-06,F23,SWEATPANTS,88,0,16,100%
2025-01-06,F23,TRACK JACKET,285,69,59,76%
2025-01-06,F23,TRACK PANT,773,213,166,72%
2025-01-06,F24,ACCESSORIES,80,63,13,21%
2025-01-06,F24,CREWNECK,660,347,150,48%
2025-01-06,F24,FOOTWEAR,300,180,72,40%
2025-01-06,F24,HOODIE,300,200,112,34%
2025-01-06,F24,LEGGINGS,220,105,42,53%
2025-01-06,F24,LONG SLEEVE KNIT,"1,125",712,203,37%
2025-01-06,F24,OUTERWEAR,"1,575",824,312,48%
2025-01-06,F24,POLO,"1,425",948,399,33%
2025-01-06,F24,S/S BUTTON SHIRT,98,62,33,37%
2025-01-06,F24,SHORTS,"1,337",908,286,32%
2025-01-06,F24,SKIRT,167,105,60,37%
2025-01-06,F24,SKORT,156,89,36,43%
2025-01-06,F24,SOCKS,18,12,4,35%
2025-01-06,F24,SPORT BRA,68,34,19,50%
2025-01-06,F24,SWEATER,"1,470",873,326,41%
2025-01-06,F24,SWEATPANTS,868,495,188,43%
2025-01-06,F24,TRACK JACKET,"6,695","2,901","1,299",57%
2025-01-06,F24,TRACK PANT,"5,495","2,474","1,025",55%
2025-01-06,F24,T-SHIRT,"1,196",627,443,48%
2025-01-06,S23,FOOTWEAR,-150,-45,-35,70%
2025-01-06,S23,POLO,440,69,102,84%
2025-01-06,S24,CARDIGAN,108,44,19,59%
2025-01-06,S24,DRESS,764,223,144,71%
2025-01-06,S24,FOOTWEAR,-177,-135,-29,24%
2025-01-06,S24,OUTERWEAR,300,86,56,72%
2025-01-06,S24,POLO,136,38,24,72%
2025-01-06,S24,SHORTS,"1,275",333,237,74%
2025-01-06,S24,SKIRT,340,98,51,71%
2025-01-06,S24,SKORT,166,44,30,74%
2025-01-06,S24,SPORT BRA,238,72,45,70%
2025-01-06,S24,TANK TOP,174,53,30,70%
2025-01-06,S24,TRACK JACKET,"1,505",549,327,63%
2025-01-06,S24,TRACK PANT,858,347,198,60%
2025-01-06,S24,T-SHIRT,128,53,21,59%
2025-01-06,S25,TRACK JACKET,340,340,65,0%
2025-01-06,S25,TRACK PANT,150,177,31,-18%
2025-01-06,S25,T-SHIRT,48,48,8,0%
2025-01-06,SS22,FOOTWEAR,0,0,0,#DIV/0!
2025-01-07,CORE,HAT,42,32,7,24%
2025-01-07,CORE,SOCKS,54,54,12,0%
2025-01-07,CORE,TRACK JACKET,965,725,202,25%
2025-01-07,CORE,TRACK PANT,595,522,118,12%
2025-01-07,F21,HAT,114,45,18,61%
2025-01-07,F22,TANK TOP,-58,-18,-11,69%
2025-01-07,F23,TRACK JACKET,325,98,63,70%
2025-01-07,F23,TRACK PANT,125,38,23,70%
2025-01-07,F24,ACCESSORIES,240,163,47,32%
2025-01-07,F24,BAG,110,77,31,30%
2025-01-07,F24,CAMP SHIRT,300,171,62,43%
2025-01-07,F24,CREWNECK,845,517,257,39%
2025-01-07,F24,DRESS,125,63,35,50%
2025-01-07,F24,HOODIE,"1,010",671,218,34%
2025-01-07,F24,LEGGINGS,220,88,42,60%
2025-01-07,F24,LONG SLEEVE KNIT,"1,758","1,001",305,43%
2025-01-07,F24,OUTERWEAR,450,270,98,40%
2025-01-07,F24,POLO,691,400,225,42%
2025-01-07,F24,S/S BUTTON SHIRT,98,69,33,30%
2025-01-07,F24,SHORTS,"1,534",899,368,41%
2025-01-07,F24,SKIRT,332,207,100,38%
2025-01-07,F24,SKORT,156,85,36,46%
2025-01-07,F24,SOCKS,54,38,23,30%
2025-01-07,F24,SPORT BRA,136,54,38,60%
2025-01-07,F24,SWEATER,"1,560",892,358,43%
2025-01-07,F24,SWEATPANTS,455,266,98,41%
2025-01-07,F24,SWEATSHIRT,565,334,137,41%
2025-01-07,F24,TRACK JACKET,"15,935","9,163","3,055",42%
2025-01-07,F24,TRACK PANT,"11,665","6,545","2,240",44%
2025-01-07,F24,T-SHIRT,613,252,302,59%
2025-01-07,S23,POLO,55,9,13,84%
2025-01-07,S23,TRACK JACKET,125,94,18,25%
2025-01-07,S24,CAMP SHIRT,415,126,86,70%
2025-01-07,S24,DRESS,-20,1,2,103%
2025-01-07,S24,FOOTWEAR,204,186,56,9%
2025-01-07,S24,POLO,204,63,36,69%
2025-01-07,S24,SHORTS,"1,070",321,217,70%
2025-01-07,S24,SKIRT,506,112,81,78%
2025-01-07,S24,SKORT,420,111,82,74%
2025-01-07,S24,SPORT BRA,142,35,31,75%
2025-01-07,S24,TRACK JACKET,440,185,67,58%
2025-01-07,S24,TRACK PANT,580,230,198,60%
2025-01-07,S24,T-SHIRT,84,44,38,48%
2025-01-07,S25,TRACK JACKET,350,350,66,0%
2025-01-07,S25,TRACK PANT,300,299,56,1%
2025-01-07,S25,T-SHIRT,264,264,44,0%
2025-01-08,CORE,HAT,84,35,14,58%
2025-01-08,CORE,SOCKS,126,88,28,30%
2025-01-08,CORE,TRACK JACKET,"1,715","1,406",340,18%
2025-01-08,CORE,TRACK PANT,"1,865","1,305",349,30%
2025-01-08,F21,HAT,228,84,36,63%
2025-01-08,F22,HAT,108,33,20,69%
2025-01-08,F22,TANK TOP,50,15,10,70%
2025-01-08,F23,TRACK JACKET,150,45,30,70%
2025-01-08,F23,TRACK PANT,453,138,86,70%
2025-01-08,F24,0,145,131,53,10%
2025-01-08,F24,ACCESSORIES,332,231,65,30%
2025-01-08,F24,CREWNECK,440,300,100,32%
2025-01-08,F24,DRESS,250,138,54,45%
2025-01-08,F24,FOOTWEAR,590,345,136,42%
2025-01-08,F24,HOODIE,"1,995","1,010",450,49%
2025-01-08,F24,LEGGINGS,-110,-50,-21,55%
2025-01-08,F24,LONG SLEEVE KNIT,"1,210",781,249,35%
2025-01-08,F24,OUTERWEAR,200,73,43,63%
2025-01-08,F24,POLO,512,334,153,35%
2025-01-08,F24,SHORTS,"1,970","1,142",396,42%
2025-01-08,F24,SKIRT,167,113,60,33%
2025-01-08,F24,SKORT,156,94,36,40%
2025-01-08,F24,SOCKS,54,39,11,28%
2025-01-08,F24,SWEATER,"1,425",475,310,67%
2025-01-08,F24,SWEATPANTS,993,411,213,59%
2025-01-08,F24,TRACK JACKET,"16,630","9,607","3,255",42%
2025-01-08,F24,TRACK PANT,"14,160","8,709","2,652",38%
2025-01-08,F24,T-SHIRT,"1,588",884,569,44%
2025-01-08,S23,HAT,48,15,9,69%
2025-01-08,S23,POLO,440,70,102,84%
2025-01-08,S23,TRACK PANT,85,85,16,0%
2025-01-08,S24,CAMP SHIRT,-145,-44,-29,70%
2025-01-08,S24,CARDIGAN,108,35,19,67%
2025-01-08,S24,DRESS,88,27,19,69%
2025-01-08,S24,FOOTWEAR,59,45,10,24%
2025-01-08,S24,OUTERWEAR,300,90,56,70%
2025-01-08,S24,POLO,88,62,30,30%
2025-01-08,S24,SHORTS,"1,341",399,255,70%
2025-01-08,S24,SKIRT,294,121,69,59%
2025-01-08,S24,SKORT,234,43,38,82%
2025-01-08,S24,SPORT BRA,96,29,14,70%
2025-01-08,S24,TANK TOP,194,34,32,82%
2025-01-08,S24,TRACK JACKET,"1,020",279,183,73%
2025-01-08,S24,TRACK PANT,"1,173",538,201,54%
2025-01-08,S24,T-SHIRT,144,45,21,69%
2025-01-08,S25,TRACK JACKET,10,-149,3,1585%
2025-01-08,S25,TRACK PANT,15,14,1,10%
2025-01-08,S25,T-SHIRT,426,426,71,0%
2025-01-09,CORE,HAT,126,90,21,29%
2025-01-09,CORE,SOCKS,360,289,80,20%
2025-01-09,CORE,TRACK JACKET,"2,705","2,202",556,19%
2025-01-09,CORE,TRACK PANT,"1,770","1,575",343,11%
2025-01-09,F21,HAT,38,15,6,61%
2025-01-09,F22,HAT,156,45,28,71%
2025-01-09,F23,SHORTS,68,21,13,69%
2025-01-09,F23,SWEATPANTS,176,54,32,69%
2025-01-09,F23,TRACK JACKET,350,95,66,73%
2025-01-09,F23,TRACK PANT,470,142,94,70%
2025-01-09,F24,ACCESSORIES,92,56,14,39%
2025-01-09,F24,BAG,220,154,62,30%
2025-01-09,F24,CAMP SHIRT,450,270,96,40%
2025-01-09,F24,CREWNECK,345,159,95,54%
2025-01-09,F24,DRESS,260,136,41,48%
2025-01-09,F24,FOOTWEAR,450,270,108,40%
2025-01-09,F24,HOODIE,"1,560",929,350,40%
2025-01-09,F24,LEGGINGS,-110,-55,-21,50%
2025-01-09,F24,LONG SLEEVE KNIT,"1,736","1,019",354,41%
2025-01-09,F24,OUTERWEAR,225,113,50,50%
2025-01-09,F24,POLO,"1,967","1,114",727,43%
2025-01-09,F24,S/S BUTTON SHIRT,196,138,66,30%
2025-01-09,F24,SHORTS,"2,040","1,180",497,42%
2025-01-09,F24,SKIRT,78,55,34,29%
2025-01-09,F24,SOCKS,72,48,16,33%
2025-01-09,F24,SWEATER,960,583,183,39%
2025-01-09,F24,SWEATPANTS,428,244,90,43%
2025-01-09,F24,TRACK JACKET,"13,005","7,775","2,419",40%
2025-01-09,F24,TRACK PANT,"9,900","5,708","1,814",42%
2025-01-09,F24,T-SHIRT,"1,239",822,358,34%
2025-01-09,S23,HAT,48,15,9,69%
2025-01-09,S23,POLO,330,51,78,84%
2025-01-09,S23,SHORTS,204,46,38,77%
2025-01-09,S23,TRACK PANT,85,85,16,0%
2025-01-09,S24,CAMP SHIRT,675,197,139,71%
2025-01-09,S24,DRESS,382,100,72,74%
2025-01-09,S24,FOOTWEAR,-86,-100,-36,-16%
2025-01-09,S24,OUTERWEAR,150,45,28,70%
2025-01-09,S24,POLO,321,70,55,78%
2025-01-09,S24,SHORTS,"2,045",543,384,73%
2025-01-09,S24,SKIRT,312,96,48,69%
2025-01-09,S24,SKORT,166,46,32,73%
2025-01-09,S24,SPORT BRA,96,30,14,69%
2025-01-09,S24,TRACK JACKET,"1,375",484,232,65%
2025-01-09,S24,TRACK PANT,640,321,106,50%
2025-01-09,S24,T-SHIRT,372,128,63,66%
2025-01-09,S25,TRACK JACKET,"1,215","1,128",224,7%
2025-01-09,S25,TRACK PANT,840,770,155,8%
2025-01-09,S25,T-SHIRT,378,374,63,1%
2025-01-10,CORE,SOCKS,54,45,12,17%
2025-01-10,CORE,TRACK JACKET,"1,105",629,224,43%
2025-01-10,CORE,TRACK PANT,735,652,157,11%
2025-01-10,F21,HAT,76,30,12,61%
2025-01-10,F22,HAT,48,15,8,69%
2025-01-10,F23,TANK TOP,58,18,11,69%
2025-01-10,F23,TRACK JACKET,165,30,38,82%
2025-01-10,F23,TRACK PANT,438,83,86,81%
2025-01-10,F24,ACCESSORIES,290,191,59,34%
2025-01-10,F24,BAG,110,77,31,30%
2025-01-10,F24,CAMP SHIRT,-300,-180,-64,40%
2025-01-10,F24,CREWNECK,220,131,50,41%
2025-01-10,F24,DRESS,-405,-222,-50,45%
2025-01-10,F24,HOODIE,300,-32,70,111%
2025-01-10,F24,JACKET,-325,-163,-55,50%
2025-01-10,F24,LEGGINGS,110,44,21,60%
2025-01-10,F24,LONG SLEEVE KNIT,"1,790","1,013",346,43%
2025-01-10,F24,OUTERWEAR,0,0,-12,#DIV/0!
2025-01-10,F24,POLO,962,549,270,43%
2025-01-10,F24,SHORTS,"1,333",757,287,43%
2025-01-10,F24,SKIRT,68,55,52,19%
2025-01-10,F24,SKORT,234,136,54,42%
2025-01-10,F24,SOCKS,18,10,4,42%
2025-01-10,F24,SPORT BRA,68,27,19,60%
2025-01-10,F24,SWEATER,"2,190","1,232",464,44%
2025-01-10,F24,SWEATPANTS,529,162,102,69%
2025-01-10,F24,SWEATSHIRT,250,176,64,30%
2025-01-10,F24,TRACK JACKET,"7,895","4,546","1,468",42%
2025-01-10,F24,TRACK PANT,"7,105","4,015","1,328",43%
2025-01-10,F24,T-SHIRT,953,527,269,45%
2025-01-10,S23,CAMP SHIRT,125,38,28,70%
2025-01-10,S23,POLO,220,35,52,84%
2025-01-10,S24,CAMP SHIRT,270,78,64,71%
2025-01-10,S24,CARDIGAN,-108,-44,-19,59%
2025-01-10,S24,DRESS,480,141,89,71%
2025-01-10,S24,LONG SLEEVE KNIT,88,0,15,100%
2025-01-10,S24,OUTERWEAR,150,45,28,70%
2025-01-10,S24,POLO,379,116,64,69%
2025-01-10,S24,SHORTS,"1,743",519,338,70%
2025-01-10,S24,SKIRT,828,293,167,65%
2025-01-10,S24,SKORT,166,51,32,69%
2025-01-10,S24,SPORT BRA,128,30,13,77%
2025-01-10,S24,TANK TOP,252,76,42,70%
2025-01-10,S24,TRACK JACKET,"1,500",534,262,64%
2025-01-10,S24,TRACK PANT,"1,406",744,296,47%
2025-01-10,S24,T-SHIRT,262,95,42,64%
2025-01-10,S25,TRACK JACKET,350,333,70,5%
2025-01-10,S25,TRACK PANT,615,600,116,2%
2025-01-10,S25,T-SHIRT,258,258,43,0%
2025-01-10,SS22,FOOTWEAR,95,29,21,69%
2025-01-11,CORE,SOCKS,270,245,60,9%
2025-01-11,CORE,TRACK JACKET,"3,280","2,546",596,22%
2025-01-11,CORE,TRACK PANT,"2,320","1,859",429,20%
2025-01-11,F22,HAT,240,72,49,70%
2025-01-11,F23,TRACK JACKET,615,185,122,70%
2025-01-11,F23,TRACK PANT,688,194,133,72%
2025-01-11,F24,ACCESSORIES,450,315,91,30%
2025-01-11,F24,BAG,110,77,31,30%
2025-01-11,F24,CAMP SHIRT,300,180,64,40%
2025-01-11,F24,CREWNECK,235,165,61,30%
2025-01-11,F24,DRESS,385,218,60,43%
2025-01-11,F24,FOOTWEAR,160,32,44,80%
2025-01-11,F24,HOODIE,"2,870","1,762",610,39%
2025-01-11,F24,LONG SLEEVE KNIT,"2,965","1,874",583,37%
2025-01-11,F24,OUTERWEAR,450,270,98,40%
2025-01-11,F24,POLO,860,465,258,46%
2025-01-11,F24,S/S BUTTON SHIRT,98,69,33,30%
2025-01-11,F24,SHORTS,"2,541","1,627",534,36%
2025-01-11,F24,SKIRT,176,97,32,45%
2025-01-11,F24,SPORT BRA,68,34,19,50%
2025-01-11,F24,SWEATER,"1,175",705,283,40%
2025-01-11,F24,SWEATPANTS,"1,118",671,239,40%
2025-01-11,F24,SWEATSHIRT,770,505,215,34%
2025-01-11,F24,TRACK JACKET,"19,320","12,395","3,827",36%
2025-01-11,F24,TRACK PANT,"15,255","9,704","2,875",36%
2025-01-11,F24,T-SHIRT,"1,508","1,007",428,33%
2025-01-11,S23,POLO,385,62,90,84%
2025-01-11,S23,TRACK JACKET,125,85,18,32%
2025-01-11,S23,TRACK PANT,85,77,16,10%
2025-01-11,S24,CAMP SHIRT,135,41,25,70%
2025-01-11,S24,DRESS,382,114,70,70%
2025-01-11,S24,FOOTWEAR,177,126,30,29%
2025-01-11,S24,LONG SLEEVE KNIT,88,36,15,59%
2025-01-11,S24,POLO,118,36,20,69%
2025-01-11,S24,SHORTS,"2,177",650,415,70%
2025-01-11,S24,SKIRT,-68,-21,-9,69%
2025-01-11,S24,SPORT BRA,48,15,7,69%
2025-01-11,S24,SWEATPANTS,88,36,16,59%
2025-01-11,S24,TRACK JACKET,240,56,40,77%
2025-01-11,S24,TRACK PANT,595,243,103,59%
2025-01-11,S24,T-SHIRT,656,235,111,64%
2025-01-11,S25,TRACK JACKET,"1,040","1,005",195,3%
2025-01-11,S25,TRACK PANT,870,840,163,3%
2025-01-11,S25,T-SHIRT,306,298,51,3%
2025-01-12,CORE,ACCESSORIES,12,18,6,-50%
2025-01-12,CORE,SOCKS,378,317,84,16%
2025-01-12,CORE,TRACK JACKET,"3,760","3,383",752,10%
2025-01-12,CORE,TRACK PANT,"2,740","2,437",545,11%
2025-01-12,F21,HAT,114,45,18,61%
2025-01-12,F22,HAT,60,18,12,70%
2025-01-12,F23,KNITWEAR,225,54,63,76%
2025-01-12,F23,TRACK JACKET,275,75,58,73%
2025-01-12,F23,TRACK PANT,"1,271",341,260,73%
2025-01-12,F24,ACCESSORIES,294,204,61,31%
2025-01-12,F24,BAG,220,146,62,34%
2025-01-12,F24,CREWNECK,565,342,136,39%
2025-01-12,F24,DRESS,260,125,57,52%
2025-01-12,F24,FOOTWEAR,150,81,36,46%
2025-01-12,F24,HAT,45,29,11,36%
2025-01-12,F24,HOODIE,"1,365",825,279,40%
2025-01-12,F24,LONG SLEEVE KNIT,"2,620","1,640",528,37%
2025-01-12,F24,OUTERWEAR,450,226,100,50%
2025-01-12,F24,POLO,"1,497",922,469,38%
2025-01-12,F24,S/S BUTTON SHIRT,294,200,99,32%
2025-01-12,F24,SHORTS,"1,157",704,250,39%
2025-01-12,F24,SKIRT,88,40,16,55%
2025-01-12,F24,SKORT,156,89,36,43%
2025-01-12,F24,SOCKS,36,26,8,28%
2025-01-12,F24,SPORT BRA,68,31,19,55%
2025-01-12,F24,SWEATER,"1,500",856,293,43%
2025-01-12,F24,SWEATPANTS,443,266,91,40%
2025-01-12,F24,SWEATSHIRT,505,260,126,48%
2025-01-12,F24,TRACK JACKET,"17,960","11,294","3,506",37%
2025-01-12,F24,TRACK PANT,"12,890","8,350","2,454",35%
2025-01-12,F24,T-SHIRT,"1,586","1,066",420,33%
2025-01-12,S23,POLO,330,51,78,84%
2025-01-12,S24,CAMP SHIRT,290,88,58,70%
2025-01-12,S24,CARDIGAN,216,79,38,63%
2025-01-12,S24,DRESS,186,51,36,73%
2025-01-12,S24,FOOTWEAR,118,90,20,24%
2025-01-12,S24,OUTERWEAR,150,45,28,70%
2025-01-12,S24,POLO,399,115,69,71%
2025-01-12,S24,SHORTS,"2,527",721,459,71%
2025-01-12,S24,SKIRT,146,38,24,74%
2025-01-12,S24,SKORT,176,51,38,71%
2025-01-12,S24,SPORT BRA,252,67,46,73%
2025-01-12,S24,SWEATPANTS,88,36,16,59%
2025-01-12,S24,TANK TOP,464,131,80,72%
2025-01-12,S24,TRACK JACKET,"1,220",411,211,66%
2025-01-12,S24,TRACK PANT,798,252,289,68%
2025-01-12,S24,T-SHIRT,276,95,48,66%
2025-01-12,S25,SWEATER,195,195,41,0%
2025-01-12,S25,TRACK JACKET,690,690,131,0%
2025-01-12,S25,TRACK PANT,435,435,83,0%
2025-01-12,S25,T-SHIRT,294,290,49,1%
2025-01-13,CORE,SOCKS,36,27,8,25%
2025-01-13,CORE,TRACK JACKET,940,818,188,13%
2025-01-13,CORE,TRACK PANT,690,532,124,23%
2025-01-13,F21,HAT,76,30,12,61%
2025-01-13,F22,HAT,60,16,12,73%
2025-01-13,F23,TRACK JACKET,270,82,58,70%
2025-01-13,F23,TRACK PANT,954,272,187,71%
2025-01-13,F24,ACCESSORIES,118,84,30,29%
2025-01-13,F24,BAG,110,77,31,30%
2025-01-13,F24,CAMP SHIRT,300,180,62,40%
2025-01-13,F24,CREWNECK,205,143,30,30%
2025-01-13,F24,DRESS,-115,-84,-32,27%
2025-01-13,F24,FOOTWEAR,160,113,44,29%
2025-01-13,F24,HAT,45,29,11,36%
2025-01-13,F24,HOODIE,"1,480",893,307,40%
2025-01-13,F24,JACKET,325,163,55,50%
2025-01-13,F24,LEGGINGS,0,6,0,#DIV/0!
2025-01-13,F24,LONG SLEEVE KNIT,"1,961","1,070",378,45%
2025-01-13,F24,OUTERWEAR,200,120,54,40%
2025-01-13,F24,POLO,398,267,96,33%
2025-01-13,F24,S/S BUTTON SHIRT,-98,0,-33,100%
2025-01-13,F24,SHORTS,"1,186",763,268,36%
2025-01-13,F24,SKIRT,265,160,58,40%
2025-01-13,F24,SOCKS,18,13,4,28%
2025-01-13,F24,SWEATER,325,238,67,27%
2025-01-13,F24,SWEATPANTS,30,-125,-2,518%
2025-01-13,F24,SWEATSHIRT,-125,-88,-32,30%
2025-01-13,F24,TRACK JACKET,"9,165","5,595","1,784",39%
2025-01-13,F24,TRACK PANT,"5,525","3,522","1,029",36%
2025-01-13,F24,T-SHIRT,698,462,185,34%
2025-01-13,S23,POLO,55,7,13,87%
2025-01-13,S24,CAMP SHIRT,540,160,107,70%
2025-01-13,S24,CARDIGAN,216,40,38,82%
2025-01-13,S24,DRESS,372,103,72,72%
2025-01-13,S24,FOOTWEAR,59,36,10,39%
2025-01-13,S24,OUTERWEAR,-150,-45,-28,70%
2025-01-13,S24,POLO,186,50,32,73%
2025-01-13,S24,SHORTS,"2,649",711,490,73%
2025-01-13,S24,SKIRT,254,73,45,71%
2025-01-13,S24,SKORT,88,27,19,69%
2025-01-13,S24,SWEATER,175,53,37,70%
2025-01-13,S24,TANK TOP,68,17,11,75%
2025-01-13,S24,TRACK JACKET,395,30,65,93%
2025-01-13,S24,TRACK PANT,-193,-65,-31,66%
2025-01-13,S24,T-SHIRT,48,29,25,40%
2025-01-13,S25,TRACK JACKET,700,683,130,3%
2025-01-13,S25,TRACK PANT,735,722,136,2%
2025-01-13,S25,T-SHIRT,222,180,37,19%
2025-01-14,CORE,ACCESSORIES,18,11,5,38%
2025-01-14,CORE,HAT,42,32,7,24%
2025-01-14,CORE,SOCKS,54,34,12,37%
2025-01-14,CORE,TRACK JACKET,520,245,122,53%
2025-01-14,CORE,TRACK PANT,500,310,112,38%
2025-01-14,F21,HAT,114,45,18,61%
2025-01-14,F23,SWEATPANTS,88,27,16,69%
2025-01-14,F23,TRACK JACKET,150,45,30,70%
2025-01-14,F23,TRACK PANT,410,124,85,70%
2025-01-14,F24,ACCESSORIES,126,90,28,29%
2025-01-14,F24,CAMP SHIRT,300,180,62,40%
2025-01-14,F24,CREWNECK,235,174,70,26%
2025-01-14,F24,DRESS,395,197,63,50%
2025-01-14,F24,HOODIE,930,492,204,47%
2025-01-14,F24,LONG SLEEVE KNIT,975,605,191,38%
2025-01-14,F24,OUTERWEAR,970,486,173,50%
2025-01-14,F24,POLO,65,-4,-106,107%
2025-01-14,F24,S/S BUTTON SHIRT,196,138,66,30%
2025-01-14,F24,SHORTS,"1,128",665,252,41%
2025-01-14,F24,SKORT,0,5,0,#DIV/0!
2025-01-14,F24,SWEATER,940,596,184,37%
2025-01-14,F24,SWEATPANTS,648,489,140,24%
2025-01-14,F24,SWEATSHIRT,125,63,26,50%
2025-01-14,F24,TRACK JACKET,"10,770","6,432","2,106",40%
2025-01-14,F24,TRACK PANT,"8,385","5,099","1,670",39%
2025-01-14,F24,T-SHIRT,354,217,119,39%
2025-01-14,S23,POLO,330,48,77,86%
2025-01-14,S24,CAMP SHIRT,280,85,54,70%
2025-01-14,S24,CARDIGAN,0,0,0,#DIV/0!
2025-01-14,S24,DRESS,294,90,53,69%
2025-01-14,S24,FOOTWEAR,59,0,10,100%
2025-01-14,S24,LONG SLEEVE KNIT,88,36,15,59%
2025-01-14,S24,OUTERWEAR,450,131,84,71%
2025-01-14,S24,SHORTS,467,143,78,69%
2025-01-14,S24,SKIRT,390,120,63,69%
2025-01-14,S24,SPORT BRA,48,15,7,69%
2025-01-14,S24,SWEATER,150,45,37,70%
2025-01-14,S24,SWEATPANTS,88,36,16,59%
2025-01-14,S24,TRACK JACKET,"1,090",428,201,61%
2025-01-14,S24,TRACK PANT,821,390,216,52%
2025-01-14,S24,T-SHIRT,108,89,33,18%
2025-01-14,S25,TANK TOP,48,48,11,0%
2025-01-14,S25,TRACK JACKET,865,866,160,0%
2025-01-14,S25,TRACK PANT,555,570,103,-3%
2025-01-14,S25,T-SHIRT,-6,-6,-1,0%
2025-01-14,SS22,FOOTWEAR,95,29,21,69%
2025-01-15,CORE,SOCKS,162,104,36,36%
2025-01-15,CORE,TRACK JACKET,"1,715","1,659",340,3%
2025-01-15,CORE,TRACK PANT,970,"1,043",202,-8%
2025-01-15,F21,HAT,76,30,12,61%
2025-01-15,F22,HAT,48,15,8,69%
2025-01-15,F23,OUTERWEAR,175,48,40,73%
2025-01-15,F23,SWEATPANTS,88,27,16,69%
2025-01-15,F23,TRACK JACKET,175,53,33,70%
2025-01-15,F23,TRACK PANT,16,2,12,89%
2025-01-15,F24,ACCESSORIES,50,6,11,88%
2025-01-15,F24,BAG,110,77,31,30%
2025-01-15,F24,CAMP SHIRT,-450,-261,-94,42%
2025-01-15,F24,CREWNECK,250,176,90,30%
2025-01-15,F24,DRESS,685,390,149,43%
2025-01-15,F24,FOOTWEAR,290,165,64,43%
2025-01-15,F24,HOODIE,"2,275","1,466",522,36%
2025-01-15,F24,LEGGINGS,220,110,42,50%
2025-01-15,F24,LONG SLEEVE KNIT,"1,548",965,288,38%
2025-01-15,F24,OUTERWEAR,0,31,22,#DIV/0!
2025-01-15,F24,POLO,717,613,186,15%
2025-01-15,F24,S/S BUTTON SHIRT,294,200,99,32%
2025-01-15,F24,SHORTS,"1,029",684,268,34%
2025-01-15,F24,SPORT BRA,68,34,19,50%
2025-01-15,F24,SWEATER,"1,240",641,251,48%
2025-01-15,F24,SWEATPANTS,734,429,150,42%
2025-01-15,F24,SWEATSHIRT,125,88,32,30%
2025-01-15,F24,TRACK JACKET,"16,460","9,188","3,071",44%
2025-01-15,F24,TRACK PANT,"12,390","7,112","2,267",43%
2025-01-15,F24,T-SHIRT,"2,030","1,371",469,32%
2025-01-15,S23,SHORTS,68,21,14,69%
2025-01-15,S23,TRACK JACKET,125,75,18,40%
2025-01-15,S23,TRACK PANT,85,51,16,40%
2025-01-15,S24,CAMP SHIRT,540,156,121,71%
2025-01-15,S24,FOOTWEAR,59,36,10,39%
2025-01-15,S24,OUTERWEAR,-150,-41,-28,73%
2025-01-15,S24,POLO,186,57,32,69%
2025-01-15,S24,SHORTS,"1,982",571,358,71%
2025-01-15,S24,SKIRT,506,156,75,69%
2025-01-15,S24,SKORT,156,48,25,69%
2025-01-15,S24,SPORT BRA,174,54,30,69%
2025-01-15,S24,TANK TOP,146,43,23,71%
2025-01-15,S24,TRACK JACKET,925,225,180,76%
2025-01-15,S24,TRACK PANT,708,325,155,54%
2025-01-15,S24,T-SHIRT,212,37,34,82%
2025-01-15,S25,PULLOVER,125,125,25,0%
2025-01-15,S25,SHORTS,136,136,30,0%
2025-01-15,S25,TRACK JACKET,"1,025",818,200,20%
2025-01-15,S25,TRACK PANT,725,698,139,4%
2025-01-15,S25,T-SHIRT,190,190,33,0%
2025-01-16,CORE,ACCESSORIES,12,18,6,-50%
2025-01-16,CORE,SOCKS,396,276,88,30%
2025-01-16,CORE,TRACK JACKET,775,500,152,35%
2025-01-16,CORE,TRACK PANT,845,679,174,20%
2025-01-16,F21,HAT,152,59,24,62%
2025-01-16,F22,HAT,180,54,36,70%
2025-01-16,F22,TANK TOP,58,16,11,72%
2025-01-16,F23,SWEATPANTS,88,27,16,69%
2025-01-16,F23,TRACK JACKET,285,73,59,74%
2025-01-16,F23,TRACK PANT,422,63,77,85%
2025-01-16,F23,T-SHIRT,-42,-38,-7,10%
2025-01-16,F24,0,145,145,53,0%
2025-01-16,F24,ACCESSORIES,374,248,80,34%
2025-01-16,F24,BAG,110,77,31,30%
2025-01-16,F24,CREWNECK,125,88,36,30%
2025-01-16,F24,DRESS,520,222,114,57%
2025-01-16,F24,FOOTWEAR,460,284,116,38%
2025-01-16,F24,HOODIE,"1,505",777,304,48%
2025-01-16,F24,LONG SLEEVE KNIT,"3,091","1,920",623,38%
2025-01-16,F24,OUTERWEAR,675,356,148,47%
2025-01-16,F24,POLO,"1,316",848,359,36%
2025-01-16,F24,S/S BUTTON SHIRT,98,69,33,30%
2025-01-16,F24,SHORTS,"2,254","1,375",501,39%
2025-01-16,F24,SKIRT,264,150,71,43%
2025-01-16,F24,SKORT,156,85,36,46%
2025-01-16,F24,SOCKS,36,22,8,39%
2025-01-16,F24,SPORT BRA,68,34,19,50%
2025-01-16,F24,SWEATER,"1,765",984,442,44%
2025-01-16,F24,SWEATPANTS,761,413,158,46%
2025-01-16,F24,SWEATSHIRT,125,63,26,50%
2025-01-16,F24,TRACK JACKET,"10,280","6,080","2,027",41%
2025-01-16,F24,TRACK PANT,"8,830","5,295","1,725",40%
2025-01-16,F24,T-SHIRT,750,516,169,31%
2025-01-16,S23,TRACK JACKET,125,94,18,25%
2025-01-16,S24,0,50,50,16,0%
2025-01-16,S24,CAMP SHIRT,280,81,61,71%
2025-01-16,S24,DRESS,284,54,53,81%
2025-01-16,S24,FOOTWEAR,118,45,20,62%
2025-01-16,S24,OUTERWEAR,900,261,168,71%
2025-01-16,S24,POLO,429,125,72,71%
2025-01-16,S24,SHORTS,691,184,143,73%
2025-01-16,S24,SKIRT,468,167,91,64%
2025-01-16,S24,SKORT,254,75,51,70%
2025-01-16,S24,SPORT BRA,174,54,30,69%
2025-01-16,S24,SWEATER,135,41,28,70%
2025-01-16,S24,TRACK JACKET,"1,130",396,265,65%
2025-01-16,S24,TRACK PANT,480,234,95,51%
2025-01-16,S24,T-SHIRT,230,126,69,45%
2025-01-16,S25,POLO,196,157,42,20%
2025-01-16,S25,TANK TOP,96,96,22,0%
2025-01-16,S25,TRACK JACKET,"1,225","1,195",260,2%
2025-01-16,S25,TRACK PANT,"1,005",980,205,2%
2025-01-16,S25,T-SHIRT,396,379,66,4%
2025-01-16,SS22,FOOTWEAR,95,29,21,69%
2025-01-17,CORE,HAT,0,-3,0,#DIV/0!
2025-01-17,CORE,SOCKS,108,72,24,33%
2025-01-17,CORE,TRACK JACKET,"1,130","1,003",238,11%
2025-01-17,CORE,TRACK PANT,"1,065",977,208,8%
2025-01-17,F23,TRACK PANT,220,77,46,65%
2025-01-17,F24,ACCESSORIES,286,204,61,29%
2025-01-17,F24,CAMP SHIRT,720,406,156,44%
2025-01-17,F24,CREWNECK,-125,-79,-36,37%
2025-01-17,F24,DRESS,395,211,63,47%
2025-01-17,F24,FOOTWEAR,790,531,212,33%
2025-01-17,F24,HOODIE,"1,060",666,226,37%
2025-01-17,F24,LEGGINGS,110,50,21,55%
2025-01-17,F24,LONG SLEEVE KNIT,"1,558","1,006",291,35%
2025-01-17,F24,OUTERWEAR,225,122,49,46%
2025-01-17,F24,POLO,"1,450",867,480,40%
2025-01-17,F24,S/S BUTTON SHIRT,196,117,66,40%
2025-01-17,F24,SHORTS,"1,715","1,045",403,39%
2025-01-17,F24,SOCKS,72,52,16,28%
2025-01-17,F24,SWEATER,"1,930",954,412,51%
2025-01-17,F24,SWEATPANTS,404,224,78,45%
2025-01-17,F24,SWEATSHIRT,125,88,32,30%
2025-01-17,F24,TRACK JACKET,"9,015","5,258","1,723",42%
2025-01-17,F24,TRACK PANT,"6,940","3,910","1,386",44%
2025-01-17,F24,T-SHIRT,"1,624",845,628,48%
2025-01-17,S24,CAMP SHIRT,675,197,125,71%
2025-01-17,S24,CARDIGAN,108,44,19,59%
2025-01-17,S24,DRESS,558,159,108,71%
2025-01-17,S24,FOOTWEAR,0,45,0,#DIV/0!
2025-01-17,S24,POLO,271,77,47,72%
2025-01-17,S24,SHORTS,"1,885",556,323,70%
2025-01-17,S24,SKIRT,-58,-19,-3,68%
2025-01-17,S24,SKORT,166,46,32,72%
2025-01-17,S24,SPORT BRA,0,0,0,#DIV/0!
2025-01-17,S24,SWEATER,500,136,111,73%
2025-01-17,S24,TANK TOP,48,15,9,69%
2025-01-17,S24,TRACK JACKET,160,50,33,69%
2025-01-17,S24,TRACK PANT,802,444,147,45%
2025-01-17,S24,T-SHIRT,246,113,42,54%
2025-01-17,S25,PULLOVER,250,238,50,5%
2025-01-17,S25,TRACK JACKET,940,945,187,-1%
2025-01-17,S25,TRACK PANT,520,535,102,-3%
2025-01-17,S25,T-SHIRT,90,85,15,5%
2025-01-18,CORE,ACCESSORIES,12,18,6,-50%
2025-01-18,CORE,HAT,84,61,14,28%
2025-01-18,CORE,SOCKS,144,84,32,42%
2025-01-18,CORE,TRACK JACKET,"1,385","1,350",268,3%
2025-01-18,CORE,TRACK PANT,"1,065","1,038",208,3%
2025-01-18,F21,HAT,190,66,30,65%
2025-01-18,F22,HAT,108,30,20,72%
2025-01-18,F23,SHORTS,68,21,13,69%
2025-01-18,F23,TRACK PANT,"1,033",307,199,70%
2025-01-18,F24,ACCESSORIES,370,261,79,29%
2025-01-18,F24,BAG,110,77,31,30%
2025-01-18,F24,CAMP SHIRT,300,180,60,40%
2025-01-18,F24,CREWNECK,-265,-238,-92,10%
2025-01-18,F24,DRESS,665,260,123,61%
2025-01-18,F24,HOODIE,"1,075",668,280,38%
2025-01-18,F24,LEGGINGS,110,50,21,55%
2025-01-18,F24,LONG SLEEVE KNIT,"2,315","1,244",451,46%
2025-01-18,F24,OUTERWEAR,0,5,-11,#DIV/0!
2025-01-18,F24,POLO,793,512,225,35%
2025-01-18,F24,SHORTS,"2,056","1,249",386,39%
2025-01-18,F24,SKIRT,156,110,68,29%
2025-01-18,F24,SKORT,78,47,18,40%
2025-01-18,F24,SOCKS,36,26,8,28%
2025-01-18,F24,SPORT BRA,136,61,38,55%
2025-01-18,F24,SWEATER,"1,250",722,272,42%
2025-01-18,F24,SWEATPANTS,978,567,210,42%
2025-01-18,F24,SWEATSHIRT,-125,-70,-32,44%
2025-01-18,F24,TRACK JACKET,"11,465","6,691","2,142",42%
2025-01-18,F24,TRACK PANT,"10,160","5,835","1,887",43%
2025-01-18,F24,T-SHIRT,"1,260",765,353,39%
2025-01-18,S23,POLO,-55,-8,-13,85%
2025-01-18,S23,SHORTS,68,21,14,69%
2025-01-18,S24,CAMP SHIRT,270,78,50,71%
2025-01-18,S24,CARDIGAN,108,26,19,76%
2025-01-18,S24,DRESS,568,168,106,70%
2025-01-18,S24,FOOTWEAR,118,90,20,24%
2025-01-18,S24,LONG SLEEVE KNIT,88,32,15,63%
2025-01-18,S24,OUTERWEAR,150,41,28,73%
2025-01-18,S24,POLO,125,38,20,70%
2025-01-18,S24,SHORTS,"1,154",292,197,75%
2025-01-18,S24,SKIRT,302,90,48,70%
2025-01-18,S24,SPORT BRA,208,63,36,70%
2025-01-18,S24,SWEATPANTS,88,32,16,63%
2025-01-18,S24,TANK TOP,48,15,9,69%
2025-01-18,S24,TRACK JACKET,575,226,90,61%
2025-01-18,S24,TRACK PANT,"1,129",450,241,60%
2025-01-18,S24,T-SHIRT,38,0,7,100%
2025-01-18,S25,POLO,98,98,21,0%
2025-01-18,S25,PULLOVER,125,0,25,100%
2025-01-18,S25,SWEATER,725,678,179,7%
2025-01-18,S25,TRACK JACKET,615,615,121,0%
2025-01-18,S25,TRACK PANT,505,505,100,0%
2025-01-18,S25,T-SHIRT,132,132,22,0%
2025-01-19,CORE,SOCKS,90,50,20,44%
2025-01-19,CORE,TRACK JACKET,"1,715","1,538",340,10%
2025-01-19,CORE,TRACK PANT,"1,565","1,418",320,9%
2025-01-19,F21,HAT,114,42,18,63%
2025-01-19,F23,SWEATPANTS,176,54,32,69%
2025-01-19,F23,TRACK JACKET,275,75,58,73%
2025-01-19,F23,TRACK PANT,878,241,177,73%
2025-01-19,F24,ACCESSORIES,542,319,114,41%
2025-01-19,F24,BAG,220,131,62,41%
2025-01-19,F24,CREWNECK,110,77,25,30%
2025-01-19,F24,DRESS,250,138,54,45%
2025-01-19,F24,FOOTWEAR,150,90,36,40%
2025-01-19,F24,HOODIE,"1,495",879,333,41%
2025-01-19,F24,JACKET,325,130,55,60%
2025-01-19,F24,LEGGINGS,110,55,21,50%
2025-01-19,F24,LONG SLEEVE KNIT,"1,450",861,281,41%
2025-01-19,F24,OUTERWEAR,900,429,188,52%
2025-01-19,F24,POLO,"1,362",937,447,31%
2025-01-19,F24,S/S BUTTON SHIRT,294,193,99,34%
2025-01-19,F24,SHORTS,"1,669","1,000",391,40%
2025-01-19,F24,SKIRT,88,48,16,46%
2025-01-19,F24,SKORT,156,94,36,40%
2025-01-19,F24,SOCKS,18,12,4,35%
2025-01-19,F24,SPORT BRA,68,34,19,50%
2025-01-19,F24,SWEATER,865,492,198,43%
2025-01-19,F24,SWEATPANTS,565,332,123,41%
2025-01-19,F24,SWEATSHIRT,270,190,87,30%
2025-01-19,F24,TRACK JACKET,"13,690","7,991","2,703",42%
2025-01-19,F24,TRACK PANT,"9,630","5,790","1,831",40%
2025-01-19,F24,T-SHIRT,"1,366",926,350,32%
2025-01-19,S24,CAMP SHIRT,405,119,75,71%
2025-01-19,S24,DRESS,284,76,55,73%
2025-01-19,S24,LONG SLEEVE KNIT,176,68,30,61%
2025-01-19,S24,OUTERWEAR,300,90,56,70%
2025-01-19,S24,POLO,125,34,20,73%
2025-01-19,S24,SHORTS,"1,695",501,311,70%
2025-01-19,S24,SKIRT,292,90,42,69%
2025-01-19,S24,SKORT,176,51,38,71%
2025-01-19,S24,SPORT BRA,176,55,37,69%
2025-01-19,S24,SWEATER,150,45,37,70%
2025-01-19,S24,SWEATPANTS,176,68,32,61%
2025-01-19,S24,TANK TOP,184,51,31,72%
2025-01-19,S24,TRACK JACKET,925,245,150,74%
2025-01-19,S24,TRACK PANT,736,319,125,57%
2025-01-19,S24,T-SHIRT,250,109,51,56%
2025-01-19,S25,POLO,490,490,105,0%
2025-01-19,S25,PULLOVER,0,0,0,#DIV/0!
2025-01-19,S25,SHORTS,156,148,32,5%
2025-01-19,S25,SWEATER,"1,050","1,013",248,4%
2025-01-19,S25,TANK TOP,110,110,19,0%
2025-01-19,S25,TRACK JACKET,"1,340","1,325",263,1%
2025-01-19,S25,TRACK PANT,"1,105","1,093",213,1%
2025-01-19,S25,T-SHIRT,222,205,37,8%
2025-01-19,SS22,FOOTWEAR,190,55,42,71%
2025-01-20,CORE,SOCKS,144,77,32,46%
2025-01-20,CORE,TRACK JACKET,"1,435","1,246",296,13%
2025-01-20,CORE,TRACK PANT,845,710,174,16%
2025-01-20,F23,TRACK PANT,110,33,21,70%
2025-01-20,F24,ACCESSORIES,210,141,48,33%
2025-01-20,F24,BAG,110,77,31,30%
2025-01-20,F24,CREWNECK,235,165,70,30%
2025-01-20,F24,FOOTWEAR,140,84,28,40%
2025-01-20,F24,HAT,45,29,11,36%
2025-01-20,F24,HOODIE,"1,240",701,243,44%
2025-01-20,F24,JACKET,325,163,55,50%
2025-01-20,F24,LONG SLEEVE KNIT,"1,235",793,225,36%
2025-01-20,F24,OUTERWEAR,225,135,49,40%
2025-01-20,F24,POLO,"1,258",702,420,44%
2025-01-20,F24,SHORTS,"1,078",669,236,38%
2025-01-20,F24,SKIRT,430,248,98,42%
2025-01-20,F24,SKORT,78,47,18,40%
2025-01-20,F24,SWEATER,"2,075","1,250",464,40%
2025-01-20,F24,SWEATPANTS,318,191,67,40%
2025-01-20,F24,TRACK JACKET,"12,170","7,195","2,327",41%
2025-01-20,F24,TRACK PANT,"8,685","5,416","1,610",38%
2025-01-20,F24,T-SHIRT,"1,082",722,215,33%
2025-01-20,S23,TRACK PANT,85,58,16,32%
2025-01-20,S24,CAMP SHIRT,685,208,150,70%
2025-01-20,S24,CARDIGAN,108,44,19,59%
2025-01-20,S24,OUTERWEAR,450,135,84,70%
2025-01-20,S24,POLO,125,38,20,70%
2025-01-20,S24,SHORTS,"1,358",413,253,70%
2025-01-20,S24,SKIRT,204,59,27,71%
2025-01-20,S24,SKORT,88,24,19,72%
2025-01-20,S24,SPORT BRA,192,57,28,70%
2025-01-20,S24,TRACK PANT,135,54,27,60%
2025-01-20,S24,T-SHIRT,38,12,7,68%
2025-01-20,S25,POLO,98,98,21,0%
2025-01-20,S25,SHORTS,234,203,48,13%
2025-01-20,S25,SWEATER,"1,670","1,645",409,1%
2025-01-20,S25,TRACK JACKET,"1,625","1,580",314,3%
2025-01-20,S25,TRACK PANT,755,717,150,5%
2025-01-20,S25,T-SHIRT,276,211,46,24%
2025-01-20,SS22,FOOTWEAR,95,29,21,69%
2025-01-21,CORE,HAT,-42,-29,-7,31%
2025-01-21,CORE,SOCKS,198,169,44,15%
2025-01-21,CORE,TRACK JACKET,520,120,122,77%
2025-01-21,CORE,TRACK PANT,515,274,123,47%
2025-01-21,F21,HAT,76,27,12,64%
2025-01-21,F22,HAT,168,51,32,70%
2025-01-21,F23,SHORTS,68,21,13,69%
2025-01-21,F23,TRACK PANT,377,115,70,69%
2025-01-21,F24,ACCESSORIES,88,50,15,43%
2025-01-21,F24,CREWNECK,-140,-99,-65,29%
2025-01-21,F24,DRESS,125,150,3,-20%
2025-01-21,F24,FOOTWEAR,460,257,115,44%
2025-01-21,F24,HOODIE,585,120,143,79%
2025-01-21,F24,LEGGINGS,110,55,21,50%
2025-01-21,F24,LONG SLEEVE KNIT,936,592,212,37%
2025-01-21,F24,OUTERWEAR,225,135,49,40%
2025-01-21,F24,POLO,156,35,64,78%
2025-01-21,F24,S/S BUTTON SHIRT,0,0,0,#DIV/0!
2025-01-21,F24,SHORTS,340,198,58,42%
2025-01-21,F24,SKIRT,89,63,26,29%
2025-01-21,F24,SKORT,78,47,18,40%
2025-01-21,F24,SPORT BRA,68,37,19,45%
2025-01-21,F24,SWEATER,-220,-139,-37,37%
2025-01-21,F24,SWEATPANTS,315,139,73,56%
2025-01-21,F24,SWEATSHIRT,20,29,29,-44%
2025-01-21,F24,TRACK JACKET,"3,380","1,645",672,51%
2025-01-21,F24,TRACK PANT,"2,705","1,100",551,59%
2025-01-21,F24,T-SHIRT,446,358,-19,20%
2025-01-21,S23,HAT,48,15,9,69%
2025-01-21,S23,POLO,165,25,38,85%
2025-01-21,S24,CAMP SHIRT,270,82,64,70%
2025-01-21,S24,CARDIGAN,108,44,19,59%
2025-01-21,S24,DRESS,223,90,58,60%
2025-01-21,S24,FOOTWEAR,59,45,10,24%
2025-01-21,S24,OUTERWEAR,300,81,56,73%
2025-01-21,S24,POLO,50,15,8,70%
2025-01-21,S24,SHORTS,"1,257",380,250,70%
2025-01-21,S24,SKIRT,-10,-3,-6,70%
2025-01-21,S24,SKORT,156,24,26,85%
2025-01-21,S24,SPORT BRA,144,45,21,69%
2025-01-21,S24,TRACK JACKET,365,110,62,70%
2025-01-21,S24,TRACK PANT,300,162,57,46%
2025-01-21,S24,T-SHIRT,272,95,42,65%
2025-01-21,S25,POLO,284,275,55,3%
2025-01-21,S25,TRACK JACKET,895,835,164,7%
2025-01-21,S25,TRACK PANT,545,505,97,7%
2025-01-21,S25,T-SHIRT,116,116,22,0%
2025-01-21,SS22,FOOTWEAR,95,29,21,69%
2025-01-22,CORE,ACCESSORIES,48,50,16,-4%
2025-01-22,CORE,HAT,90,80,18,11%
2025-01-22,CORE,SOCKS,144,81,32,44%
2025-01-22,CORE,TRACK JACKET,"2,565","2,130",534,17%
2025-01-22,CORE,TRACK PANT,"1,705","1,494",359,12%
2025-01-22,F21,HAT,76,30,12,61%
2025-01-22,F22,HAT,48,15,8,69%
2025-01-22,F23,TRACK JACKET,135,33,29,76%
2025-01-22,F23,TRACK PANT,487,141,94,71%
2025-01-22,F24,0,145,145,53,0%
2025-01-22,F24,ACCESSORIES,172,110,34,36%
2025-01-22,F24,BAG,110,77,31,30%
2025-01-22,F24,CAMP SHIRT,300,114,62,62%
2025-01-22,F24,CREWNECK,345,242,95,30%
2025-01-22,F24,DRESS,-10,-1,-3,95%
2025-01-22,F24,FOOTWEAR,140,67,28,52%
2025-01-22,F24,HAT,45,32,11,29%
2025-01-22,F24,HOODIE,"1,140",539,273,53%
2025-01-22,F24,JACKET,325,163,55,50%
2025-01-22,F24,LEGGINGS,330,154,63,53%
2025-01-22,F24,LONG SLEEVE KNIT,"3,215","1,483",601,54%
2025-01-22,F24,OUTERWEAR,225,90,49,60%
2025-01-22,F24,POLO,762,297,219,61%
2025-01-22,F24,SHORTS,"1,370",725,309,47%
2025-01-22,F24,SKIRT,89,57,26,36%
2025-01-22,F24,SKORT,78,38,18,52%
2025-01-22,F24,SPORT BRA,136,61,38,55%
2025-01-22,F24,SWEATER,"1,200",707,235,41%
2025-01-22,F24,SWEATPANTS,318,119,66,63%
2025-01-22,F24,SWEATSHIRT,145,82,55,44%
2025-01-22,F24,TRACK JACKET,"20,285","10,018","3,985",51%
2025-01-22,F24,TRACK PANT,"15,635","8,014","3,026",49%
2025-01-22,F24,T-SHIRT,"1,268",693,325,45%
2025-01-22,S23,POLO,55,9,13,84%
2025-01-22,S23,TRACK JACKET,125,9,18,93%
2025-01-22,S23,TRACK PANT,85,6,16,93%
2025-01-22,S24,CAMP SHIRT,145,31,22,79%
2025-01-22,S24,CARDIGAN,540,165,93,69%
2025-01-22,S24,DRESS,440,108,95,75%
2025-01-22,S24,OUTERWEAR,300,90,56,70%
2025-01-22,S24,POLO,292,102,66,65%
2025-01-22,S24,SHORTS,"2,035",608,388,70%
2025-01-22,S24,SKIRT,234,101,58,57%
2025-01-22,S24,SKORT,566,174,100,69%
2025-01-22,S24,SPORT BRA,238,72,45,70%
2025-01-22,S24,TRACK JACKET,"2,020",622,372,69%
2025-01-22,S24,TRACK PANT,478,225,95,53%
2025-01-22,S24,T-SHIRT,604,187,105,69%
2025-01-22,S25,POLO,294,294,63,0%
2025-01-22,S25,SHORTS,0,8,0,#DIV/0!
2025-01-22,S25,SWEATER,"1,200","1,200",287,0%
2025-01-22,S25,TRACK JACKET,"1,810","1,330",327,27%
2025-01-22,S25,TRACK PANT,"1,205",820,219,32%
2025-01-22,S25,T-SHIRT,258,232,43,10%
2025-01-22,SS22,T-SHIRT,-54,-16,-12,70%
2025-01-23,CORE,HAT,42,29,7,31%
2025-01-23,CORE,SOCKS,198,148,44,25%
2025-01-23,CORE,TRACK JACKET,800,585,166,27%
2025-01-23,CORE,TRACK PANT,720,551,146,24%
2025-01-23,F21,HAT,152,60,24,61%
2025-01-23,F22,HAT,60,16,12,73%
2025-01-23,F23,TANK TOP,58,16,11,72%
2025-01-23,F23,TRACK PANT,489,141,89,71%
2025-01-23,F24,ACCESSORIES,252,180,59,29%
2025-01-23,F24,CAMP SHIRT,600,234,126,61%
2025-01-23,F24,CREWNECK,125,0,45,100%
2025-01-23,F24,FOOTWEAR,-10,-23,-8,-130%
2025-01-23,F24,HOODIE,"2,375","1,373",557,42%
2025-01-23,F24,LONG SLEEVE KNIT,"3,171","1,395",589,56%
2025-01-23,F24,OUTERWEAR,225,90,49,60%
2025-01-23,F24,POLO,"1,577",946,499,40%
2025-01-23,F24,S/S BUTTON SHIRT,196,131,66,33%
2025-01-23,F24,SHORTS,"1,508",872,346,42%
2025-01-23,F24,SKIRT,88,44,16,50%
2025-01-23,F24,SKORT,78,47,18,40%
2025-01-23,F24,SWEATER,"1,755",895,385,49%
2025-01-23,F24,SWEATPANTS,"1,573",767,334,51%
2025-01-23,F24,SWEATSHIRT,250,176,64,30%
2025-01-23,F24,TRACK JACKET,"18,180","8,668","3,514",52%
2025-01-23,F24,TRACK PANT,"17,350","8,133","3,337",53%
2025-01-23,F24,T-SHIRT,"1,912",935,402,51%
2025-01-23,S23,POLO,110,23,26,79%
2025-01-23,S23,SHORTS,136,38,24,72%
2025-01-23,S23,TRACK JACKET,125,94,18,25%
2025-01-23,S23,TRACK PANT,85,64,16,25%
2025-01-23,S24,CAMP SHIRT,705,201,137,71%
2025-01-23,S24,CARDIGAN,108,33,19,69%
2025-01-23,S24,DRESS,-88,-24,-19,72%
2025-01-23,S24,FOOTWEAR,59,42,10,29%
2025-01-23,S24,OUTERWEAR,150,45,28,70%
2025-01-23,S24,POLO,186,57,32,69%
2025-01-23,S24,SHORTS,"1,481",405,269,73%
2025-01-23,S24,SKIRT,332,133,73,60%
2025-01-23,S24,SKORT,78,24,13,69%
2025-01-23,S24,TRACK JACKET,915,463,160,49%
2025-01-23,S24,TRACK PANT,984,502,135,49%
2025-01-23,S24,T-SHIRT,196,101,44,48%
2025-01-23,S25,POLO,98,98,21,0%
2025-01-23,S25,SHORTS,78,78,16,0%
2025-01-23,S25,SWEATER,525,380,125,28%
2025-01-23,S25,TRACK JACKET,"2,090","2,024",381,3%
2025-01-23,S25,TRACK PANT,"1,210","1,171",222,3%
2025-01-23,S25,T-SHIRT,258,254,43,2%
2025-01-23,SS22,FOOTWEAR,205,62,67,70%
2025-01-24,CORE,SOCKS,54,39,12,28%
2025-01-24,CORE,TRACK JACKET,635,583,130,8%
2025-01-24,CORE,TRACK PANT,485,385,101,21%
2025-01-24,F21,HAT,76,30,12,61%
2025-01-24,F23,SWEATPANTS,88,27,16,69%
2025-01-24,F23,TRACK JACKET,310,94,62,70%
2025-01-24,F23,TRACK PANT,"1,155",348,215,70%
2025-01-24,F24,ACCESSORIES,126,87,28,31%
2025-01-24,F24,CAMP SHIRT,150,36,32,76%
2025-01-24,F24,CREWNECK,125,88,45,30%
2025-01-24,F24,DRESS,"1,010",581,171,42%
2025-01-24,F24,FOOTWEAR,150,90,36,40%
2025-01-24,F24,HAT,45,29,11,36%
2025-01-24,F24,HOODIE,"1,795",972,392,46%
2025-01-24,F24,LEGGINGS,0,0,0,#DIV/0!
2025-01-24,F24,LONG SLEEVE KNIT,"3,052","1,346",630,56%
2025-01-24,F24,OUTERWEAR,225,-45,49,120%
2025-01-24,F24,POLO,"1,155",622,356,46%
2025-01-24,F24,S/S BUTTON SHIRT,294,179,99,39%
2025-01-24,F24,SHORTS,"1,840",959,424,48%
2025-01-24,F24,SKIRT,586,338,189,42%
2025-01-24,F24,SOCKS,54,39,11,28%
2025-01-24,F24,SWEATER,"2,005","1,111",406,45%
2025-01-24,F24,SWEATPANTS,303,181,66,40%
2025-01-24,F24,TRACK JACKET,"16,620","7,753","3,144",53%
2025-01-24,F24,TRACK PANT,"13,255","6,530","2,526",51%
2025-01-24,F24,T-SHIRT,"1,804",968,420,46%
2025-01-24,S23,POLO,55,11,13,80%
2025-01-24,S23,SHORTS,68,21,12,69%
2025-01-24,S23,TRACK JACKET,125,94,18,25%
2025-01-24,S23,TRACK PANT,170,115,32,32%
2025-01-24,S24,CAMP SHIRT,135,41,25,70%
2025-01-24,S24,DRESS,0,-27,0,#DIV/0!
2025-01-24,S24,SHORTS,279,83,62,70%
2025-01-24,S24,SKORT,78,22,13,72%
2025-01-24,S24,TANK TOP,68,21,11,69%
2025-01-24,S24,TRACK JACKET,"1,010",410,256,59%
2025-01-24,S24,TRACK PANT,890,363,361,59%
2025-01-24,S24,T-SHIRT,90,27,14,70%
2025-01-24,S25,DRESS,125,125,25,0%
2025-01-24,S25,POLO,198,187,35,6%
2025-01-24,S25,PULLOVER,125,113,25,10%
2025-01-24,S25,SHORTS,156,148,32,5%
2025-01-24,S25,SWEATER,805,760,198,6%
2025-01-24,S25,TRACK JACKET,"1,385","1,303",277,6%
2025-01-24,S25,TRACK PANT,"1,245","1,206",236,3%
2025-01-24,S25,T-SHIRT,480,466,85,3%
2025-01-25,CORE,HAT,180,176,36,2%
2025-01-25,CORE,SOCKS,162,126,36,22%
2025-01-25,CORE,TRACK JACKET,"1,460","1,270",310,13%
2025-01-25,CORE,TRACK PANT,"1,110",966,241,13%
2025-01-25,F21,HAT,190,74,30,61%
2025-01-25,F22,HAT,168,44,32,74%
2025-01-25,F22,TANK TOP,58,18,11,69%
2025-01-25,F23,TRACK JACKET,135,41,29,70%
2025-01-25,F23,TRACK PANT,858,235,155,73%
2025-01-25,F24,ACCESSORIES,424,293,94,31%
2025-01-25,F24,BAG,110,77,31,30%
2025-01-25,F24,CAMP SHIRT,150,60,30,60%
2025-01-25,F24,CREWNECK,235,130,70,45%
2025-01-25,F24,DRESS,540,136,88,75%
2025-01-25,F24,FOOTWEAR,160,68,44,58%
2025-01-25,F24,HOODIE,"1,235",649,273,47%
2025-01-25,F24,LEGGINGS,110,55,21,50%
2025-01-25,F24,LONG SLEEVE KNIT,"4,009","1,989",762,50%
2025-01-25,F24,POLO,"1,942","1,115",461,43%
2025-01-25,F24,S/S BUTTON SHIRT,98,69,33,30%
2025-01-25,F24,SHORTS,"2,368","1,305",516,45%
2025-01-25,F24,SKIRT,353,195,74,45%
2025-01-25,F24,SKORT,78,47,18,40%
2025-01-25,F24,SOCKS,18,13,4,28%
2025-01-25,F24,SWEATER,"1,620",848,342,48%
2025-01-25,F24,SWEATPANTS,"1,118",662,239,41%
2025-01-25,F24,SWEATSHIRT,125,88,32,30%
2025-01-25,F24,TRACK JACKET,"18,700","9,743","3,589",48%
2025-01-25,F24,TRACK PANT,"14,560","7,338","2,726",50%
2025-01-25,F24,T-SHIRT,"1,900",974,510,49%
2025-01-25,S24,0,100,100,32,0%
2025-01-25,S24,CAMP SHIRT,675,205,139,70%
2025-01-25,S24,CARDIGAN,324,96,57,70%
2025-01-25,S24,DRESS,414,126,114,70%
2025-01-25,S24,FOOTWEAR,59,42,10,29%
2025-01-25,S24,POLO,156,48,29,69%
2025-01-25,S24,SHORTS,"1,803",540,338,70%
2025-01-25,S24,SKIRT,282,87,42,69%
2025-01-25,S24,SKORT,88,27,19,69%
2025-01-25,S24,SPORT BRA,222,69,37,69%
2025-01-25,S24,SWEATPANTS,440,106,80,76%
2025-01-25,S24,TRACK JACKET,710,279,116,61%
2025-01-25,S24,TRACK PANT,"1,303",619,221,52%
2025-01-25,S24,T-SHIRT,266,93,66,65%
2025-01-25,S25,ACCESSORIES,274,223,57,19%
2025-01-25,S25,DRESS,125,125,25,0%
2025-01-25,S25,POLO,294,284,63,3%
2025-01-25,S25,SHORTS,176,132,36,25%
2025-01-25,S25,SWEATER,475,475,116,0%
2025-01-25,S25,TRACK JACKET,"1,745","1,745",307,0%
2025-01-25,S25,TRACK PANT,"1,075","1,062",200,1%
2025-01-25,S25,T-SHIRT,690,560,116,19%
2025-01-26,CORE,HAT,42,42,7,0%
2025-01-26,CORE,SOCKS,162,119,36,26%
2025-01-26,CORE,TRACK JACKET,"1,270","1,221",260,4%
2025-01-26,CORE,TRACK PANT,845,808,174,4%
2025-01-26,F21,HAT,76,26,12,66%
2025-01-26,F22,SHORTS,78,22,14,72%
2025-01-26,F22,TANK TOP,108,33,21,69%
2025-01-26,F23,SWEATPANTS,88,27,16,69%
2025-01-26,F23,TRACK JACKET,135,37,29,73%
2025-01-26,F23,TRACK PANT,220,63,42,72%
2025-01-26,F24,ACCESSORIES,378,270,81,29%
2025-01-26,F24,CAMP SHIRT,750,276,154,63%
2025-01-26,F24,CARDIGAN,210,132,95,37%
2025-01-26,F24,CREWNECK,110,77,25,30%
2025-01-26,F24,DRESS,135,68,22,50%
2025-01-26,F24,FOOTWEAR,300,171,72,43%
2025-01-26,F24,HOODIE,"1,175",673,285,43%
2025-01-26,F24,LEGGINGS,220,110,42,50%
2025-01-26,F24,LONG SLEEVE KNIT,"2,889","1,384",539,52%
2025-01-26,F24,OUTERWEAR,"1,125",487,223,57%
2025-01-26,F24,POLO,"1,333",773,405,42%
2025-01-26,F24,SHORTS,"3,390","1,800",734,47%
2025-01-26,F24,SKORT,156,85,36,46%
2025-01-26,F24,SOCKS,36,25,8,31%
2025-01-26,F24,SPORT BRA,136,61,38,55%
2025-01-26,F24,SWEATER,"2,180","1,140",511,48%
2025-01-26,F24,SWEATPANTS,886,546,184,38%
2025-01-26,F24,TRACK JACKET,"24,015","12,121","4,547",50%
2025-01-26,F24,TRACK PANT,"20,725","10,649","4,020",49%
2025-01-26,F24,T-SHIRT,"2,372","1,247",569,47%
2025-01-26,S23,TRACK JACKET,0,-9,0,#DIV/0!
2025-01-26,S23,TRACK PANT,0,-6,0,#DIV/0!
2025-01-26,S24,CAMP SHIRT,"1,090",294,225,73%
2025-01-26,S24,CARDIGAN,432,116,76,73%
2025-01-26,S24,DRESS,294,85,53,71%
2025-01-26,S24,FOOTWEAR,59,42,10,29%
2025-01-26,S24,OUTERWEAR,600,167,112,72%
2025-01-26,S24,POLO,349,98,61,72%
2025-01-26,S24,SHORTS,"2,450",701,463,71%
2025-01-26,S24,SKIRT,438,131,66,70%
2025-01-26,S24,SKORT,166,41,32,75%
2025-01-26,S24,SPORT BRA,318,88,51,72%
2025-01-26,S24,SWEATER,175,53,37,70%
2025-01-26,S24,SWEATPANTS,176,38,33,78%
2025-01-26,S24,TANK TOP,300,91,51,70%
2025-01-26,S24,TRACK JACKET,"1,125",415,278,63%
2025-01-26,S24,TRACK PANT,745,351,175,53%
2025-01-26,S24,T-SHIRT,344,103,56,70%
2025-01-26,S25,HOODIE,600,600,132,0%
2025-01-26,S25,POLO,492,483,98,2%
2025-01-26,S25,PULLOVER,110,88,21,20%
2025-01-26,S25,SHORTS,420,394,92,6%
2025-01-26,S25,SWEATER,"1,425","1,378",348,3%
2025-01-26,S25,TRACK JACKET,"3,445","3,347",627,3%
2025-01-26,S25,TRACK PANT,"2,315","2,233",441,4%
2025-01-26,S25,T-SHIRT,578,578,106,0%
2025-01-27,CORE,HAT,42,42,7,0%
2025-01-27,CORE,SOCKS,72,43,16,40%
2025-01-27,CORE,TRACK JACKET,800,485,166,39%
2025-01-27,CORE,TRACK PANT,250,329,56,-32%
2025-01-27,F21,HAT,152,59,24,62%
2025-01-27,F22,HAT,-60,-18,-12,70%
2025-01-27,F23,TRACK JACKET,275,83,58,70%
2025-01-27,F23,TRACK PANT,333,101,63,70%
2025-01-27,F24,ACCESSORIES,340,233,73,31%
2025-01-27,F24,CAMP SHIRT,600,234,128,61%
2025-01-27,F24,CARDIGAN,210,147,95,30%
2025-01-27,F24,CREWNECK,-125,-70,-36,44%
2025-01-27,F24,DRESS,-135,-41,-22,70%
2025-01-27,F24,FOOTWEAR,150,90,36,40%
2025-01-27,F24,HAT,45,32,11,29%
2025-01-27,F24,HOODIE,-510,-261,-108,49%
2025-01-27,F24,JACKET,325,130,55,60%
2025-01-27,F24,LEGGINGS,-110,-55,-21,50%
2025-01-27,F24,LONG SLEEVE KNIT,731,385,136,47%
2025-01-27,F24,OUTERWEAR,900,259,183,71%
2025-01-27,F24,POLO,659,123,313,81%
2025-01-27,F24,S/S BUTTON SHIRT,98,69,33,30%
2025-01-27,F24,SHORTS,"1,417",717,332,49%
2025-01-27,F24,SKIRT,89,77,49,13%
2025-01-27,F24,SKORT,-78,-47,-18,40%
2025-01-27,F24,SOCKS,18,13,4,28%
2025-01-27,F24,SPORT BRA,-136,-68,-38,50%
2025-01-27,F24,SWEATER,420,252,121,40%
2025-01-27,F24,SWEATPANTS,-220,-59,-51,73%
2025-01-27,F24,SWEATSHIRT,-125,-88,-32,30%
2025-01-27,F24,TRACK JACKET,"12,375","5,461","2,317",56%
2025-01-27,F24,TRACK PANT,"10,835","5,374","2,025",50%
2025-01-27,F24,T-SHIRT,"1,507",739,395,51%
2025-01-27,S23,POLO,55,12,13,78%
2025-01-27,S23,TRACK JACKET,-125,-94,-18,25%
2025-01-27,S23,TRACK PANT,-85,-64,-16,25%
2025-01-27,S24,CAMP SHIRT,695,194,133,72%
2025-01-27,S24,CARDIGAN,108,-11,19,110%
2025-01-27,S24,DRESS,176,54,38,69%
2025-01-27,S24,FOOTWEAR,59,38,10,36%
2025-01-27,S24,LONG SLEEVE KNIT,88,27,15,69%
2025-01-27,S24,POLO,0,0,0,#DIV/0!
2025-01-27,S24,SHORTS,"1,268",364,219,71%
2025-01-27,S24,SKIRT,0,0,0,#DIV/0!
2025-01-27,S24,SKORT,88,27,19,69%
2025-01-27,S24,SPORT BRA,64,20,15,69%
2025-01-27,S24,SWEATER,325,88,74,73%
2025-01-27,S24,SWEATPANTS,88,24,16,73%
2025-01-27,S24,TANK TOP,146,45,23,69%
2025-01-27,S24,TRACK JACKET,"1,170",385,230,67%
2025-01-27,S24,TRACK PANT,338,202,44,40%
2025-01-27,S24,T-SHIRT,38,12,7,68%
2025-01-27,S25,ACCESSORIES,128,128,29,0%
2025-01-27,S25,HOODIE,900,885,198,2%
2025-01-27,S25,POLO,360,251,70,30%
2025-01-27,S25,SHORTS,98,106,23,-8%
2025-01-27,S25,SKIRT,58,58,11,0%
2025-01-27,S25,TANK TOP,58,58,10,0%
2025-01-27,S25,TRACK JACKET,"1,360","1,292",263,5%
2025-01-27,S25,TRACK PANT,"1,080","1,010",220,7%
2025-01-27,S25,T-SHIRT,426,431,73,-1%
2025-01-27,SS22,FOOTWEAR,95,29,21,69%
2025-01-28,CORE,SOCKS,144,122,32,15%
2025-01-28,CORE,TRACK JACKET,"1,130","1,018",238,10%
2025-01-28,CORE,TRACK PANT,735,651,157,11%
2025-01-28,F21,HAT,38,14,6,64%
2025-01-28,F22,HAT,48,15,8,69%
2025-01-28,F23,SWEATPANTS,88,27,16,69%
2025-01-28,F23,TRACK JACKET,135,41,29,70%
2025-01-28,F23,TRACK PANT,328,91,63,72%
2025-01-28,F24,ACCESSORIES,386,256,77,34%
2025-01-28,F24,CAMP SHIRT,750,234,156,69%
2025-01-28,F24,CREWNECK,110,77,25,30%
2025-01-28,F24,DRESS,250,152,54,39%
2025-01-28,F24,FOOTWEAR,0,-90,0,#DIV/0!
2025-01-28,F24,HOODIE,685,449,151,35%
2025-01-28,F24,LEGGINGS,110,44,21,60%
2025-01-28,F24,LONG SLEEVE KNIT,"2,270","1,136",437,50%
2025-01-28,F24,OUTERWEAR,-25,-69,5,-176%
2025-01-28,F24,POLO,"1,455",978,443,33%
2025-01-28,F24,S/S BUTTON SHIRT,392,262,132,33%
2025-01-28,F24,SHORTS,"3,413","1,751",743,49%
2025-01-28,F24,SOCKS,36,26,8,28%
2025-01-28,F24,SWEATER,"1,960",924,476,53%
2025-01-28,F24,SWEATPANTS,639,425,127,33%
2025-01-28,F24,TRACK JACKET,"17,720","8,630","3,463",51%
2025-01-28,F24,TRACK PANT,"14,010","6,655","2,688",52%
2025-01-28,F24,T-SHIRT,"1,897",958,504,49%
2025-01-28,S23,POLO,110,24,26,78%
2025-01-28,S23,SHORTS,136,42,28,69%
2025-01-28,S24,0,50,35,16,30%
2025-01-28,S24,CAMP SHIRT,270,78,57,71%
2025-01-28,S24,CARDIGAN,216,66,38,69%
2025-01-28,S24,DRESS,88,27,19,69%
2025-01-28,S24,FOOTWEAR,295,182,50,38%
2025-01-28,S24,OUTERWEAR,300,90,56,70%
2025-01-28,S24,POLO,88,27,17,69%
2025-01-28,S24,SHORTS,"1,987",589,372,70%
2025-01-28,S24,SKIRT,468,206,104,56%
2025-01-28,S24,SKORT,88,27,19,69%
2025-01-28,S24,SPORT BRA,334,104,59,69%
2025-01-28,S24,TRACK JACKET,825,330,202,60%
2025-01-28,S24,TRACK PANT,605,304,147,50%
2025-01-28,S24,T-SHIRT,648,264,201,59%
2025-01-28,S25,DRESS,110,110,23,0%
2025-01-28,S25,HOODIE,750,735,165,2%
2025-01-28,S25,POLO,794,772,159,3%
2025-01-28,S25,SHORTS,616,590,128,4%
2025-01-28,S25,SKIRT,58,58,11,0%
2025-01-28,S25,SWEATER,"1,525","1,525",365,0%
2025-01-28,S25,TRACK JACKET,"1,785","1,686",353,6%
2025-01-28,S25,TRACK PANT,"1,990","1,897",390,5%
2025-01-28,S25,T-SHIRT,440,405,72,8%
2025-01-29,CORE,ACCESSORIES,12,14,6,-20%
2025-01-29,CORE,HAT,90,90,18,0%
2025-01-29,CORE,SOCKS,144,108,32,25%
2025-01-29,CORE,TRACK JACKET,"1,155",926,252,20%
2025-01-29,CORE,TRACK PANT,985,781,213,21%
2025-01-29,F21,HAT,114,44,18,62%
2025-01-29,F22,HAT,48,15,8,69%
2025-01-29,F23,TRACK JACKET,175,53,33,70%
2025-01-29,F23,TRACK PANT,501,150,101,70%
2025-01-29,F24,ACCESSORIES,294,201,61,32%
2025-01-29,F24,CAMP SHIRT,885,266,189,70%
2025-01-29,F24,CREWNECK,-125,-88,-45,30%
2025-01-29,F24,FOOTWEAR,440,264,100,40%
2025-01-29,F24,HAT,45,32,11,29%
2025-01-29,F24,HOODIE,"1,285",725,283,44%
2025-01-29,F24,LEGGINGS,110,55,21,50%
2025-01-29,F24,LONG SLEEVE KNIT,"1,878",786,396,58%
2025-01-29,F24,OUTERWEAR,675,293,136,57%
2025-01-29,F24,POLO,725,447,220,38%
2025-01-29,F24,SHORTS,"1,707",827,341,52%
2025-01-29,F24,SOCKS,18,13,10,28%
2025-01-29,F24,SPORT BRA,68,34,19,50%
2025-01-29,F24,SWEATER,"1,045",581,224,44%
2025-01-29,F24,SWEATPANTS,220,125,48,43%
2025-01-29,F24,TRACK JACKET,"19,495","9,989","3,631",49%
2025-01-29,F24,TRACK PANT,"14,940","7,381","2,825",51%
2025-01-29,F24,T-SHIRT,"1,243",614,322,51%
2025-01-29,S23,POLO,55,12,13,78%
2025-01-29,S23,TRACK JACKET,125,94,18,25%
2025-01-29,S23,TRACK PANT,85,64,16,25%
2025-01-29,S24,CAMP SHIRT,415,126,93,70%
2025-01-29,S24,DRESS,294,90,53,69%
2025-01-29,S24,FOOTWEAR,177,126,30,29%
2025-01-29,S24,LONG SLEEVE KNIT,88,24,15,72%
2025-01-29,S24,OUTERWEAR,300,90,56,70%
2025-01-29,S24,POLO,271,146,46,46%
2025-01-29,S24,SHORTS,"1,853",561,362,70%
2025-01-29,S24,SKIRT,166,48,30,71%
2025-01-29,S24,SKORT,78,24,12,69%
2025-01-29,S24,SPORT BRA,64,20,15,69%
2025-01-29,S24,SWEATER,150,45,37,70%
2025-01-29,S24,TANK TOP,116,36,20,69%
2025-01-29,S24,TRACK JACKET,260,87,45,67%
2025-01-29,S24,TRACK PANT,628,230,204,63%
2025-01-29,S24,T-SHIRT,218,67,35,69%
2025-01-29,S25,HOODIE,600,585,132,3%
2025-01-29,S25,POLO,436,427,82,2%
2025-01-29,S25,PULLOVER,110,110,21,0%
2025-01-29,S25,SHORTS,410,410,87,0%
2025-01-29,S25,SWEATER,605,564,144,7%
2025-01-29,S25,TRACK JACKET,"2,695","2,580",515,4%
2025-01-29,S25,TRACK PANT,"2,425","2,357",473,3%
2025-01-29,S25,T-SHIRT,590,585,100,1%
2025-01-30,CORE,ACCESSORIES,18,14,5,22%
2025-01-30,CORE,SOCKS,126,102,28,19%
2025-01-30,CORE,TRACK JACKET,470,308,94,35%
2025-01-30,CORE,TRACK PANT,705,480,135,32%
2025-01-30,F21,HAT,228,89,36,61%
2025-01-30,F23,POLO,156,48,29,69%
2025-01-30,F23,SHORTS,68,19,13,72%
2025-01-30,F23,TRACK PANT,241,69,42,71%
2025-01-30,F24,ACCESSORIES,168,114,35,32%
2025-01-30,F24,CAMP SHIRT,150,-30,28,120%
2025-01-30,F24,CREWNECK,125,88,45,30%
2025-01-30,F24,DRESS,250,68,54,73%
2025-01-30,F24,FOOTWEAR,160,90,44,44%
2025-01-30,F24,HAT,45,29,11,36%
2025-01-30,F24,HOODIE,900,385,198,57%
2025-01-30,F24,LEGGINGS,330,160,63,52%
2025-01-30,F24,LONG SLEEVE KNIT,"2,576","1,227",492,52%
2025-01-30,F24,POLO,"1,104",519,377,53%
2025-01-30,F24,S/S BUTTON SHIRT,196,138,66,30%
2025-01-30,F24,SHORTS,"1,867",834,396,55%
2025-01-30,F24,SKIRT,176,101,32,43%
2025-01-30,F24,SOCKS,36,26,8,28%
2025-01-30,F24,SPORT BRA,68,31,19,55%
2025-01-30,F24,SWEATER,"1,915",915,471,52%
2025-01-30,F24,SWEATPANTS,-39,-79,-13,-102%
2025-01-30,F24,SWEATSHIRT,125,88,32,30%
2025-01-30,F24,TRACK JACKET,"17,345","8,105","3,309",53%
2025-01-30,F24,TRACK PANT,"12,440","6,051","2,376",51%
2025-01-30,F24,T-SHIRT,"2,567","1,343",529,48%
2025-01-30,S23,POLO,110,36,26,67%
2025-01-30,S23,SHORTS,68,19,14,72%
2025-01-30,S23,TRACK JACKET,125,94,18,25%
2025-01-30,S24,0,50,50,16,0%
2025-01-30,S24,BAG,175,95,60,46%
2025-01-30,S24,CAMP SHIRT,550,155,111,72%
2025-01-30,S24,CARDIGAN,108,33,19,69%
2025-01-30,S24,DRESS,0,0,0,#DIV/0!
2025-01-30,S24,FOOTWEAR,59,16,10,73%
2025-01-30,S24,LONG SLEEVE KNIT,88,24,15,72%
2025-01-30,S24,OUTERWEAR,150,45,28,70%
2025-01-30,S24,POLO,156,48,29,69%
2025-01-30,S24,SHORTS,935,268,167,71%
2025-01-30,S24,SKIRT,214,91,46,58%
2025-01-30,S24,SKORT,78,19,12,75%
2025-01-30,S24,SPORT BRA,96,26,14,73%
2025-01-30,S24,SWEATER,175,48,37,73%
2025-01-30,S24,SWEATPANTS,88,22,16,75%
2025-01-30,S24,TANK TOP,78,19,12,75%
2025-01-30,S24,TRACK JACKET,-15,-4,-4,73%
2025-01-30,S24,TRACK PANT,"2,443",971,619,60%
2025-01-30,S24,T-SHIRT,212,65,41,69%
2025-01-30,S25,HOODIE,150,150,33,0%
2025-01-30,S25,POLO,294,274,63,7%
2025-01-30,S25,PULLOVER,125,100,25,20%
2025-01-30,S25,SHORTS,206,188,51,9%
2025-01-30,S25,SWEATER,-390,-390,-82,0%
2025-01-30,S25,TRACK JACKET,"4,385","4,195",874,4%
2025-01-30,S25,TRACK PANT,"3,430","3,326",701,3%
2025-01-30,S25,T-SHIRT,902,889,167,1%
2025-01-31,CORE,ACCESSORIES,18,14,5,22%
2025-01-31,CORE,HAT,42,42,7,0%
2025-01-31,CORE,SOCKS,144,97,32,33%
2025-01-31,CORE,TRACK JACKET,610,526,116,14%
2025-01-31,CORE,TRACK PANT,250,252,56,-1%
2025-01-31,F21,HAT,38,15,6,61%
2025-01-31,F23,FOOTWEAR,160,64,37,60%
2025-01-31,F23,SWEATPANTS,88,27,16,69%
2025-01-31,F23,TANK TOP,58,16,11,72%
2025-01-31,F23,TRACK PANT,223,65,40,71%
2025-01-31,F24,0,290,290,106,0%
2025-01-31,F24,ACCESSORIES,294,210,63,29%
2025-01-31,F24,BAG,110,77,31,30%
2025-01-31,F24,CAMP SHIRT,300,120,62,60%
2025-01-31,F24,CREWNECK,140,99,47,29%
2025-01-31,F24,DRESS,125,75,19,40%
2025-01-31,F24,FOOTWEAR,300,180,72,40%
2025-01-31,F24,HOODIE,860,478,185,44%
2025-01-31,F24,LEGGINGS,330,165,63,50%
2025-01-31,F24,LONG SLEEVE KNIT,"4,360","2,111",810,52%
2025-01-31,F24,OUTERWEAR,450,180,98,60%
2025-01-31,F24,POLO,"1,054",442,322,58%
2025-01-31,F24,S/S BUTTON SHIRT,98,69,33,30%
2025-01-31,F24,SHORTS,"3,139","1,410",666,55%
2025-01-31,F24,SKIRT,88,53,16,40%
2025-01-31,F24,SKORT,78,42,18,46%
2025-01-31,F24,SOCKS,72,52,21,28%
2025-01-31,F24,SWEATER,"1,765",738,410,58%
2025-01-31,F24,SWEATPANTS,220,139,48,37%
2025-01-31,F24,SWEATSHIRT,250,176,64,30%
2025-01-31,F24,TRACK JACKET,"18,515","8,793","3,523",53%
2025-01-31,F24,TRACK PANT,"14,775","7,011","2,729",53%
2025-01-31,F24,T-SHIRT,"2,858","1,452",604,49%
2025-01-31,S23,TRACK JACKET,250,179,36,29%
2025-01-31,S23,TRACK PANT,255,186,48,27%
2025-01-31,S24,CAMP SHIRT,405,123,75,70%
2025-01-31,S24,CARDIGAN,216,63,38,71%
2025-01-31,S24,DRESS,500,147,87,71%
2025-01-31,S24,FOOTWEAR,59,42,10,29%
2025-01-31,S24,LONG SLEEVE KNIT,88,24,15,72%
2025-01-31,S24,OUTERWEAR,300,90,56,70%
2025-01-31,S24,SHORTS,"1,660",496,304,70%
2025-01-31,S24,SKIRT,88,27,15,69%
2025-01-31,S24,SWEATPANTS,88,22,16,75%
2025-01-31,S24,TANK TOP,68,19,11,72%
2025-01-31,S24,TRACK JACKET,780,196,123,75%
2025-01-31,S24,TRACK PANT,250,126,40,50%
2025-01-31,S24,T-SHIRT,484,148,77,69%
2025-01-31,S25,ACCESSORIES,246,246,54,0%
2025-01-31,S25,DRESS,125,125,25,0%
2025-01-31,S25,POLO,306,305,62,0%
2025-01-31,S25,PULLOVER,235,125,46,47%
2025-01-31,S25,SHORTS,254,254,54,0%
2025-01-31,S25,SWEATER,195,243,41,-24%
2025-01-31,S25,TANK TOP,110,110,19,0%
2025-01-31,S25,TRACK JACKET,"2,185","2,150",420,2%
2025-01-31,S25,TRACK PANT,"1,560","1,383",301,11%
2025-01-31,S25,T-SHIRT,310,306,54,1%
2025-02-01,CORE,HAT,84,84,14,0%
2025-02-01,CORE,SOCKS,90,59,20,34%
2025-02-01,CORE,TRACK JACKET,"1,410","1,394",282,1%
2025-02-01,CORE,TRACK PANT,"1,345",963,286,28%
2025-02-01,F21,HAT,38,15,6,61%
2025-02-01,F22,HAT,48,14,8,72%
2025-02-01,F23,TANK TOP,58,18,11,69%
2025-02-01,F23,TRACK JACKET,140,42,29,70%
2025-02-01,F23,TRACK PANT,808,241,157,70%
2025-02-01,F24,0,290,290,106,0%
2025-02-01,F24,ACCESSORIES,252,177,54,30%
2025-02-01,F24,CREWNECK,125,88,45,30%
2025-02-01,F24,DRESS,250,150,38,40%
2025-02-01,F24,FOOTWEAR,290,174,64,40%
2025-02-01,F24,HAT,45,32,11,29%
2025-02-01,F24,HOODIE,675,322,162,52%
2025-02-01,F24,LONG SLEEVE KNIT,"1,905",879,321,54%
2025-02-01,F24,OUTERWEAR,450,180,98,60%
2025-02-01,F24,POLO,"3,368","2,132",959,37%
2025-02-01,F24,SHORTS,"2,849","1,473",611,48%
2025-02-01,F24,SKIRT,88,53,16,40%
2025-02-01,F24,SKORT,78,47,18,40%
2025-02-01,F24,SOCKS,54,38,18,30%
2025-02-01,F24,SWEATER,925,343,222,63%
2025-02-01,F24,SWEATPANTS,720,459,148,36%
2025-02-01,F24,SWEATSHIRT,375,214,84,43%
2025-02-01,F24,TRACK JACKET,"18,200","8,649","3,436",52%
2025-02-01,F24,TRACK PANT,"14,035","6,828","2,607",51%
2025-02-01,F24,T-SHIRT,"1,948",952,420,51%
2025-02-01,S23,POLO,55,18,13,67%
2025-02-01,S24,CAMP SHIRT,550,154,104,72%
2025-02-01,S24,CARDIGAN,324,99,57,69%
2025-02-01,S24,DRESS,186,51,36,72%
2025-02-01,S24,FOOTWEAR,118,84,20,29%
2025-02-01,S24,OUTERWEAR,450,126,84,72%
2025-02-01,S24,POLO,186,55,32,70%
2025-02-01,S24,SHORTS,"2,072",569,374,73%
2025-02-01,S24,SKORT,332,99,62,70%
2025-02-01,S24,SWEATER,175,53,37,70%
2025-02-01,S24,TANK TOP,388,94,64,76%
2025-02-01,S24,TRACK JACKET,465,228,80,51%
2025-02-01,S24,TRACK PANT,788,376,189,52%
2025-02-01,S24,T-SHIRT,344,103,56,70%
2025-02-01,S25,HOODIE,300,300,66,0%
2025-02-01,S25,POLO,125,125,24,0%
2025-02-01,S25,PULLOVER,0,0,0,#DIV/0!
2025-02-01,S25,SHORTS,646,637,144,1%
2025-02-01,S25,SWEATER,"1,200","1,200",295,0%
2025-02-01,S25,TRACK JACKET,"4,000","3,894",770,3%
2025-02-01,S25,TRACK PANT,"3,220","3,155",612,2%
2025-02-01,S25,T-SHIRT,404,394,76,2%
2025-02-02,CORE,HAT,42,42,7,0%
2025-02-02,CORE,SOCKS,126,117,28,7%
2025-02-02,CORE,TRACK JACKET,"1,220","1,220",232,0%
2025-02-02,CORE,TRACK PANT,705,705,135,0%
2025-02-02,F21,HAT,114,45,18,61%
2025-02-02,F23,SWEATPANTS,176,54,32,69%
2025-02-02,F23,TRACK JACKET,135,41,29,70%
2025-02-02,F23,TRACK PANT,360,105,67,71%
2025-02-02,F24,ACCESSORIES,168,117,38,30%
2025-02-02,F24,CAMP SHIRT,300,114,60,62%
2025-02-02,F24,CREWNECK,345,233,86,32%
2025-02-02,F24,DRESS,540,265,88,51%
2025-02-02,F24,FOOTWEAR,310,192,80,38%
2025-02-02,F24,HOODIE,"1,775",943,417,47%
2025-02-02,F24,JACKET,325,163,55,50%
2025-02-02,F24,LEGGINGS,220,88,42,60%
2025-02-02,F24,LONG SLEEVE KNIT,"2,186","1,084",396,50%
2025-02-02,F24,OUTERWEAR,225,81,49,64%
2025-02-02,F24,POLO,"1,161",742,357,36%
2025-02-02,F24,S/S BUTTON SHIRT,98,69,33,30%
2025-02-02,F24,SHORTS,"2,492","1,283",530,49%
2025-02-02,F24,SOCKS,108,78,23,28%
2025-02-02,F24,SWEATER,"2,955","1,526",650,48%
2025-02-02,F24,SWEATPANTS,636,344,132,46%
2025-02-02,F24,SWEATSHIRT,270,190,87,30%
2025-02-02,F24,TRACK JACKET,"21,370","10,921","4,065",49%
2025-02-02,F24,TRACK PANT,"17,165","8,935","3,323",48%
2025-02-02,F24,T-SHIRT,"2,106","1,161",490,45%
2025-02-02,S23,SHORTS,68,19,14,72%
2025-02-02,S23,TRACK JACKET,125,85,18,32%
2025-02-02,S23,TRACK PANT,170,109,32,36%
2025-02-02,S24,CAMP SHIRT,810,238,171,71%
2025-02-02,S24,CARDIGAN,108,33,19,69%
2025-02-02,S24,DRESS,176,51,38,71%
2025-02-02,S24,FOOTWEAR,177,102,30,42%
2025-02-02,S24,LONG SLEEVE KNIT,88,27,15,69%
2025-02-02,S24,POLO,196,53,35,73%
2025-02-02,S24,SHORTS,993,277,189,72%
2025-02-02,S24,SKORT,78,24,13,69%
2025-02-02,S24,SWEATER,475,123,111,74%
2025-02-02,S24,TANK TOP,68,21,11,69%
2025-02-02,S24,TRACK JACKET,545,195,129,64%
2025-02-02,S24,TRACK PANT,558,265,122,53%
2025-02-02,S24,T-SHIRT,328,138,65,58%
2025-02-02,S25,HOODIE,150,150,33,0%
2025-02-02,S25,POLO,223,198,45,11%
2025-02-02,S25,PULLOVER,110,110,21,0%
2025-02-02,S25,SHORTS,264,246,56,7%
2025-02-02,S25,SWEATER,"1,425","1,425",348,0%
2025-02-02,S25,TRACK JACKET,"2,700","2,579",504,5%
2025-02-02,S25,TRACK PANT,"1,795","1,738",355,3%
2025-02-02,S25,T-SHIRT,156,156,31,0%
2025-02-02,SS22,FOOTWEAR,95,29,21,69%
2025-02-02,SS22,SHORTS,98,29,30,70%
2025-02-03,CORE,ACCESSORIES,18,14,5,22%
2025-02-03,CORE,SOCKS,126,108,28,14%
2025-02-03,CORE,TRACK JACKET,635,605,130,5%
2025-02-03,CORE,TRACK PANT,485,375,101,23%
2025-02-03,F21,HAT,38,15,6,61%
2025-02-03,F22,TANK TOP,58,18,11,69%
2025-02-03,F23,KNITWEAR,225,68,63,70%
2025-02-03,F23,TRACK PANT,213,63,41,71%
2025-02-03,F24,ACCESSORIES,294,204,60,31%
2025-02-03,F24,CREWNECK,110,69,25,37%
2025-02-03,F24,DRESS,270,126,28,53%
2025-02-03,F24,FOOTWEAR,160,113,44,29%
2025-02-03,F24,HOODIE,415,220,101,47%
2025-02-03,F24,LEGGINGS,110,55,21,50%
2025-02-03,F24,LONG SLEEVE KNIT,"1,284",552,207,57%
2025-02-03,F24,OUTERWEAR,225,4,48,98%
2025-02-03,F24,POLO,"1,031",537,287,48%
2025-02-03,F24,S/S BUTTON SHIRT,196,138,66,30%
2025-02-03,F24,SHORTS,"1,441",697,310,52%
2025-02-03,F24,SKIRT,-254,-161,-89,37%
2025-02-03,F24,SKORT,78,47,18,40%
2025-02-03,F24,SOCKS,18,12,4,35%
2025-02-03,F24,SPORT BRA,-68,-34,-19,50%
2025-02-03,F24,SWEATER,-20,65,-3,427%
2025-02-03,F24,SWEATPANTS,235,130,51,45%
2025-02-03,F24,SWEATSHIRT,125,63,26,50%
2025-02-03,F24,TRACK JACKET,"10,725","4,981","1,990",54%
2025-02-03,F24,TRACK PANT,"7,920","3,724","1,446",53%
2025-02-03,F24,T-SHIRT,"1,330",719,291,46%
2025-02-03,S23,POLO,275,85,65,69%
2025-02-03,S24,CARDIGAN,108,33,19,69%
2025-02-03,S24,DRESS,98,30,17,69%
2025-02-03,S24,FOOTWEAR,59,38,10,36%
2025-02-03,S24,OUTERWEAR,150,45,28,70%
2025-02-03,S24,POLO,272,71,48,74%
2025-02-03,S24,SHORTS,476,146,97,69%
2025-02-03,S24,SKIRT,390,106,69,73%
2025-02-03,S24,SPORT BRA,144,42,21,71%
2025-02-03,S24,TRACK JACKET,180,126,31,30%
2025-02-03,S24,TRACK PANT,5,46,-71,-812%
2025-02-03,S24,T-SHIRT,538,195,156,64%
2025-02-03,S25,ACCESSORIES,58,58,11,0%
2025-02-03,S25,HOODIE,300,285,66,5%
2025-02-03,S25,POLO,235,235,46,0%
2025-02-03,S25,SHORTS,352,352,74,0%
2025-02-03,S25,SWEATER,910,910,221,0%
2025-02-03,S25,TRACK JACKET,"2,205","2,111",429,4%
2025-02-03,S25,TRACK PANT,"1,950","1,707",379,12%
2025-02-03,S25,T-SHIRT,730,730,131,0%
2025-02-03,SS22,FOOTWEAR,95,29,21,69%
2025-02-04,CORE,SOCKS,54,44,12,18%
2025-02-04,CORE,TRACK JACKET,330,200,72,39%
2025-02-04,CORE,TRACK PANT,470,301,90,36%
2025-02-04,F21,HAT,114,45,18,61%
2025-02-04,F22,HAT,60,18,12,70%
2025-02-04,F23,OUTERWEAR,175,53,40,70%
2025-02-04,F23,SWEATPANTS,88,27,16,69%
2025-02-04,F23,TRACK PANT,298,90,59,70%
2025-02-04,F24,ACCESSORIES,88,51,17,42%
2025-02-04,F24,CAMP SHIRT,450,174,94,61%
2025-02-04,F24,CREWNECK,125,88,45,30%
2025-02-04,F24,DRESS,300,186,89,38%
2025-02-04,F24,FOOTWEAR,310,185,80,40%
2025-02-04,F24,HOODIE,"1,760","1,019",388,42%
2025-02-04,F24,LONG SLEEVE KNIT,"2,120","1,008",425,52%
2025-02-04,F24,POLO,"1,902","1,189",583,37%
2025-02-04,F24,S/S BUTTON SHIRT,294,97,99,67%
2025-02-04,F24,SHORTS,"2,877","1,227",600,57%
2025-02-04,F24,SKIRT,166,44,50,73%
2025-02-04,F24,SOCKS,54,39,24,28%
2025-02-04,F24,SWEATER,595,298,127,50%
2025-02-04,F24,SWEATPANTS,220,132,48,40%
2025-02-04,F24,TRACK JACKET,"14,055","6,912","2,680",51%
2025-02-04,F24,TRACK PANT,"12,590","5,967","2,371",53%
2025-02-04,F24,T-SHIRT,"1,557",849,307,45%
2025-02-04,S23,POLO,165,54,39,67%
2025-02-04,S23,SHORTS,68,21,14,69%
2025-02-04,S24,CAMP SHIRT,405,115,82,72%
2025-02-04,S24,DRESS,284,87,53,69%
2025-02-04,S24,FOOTWEAR,118,84,20,29%
2025-02-04,S24,OUTERWEAR,300,45,56,85%
2025-02-04,S24,POLO,118,36,20,69%
2025-02-04,S24,SHORTS,"1,234",358,218,71%
2025-02-04,S24,SKORT,88,27,19,69%
2025-02-04,S24,SPORT BRA,78,24,16,69%
2025-02-04,S24,TANK TOP,116,36,20,69%
2025-02-04,S24,TRACK JACKET,120,20,-24,83%
2025-02-04,S24,TRACK PANT,625,271,139,57%
2025-02-04,S24,T-SHIRT,218,66,41,70%
2025-02-04,S25,HOODIE,150,120,33,20%
2025-02-04,S25,POLO,722,690,150,4%
2025-02-04,S25,SHORTS,410,386,83,6%
2025-02-04,S25,SWEATER,"1,370",955,326,30%
2025-02-04,S25,TANK TOP,48,48,11,0%
2025-02-04,S25,TRACK JACKET,"2,535","2,259",460,11%
2025-02-04,S25,TRACK PANT,"1,630","1,566",308,4%
2025-02-04,S25,T-SHIRT,218,209,35,4%
2025-02-05,CORE,HAT,42,42,7,0%
2025-02-05,CORE,SOCKS,18,9,4,50%
2025-02-05,CORE,TRACK JACKET,"1,080",935,210,13%
2025-02-05,CORE,TRACK PANT,610,511,129,16%
2025-02-05,F21,HAT,114,44,18,62%
2025-02-05,F21,SWEATSHIRT,-140,-27,-37,81%
2025-02-05,F21,TRACK JACKET,-175,-48,-30,73%
2025-02-05,F23,TRACK JACKET,135,41,29,70%
2025-02-05,F23,TRACK PANT,579,171,116,70%
2025-02-05,F24,ACCESSORIES,42,30,10,29%
2025-02-05,F24,BAG,110,77,31,30%
2025-02-05,F24,CAMP SHIRT,450,180,94,60%
2025-02-05,F24,DRESS,125,75,19,40%
2025-02-05,F24,HAT,90,64,22,29%
2025-02-05,F24,HOODIE,945,506,200,46%
2025-02-05,F24,JACKET,325,98,55,70%
2025-02-05,F24,LEGGINGS,110,55,21,50%
2025-02-05,F24,LONG SLEEVE KNIT,"2,796","1,356",511,52%
2025-02-05,F24,OUTERWEAR,900,319,195,65%
2025-02-05,F24,POLO,"1,640",776,553,53%
2025-02-05,F24,S/S BUTTON SHIRT,98,69,33,30%
2025-02-05,F24,SHORTS,"3,303","1,771",693,46%
2025-02-05,F24,SKIRT,-176,-84,-32,53%
2025-02-05,F24,SOCKS,72,51,27,30%
2025-02-05,F24,SPORT BRA,136,68,38,50%
2025-02-05,F24,SWEATER,"2,480",991,590,60%
2025-02-05,F24,SWEATPANTS,764,404,153,47%
2025-02-05,F24,SWEATSHIRT,125,63,26,50%
2025-02-05,F24,TRACK JACKET,"20,795","9,787","3,901",53%
2025-02-05,F24,TRACK PANT,"17,385","8,366","3,337",52%
2025-02-05,F24,T-SHIRT,"1,796",938,368,48%
2025-02-05,S23,POLO,110,36,26,67%
2025-02-05,S23,SHORTS,68,19,12,72%
2025-02-05,S23,TRACK JACKET,250,95,36,62%
2025-02-05,S23,TRACK PANT,170,122,32,28%
2025-02-05,S24,ACCESSORIES,-315,-86,-157,73%
2025-02-05,S24,CAMP SHIRT,280,85,54,70%
2025-02-05,S24,CARDIGAN,432,129,75,70%
2025-02-05,S24,DRESS,186,46,36,75%
2025-02-05,S24,FOOTWEAR,236,168,40,29%
2025-02-05,S24,OUTERWEAR,450,86,84,81%
2025-02-05,S24,POLO,88,27,17,69%
2025-02-05,S24,SHORTS,"1,238",345,212,72%
2025-02-05,S24,SKIRT,68,19,9,72%
2025-02-05,S24,SPORT BRA,48,14,7,72%
2025-02-05,S24,SWEATER,150,36,37,76%
2025-02-05,S24,TANK TOP,68,19,11,72%
2025-02-05,S24,TRACK JACKET,665,198,114,70%
2025-02-05,S24,TRACK PANT,553,192,95,65%
2025-02-05,S24,T-SHIRT,372,126,75,66%
2025-02-05,S25,0,118,112,16,5%
2025-02-05,S25,DRESS,-125,-125,-25,0%
2025-02-05,S25,HOODIE,150,150,33,0%
2025-02-05,S25,POLO,333,333,67,0%
2025-02-05,S25,PULLOVER,125,125,25,0%
2025-02-05,S25,SHORTS,684,668,145,2%
2025-02-05,S25,SWEATER,"-1,415",815,-330,158%
2025-02-05,S25,TANK TOP,48,43,11,10%
2025-02-05,S25,TRACK JACKET,"2,250","2,063",408,8%
2025-02-05,S25,TRACK PANT,"1,150","1,014",210,12%
2025-02-05,S25,T-SHIRT,910,804,168,12%
2025-02-06,CORE,ACCESSORIES,18,14,5,20%
2025-02-06,CORE,SOCKS,180,142,40,21%
2025-02-06,CORE,TRACK JACKET,710,677,172,5%
2025-02-06,CORE,TRACK PANT,"1,015",853,235,16%
2025-02-06,F21,HAT,76,15,12,80%
2025-02-06,F22,HAT,96,15,16,84%
2025-02-06,F23,SHORTS,68,21,13,69%
2025-02-06,F23,TRACK JACKET,445,135,91,70%
2025-02-06,F23,TRACK PANT,375,106,75,72%
2025-02-06,F24,ACCESSORIES,256,170,52,34%
2025-02-06,F24,CAMP SHIRT,585,241,123,59%
2025-02-06,F24,DRESS,250,143,38,43%
2025-02-06,F24,FOOTWEAR,150,90,36,40%
2025-02-06,F24,HAT,0,0,0,#DIV/0!
2025-02-06,F24,HOODIE,600,324,130,46%
2025-02-06,F24,JACKET,650,147,110,77%
2025-02-06,F24,LEGGINGS,110,55,21,50%
2025-02-06,F24,LONG SLEEVE KNIT,"2,223","1,164",444,48%
2025-02-06,F24,POLO,"1,037",643,355,38%
2025-02-06,F24,S/S BUTTON SHIRT,294,193,99,34%
2025-02-06,F24,SHORTS,"1,437",746,316,48%
2025-02-06,F24,SKIRT,254,170,66,33%
2025-02-06,F24,SKORT,234,122,54,48%
2025-02-06,F24,SOCKS,36,26,2,28%
2025-02-06,F24,SPORT BRA,68,34,19,50%
2025-02-06,F24,SWEATER,-10,-59,-2,-491%
2025-02-06,F24,SWEATPANTS,663,372,141,44%
2025-02-06,F24,SWEATSHIRT,125,0,32,100%
2025-02-06,F24,TRACK JACKET,"21,520","10,415","4,023",52%
2025-02-06,F24,TRACK PANT,"15,310","7,614","2,769",50%
2025-02-06,F24,T-SHIRT,"1,665",922,462,45%
2025-02-06,S23,SHORTS,68,21,14,69%
2025-02-06,S23,TRACK JACKET,250,86,36,66%
2025-02-06,S23,TRACK PANT,85,58,16,32%
2025-02-06,S24,0,50,50,16,0%
2025-02-06,S24,CAMP SHIRT,270,82,57,70%
2025-02-06,S24,CARDIGAN,0,-3,1,#DIV/0!
2025-02-06,S24,DRESS,284,84,53,70%
2025-02-06,S24,FOOTWEAR,231,205,82,11%
2025-02-06,S24,POLO,146,66,40,55%
2025-02-06,S24,SHORTS,932,273,160,71%
2025-02-06,S24,SKIRT,302,131,80,57%
2025-02-06,S24,SKORT,400,121,69,70%
2025-02-06,S24,SPORT BRA,126,39,23,69%
2025-02-06,S24,TANK TOP,48,15,9,69%
2025-02-06,S24,TRACK JACKET,365,54,63,85%
2025-02-06,S24,TRACK PANT,470,173,79,63%
2025-02-06,S24,T-SHIRT,86,10,-4,88%
2025-02-06,S25,0,59,59,8,0%
2025-02-06,S25,ACCESSORIES,58,58,11,0%
2025-02-06,S25,POLO,588,559,126,5%
2025-02-06,S25,SHORTS,352,156,76,56%
2025-02-06,S25,SWEATER,65,-185,13,385%
2025-02-06,S25,TRACK JACKET,"2,395","1,812",448,24%
2025-02-06,S25,TRACK PANT,"2,035","1,687",394,17%
2025-02-06,S25,T-SHIRT,812,491,139,40%
2025-02-07,CORE,ACCESSORIES,30,32,11,-7%
2025-02-07,CORE,HAT,42,42,7,0%
2025-02-07,CORE,SOCKS,90,70,20,22%
2025-02-07,CORE,TRACK JACKET,140,51,22,64%
2025-02-07,CORE,TRACK PANT,220,45,34,80%
2025-02-07,F21,HAT,76,27,12,64%
2025-02-07,F23,SHORTS,68,21,13,69%
2025-02-07,F23,TRACK JACKET,135,41,29,70%
2025-02-07,F23,TRACK PANT,295,86,63,71%
2025-02-07,F24,0,145,145,53,0%
2025-02-07,F24,ACCESSORIES,588,414,115,30%
2025-02-07,F24,CREWNECK,110,0,25,100%
2025-02-07,F24,FOOTWEAR,-10,30,-7,400%
2025-02-07,F24,HOODIE,135,103,21,24%
2025-02-07,F24,LEGGINGS,110,55,21,50%
2025-02-07,F24,LONG SLEEVE KNIT,"2,352","1,083",459,54%
2025-02-07,F24,OUTERWEAR,"1,125",374,234,67%
2025-02-07,F24,POLO,"1,407",810,336,42%
2025-02-07,F24,S/S BUTTON SHIRT,196,69,66,65%
2025-02-07,F24,SHORTS,"2,589","1,399",561,46%
2025-02-07,F24,SKIRT,166,94,50,44%
2025-02-07,F24,SOCKS,54,36,12,33%
2025-02-07,F24,SPORT BRA,68,34,19,50%
2025-02-07,F24,SWEATER,"1,005",436,251,57%
2025-02-07,F24,SWEATPANTS,791,423,161,47%
2025-02-07,F24,SWEATSHIRT,250,113,52,55%
2025-02-07,F24,TRACK JACKET,"22,205","11,101","4,242",50%
2025-02-07,F24,TRACK PANT,"18,170","9,052","3,417",50%
2025-02-07,F24,T-SHIRT,"2,097","1,022",646,51%
2025-02-07,S23,POLO,55,18,13,67%
2025-02-07,S24,CAMP SHIRT,550,159,104,71%
2025-02-07,S24,CARDIGAN,108,33,19,69%
2025-02-07,S24,DRESS,-10,-5,2,46%
2025-02-07,S24,POLO,68,21,12,69%
2025-02-07,S24,SHORTS,"1,139",344,202,70%
2025-02-07,S24,SKIRT,234,72,39,69%
2025-02-07,S24,SKORT,78,24,12,69%
2025-02-07,S24,SPORT BRA,174,52,30,70%
2025-02-07,S24,SWEATER,135,33,28,76%
2025-02-07,S24,TANK TOP,78,24,12,69%
2025-02-07,S24,TRACK JACKET,590,293,137,50%
2025-02-07,S24,TRACK PANT,407,262,36,36%
2025-02-07,S24,T-SHIRT,138,42,27,70%
2025-02-07,S25,CABANA SHIRT,88,79,19,10%
2025-02-07,S25,HOODIE,-450,-450,-99,0%
2025-02-07,S25,POLO,490,480,105,2%
2025-02-07,S25,SHORTS,508,500,108,2%
2025-02-07,S25,SKIRT,58,52,11,10%
2025-02-07,S25,SWEATER,805,758,200,6%
2025-02-07,S25,TRACK JACKET,"2,190","2,147",443,2%
2025-02-07,S25,TRACK PANT,"1,270","1,245",246,2%
2025-02-07,S25,T-SHIRT,388,378,71,3%
2025-02-07,SS22,FOOTWEAR,95,29,21,69%
2025-02-08,CORE,ACCESSORIES,18,18,5,0%
2025-02-08,CORE,HAT,174,170,32,2%
2025-02-08,CORE,SOCKS,162,116,36,28%
2025-02-08,CORE,TRACK JACKET,890,890,160,0%
2025-02-08,CORE,TRACK PANT,"1,065",891,209,16%
2025-02-08,F21,HAT,38,15,6,61%
2025-02-08,F22,HAT,108,32,20,71%
2025-02-08,F23,SHORTS,68,0,13,100%
2025-02-08,F23,SWEATPANTS,88,22,16,75%
2025-02-08,F23,TRACK JACKET,135,41,29,70%
2025-02-08,F23,TRACK PANT,438,92,86,79%
2025-02-08,F24,0,145,131,53,10%
2025-02-08,F24,ACCESSORIES,168,105,33,38%
2025-02-08,F24,CAMP SHIRT,750,288,152,62%
2025-02-08,F24,DRESS,125,75,19,40%
2025-02-08,F24,FOOTWEAR,150,90,36,40%
2025-02-08,F24,HOODIE,"1,205",625,255,48%
2025-02-08,F24,JACKET,-325,-98,-55,70%
2025-02-08,F24,LEGGINGS,220,110,42,50%
2025-02-08,F24,LONG SLEEVE KNIT,"3,705","1,735",709,53%
2025-02-08,F24,OUTERWEAR,675,239,136,65%
2025-02-08,F24,POLO,"1,822",965,524,47%
2025-02-08,F24,S/S BUTTON SHIRT,0,-14,0,#DIV/0!
2025-02-08,F24,SHORTS,"3,664","1,750",772,52%
2025-02-08,F24,SKIRT,500,353,193,29%
2025-02-08,F24,SOCKS,18,10,4,42%
2025-02-08,F24,SPORT BRA,272,129,76,53%
2025-02-08,F24,SWEATER,"1,935",942,457,51%
2025-02-08,F24,SWEATPANTS,502,246,97,51%
2025-02-08,F24,SWEATSHIRT,125,70,32,44%
2025-02-08,F24,TRACK JACKET,"17,835","8,678","3,480",51%
2025-02-08,F24,TRACK PANT,"16,095","7,816","3,046",51%
2025-02-08,F24,T-SHIRT,"1,702",840,370,51%
2025-02-08,S23,POLO,55,18,13,67%
2025-02-08,S23,TRACK JACKET,125,94,18,25%
2025-02-08,S23,TRACK PANT,85,64,16,25%
2025-02-08,S24,CAMP SHIRT,270,78,50,71%
2025-02-08,S24,FOOTWEAR,118,76,20,36%
2025-02-08,S24,OUTERWEAR,150,45,28,70%
2025-02-08,S24,POLO,206,28,37,87%
2025-02-08,S24,SHORTS,"1,733",382,333,78%
2025-02-08,S24,SKIRT,68,21,9,69%
2025-02-08,S24,SKORT,78,22,12,72%
2025-02-08,S24,SPORT BRA,48,15,7,69%
2025-02-08,S24,TRACK JACKET,465,101,121,78%
2025-02-08,S24,TRACK PANT,510,191,79,63%
2025-02-08,S24,T-SHIRT,128,34,27,74%
2025-02-08,S25,HOODIE,600,600,133,0%
2025-02-08,S25,POLO,458,408,91,11%
2025-02-08,S25,SHORTS,430,379,90,12%
2025-02-08,S25,SWEATER,475,475,116,0%
2025-02-08,S25,TANK TOP,48,38,11,20%
2025-02-08,S25,TRACK JACKET,"1,855","1,793",338,3%
2025-02-08,S25,TRACK PANT,"1,375","1,360",265,1%
2025-02-08,S25,T-SHIRT,382,378,68,1%
2025-02-09,CORE,ACCESSORIES,12,16,6,-35%
2025-02-09,CORE,HAT,90,85,18,5%
2025-02-09,CORE,SOCKS,36,23,8,35%
2025-02-09,CORE,TRACK JACKET,990,941,216,5%
2025-02-09,CORE,TRACK PANT,860,823,185,4%
2025-02-09,F21,HAT,38,15,6,61%
2025-02-09,F23,TRACK PANT,125,38,21,70%
2025-02-09,F24,ACCESSORIES,256,170,53,34%
2025-02-09,F24,CAMP SHIRT,300,120,62,60%
2025-02-09,F24,HOODIE,820,462,172,44%
2025-02-09,F24,JACKET,325,163,55,50%
2025-02-09,F24,LONG SLEEVE KNIT,"3,258","1,520",652,53%
2025-02-09,F24,OUTERWEAR,520,238,97,54%
2025-02-09,F24,POLO,"1,321",811,430,39%
2025-02-09,F24,S/S BUTTON SHIRT,196,138,66,30%
2025-02-09,F24,SHORTS,"2,170","1,146",479,47%
2025-02-09,F24,SKIRT,88,53,16,40%
2025-02-09,F24,SKORT,78,47,18,40%
2025-02-09,F24,SOCKS,90,65,19,28%
2025-02-09,F24,SWEATER,250,150,63,40%
2025-02-09,F24,SWEATPANTS,690,415,147,40%
2025-02-09,F24,TRACK JACKET,"15,990","8,174","3,044",49%
2025-02-09,F24,TRACK PANT,"11,650","5,932","2,219",49%
2025-02-09,F24,T-SHIRT,"1,948","1,046",434,46%
2025-02-09,S23,POLO,55,16,13,71%
2025-02-09,S23,SHORTS,136,42,28,69%
2025-02-09,S23,TRACK JACKET,375,273,54,27%
2025-02-09,S23,TRACK PANT,255,186,48,27%
2025-02-09,S24,CAMP SHIRT,685,208,150,70%
2025-02-09,S24,CARDIGAN,324,86,57,74%
2025-02-09,S24,DRESS,588,180,104,69%
2025-02-09,S24,FOOTWEAR,59,38,10,36%
2025-02-09,S24,OUTERWEAR,300,90,56,70%
2025-02-09,S24,POLO,294,90,54,69%
2025-02-09,S24,SHORTS,"1,551",469,288,70%
2025-02-09,S24,SKIRT,224,67,33,70%
2025-02-09,S24,SPORT BRA,160,50,29,69%
2025-02-09,S24,TANK TOP,136,42,22,69%
2025-02-09,S24,TRACK JACKET,715,325,162,55%
2025-02-09,S24,TRACK PANT,743,353,199,52%
2025-02-09,S24,T-SHIRT,324,112,67,65%
2025-02-09,S25,0,59,59,8,0%
2025-02-09,S25,DRESS,110,110,23,0%
2025-02-09,S25,HOODIE,150,150,33,0%
2025-02-09,S25,POLO,776,776,156,0%
2025-02-09,S25,PULLOVER,125,125,25,0%
2025-02-09,S25,SHORTS,430,422,91,2%
2025-02-09,S25,TRACK JACKET,"3,475","3,441",673,1%
2025-02-09,S25,TRACK PANT,"3,570","3,381",699,5%
2025-02-09,S25,T-SHIRT,760,742,132,2%
2025-02-10,CORE,ACCESSORIES,24,36,11,-50%
2025-02-10,CORE,HAT,42,42,7,0%
2025-02-10,CORE,SOCKS,180,122,40,32%
2025-02-10,CORE,TRACK JACKET,"1,055","1,013",196,4%
2025-02-10,CORE,TRACK PANT,330,328,51,1%
2025-02-10,F21,HAT,0,0,0,#DIV/0!
2025-02-10,F22,SHORTS,78,24,14,69%
2025-02-10,F23,POLO,78,24,14,69%
2025-02-10,F23,TRACK PANT,78,24,15,69%
2025-02-10,F24,ACCESSORIES,126,84,25,33%
2025-02-10,F24,CAMP SHIRT,450,180,94,60%
2025-02-10,F24,CARDIGAN,-210,-132,-95,37%
2025-02-10,F24,CREWNECK,235,165,61,30%
2025-02-10,F24,DRESS,520,227,98,56%
2025-02-10,F24,HOODIE,275,90,61,67%
2025-02-10,F24,JACKET,325,163,55,50%
2025-02-10,F24,LEGGINGS,220,105,42,53%
2025-02-10,F24,LONG SLEEVE KNIT,"2,318","1,150",434,50%
2025-02-10,F24,OUTERWEAR,675,270,135,60%
2025-02-10,F24,POLO,911,515,220,44%
2025-02-10,F24,S/S BUTTON SHIRT,196,159,66,19%
2025-02-10,F24,SHORTS,"2,501","1,108",524,56%
2025-02-10,F24,SKIRT,166,108,50,35%
2025-02-10,F24,SOCKS,0,0,0,#DIV/0!
2025-02-10,F24,SPORT BRA,136,65,38,53%
2025-02-10,F24,SWEATER,600,426,118,29%
2025-02-10,F24,SWEATPANTS,-86,-23,-12,73%
2025-02-10,F24,TRACK JACKET,"13,320","6,531","2,525",51%
2025-02-10,F24,TRACK PANT,"10,090","4,980","1,854",51%
2025-02-10,F24,T-SHIRT,"1,425",724,329,49%
2025-02-10,S23,CAMP SHIRT,118,36,26,69%
2025-02-10,S23,POLO,55,18,13,67%
2025-02-10,S23,SHORTS,68,21,12,69%
2025-02-10,S23,TRACK JACKET,250,188,36,25%
2025-02-10,S23,TRACK PANT,170,128,32,25%
2025-02-10,S24,CAMP SHIRT,685,200,143,71%
2025-02-10,S24,CARDIGAN,216,66,38,69%
2025-02-10,S24,FOOTWEAR,145,145,46,0%
2025-02-10,S24,LONG SLEEVE KNIT,88,22,15,75%
2025-02-10,S24,OUTERWEAR,450,135,84,70%
2025-02-10,S24,POLO,146,43,27,71%
2025-02-10,S24,SHORTS,"1,395",399,253,71%
2025-02-10,S24,SKIRT,458,138,72,70%
2025-02-10,S24,SPORT BRA,144,44,21,70%
2025-02-10,S24,SWEATER,135,33,28,76%
2025-02-10,S24,TANK TOP,232,72,40,69%
2025-02-10,S24,TRACK JACKET,550,177,128,68%
2025-02-10,S24,TRACK PANT,95,78,-5,18%
2025-02-10,S24,T-SHIRT,464,135,83,71%
2025-02-10,S25,HOODIE,300,300,66,0%
2025-02-10,S25,POLO,-125,-75,-24,40%
2025-02-10,S25,SHORTS,302,258,60,15%
2025-02-10,S25,SWEATER,"1,530","1,620",379,-6%
2025-02-10,S25,TANK TOP,0,-43,0,#DIV/0!
2025-02-10,S25,TRACK JACKET,"2,280","2,209",426,3%
2025-02-10,S25,TRACK PANT,"1,505","1,502",284,0%
2025-02-10,S25,T-SHIRT,286,286,50,0%
2025-02-11,CORE,HAT,84,76,14,10%
2025-02-11,CORE,SOCKS,18,16,4,10%
2025-02-11,CORE,TRACK JACKET,"1,130",949,238,16%
2025-02-11,CORE,TRACK PANT,"1,110",973,241,12%
2025-02-11,F21,HAT,38,15,6,61%
2025-02-11,F22,HAT,0,-2,0,#DIV/0!
2025-02-11,F23,FOOTWEAR,150,150,48,0%
2025-02-11,F23,SHORTS,-68,-21,-13,69%
2025-02-11,F23,TRACK PANT,535,171,119,68%
2025-02-11,F24,0,145,131,53,10%
2025-02-11,F24,ACCESSORIES,210,141,50,33%
2025-02-11,F24,CAMP SHIRT,150,60,32,60%
2025-02-11,F24,DRESS,250,116,54,54%
2025-02-11,F24,HAT,45,32,11,29%
2025-02-11,F24,HOODIE,535,298,118,44%
2025-02-11,F24,LEGGINGS,110,55,21,50%
2025-02-11,F24,LONG SLEEVE KNIT,"2,342","1,164",405,50%
2025-02-11,F24,OUTERWEAR,225,90,49,60%
2025-02-11,F24,POLO,"1,296",827,336,36%
2025-02-11,F24,SHORTS,"1,844",975,407,47%
2025-02-11,F24,SPORT BRA,68,34,19,50%
2025-02-11,F24,SWEATER,730,245,186,67%
2025-02-11,F24,SWEATPANTS,208,106,42,49%
2025-02-11,F24,TRACK JACKET,"13,110","6,114","2,538",53%
2025-02-11,F24,TRACK PANT,"11,385","5,292","2,166",54%
2025-02-11,F24,T-SHIRT,"1,372",666,299,51%
2025-02-11,S23,POLO,0,0,0,#DIV/0!
2025-02-11,S23,SHORTS,68,19,14,72%
2025-02-11,S23,TRACK JACKET,125,94,18,25%
2025-02-11,S23,TRACK PANT,85,64,16,25%
2025-02-11,S24,0,100,100,32,0%
2025-02-11,S24,CAMP SHIRT,270,82,50,70%
2025-02-11,S24,CARDIGAN,108,25,19,77%
2025-02-11,S24,DRESS,351,219,80,38%
2025-02-11,S24,FOOTWEAR,86,103,36,-20%
2025-02-11,S24,OUTERWEAR,150,45,28,70%
2025-02-11,S24,SHORTS,"1,147",295,194,74%
2025-02-11,S24,SKIRT,136,44,18,68%
2025-02-11,S24,SKORT,78,22,12,72%
2025-02-11,S24,SPORT BRA,240,66,35,73%
2025-02-11,S24,TANK TOP,126,35,21,72%
2025-02-11,S24,TRACK JACKET,-135,-68,-26,50%
2025-02-11,S24,TRACK PANT,285,153,101,46%
2025-02-11,S24,T-SHIRT,180,51,34,72%
2025-02-11,S25,DRESS,110,110,23,0%
2025-02-11,S25,HOODIE,150,150,33,0%
2025-02-11,S25,POLO,458,447,91,2%
2025-02-11,S25,SHORTS,352,343,74,3%
2025-02-11,S25,SWEATER,475,475,116,0%
2025-02-11,S25,TRACK JACKET,"3,070","2,807",571,9%
2025-02-11,S25,TRACK PANT,"2,145","2,106",402,2%
2025-02-11,S25,T-SHIRT,198,177,38,11%
2025-02-11,SS22,FOOTWEAR,95,29,21,69%
2025-02-12,CORE,SOCKS,72,43,16,40%
2025-02-12,CORE,TRACK JACKET,"1,105",981,224,11%
2025-02-12,CORE,TRACK PANT,"1,065",970,208,9%
2025-02-12,F23,SWEATPANTS,88,27,16,69%
2025-02-12,F23,TRACK JACKET,350,106,66,70%
2025-02-12,F23,TRACK PANT,510,154,94,70%
2025-02-12,F23,T-SHIRT,42,24,7,43%
2025-02-12,F24,ACCESSORIES,336,237,72,29%
2025-02-12,F24,CAMP SHIRT,900,330,188,63%
2025-02-12,F24,CREWNECK,-110,-77,-25,30%
2025-02-12,F24,DRESS,125,53,19,58%
2025-02-12,F24,FOOTWEAR,310,203,80,35%
2025-02-12,F24,HOODIE,"2,105","1,181",456,44%
2025-02-12,F24,LEGGINGS,220,110,42,50%
2025-02-12,F24,LONG SLEEVE KNIT,"3,205","1,579",620,51%
2025-02-12,F24,OUTERWEAR,900,342,196,62%
2025-02-12,F24,POLO,"1,063",634,249,40%
2025-02-12,F24,S/S BUTTON SHIRT,98,62,33,37%
2025-02-12,F24,SHORTS,"2,687","1,307",555,51%
2025-02-12,F24,SKIRT,-177,-107,-42,40%
2025-02-12,F24,SOCKS,36,23,14,35%
2025-02-12,F24,SPORT BRA,68,34,19,50%
2025-02-12,F24,SWEATER,"1,125",608,249,46%
2025-02-12,F24,SWEATPANTS,"1,222",698,244,43%
2025-02-12,F24,SWEATSHIRT,250,125,58,50%
2025-02-12,F24,TRACK JACKET,"21,910","10,721","4,265",51%
2025-02-12,F24,TRACK PANT,"16,730","8,241","3,232",51%
2025-02-12,F24,T-SHIRT,"2,770","1,437",620,48%
2025-02-12,S23,POLO,440,144,101,67%
2025-02-12,S23,SHORTS,68,21,14,69%
2025-02-12,S23,TRACK JACKET,125,94,18,25%
2025-02-12,S23,TRACK PANT,85,64,16,25%
2025-02-12,S24,CAMP SHIRT,810,209,170,74%
2025-02-12,S24,DRESS,196,57,34,71%
2025-02-12,S24,FOOTWEAR,118,84,20,29%
2025-02-12,S24,POLO,156,43,29,72%
2025-02-12,S24,SHORTS,"1,373",352,244,74%
2025-02-12,S24,SKIRT,468,129,78,72%
2025-02-12,S24,SKORT,156,43,25,72%
2025-02-12,S24,SPORT BRA,96,27,14,72%
2025-02-12,S24,TANK TOP,126,37,21,71%
2025-02-12,S24,TRACK JACKET,530,153,82,71%
2025-02-12,S24,TRACK PANT,443,240,78,46%
2025-02-12,S24,T-SHIRT,214,60,35,72%
2025-02-12,S25,DRESS,-125,-125,-25,0%
2025-02-12,S25,HOODIE,300,300,66,0%
2025-02-12,S25,POLO,294,294,63,0%
2025-02-12,S25,PULLOVER,110,110,21,0%
2025-02-12,S25,SHORTS,264,264,59,0%
2025-02-12,S25,SWEATER,"1,320","1,320",311,0%
2025-02-12,S25,TANK TOP,68,61,14,10%
2025-02-12,S25,TRACK JACKET,"2,090","1,856",425,11%
2025-02-12,S25,TRACK PANT,"2,135","2,073",428,3%
2025-02-12,S25,T-SHIRT,602,576,106,4%
2025-02-13,CORE,ACCESSORIES,36,29,10,20%
2025-02-13,CORE,HAT,84,80,14,5%
2025-02-13,CORE,SOCKS,72,36,16,50%
2025-02-13,CORE,TRACK JACKET,915,915,174,0%
2025-02-13,CORE,TRACK PANT,610,485,129,20%
2025-02-13,F21,HAT,114,45,18,61%
2025-02-13,F22,HAT,48,11,8,78%
2025-02-13,F23,POLO,0,0,0,#DIV/0!
2025-02-13,F23,SWEATPANTS,88,27,16,69%
2025-02-13,F23,TRACK PANT,375,91,67,76%
2025-02-13,F24,0,-145,-145,-53,0%
2025-02-13,F24,ACCESSORIES,42,30,9,29%
2025-02-13,F24,BAG,110,77,31,30%
2025-02-13,F24,CAMP SHIRT,"1,200",438,245,64%
2025-02-13,F24,CREWNECK,110,69,25,37%
2025-02-13,F24,DRESS,335,139,57,58%
2025-02-13,F24,FOOTWEAR,300,180,72,40%
2025-02-13,F24,HOODIE,"1,360",714,292,48%
2025-02-13,F24,JACKET,325,0,55,100%
2025-02-13,F24,LONG SLEEVE KNIT,"2,970","1,386",567,53%
2025-02-13,F24,OUTERWEAR,0,-12,-1,#DIV/0!
2025-02-13,F24,POLO,"1,808","1,090",591,40%
2025-02-13,F24,S/S BUTTON SHIRT,196,138,66,30%
2025-02-13,F24,SHORTS,"3,138","1,433",620,54%
2025-02-13,F24,SKIRT,166,99,51,40%
2025-02-13,F24,SKORT,-78,-47,-18,40%
2025-02-13,F24,SOCKS,36,26,8,28%
2025-02-13,F24,SWEATER,"2,040",981,502,52%
2025-02-13,F24,SWEATPANTS,752,445,146,41%
2025-02-13,F24,SWEATSHIRT,250,107,52,57%
2025-02-13,F24,TRACK JACKET,"17,750","8,591","3,345",52%
2025-02-13,F24,TRACK PANT,"14,190","6,544","2,712",54%
2025-02-13,F24,T-SHIRT,"2,314","1,103",616,52%
2025-02-13,S23,POLO,55,14,13,74%
2025-02-13,S23,TRACK PANT,85,51,16,40%
2025-02-13,S24,CAMP SHIRT,560,140,122,75%
2025-02-13,S24,CARDIGAN,108,33,19,69%
2025-02-13,S24,DRESS,284,78,53,72%
2025-02-13,S24,FOOTWEAR,263,215,66,18%
2025-02-13,S24,OUTERWEAR,300,72,56,76%
2025-02-13,S24,POLO,487,155,99,68%
2025-02-13,S24,SHORTS,"1,506",432,297,71%
2025-02-13,S24,SKIRT,692,221,124,68%
2025-02-13,S24,SKORT,342,100,69,71%
2025-02-13,S24,SPORT BRA,160,47,29,71%
2025-02-13,S24,SWEATER,135,41,28,70%
2025-02-13,S24,TANK TOP,330,85,54,74%
2025-02-13,S24,TRACK JACKET,405,158,69,61%
2025-02-13,S24,TRACK PANT,768,256,126,67%
2025-02-13,S24,T-SHIRT,266,75,42,72%
2025-02-13,S25,HOODIE,150,150,33,0%
2025-02-13,S25,POLO,894,749,173,16%
2025-02-13,S25,PULLOVER,125,-23,25,118%
2025-02-13,S25,SHORTS,"1,124","1,062",232,5%
2025-02-13,S25,SWEATER,"1,065","1,065",254,0%
2025-02-13,S25,TRACK JACKET,"1,980","1,630",371,18%
2025-02-13,S25,TRACK PANT,"1,715","1,642",314,4%
2025-02-13,S25,T-SHIRT,110,112,18,-2%
2025-02-14,CORE,ACCESSORIES,18,14,5,22%
2025-02-14,CORE,HAT,42,42,7,0%
2025-02-14,CORE,SOCKS,252,130,57,49%
2025-02-14,CORE,TRACK JACKET,940,877,188,7%
2025-02-14,CORE,TRACK PANT,485,547,101,-13%
2025-02-14,F21,HAT,38,15,6,61%
2025-02-14,F22,HAT,204,63,36,69%
2025-02-14,F23,TRACK JACKET,175,42,33,76%
2025-02-14,F23,TRACK PANT,470,131,90,72%
2025-02-14,F24,ACCESSORIES,424,243,90,43%
2025-02-14,F24,BAG,110,69,31,37%
2025-02-14,F24,CAMP SHIRT,450,168,92,63%
2025-02-14,F24,DRESS,260,136,41,48%
2025-02-14,F24,FOOTWEAR,290,174,64,40%
2025-02-14,F24,HOODIE,450,225,99,50%
2025-02-14,F24,LEGGINGS,110,55,21,50%
2025-02-14,F24,LONG SLEEVE KNIT,"2,253",978,477,57%
2025-02-14,F24,OUTERWEAR,225,113,38,50%
2025-02-14,F24,POLO,"1,457",741,431,49%
2025-02-14,F24,S/S BUTTON SHIRT,98,69,33,30%
2025-02-14,F24,SHORTS,"3,246","1,500",731,54%
2025-02-14,F24,SKIRT,431,277,108,36%
2025-02-14,F24,SKORT,156,80,36,49%
2025-02-14,F24,SOCKS,54,35,12,35%
2025-02-14,F24,SWEATER,"2,285","1,075",602,53%
2025-02-14,F24,SWEATPANTS,223,128,43,43%
2025-02-14,F24,TRACK JACKET,"17,990","8,808","3,355",51%
2025-02-14,F24,TRACK PANT,"15,915","7,925","3,047",50%
2025-02-14,F24,T-SHIRT,"2,150","1,106",535,49%
2025-02-14,S23,POLO,165,49,39,71%
2025-02-14,S23,SHORTS,68,19,14,72%
2025-02-14,S24,CAMP SHIRT,820,245,161,70%
2025-02-14,S24,OUTERWEAR,150,36,28,76%
2025-02-14,S24,POLO,467,129,81,72%
2025-02-14,S24,SHORTS,"1,858",548,335,71%
2025-02-14,S24,SKIRT,468,137,78,71%
2025-02-14,S24,SKORT,176,54,38,69%
2025-02-14,S24,SWEATER,135,41,28,70%
2025-02-14,S24,TRACK JACKET,635,196,96,69%
2025-02-14,S24,TRACK PANT,415,216,79,48%
2025-02-14,S24,T-SHIRT,180,53,28,71%
2025-02-14,S25,HOODIE,150,150,33,0%
2025-02-14,S25,POLO,455,455,90,0%
2025-02-14,S25,SHORTS,508,500,104,2%
2025-02-14,S25,SWEATER,"1,570","1,570",350,0%
2025-02-14,S25,TRACK JACKET,945,930,188,2%
2025-02-14,S25,TRACK PANT,830,818,168,2%
2025-02-14,S25,T-SHIRT,398,398,71,0%
2025-02-15,CORE,SOCKS,90,57,20,37%
2025-02-15,CORE,TRACK JACKET,"1,080",924,210,14%
2025-02-15,CORE,TRACK PANT,"1,065",894,208,16%
2025-02-15,F21,HAT,76,30,12,61%
2025-02-15,F22,HAT,144,36,24,75%
2025-02-15,F23,SWEATPANTS,88,24,16,72%
2025-02-15,F23,TRACK JACKET,175,53,33,70%
2025-02-15,F23,TRACK PANT,250,68,48,73%
2025-02-15,F24,0,145,145,53,0%
2025-02-15,F24,ACCESSORIES,340,221,74,35%
2025-02-15,F24,BAG,220,154,62,30%
2025-02-15,F24,CAMP SHIRT,750,276,160,63%
2025-02-15,F24,DRESS,125,68,19,46%
2025-02-15,F24,FOOTWEAR,290,174,64,40%
2025-02-15,F24,HOODIE,"1,450",780,351,46%
2025-02-15,F24,JACKET,-325,-163,-55,50%
2025-02-15,F24,LEGGINGS,330,165,63,50%
2025-02-15,F24,LONG SLEEVE KNIT,"2,774","1,331",515,52%
2025-02-15,F24,OUTERWEAR,450,203,99,55%
2025-02-15,F24,POLO,"1,568",848,502,46%
2025-02-15,F24,SHORTS,"2,176",990,468,55%
2025-02-15,F24,SKIRT,342,223,105,35%
2025-02-15,F24,SPORT BRA,68,34,19,50%
2025-02-15,F24,SWEATER,"2,000","1,134",446,43%
2025-02-15,F24,SWEATPANTS,"1,258",673,263,46%
2025-02-15,F24,SWEATSHIRT,190,95,47,50%
2025-02-15,F24,TRACK JACKET,"18,640","9,239","3,525",50%
2025-02-15,F24,TRACK PANT,"14,055","7,037","2,653",50%
2025-02-15,F24,T-SHIRT,"2,621","1,285",607,51%
2025-02-15,S23,POLO,275,74,64,73%
2025-02-15,S24,CAMP SHIRT,540,139,107,74%
2025-02-15,S24,CARDIGAN,108,33,19,69%
2025-02-15,S24,DRESS,88,24,19,72%
2025-02-15,S24,OUTERWEAR,450,135,84,70%
2025-02-15,S24,POLO,281,86,49,69%
2025-02-15,S24,SHORTS,"2,480",723,464,71%
2025-02-15,S24,SKIRT,380,148,76,61%
2025-02-15,S24,SKORT,88,27,19,69%
2025-02-15,S24,SPORT BRA,174,54,30,69%
2025-02-15,S24,SWEATER,150,45,37,70%
2025-02-15,S24,TANK TOP,68,21,11,69%
2025-02-15,S24,TRACK JACKET,840,321,144,62%
2025-02-15,S24,TRACK PANT,568,262,107,54%
2025-02-15,S24,T-SHIRT,530,216,118,59%
2025-02-15,S25,ACCESSORIES,58,41,11,30%
2025-02-15,S25,CABANA SHIRT,88,88,19,0%
2025-02-15,S25,DRESS,243,243,43,0%
2025-02-15,S25,HOODIE,150,135,33,10%
2025-02-15,S25,POLO,752,715,154,5%
2025-02-15,S25,PULLOVER,110,77,21,30%
2025-02-15,S25,SHORTS,616,537,132,13%
2025-02-15,S25,SOCKS,18,18,4,0%
2025-02-15,S25,SWEATER,"1,065",612,246,43%
2025-02-15,S25,TRACK JACKET,"2,350","2,114",439,10%
2025-02-15,S25,TRACK PANT,"1,675","1,497",337,11%
2025-02-15,S25,T-SHIRT,352,299,59,15%
2025-02-15,SS22,FOOTWEAR,95,29,21,69%
2025-02-16,CORE,HAT,126,113,21,10%
2025-02-16,CORE,SOCKS,234,194,52,17%
2025-02-16,CORE,TRACK JACKET,635,602,130,5%
2025-02-16,CORE,TRACK PANT,595,570,118,4%
2025-02-16,F21,HAT,38,15,6,61%
2025-02-16,F22,HAT,96,23,16,77%
2025-02-16,F22,SHORTS,78,19,14,75%
2025-02-16,F23,TRACK PANT,458,139,88,70%
2025-02-16,F24,0,290,276,106,5%
2025-02-16,F24,ACCESSORIES,294,210,67,29%
2025-02-16,F24,CAMP SHIRT,"1,200",468,250,61%
2025-02-16,F24,CREWNECK,125,88,45,30%
2025-02-16,F24,FOOTWEAR,450,270,108,40%
2025-02-16,F24,HOODIE,995,521,206,48%
2025-02-16,F24,LEGGINGS,110,55,21,50%
2025-02-16,F24,LONG SLEEVE KNIT,"2,100",989,411,53%
2025-02-16,F24,OUTERWEAR,295,133,48,55%
2025-02-16,F24,POLO,"1,756","1,077",522,39%
2025-02-16,F24,S/S BUTTON SHIRT,294,207,99,30%
2025-02-16,F24,SHORTS,"3,145","1,420",671,55%
2025-02-16,F24,SKORT,156,89,36,43%
2025-02-16,F24,SOCKS,72,47,16,35%
2025-02-16,F24,SWEATER,"1,225",639,264,48%
2025-02-16,F24,SWEATPANTS,610,387,124,37%
2025-02-16,F24,SWEATSHIRT,315,142,73,55%
2025-02-16,F24,TRACK JACKET,"16,370","8,527","3,193",48%
2025-02-16,F24,TRACK PANT,"14,630","7,640","2,825",48%
2025-02-16,F24,T-SHIRT,"3,271","1,625",857,50%
2025-02-16,S23,SHORTS,68,17,12,75%
2025-02-16,S24,CAMP SHIRT,810,197,164,76%
2025-02-16,S24,CARDIGAN,216,66,38,69%
2025-02-16,S24,FOOTWEAR,59,38,10,36%
2025-02-16,S24,OUTERWEAR,150,45,28,70%
2025-02-16,S24,SHORTS,"2,338",591,422,75%
2025-02-16,S24,SKIRT,292,80,42,73%
2025-02-16,S24,SPORT BRA,256,54,43,79%
2025-02-16,S24,SWEATPANTS,176,48,32,73%
2025-02-16,S24,TANK TOP,96,24,18,75%
2025-02-16,S24,TRACK JACKET,395,120,62,70%
2025-02-16,S24,TRACK PANT,323,147,55,54%
2025-02-16,S24,T-SHIRT,170,48,28,72%
2025-02-16,S25,0,59,53,8,10%
2025-02-16,S25,DRESS,125,100,25,20%
2025-02-16,S25,HOODIE,0,0,0,#DIV/0!
2025-02-16,S25,POLO,333,333,65,0%
2025-02-16,S25,PULLOVER,250,250,50,0%
2025-02-16,S25,SHORTS,430,398,95,7%
2025-02-16,S25,SKORT,98,78,23,20%
2025-02-16,S25,SWEATER,250,200,63,20%
2025-02-16,S25,TRACK JACKET,"2,650","2,524",489,5%
2025-02-16,S25,TRACK PANT,"2,050","1,948",399,5%
2025-02-16,S25,T-SHIRT,"1,026",984,178,4%
2025-02-16,SS22,FOOTWEAR,95,29,21,69%
2025-02-17,CORE,HAT,-6,-6,-4,0%
2025-02-17,CORE,SOCKS,90,51,20,43%
2025-02-17,CORE,TRACK JACKET,"1,260","1,342",198,-7%
2025-02-17,CORE,TRACK PANT,"1,145","1,206",203,-5%
2025-02-17,F22,HAT,96,30,16,69%
2025-02-17,F23,TRACK JACKET,270,78,58,71%
2025-02-17,F23,TRACK PANT,125,34,25,73%
2025-02-17,F24,ACCESSORIES,214,121,42,43%
2025-02-17,F24,CAMP SHIRT,600,228,124,62%
2025-02-17,F24,CREWNECK,-125,-88,-45,30%
2025-02-17,F24,DRESS,125,75,19,40%
2025-02-17,F24,FOOTWEAR,310,113,80,64%
2025-02-17,F24,HAT,45,32,11,29%
2025-02-17,F24,HOODIE,"1,275",653,294,49%
2025-02-17,F24,LONG SLEEVE KNIT,"1,998",951,378,52%
2025-02-17,F24,OUTERWEAR,675,293,136,57%
2025-02-17,F24,POLO,-264,-162,-71,39%
2025-02-17,F24,S/S BUTTON SHIRT,-98,-62,-33,37%
2025-02-17,F24,SHORTS,"1,046",476,200,54%
2025-02-17,F24,SKIRT,88,48,16,46%
2025-02-17,F24,SOCKS,18,13,10,28%
2025-02-17,F24,SWEATER,"1,530",965,371,37%
2025-02-17,F24,SWEATPANTS,0,18,0,#DIV/0!
2025-02-17,F24,SWEATSHIRT,0,25,6,#DIV/0!
2025-02-17,F24,TRACK JACKET,"7,060","3,660","1,327",48%
2025-02-17,F24,TRACK PANT,"6,425","3,247","1,312",49%
2025-02-17,F24,T-SHIRT,820,482,199,41%
2025-02-17,S23,SHORTS,68,19,14,72%
2025-02-17,S24,CAMP SHIRT,135,37,25,73%
2025-02-17,S24,CARDIGAN,108,30,19,73%
2025-02-17,S24,DRESS,108,33,17,69%
2025-02-17,S24,FOOTWEAR,118,84,20,29%
2025-02-17,S24,POLO,407,186,71,54%
2025-02-17,S24,SHORTS,546,155,85,72%
2025-02-17,S24,SKIRT,322,99,54,69%
2025-02-17,S24,SKORT,166,49,32,71%
2025-02-17,S24,SPORT BRA,78,24,16,69%
2025-02-17,S24,TANK TOP,68,21,11,69%
2025-02-17,S24,TRACK JACKET,385,105,55,73%
2025-02-17,S24,TRACK PANT,125,63,24,50%
2025-02-17,S24,T-SHIRT,134,56,39,58%
2025-02-17,S25,HOODIE,150,150,33,0%
2025-02-17,S25,POLO,615,605,129,2%
2025-02-17,S25,PULLOVER,125,125,25,0%
2025-02-17,S25,SHORTS,254,245,56,3%
2025-02-17,S25,SWEATER,250,200,63,20%
2025-02-17,S25,TRACK JACKET,"3,020","2,985",586,1%
2025-02-17,S25,TRACK PANT,"2,250","2,223",452,1%
2025-02-17,S25,T-SHIRT,316,306,55,3%
2025-02-18,CORE,HAT,42,42,7,0%
2025-02-18,CORE,SOCKS,54,27,12,50%
2025-02-18,CORE,TRACK JACKET,"1,310","1,212",226,7%
2025-02-18,CORE,TRACK PANT,910,833,158,8%
2025-02-18,F23,KNITWEAR,225,54,63,76%
2025-02-18,F23,SWEATPANTS,0,0,0,#DIV/0!
2025-02-18,F23,TRACK JACKET,135,41,29,70%
2025-02-18,F23,TRACK PANT,275,83,52,70%
2025-02-18,F23,T-SHIRT,-42,-24,-7,43%
2025-02-18,F24,ACCESSORIES,4,-1,-1,115%
2025-02-18,F24,BAG,110,54,31,51%
2025-02-18,F24,CAMP SHIRT,300,120,64,60%
2025-02-18,F24,CREWNECK,-125,0,-45,100%
2025-02-18,F24,DRESS,260,143,41,45%
2025-02-18,F24,FOOTWEAR,-140,-93,-28,34%
2025-02-18,F24,HOODIE,285,186,54,35%
2025-02-18,F24,LONG SLEEVE KNIT,960,449,182,53%
2025-02-18,F24,OUTERWEAR,450,180,98,60%
2025-02-18,F24,POLO,457,139,133,70%
2025-02-18,F24,S/S BUTTON SHIRT,196,138,66,30%
2025-02-18,F24,SHORTS,"1,425",528,304,63%
2025-02-18,F24,SWEATER,875,370,225,58%
2025-02-18,F24,SWEATSHIRT,0,54,-6,#DIV/0!
2025-02-18,F24,TRACK JACKET,"8,865","4,246","1,663",52%
2025-02-18,F24,TRACK PANT,"7,350","3,069","1,373",58%
2025-02-18,F24,T-SHIRT,"1,575",811,298,49%
2025-02-18,S23,POLO,165,52,39,68%
2025-02-18,S23,SHORTS,68,21,14,69%
2025-02-18,S24,CAMP SHIRT,-260,-54,-46,79%
2025-02-18,S24,DRESS,274,84,55,69%
2025-02-18,S24,FOOTWEAR,118,80,20,32%
2025-02-18,S24,OUTERWEAR,0,-45,0,#DIV/0!
2025-02-18,S24,SHORTS,758,239,164,68%
2025-02-18,S24,SKIRT,68,21,9,69%
2025-02-18,S24,SKORT,88,27,19,69%
2025-02-18,S24,TANK TOP,68,21,11,69%
2025-02-18,S24,TRACK JACKET,405,324,73,20%
2025-02-18,S24,TRACK PANT,775,406,143,48%
2025-02-18,S24,T-SHIRT,244,114,57,53%
2025-02-18,S25,ACCESSORIES,116,93,23,20%
2025-02-18,S25,DRESS,0,0,0,#DIV/0!
2025-02-18,S25,POLO,272,243,54,11%
2025-02-18,S25,PULLOVER,110,88,21,20%
2025-02-18,S25,SHORTS,146,333,25,-128%
2025-02-18,S25,SWEATER,195,195,41,0%
2025-02-18,S25,TRACK JACKET,"1,625","1,663",312,-2%
2025-02-18,S25,TRACK PANT,550,690,104,-25%
2025-02-18,S25,T-SHIRT,-68,244,-12,459%
2025-02-19,CORE,HAT,84,84,14,0%
2025-02-19,CORE,SOCKS,126,101,28,20%
2025-02-19,CORE,TRACK JACKET,330,281,72,15%
2025-02-19,CORE,TRACK PANT,470,400,90,15%
2025-02-19,F22,HAT,144,41,24,72%
2025-02-19,F23,SWEATPANTS,88,27,16,69%
2025-02-19,F23,TRACK JACKET,175,53,33,70%
2025-02-19,F23,TRACK PANT,458,132,82,71%
2025-02-19,F24,0,145,145,53,0%
2025-02-19,F24,ACCESSORIES,126,87,25,31%
2025-02-19,F24,CAMP SHIRT,450,174,94,61%
2025-02-19,F24,DRESS,125,75,19,40%
2025-02-19,F24,FOOTWEAR,310,169,80,45%
2025-02-19,F24,HOODIE,710,408,152,43%
2025-02-19,F24,LEGGINGS,220,105,42,53%
2025-02-19,F24,LONG SLEEVE KNIT,"3,433","1,606",667,53%
2025-02-19,F24,OUTERWEAR,675,270,147,60%
2025-02-19,F24,POLO,"2,239","1,297",698,42%
2025-02-19,F24,S/S BUTTON SHIRT,196,138,66,30%
2025-02-19,F24,SHORTS,"3,985","2,000",846,50%
2025-02-19,F24,SKORT,78,47,18,40%
2025-02-19,F24,SOCKS,18,13,4,28%
2025-02-19,F24,SPORT BRA,272,136,76,50%
2025-02-19,F24,SWEATER,15,-50,17,436%
2025-02-19,F24,SWEATPANTS,419,184,79,56%
2025-02-19,F24,SWEATSHIRT,270,190,87,30%
2025-02-19,F24,TRACK JACKET,"11,460","5,180","2,244",55%
2025-02-19,F24,TRACK PANT,"9,720","4,493","1,828",54%
2025-02-19,F24,T-SHIRT,"3,145","1,582",749,50%
2025-02-19,S23,POLO,55,16,13,71%
2025-02-19,S24,CAMP SHIRT,270,66,50,76%
2025-02-19,S24,CARDIGAN,216,66,38,69%
2025-02-19,S24,DRESS,264,54,57,80%
2025-02-19,S24,FOOTWEAR,59,34,10,43%
2025-02-19,S24,OUTERWEAR,450,135,84,70%
2025-02-19,S24,POLO,78,22,15,72%
2025-02-19,S24,SHORTS,"1,201",295,206,75%
2025-02-19,S24,SKIRT,322,99,60,69%
2025-02-19,S24,SKORT,78,24,12,69%
2025-02-19,S24,SPORT BRA,176,55,37,69%
2025-02-19,S24,SWEATPANTS,176,48,33,73%
2025-02-19,S24,TRACK PANT,"1,005",463,161,54%
2025-02-19,S24,T-SHIRT,76,24,14,68%
2025-02-19,S25,ACTIVE JACKET,125,88,26,30%
2025-02-19,S25,HOODIE,300,285,66,5%
2025-02-19,S25,LEGGINGS,296,207,57,30%
2025-02-19,S25,POLO,394,189,77,52%
2025-02-19,S25,PULLOVER,235,223,46,5%
2025-02-19,S25,SHORTS,506,506,91,0%
2025-02-19,S25,SKIRT,58,58,11,0%
2025-02-19,S25,SOCKS,54,50,12,7%
2025-02-19,S25,SWEATER,760,684,169,10%
2025-02-19,S25,TANK TOP,374,363,70,3%
2025-02-19,S25,TRACK JACKET,"2,295","2,216",431,3%
2025-02-19,S25,TRACK PANT,"1,775","1,696",349,4%
2025-02-19,S25,T-SHIRT,"1,070","1,049",188,2%
2025-02-20,CORE,SOCKS,144,105,32,27%
2025-02-20,CORE,TRACK JACKET,750,610,138,19%
2025-02-20,CORE,TRACK PANT,440,440,68,0%
2025-02-20,F21,HAT,76,30,12,61%
2025-02-20,F22,HAT,156,47,28,70%
2025-02-20,F23,TRACK JACKET,175,53,33,70%
2025-02-20,F23,TRACK PANT,645,194,119,70%
2025-02-20,F24,ACCESSORIES,504,342,107,32%
2025-02-20,F24,CAMP SHIRT,885,343,185,61%
2025-02-20,F24,FOOTWEAR,310,192,80,38%
2025-02-20,F24,HAT,45,29,11,36%
2025-02-20,F24,HOODIE,700,375,163,46%
2025-02-20,F24,LONG SLEEVE KNIT,"2,544","1,173",504,54%
2025-02-20,F24,OUTERWEAR,450,0,76,100%
2025-02-20,F24,POLO,"1,318",759,364,42%
2025-02-20,F24,S/S BUTTON SHIRT,196,131,66,33%
2025-02-20,F24,SHORTS,"3,725","1,799",791,52%
2025-02-20,F24,SKIRT,166,97,50,41%
2025-02-20,F24,SOCKS,54,36,11,33%
2025-02-20,F24,SWEATER,"1,075",449,250,58%
2025-02-20,F24,SWEATPANTS,431,222,85,49%
2025-02-20,F24,SWEATSHIRT,125,57,26,55%
2025-02-20,F24,TRACK JACKET,"11,400","5,673","2,125",50%
2025-02-20,F24,TRACK PANT,"10,250","5,139","1,956",50%
2025-02-20,F24,T-SHIRT,"3,131","1,673",781,47%
2025-02-20,S23,POLO,55,18,13,67%
2025-02-20,S23,TRACK JACKET,125,94,18,25%
2025-02-20,S24,CAMP SHIRT,685,183,143,73%
2025-02-20,S24,FOOTWEAR,59,38,10,36%
2025-02-20,S24,POLO,118,36,20,69%
2025-02-20,S24,SHORTS,"1,821",509,337,72%
2025-02-20,S24,SKIRT,272,84,36,69%
2025-02-20,S24,SPORT BRA,320,95,58,70%
2025-02-20,S24,TANK TOP,48,15,9,69%
2025-02-20,S24,TRACK JACKET,375,99,66,74%
2025-02-20,S24,TRACK PANT,318,115,59,64%
2025-02-20,S24,T-SHIRT,90,24,20,73%
2025-02-20,S25,CABANA SHIRT,135,108,32,20%
2025-02-20,S25,HOODIE,300,270,66,10%
2025-02-20,S25,POLO,353,90,67,75%
2025-02-20,S25,SHORTS,399,319,82,20%
2025-02-20,S25,SKORT,88,0,18,100%
2025-02-20,S25,SWEATER,475,475,116,0%
2025-02-20,S25,TRACK JACKET,"3,175","2,784",591,12%
2025-02-20,S25,TRACK PANT,"2,470","2,242",468,9%
2025-02-20,S25,T-SHIRT,338,199,50,41%
2025-02-21,CORE,HAT,84,84,14,0%
2025-02-21,CORE,SOCKS,234,158,52,32%
2025-02-21,CORE,TRACK JACKET,"1,055",952,196,10%
2025-02-21,CORE,TRACK PANT,595,586,118,2%
2025-02-21,F23,OUTERWEAR,175,53,40,70%
2025-02-21,F23,TRACK JACKET,135,41,29,70%
2025-02-21,F23,TRACK PANT,235,71,48,70%
2025-02-21,F24,ACCESSORIES,210,144,44,31%
2025-02-21,F24,BAG,110,77,31,30%
2025-02-21,F24,CAMP SHIRT,"1,050",420,214,60%
2025-02-21,F24,DRESS,395,204,63,48%
2025-02-21,F24,FOOTWEAR,150,90,36,40%
2025-02-21,F24,HOODIE,545,281,107,48%
2025-02-21,F24,LEGGINGS,110,55,21,50%
2025-02-21,F24,LONG SLEEVE KNIT,"2,603","1,208",520,54%
2025-02-21,F24,OUTERWEAR,450,67,109,85%
2025-02-21,F24,POLO,"2,064","1,304",766,37%
2025-02-21,F24,S/S BUTTON SHIRT,98,69,33,30%
2025-02-21,F24,SHORTS,"2,787","1,417",570,49%
2025-02-21,F24,SKIRT,343,219,92,36%
2025-02-21,F24,SOCKS,36,26,8,28%
2025-02-21,F24,SPORT BRA,204,102,57,50%
2025-02-21,F24,SWEATER,510,225,95,56%
2025-02-21,F24,SWEATPANTS,208,105,42,49%
2025-02-21,F24,SWEATSHIRT,375,205,84,45%
2025-02-21,F24,TRACK JACKET,"9,285","4,468","1,788",52%
2025-02-21,F24,TRACK PANT,"9,945","4,718","1,878",53%
2025-02-21,F24,T-SHIRT,"2,044","1,022",449,50%
2025-02-21,S23,POLO,165,45,39,73%
2025-02-21,S23,TRACK PANT,85,58,16,32%
2025-02-21,S24,CAMP SHIRT,0,0,0,#DIV/0!
2025-02-21,S24,CARDIGAN,108,33,19,69%
2025-02-21,S24,DRESS,294,90,53,69%
2025-02-21,S24,FOOTWEAR,204,173,56,15%
2025-02-21,S24,OUTERWEAR,450,135,84,70%
2025-02-21,S24,POLO,204,61,36,70%
2025-02-21,S24,SHORTS,818,249,161,70%
2025-02-21,S24,SKIRT,458,137,78,70%
2025-02-21,S24,SKORT,88,24,19,72%
2025-02-21,S24,SPORT BRA,254,77,53,70%
2025-02-21,S24,TANK TOP,116,32,20,73%
2025-02-21,S24,TRACK JACKET,520,136,78,74%
2025-02-21,S24,TRACK PANT,235,116,34,50%
2025-02-21,S25,0,88,88,18,0%
2025-02-21,S25,POLO,213,103,41,52%
2025-02-21,S25,SHORTS,352,238,79,33%
2025-02-21,S25,SKIRT,88,88,21,0%
2025-02-21,S25,SKORT,186,186,41,0%
2025-02-21,S25,SOCKS,18,18,4,0%
2025-02-21,S25,SWEATER,"1,450","1,450",334,0%
2025-02-21,S25,TRACK JACKET,"1,280","1,214",252,5%
2025-02-21,S25,TRACK PANT,960,892,187,7%
2025-02-21,S25,T-SHIRT,198,180,38,9%
2025-02-22,CORE,HAT,210,210,35,0%
2025-02-22,CORE,SOCKS,72,17,16,76%
2025-02-22,CORE,TRACK JACKET,"1,195","1,132",218,5%
2025-02-22,CORE,TRACK PANT,"1,145","1,075",203,6%
2025-02-22,F22,HAT,48,14,8,72%
2025-02-22,F23,TRACK PANT,220,66,46,70%
2025-02-22,F24,ACCESSORIES,252,174,51,31%
2025-02-22,F24,CAMP SHIRT,450,180,94,60%
2025-02-22,F24,CREWNECK,220,131,50,41%
2025-02-22,F24,DRESS,800,408,129,49%
2025-02-22,F24,FOOTWEAR,150,90,36,40%
2025-02-22,F24,HOODIE,385,209,85,46%
2025-02-22,F24,LONG SLEEVE KNIT,"1,850",826,364,55%
2025-02-22,F24,POLO,"1,702","1,015",540,40%
2025-02-22,F24,S/S BUTTON SHIRT,392,255,132,35%
2025-02-22,F24,SHORTS,"2,276","1,203",534,47%
2025-02-22,F24,SKIRT,88,37,16,58%
2025-02-22,F24,SWEATER,"1,680",744,409,56%
2025-02-22,F24,SWEATPANTS,431,228,85,47%
2025-02-22,F24,TRACK JACKET,"15,385","8,113","2,897",47%
2025-02-22,F24,TRACK PANT,"12,920","6,533","2,513",49%
2025-02-22,F24,T-SHIRT,887,410,239,54%
2025-02-22,S23,POLO,110,34,26,69%
2025-02-22,S23,SHORTS,68,19,14,72%
2025-02-22,S23,TRACK JACKET,125,94,18,25%
2025-02-22,S23,TRACK PANT,85,64,16,25%
2025-02-22,S24,0,50,50,16,0%
2025-02-22,S24,CAMP SHIRT,685,204,150,70%
2025-02-22,S24,CARDIGAN,432,129,76,70%
2025-02-22,S24,DRESS,331,138,75,58%
2025-02-22,S24,FOOTWEAR,59,38,10,36%
2025-02-22,S24,LONG SLEEVE KNIT,176,51,30,71%
2025-02-22,S24,OUTERWEAR,600,158,112,74%
2025-02-22,S24,POLO,447,133,76,70%
2025-02-22,S24,SHORTS,"1,601",478,296,70%
2025-02-22,S24,SKIRT,234,67,45,71%
2025-02-22,S24,SPORT BRA,128,40,31,69%
2025-02-22,S24,SWEATPANTS,176,46,32,74%
2025-02-22,S24,TANK TOP,164,49,29,70%
2025-02-22,S24,TRACK JACKET,575,221,99,62%
2025-02-22,S24,TRACK PANT,260,154,39,41%
2025-02-22,S24,T-SHIRT,138,42,27,70%
2025-02-22,S25,0,59,59,8,0%
2025-02-22,S25,DRESS,125,113,25,10%
2025-02-22,S25,HOODIE,150,135,33,10%
2025-02-22,S25,POLO,98,88,21,10%
2025-02-22,S25,PULLOVER,110,110,21,0%
2025-02-22,S25,SHORTS,264,264,58,0%
2025-02-22,S25,SOCKS,18,18,4,0%
2025-02-22,S25,SWEATER,"1,600","1,505",387,6%
2025-02-22,S25,TRACK JACKET,"2,465","2,467",468,0%
2025-02-22,S25,TRACK PANT,"1,690","1,542",332,9%
2025-02-22,S25,T-SHIRT,288,288,50,0%
2025-02-23,CORE,ACCESSORIES,180,140,53,22%
2025-02-23,CORE,HAT,84,84,14,0%
2025-02-23,CORE,SOCKS,90,70,20,22%
2025-02-23,CORE,TRACK JACKET,750,640,138,15%
2025-02-23,CORE,TRACK PANT,800,706,141,12%
2025-02-23,F21,HAT,190,71,30,63%
2025-02-23,F22,HAT,204,62,36,70%
2025-02-23,F23,SWEATPANTS,88,27,16,69%
2025-02-23,F23,TRACK PANT,275,70,50,75%
2025-02-23,F24,0,290,290,106,0%
2025-02-23,F24,ACCESSORIES,252,180,58,29%
2025-02-23,F24,BAG,110,77,31,30%
2025-02-23,F24,CAMP SHIRT,735,296,155,60%
2025-02-23,F24,DRESS,135,68,22,50%
2025-02-23,F24,HAT,45,32,11,29%
2025-02-23,F24,HOODIE,875,398,193,55%
2025-02-23,F24,LEGGINGS,220,105,42,53%
2025-02-23,F24,LONG SLEEVE KNIT,"2,065","1,023",399,50%
2025-02-23,F24,OUTERWEAR,900,383,197,57%
2025-02-23,F24,POLO,924,559,271,40%
2025-02-23,F24,SHORTS,"3,019","1,549",613,49%
2025-02-23,F24,SOCKS,36,26,8,28%
2025-02-23,F24,SPORT BRA,68,34,19,50%
2025-02-23,F24,SWEATER,640,321,154,50%
2025-02-23,F24,SWEATPANTS,333,157,68,53%
2025-02-23,F24,SWEATSHIRT,250,120,52,52%
2025-02-23,F24,TRACK JACKET,"12,370","6,339","2,317",49%
2025-02-23,F24,TRACK PANT,"10,395","5,358","1,950",48%
2025-02-23,F24,T-SHIRT,"2,006",976,398,51%
2025-02-23,S23,POLO,275,90,65,67%
2025-02-23,S23,SHORTS,272,76,50,72%
2025-02-23,S23,TRACK JACKET,125,85,18,32%
2025-02-23,S23,TRACK PANT,85,58,16,32%
2025-02-23,S24,CAMP SHIRT,270,78,50,71%
2025-02-23,S24,DRESS,186,57,36,69%
2025-02-23,S24,FOOTWEAR,59,42,10,29%
2025-02-23,S24,POLO,166,51,32,69%
2025-02-23,S24,SHORTS,"1,294",374,233,71%
2025-02-23,S24,SKIRT,224,69,33,69%
2025-02-23,S24,SKORT,78,24,13,69%
2025-02-23,S24,TANK TOP,252,78,42,69%
2025-02-23,S24,TRACK JACKET,810,284,136,65%
2025-02-23,S24,TRACK PANT,595,276,92,54%
2025-02-23,S24,T-SHIRT,266,83,72,69%
2025-02-23,S25,CABANA SHIRT,135,135,32,0%
2025-02-23,S25,HOODIE,750,750,165,0%
2025-02-23,S25,JACKET,165,165,32,0%
2025-02-23,S25,POLO,708,676,139,5%
2025-02-23,S25,SHORTS,399,390,82,2%
2025-02-23,S25,SOCKS,36,36,8,0%
2025-02-23,S25,SWEATER,"1,020",970,243,5%
2025-02-23,S25,TRACK JACKET,"4,075","3,694",821,9%
2025-02-23,S25,TRACK PANT,"2,990","2,817",602,6%
2025-02-23,S25,T-SHIRT,184,184,32,0%
2025-02-24,CORE,HAT,84,80,14,5%
2025-02-24,CORE,SOCKS,108,104,24,3%
2025-02-24,CORE,TRACK JACKET,255,364,30,-43%
2025-02-24,CORE,TRACK PANT,440,496,68,-13%
2025-02-24,F21,HAT,38,14,6,64%
2025-02-24,F22,HAT,240,75,40,69%
2025-02-24,F23,POLO,78,22,14,72%
2025-02-24,F23,SHORTS,136,42,26,69%
2025-02-24,F23,TRACK JACKET,135,37,29,73%
2025-02-24,F23,TRACK PANT,435,127,91,71%
2025-02-24,F24,0,-145,-145,-53,0%
2025-02-24,F24,ACCESSORIES,168,120,40,29%
2025-02-24,F24,CAMP SHIRT,165,46,33,72%
2025-02-24,F24,CREWNECK,110,69,25,37%
2025-02-24,F24,DRESS,270,136,44,50%
2025-02-24,F24,FOOTWEAR,-160,-90,-44,44%
2025-02-24,F24,HAT,-45,-29,-11,36%
2025-02-24,F24,HOODIE,115,47,39,60%
2025-02-24,F24,LEGGINGS,110,50,21,55%
2025-02-24,F24,LONG SLEEVE KNIT,"1,178",569,204,52%
2025-02-24,F24,OUTERWEAR,225,113,38,50%
2025-02-24,F24,POLO,512,293,172,43%
2025-02-24,F24,S/S BUTTON SHIRT,-196,-214,-66,-9%
2025-02-24,F24,SHORTS,561,288,127,49%
2025-02-24,F24,SKIRT,-88,-62,-39,30%
2025-02-24,F24,SOCKS,0,0,0,#DIV/0!
2025-02-24,F24,SPORT BRA,136,65,38,53%
2025-02-24,F24,SWEATER,30,0,26,100%
2025-02-24,F24,SWEATPANTS,514,298,104,42%
2025-02-24,F24,TRACK JACKET,"10,250","5,225","2,080",49%
2025-02-24,F24,TRACK PANT,"9,410","4,915","1,774",48%
2025-02-24,F24,T-SHIRT,"1,448",858,279,41%
2025-02-24,S23,POLO,275,90,65,67%
2025-02-24,S23,TRACK JACKET,-125,-94,-18,25%
2025-02-24,S23,TRACK PANT,-85,-64,-16,25%
2025-02-24,S24,BAG,175,105,60,40%
2025-02-24,S24,CAMP SHIRT,405,119,82,71%
2025-02-24,S24,CARDIGAN,216,59,38,73%
2025-02-24,S24,DRESS,10,3,-2,70%
2025-02-24,S24,FOOTWEAR,0,4,0,#DIV/0!
2025-02-24,S24,OUTERWEAR,150,45,28,70%
2025-02-24,S24,POLO,193,59,32,69%
2025-02-24,S24,SHORTS,748,223,119,70%
2025-02-24,S24,SKIRT,410,88,62,79%
2025-02-24,S24,SPORT BRA,78,24,16,69%
2025-02-24,S24,SWEATER,150,45,37,70%
2025-02-24,S24,SWEATPANTS,176,48,32,73%
2025-02-24,S24,TANK TOP,232,71,40,70%
2025-02-24,S24,TRACK JACKET,"1,055",376,165,64%
2025-02-24,S24,TRACK PANT,485,222,65,54%
2025-02-24,S24,T-SHIRT,-16,-60,-28,-275%
2025-02-24,S25,0,88,79,18,10%
2025-02-24,S25,ACTIVE JACKET,125,113,26,10%
2025-02-24,S25,CABANA SHIRT,115,115,22,0%
2025-02-24,S25,DRESS,-110,-110,-23,0%
2025-02-24,S25,HOODIE,150,120,33,20%
2025-02-24,S25,LEGGINGS,118,106,21,10%
2025-02-24,S25,POLO,223,223,48,0%
2025-02-24,S25,SHORTS,745,736,162,1%
2025-02-24,S25,SKIRT,88,79,21,10%
2025-02-24,S25,SOCKS,0,0,0,#DIV/0!
2025-02-24,S25,SWEATER,"1,445","1,445",347,0%
2025-02-24,S25,TRACK JACKET,"1,860","1,279",348,31%
2025-02-24,S25,TRACK PANT,"1,315","1,033",249,21%
2025-02-24,S25,T-SHIRT,568,559,103,2%
2025-02-24,SS22,FOOTWEAR,95,29,21,69%
2025-02-25,CORE,ACCESSORIES,18,14,5,22%
2025-02-25,CORE,HAT,126,126,21,0%
2025-02-25,CORE,SOCKS,126,115,28,9%
2025-02-25,CORE,TRACK JACKET,"1,105","1,072",224,3%
2025-02-25,CORE,TRACK PANT,845,820,174,3%
2025-02-25,F22,SHORTS,78,22,14,72%
2025-02-25,F23,POLO,78,22,14,72%
2025-02-25,F23,TRACK JACKET,445,127,91,72%
2025-02-25,F23,TRACK PANT,635,174,121,73%
2025-02-25,F24,ACCESSORIES,382,254,85,34%
2025-02-25,F24,CAMP SHIRT,"1,800",696,370,61%
2025-02-25,F24,CREWNECK,125,87,45,30%
2025-02-25,F24,DRESS,635,266,130,58%
2025-02-25,F24,HOODIE,385,140,85,64%
2025-02-25,F24,LEGGINGS,-110,-2,-21,98%
2025-02-25,F24,LONG SLEEVE KNIT,"2,523","1,233",498,51%
2025-02-25,F24,OUTERWEAR,"1,125",476,224,58%
2025-02-25,F24,POLO,"1,767",806,534,54%
2025-02-25,F24,S/S BUTTON SHIRT,294,200,99,32%
2025-02-25,F24,SHORTS,"4,738","2,134",950,55%
2025-02-25,F24,SKIRT,411,272,167,34%
2025-02-25,F24,SKORT,-78,-38,-18,52%
2025-02-25,F24,SOCKS,18,12,4,35%
2025-02-25,F24,SWEATER,"1,630",865,373,47%
2025-02-25,F24,SWEATPANTS,514,245,102,52%
2025-02-25,F24,SWEATSHIRT,125,79,32,37%
2025-02-25,F24,TRACK JACKET,"9,440","4,898","1,803",48%
2025-02-25,F24,TRACK PANT,"9,880","4,988","1,893",50%
2025-02-25,F24,T-SHIRT,"2,146","1,102",485,49%
2025-02-25,S23,POLO,220,72,51,67%
2025-02-25,S23,SHORTS,204,61,38,70%
2025-02-25,S24,CAMP SHIRT,675,197,139,71%
2025-02-25,S24,CARDIGAN,324,96,57,70%
2025-02-25,S24,DRESS,382,114,72,70%
2025-02-25,S24,FOOTWEAR,59,38,10,36%
2025-02-25,S24,OUTERWEAR,300,90,56,70%
2025-02-25,S24,POLO,251,140,41,44%
2025-02-25,S24,SHORTS,"1,294",364,227,72%
2025-02-25,S24,SKIRT,204,39,14,81%
2025-02-25,S24,SKORT,166,49,31,71%
2025-02-25,S24,SPORT BRA,268,79,54,71%
2025-02-25,S24,SWEATER,150,45,37,70%
2025-02-25,S24,TANK TOP,68,19,11,72%
2025-02-25,S24,TRACK JACKET,170,97,34,43%
2025-02-25,S24,TRACK PANT,663,250,98,62%
2025-02-25,S24,T-SHIRT,262,91,66,65%
2025-02-25,S25,LEGGINGS,178,178,36,0%
2025-02-25,S25,POLO,953,928,199,3%
2025-02-25,S25,SHORTS,644,644,140,0%
2025-02-25,S25,SKORT,98,98,23,0%
2025-02-25,S25,SWEATER,"1,285","1,238",301,4%
2025-02-25,S25,TANK TOP,68,68,14,0%
2025-02-25,S25,TRACK JACKET,"3,305","3,248",612,2%
2025-02-25,S25,TRACK PANT,"2,005","1,750",383,13%
2025-02-25,S25,T-SHIRT,850,837,148,1%
2025-02-26,CORE,ACCESSORIES,12,18,6,-50%
2025-02-26,CORE,HAT,90,90,18,0%
2025-02-26,CORE,SOCKS,198,167,44,16%
2025-02-26,CORE,TRACK JACKET,445,431,80,3%
2025-02-26,CORE,TRACK PANT,235,224,45,5%
2025-02-26,F22,HAT,96,30,16,69%
2025-02-26,F23,SHORTS,68,21,13,69%
2025-02-26,F23,SWEATPANTS,88,27,16,69%
2025-02-26,F23,TRACK PANT,360,109,69,70%
2025-02-26,F24,0,290,261,106,10%
2025-02-26,F24,ACCESSORIES,294,207,62,30%
2025-02-26,F24,CAMP SHIRT,"1,050",408,218,61%
2025-02-26,F24,CREWNECK,220,146,50,34%
2025-02-26,F24,DRESS,385,211,60,45%
2025-02-26,F24,FOOTWEAR,160,113,44,29%
2025-02-26,F24,HOODIE,"1,470",810,331,45%
2025-02-26,F24,LONG SLEEVE KNIT,"2,913","1,280",599,56%
2025-02-26,F24,OUTERWEAR,675,261,147,61%
2025-02-26,F24,POLO,880,358,146,59%
2025-02-26,F24,S/S BUTTON SHIRT,294,200,99,32%
2025-02-26,F24,SHORTS,"3,925","1,718",822,56%
2025-02-26,F24,SKIRT,88,57,16,36%
2025-02-26,F24,SOCKS,54,26,12,52%
2025-02-26,F24,SWEATER,"1,805",965,436,47%
2025-02-26,F24,SWEATPANTS,666,352,135,47%
2025-02-26,F24,SWEATSHIRT,375,233,90,38%
2025-02-26,F24,TRACK JACKET,"11,095","5,516","2,126",50%
2025-02-26,F24,TRACK PANT,"10,680","5,260","2,062",51%
2025-02-26,F24,T-SHIRT,"2,756","1,448",597,47%
2025-02-26,S23,POLO,110,36,26,67%
2025-02-26,S23,TRACK JACKET,125,94,18,25%
2025-02-26,S23,TRACK PANT,85,64,16,25%
2025-02-26,S24,CAMP SHIRT,280,85,54,70%
2025-02-26,S24,CARDIGAN,108,30,19,73%
2025-02-26,S24,DRESS,724,214,148,70%
2025-02-26,S24,FOOTWEAR,118,76,20,36%
2025-02-26,S24,OUTERWEAR,450,90,84,80%
2025-02-26,S24,POLO,397,122,68,69%
2025-02-26,S24,SHORTS,"1,926",568,392,71%
2025-02-26,S24,SKIRT,672,200,111,70%
2025-02-26,S24,SKORT,78,24,13,69%
2025-02-26,S24,SPORT BRA,304,89,50,71%
2025-02-26,S24,TANK TOP,48,15,9,69%
2025-02-26,S24,TRACK JACKET,680,259,105,62%
2025-02-26,S24,TRACK PANT,250,138,52,45%
2025-02-26,S24,T-SHIRT,144,44,21,70%
2025-02-26,S25,CABANA SHIRT,270,270,64,0%
2025-02-26,S25,POLO,840,809,168,4%
2025-02-26,S25,SHORTS,"1,236","1,212",256,2%
2025-02-26,S25,SOCKS,72,72,16,0%
2025-02-26,S25,SWEATER,725,700,179,3%
2025-02-26,S25,TANK TOP,96,96,22,0%
2025-02-26,S25,TRACK JACKET,"4,130","3,916",802,5%
2025-02-26,S25,TRACK PANT,"2,910","2,747",583,6%
2025-02-26,S25,T-SHIRT,752,739,130,2%
2025-02-26,SS22,FOOTWEAR,95,29,21,69%
2025-02-27,CORE,HAT,168,168,28,0%
2025-02-27,CORE,SOCKS,36,26,8,28%
2025-02-27,CORE,TRACK JACKET,535,535,74,0%
2025-02-27,CORE,TRACK PANT,755,513,108,32%
2025-02-27,F21,HAT,114,42,18,63%
2025-02-27,F22,HAT,48,15,8,69%
2025-02-27,F22,SHORTS,78,24,14,69%
2025-02-27,F23,TRACK JACKET,660,187,128,72%
2025-02-27,F23,TRACK PANT,250,68,46,73%
2025-02-27,F24,0,145,145,53,0%
2025-02-27,F24,ACCESSORIES,550,380,119,31%
2025-02-27,F24,BAG,110,77,31,30%
2025-02-27,F24,CAMP SHIRT,750,294,160,61%
2025-02-27,F24,DRESS,520,274,98,47%
2025-02-27,F24,FOOTWEAR,440,264,100,40%
2025-02-27,F24,HOODIE,410,261,86,36%
2025-02-27,F24,LEGGINGS,110,55,21,50%
2025-02-27,F24,LONG SLEEVE KNIT,"1,918",904,368,53%
2025-02-27,F24,OUTERWEAR,450,180,98,60%
2025-02-27,F24,POLO,"2,505","1,358",642,46%
2025-02-27,F24,S/S BUTTON SHIRT,294,207,99,30%
2025-02-27,F24,SHORTS,"3,380","1,633",719,52%
2025-02-27,F24,SKIRT,254,152,66,40%
2025-02-27,F24,SWEATER,"1,495",846,345,43%
2025-02-27,F24,SWEATPANTS,502,254,96,49%
2025-02-27,F24,SWEATSHIRT,500,233,104,53%
2025-02-27,F24,TRACK JACKET,"15,365","7,756","2,914",50%
2025-02-27,F24,TRACK PANT,"12,010","6,222","2,324",48%
2025-02-27,F24,T-SHIRT,"2,200","1,155",559,47%
2025-02-27,S23,POLO,275,88,65,68%
2025-02-27,S23,SHORTS,136,42,24,69%
2025-02-27,S23,TRACK JACKET,125,94,18,25%
2025-02-27,S24,CAMP SHIRT,270,74,50,73%
2025-02-27,S24,CARDIGAN,324,96,57,70%
2025-02-27,S24,DRESS,686,204,123,70%
2025-02-27,S24,FOOTWEAR,118,84,20,29%
2025-02-27,S24,OUTERWEAR,300,90,56,70%
2025-02-27,S24,POLO,349,104,61,70%
2025-02-27,S24,SHORTS,"1,882",562,368,70%
2025-02-27,S24,SKIRT,720,212,108,71%
2025-02-27,S24,SKORT,244,73,43,70%
2025-02-27,S24,SPORT BRA,78,24,16,69%
2025-02-27,S24,TANK TOP,156,46,24,71%
2025-02-27,S24,TRACK JACKET,880,377,159,57%
2025-02-27,S24,TRACK PANT,280,177,48,37%
2025-02-27,S24,T-SHIRT,124,36,21,71%
2025-02-27,S25,DRESS,118,118,18,0%
2025-02-27,S25,HOODIE,150,150,33,0%
2025-02-27,S25,JACKET,330,330,64,0%
2025-02-27,S25,LEGGINGS,178,178,36,0%
2025-02-27,S25,POLO,"1,578","1,511",325,4%
2025-02-27,S25,SHORTS,754,724,163,4%
2025-02-27,S25,SOCKS,18,18,4,0%
2025-02-27,S25,SWEATER,680,680,150,0%
2025-02-27,S25,TANK TOP,116,116,25,0%
2025-02-27,S25,TRACK JACKET,"5,440","5,358","1,049",2%
2025-02-27,S25,TRACK PANT,"4,100","4,053",802,1%
2025-02-27,S25,T-SHIRT,"1,156","1,138",214,2%
2025-02-27,SS22,FOOTWEAR,95,29,21,69%
2025-02-27,SS22,T-SHIRT,46,13,12,72%
2025-02-28,CORE,ACCESSORIES,18,18,5,0%
2025-02-28,CORE,HAT,42,38,7,10%
2025-02-28,CORE,SOCKS,54,28,12,48%
2025-02-28,CORE,TRACK JACKET,"1,195","1,181",218,1%
2025-02-28,CORE,TRACK PANT,"1,145","1,014",203,11%
2025-02-28,F21,HAT,38,15,6,61%
2025-02-28,F22,HAT,96,30,16,69%
2025-02-28,F23,SHORTS,68,19,13,72%
2025-02-28,F23,TRACK JACKET,135,41,29,70%
2025-02-28,F23,TRACK PANT,360,105,69,71%
2025-02-28,F24,0,-145,-131,-53,10%
2025-02-28,F24,ACCESSORIES,382,255,82,33%
2025-02-28,F24,CAMP SHIRT,"1,500",474,310,68%
2025-02-28,F24,DRESS,250,143,38,43%
2025-02-28,F24,FOOTWEAR,310,203,80,35%
2025-02-28,F24,HAT,-45,-32,-11,29%
2025-02-28,F24,HOODIE,795,458,171,42%
2025-02-28,F24,LONG SLEEVE KNIT,"1,788",810,352,55%
2025-02-28,F24,OUTERWEAR,450,171,98,62%
2025-02-28,F24,POLO,"1,545","1,011",590,35%
2025-02-28,F24,S/S BUTTON SHIRT,392,276,132,30%
2025-02-28,F24,SHORTS,"3,419","1,641",710,52%
2025-02-28,F24,SKIRT,245,163,94,33%
2025-02-28,F24,SKORT,78,47,18,40%
2025-02-28,F24,SWEATER,595,265,175,56%
2025-02-28,F24,SWEATPANTS,725,355,139,51%
2025-02-28,F24,TRACK JACKET,"14,395","6,642","2,707",54%
2025-02-28,F24,TRACK PANT,"11,070","5,237","2,129",53%
2025-02-28,F24,T-SHIRT,"3,109","1,583",744,49%
2025-02-28,S23,POLO,110,36,26,67%
2025-02-28,S23,SHORTS,68,21,12,69%
2025-02-28,S24,CAMP SHIRT,540,160,114,70%
2025-02-28,S24,CARDIGAN,324,96,57,70%
2025-02-28,S24,FOOTWEAR,204,187,56,8%
2025-02-28,S24,OUTERWEAR,600,176,112,71%
2025-02-28,S24,POLO,311,89,52,71%
2025-02-28,S24,SHORTS,"1,203",351,227,71%
2025-02-28,S24,SKIRT,234,70,39,70%
2025-02-28,S24,SKORT,88,24,19,72%
2025-02-28,S24,SPORT BRA,48,15,7,69%
2025-02-28,S24,SWEATPANTS,88,24,16,73%
2025-02-28,S24,TANK TOP,-68,-21,-11,69%
2025-02-28,S24,TRACK JACKET,-135,-69,-26,49%
2025-02-28,S24,TRACK PANT,350,200,55,43%
2025-02-28,S24,T-SHIRT,124,36,21,71%
2025-02-28,S25,CABANA SHIRT,125,113,27,10%
2025-02-28,S25,HOODIE,300,300,66,0%
2025-02-28,S25,JACKET,165,0,32,100%
2025-02-28,S25,POLO,"2,493","2,319",523,7%
2025-02-28,S25,SHORTS,822,793,179,3%
2025-02-28,S25,SKORT,68,61,11,10%
2025-02-28,S25,SOCKS,36,36,8,0%
2025-02-28,S25,SWEATER,"1,040","1,008",235,3%
2025-02-28,S25,TANK TOP,116,110,16,5%
2025-02-28,S25,TRACK JACKET,"3,500","3,098",670,12%
2025-02-28,S25,TRACK PANT,"3,180","2,933",607,8%
2025-02-28,S25,T-SHIRT,900,887,164,1%
2025-02-28,SS22,FOOTWEAR,95,29,21,69%
2025-03-01,CORE,ACCESSORIES,18,13,5,30%
2025-03-01,CORE,HAT,126,126,21,0%
2025-03-01,CORE,SOCKS,72,45,16,38%
2025-03-01,CORE,TRACK JACKET,610,596,116,2%
2025-03-01,CORE,TRACK PANT,235,4,45,98%
2025-03-01,F22,SHORTS,78,24,14,69%
2025-03-01,F23,OUTERWEAR,175,53,40,70%
2025-03-01,F23,TRACK JACKET,135,41,29,70%
2025-03-01,F23,TRACK PANT,985,295,180,70%
2025-03-01,F24,ACCESSORIES,294,204,70,31%
2025-03-01,F24,CAMP SHIRT,450,174,96,61%
2025-03-01,F24,DRESS,635,335,114,47%
2025-03-01,F24,HAT,45,32,11,29%
2025-03-01,F24,HOODIE,935,474,211,49%
2025-03-01,F24,LONG SLEEVE KNIT,"2,279","1,223",486,46%
2025-03-01,F24,OUTERWEAR,450,171,98,62%
2025-03-01,F24,POLO,"1,709","1,044",539,39%
2025-03-01,F24,S/S BUTTON SHIRT,98,69,33,30%
2025-03-01,F24,SHORTS,"3,520","1,708",820,51%
2025-03-01,F24,SKIRT,332,220,123,34%
2025-03-01,F24,SKORT,234,141,54,40%
2025-03-01,F24,SOCKS,18,12,4,35%
2025-03-01,F24,SWEATER,845,507,191,40%
2025-03-01,F24,SWEATPANTS,624,316,127,49%
2025-03-01,F24,TRACK JACKET,"16,965","8,325","3,204",51%
2025-03-01,F24,TRACK PANT,"11,460","5,996","2,177",48%
2025-03-01,F24,T-SHIRT,"2,384","1,240",585,48%
2025-03-01,S23,POLO,220,72,52,67%
2025-03-01,S23,TRACK JACKET,250,188,36,25%
2025-03-01,S23,TRACK PANT,170,128,32,25%
2025-03-01,S24,CAMP SHIRT,540,164,107,70%
2025-03-01,S24,CARDIGAN,432,132,76,69%
2025-03-01,S24,DRESS,98,27,17,72%
2025-03-01,S24,FOOTWEAR,118,38,20,68%
2025-03-01,S24,POLO,301,92,54,69%
2025-03-01,S24,SHORTS,"2,823",831,516,71%
2025-03-01,S24,SKIRT,244,70,39,71%
2025-03-01,S24,SKORT,704,205,152,71%
2025-03-01,S24,SPORT BRA,456,139,85,70%
2025-03-01,S24,TANK TOP,192,56,36,71%
2025-03-01,S24,TRACK JACKET,850,329,186,61%
2025-03-01,S24,TRACK PANT,933,582,174,38%
2025-03-01,S24,T-SHIRT,182,68,46,63%
2025-03-01,S25,0,59,59,8,0%
2025-03-01,S25,ACCESSORIES,68,68,13,0%
2025-03-01,S25,CABANA SHIRT,500,488,99,3%
2025-03-01,S25,DRESS,360,360,73,0%
2025-03-01,S25,HAT,58,58,12,0%
2025-03-01,S25,HOODIE,600,585,132,3%
2025-03-01,S25,JACKET,-165,-165,-32,0%
2025-03-01,S25,LONG SLEEVE KNIT,78,78,10,0%
2025-03-01,S25,POLO,"1,240","1,220",244,2%
2025-03-01,S25,PULLOVER,110,110,21,0%
2025-03-01,S25,SHORTS,"1,066","1,035",227,3%
2025-03-01,S25,SOCKS,36,34,8,5%
2025-03-01,S25,SWEATER,"1,810","1,568",424,13%
2025-03-01,S25,TRACK JACKET,"3,100","2,881",608,7%
2025-03-01,S25,TRACK PANT,"3,490","3,426",691,2%
2025-03-01,S25,T-SHIRT,"1,324","1,319",251,0%
2025-03-01,SS22,T-SHIRT,54,16,12,70%
2025-03-02,CORE,HAT,42,42,7,0%
2025-03-02,CORE,SOCKS,108,97,24,10%
2025-03-02,CORE,TRACK JACKET,"2,045","1,817",412,11%
2025-03-02,CORE,TRACK PANT,"1,315","1,267",264,4%
2025-03-02,F21,HAT,76,30,12,61%
2025-03-02,F22,HAT,144,45,24,69%
2025-03-02,F23,SHORTS,68,21,13,69%
2025-03-02,F23,TRACK JACKET,310,94,62,70%
2025-03-02,F23,TRACK PANT,455,134,90,71%
2025-03-02,F24,0,145,131,53,10%
2025-03-02,F24,ACCESSORIES,420,300,93,29%
2025-03-02,F24,CAMP SHIRT,450,180,96,60%
2025-03-02,F24,CREWNECK,110,77,25,30%
2025-03-02,F24,DRESS,530,267,101,50%
2025-03-02,F24,FOOTWEAR,290,165,64,43%
2025-03-02,F24,HOODIE,510,298,117,42%
2025-03-02,F24,JACKET,325,147,55,55%
2025-03-02,F24,LONG SLEEVE KNIT,"1,764",933,356,47%
2025-03-02,F24,OUTERWEAR,225,81,49,64%
2025-03-02,F24,POLO,"1,268",732,405,42%
2025-03-02,F24,S/S BUTTON SHIRT,196,138,66,30%
2025-03-02,F24,SHORTS,"2,676","1,439",637,46%
2025-03-02,F24,SKIRT,576,374,185,35%
2025-03-02,F24,SOCKS,18,12,4,35%
2025-03-02,F24,SWEATER,315,156,76,50%
2025-03-02,F24,SWEATPANTS,428,238,90,44%
2025-03-02,F24,TRACK JACKET,"11,575","6,182","2,218",47%
2025-03-02,F24,TRACK PANT,"10,470","5,593","2,021",47%
2025-03-02,F24,T-SHIRT,"2,264","1,215",644,46%
2025-03-02,S23,POLO,330,108,77,67%
2025-03-02,S23,SHORTS,68,21,14,69%
2025-03-02,S23,TRACK JACKET,125,94,18,25%
2025-03-02,S23,TRACK PANT,85,64,16,25%
2025-03-02,S24,CAMP SHIRT,145,44,29,70%
2025-03-02,S24,CARDIGAN,108,30,19,73%
2025-03-02,S24,DRESS,186,57,36,69%
2025-03-02,S24,FOOTWEAR,322,267,76,17%
2025-03-02,S24,OUTERWEAR,300,90,56,70%
2025-03-02,S24,POLO,136,38,24,72%
2025-03-02,S24,SHORTS,"1,333",394,239,70%
2025-03-02,S24,SKIRT,488,138,84,72%
2025-03-02,S24,SKORT,78,24,12,69%
2025-03-02,S24,TANK TOP,330,98,54,70%
2025-03-02,S24,TRACK JACKET,715,251,119,65%
2025-03-02,S24,TRACK PANT,385,149,61,61%
2025-03-02,S24,T-SHIRT,176,38,34,79%
2025-03-02,S25,CABANA SHIRT,485,485,96,0%
2025-03-02,S25,CREWNECK,196,196,36,0%
2025-03-02,S25,HAT,116,116,24,0%
2025-03-02,S25,LONG SLEEVE KNIT,312,304,40,3%
2025-03-02,S25,PANTS,135,135,27,0%
2025-03-02,S25,POLO,875,857,181,2%
2025-03-02,S25,PULLOVER,235,223,46,5%
2025-03-02,S25,SHORTS,676,661,138,2%
2025-03-02,S25,SKIRT,78,78,2,0%
2025-03-02,S25,SWEATER,"1,215","1,168",279,4%
2025-03-02,S25,SWEATPANTS,176,176,36,0%
2025-03-02,S25,SWEATSHIRT,110,110,18,0%
2025-03-02,S25,TRACK JACKET,"4,975","4,805",964,3%
2025-03-02,S25,TRACK PANT,"3,420","3,298",676,4%
2025-03-02,S25,T-SHIRT,742,714,140,4%
2025-03-03,CORE,ACCESSORIES,36,28,10,22%
2025-03-03,CORE,HAT,126,122,21,3%
2025-03-03,CORE,SOCKS,198,164,44,17%
2025-03-03,CORE,TRACK JACKET,280,196,44,30%
2025-03-03,CORE,TRACK PANT,0,-66,0,#DIV/0!
2025-03-03,F21,HAT,38,15,6,61%
2025-03-03,F22,HAT,48,15,8,69%
2025-03-03,F23,TRACK JACKET,135,41,29,70%
2025-03-03,F23,TRACK PANT,385,113,75,71%
2025-03-03,F24,0,145,145,53,0%
2025-03-03,F24,ACCESSORIES,168,114,36,32%
2025-03-03,F24,CAMP SHIRT,300,114,62,62%
2025-03-03,F24,CREWNECK,235,165,61,30%
2025-03-03,F24,DRESS,790,415,126,47%
2025-03-03,F24,FOOTWEAR,290,76,64,74%
2025-03-03,F24,HOODIE,90,54,42,40%
2025-03-03,F24,LEGGINGS,330,160,63,52%
2025-03-03,F24,LONG SLEEVE KNIT,"1,673",785,356,53%
2025-03-03,F24,OUTERWEAR,0,-12,11,#DIV/0!
2025-03-03,F24,POLO,"1,458",961,418,34%
2025-03-03,F24,S/S BUTTON SHIRT,98,55,33,44%
2025-03-03,F24,SHORTS,"4,053","1,878",880,54%
2025-03-03,F24,SKIRT,508,304,132,40%
2025-03-03,F24,SPORT BRA,204,99,57,52%
2025-03-03,F24,SWEATER,"2,270","1,067",562,53%
2025-03-03,F24,SWEATPANTS,455,248,97,46%
2025-03-03,F24,SWEATSHIRT,125,88,32,30%
2025-03-03,F24,TRACK JACKET,"6,415","3,492","1,247",46%
2025-03-03,F24,TRACK PANT,"5,620","2,912","1,172",48%
2025-03-03,F24,T-SHIRT,"2,974","1,551",683,48%
2025-03-03,S23,POLO,55,16,13,71%
2025-03-03,S23,SHORTS,68,19,14,72%
2025-03-03,S24,CAMP SHIRT,820,245,168,70%
2025-03-03,S24,CARDIGAN,108,33,19,69%
2025-03-03,S24,DRESS,362,108,74,70%
2025-03-03,S24,OUTERWEAR,150,45,28,70%
2025-03-03,S24,POLO,213,65,37,69%
2025-03-03,S24,SHORTS,"2,727",809,517,70%
2025-03-03,S24,SKIRT,526,155,81,70%
2025-03-03,S24,SKORT,156,46,24,71%
2025-03-03,S24,SPORT BRA,192,57,28,70%
2025-03-03,S24,TANK TOP,146,43,23,71%
2025-03-03,S24,TRACK JACKET,475,72,67,85%
2025-03-03,S24,TRACK PANT,-310,-216,-108,30%
2025-03-03,S24,T-SHIRT,28,11,7,63%
2025-03-03,S25,CABANA SHIRT,375,375,75,0%
2025-03-03,S25,CREWNECK,196,196,36,0%
2025-03-03,S25,HOODIE,750,720,165,4%
2025-03-03,S25,POLO,"1,405","1,374",293,2%
2025-03-03,S25,SHORTS,"1,130","1,051",239,7%
2025-03-03,S25,SKIRT,78,78,2,0%
2025-03-03,S25,SKORT,176,167,36,5%
2025-03-03,S25,SWEATER,"1,275","1,260",305,1%
2025-03-03,S25,SWEATPANTS,264,264,54,0%
2025-03-03,S25,TRACK JACKET,"4,070","3,725",833,8%
2025-03-03,S25,TRACK PANT,"3,430","3,125",675,9%
2025-03-03,S25,T-SHIRT,"1,354","1,285",238,5%
2025-03-04,CORE,ACCESSORIES,54,41,16,25%
2025-03-04,CORE,HAT,84,84,14,0%
2025-03-04,CORE,SOCKS,144,104,32,28%
2025-03-04,CORE,TRACK JACKET,"1,310","1,268",226,3%
2025-03-04,CORE,TRACK PANT,"1,020",987,175,3%
2025-03-04,F22,HAT,240,71,40,71%
2025-03-04,F23,OUTERWEAR,175,53,40,70%
2025-03-04,F23,SWEATPANTS,88,27,16,69%
2025-03-04,F23,TRACK JACKET,135,41,29,70%
2025-03-04,F23,TRACK PANT,345,104,71,70%
2025-03-04,F24,0,145,145,53,0%
2025-03-04,F24,ACCESSORIES,336,228,70,32%
2025-03-04,F24,CAMP SHIRT,450,180,94,60%
2025-03-04,F24,DRESS,250,50,54,80%
2025-03-04,F24,FOOTWEAR,150,90,36,40%
2025-03-04,F24,HAT,135,90,33,34%
2025-03-04,F24,HOODIE,125,75,32,40%
2025-03-04,F24,LONG SLEEVE KNIT,"1,553",785,299,49%
2025-03-04,F24,OUTERWEAR,225,90,49,60%
2025-03-04,F24,POLO,"1,121",623,398,44%
2025-03-04,F24,S/S BUTTON SHIRT,294,142,99,52%
2025-03-04,F24,SHORTS,"2,321","1,101",518,53%
2025-03-04,F24,SKIRT,89,57,26,36%
2025-03-04,F24,SOCKS,18,9,4,50%
2025-03-04,F24,SPORT BRA,68,34,19,50%
2025-03-04,F24,SWEATER,390,179,91,54%
2025-03-04,F24,SWEATPANTS,348,99,68,72%
2025-03-04,F24,SWEATSHIRT,440,221,99,50%
2025-03-04,F24,TRACK JACKET,"8,350","3,823","1,571",54%
2025-03-04,F24,TRACK PANT,"7,040","3,732","1,363",47%
2025-03-04,F24,T-SHIRT,"2,390","1,139",568,52%
2025-03-04,S23,POLO,55,18,13,67%
2025-03-04,S24,CAMP SHIRT,135,41,25,70%
2025-03-04,S24,CARDIGAN,108,33,19,69%
2025-03-04,S24,DRESS,176,51,38,71%
2025-03-04,S24,FOOTWEAR,59,42,10,29%
2025-03-04,S24,OUTERWEAR,450,131,84,71%
2025-03-04,S24,POLO,634,190,114,70%
2025-03-04,S24,SHORTS,"1,812",495,339,73%
2025-03-04,S24,SKIRT,458,139,84,70%
2025-03-04,S24,SKORT,244,75,45,69%
2025-03-04,S24,SPORT BRA,126,38,23,70%
2025-03-04,S24,SWEATPANTS,176,43,32,75%
2025-03-04,S24,TANK TOP,232,72,40,69%
2025-03-04,S24,TRACK JACKET,585,191,100,67%
2025-03-04,S24,TRACK PANT,375,219,59,42%
2025-03-04,S24,T-SHIRT,210,65,35,69%
2025-03-04,S25,ACCESSORIES,58,46,11,20%
2025-03-04,S25,CABANA SHIRT,875,875,168,0%
2025-03-04,S25,CREWNECK,686,686,126,0%
2025-03-04,S25,HAT,174,174,36,0%
2025-03-04,S25,HOODIE,425,285,92,33%
2025-03-04,S25,POLO,"1,601","1,361",322,15%
2025-03-04,S25,SHORTS,"2,070","2,032",429,2%
2025-03-04,S25,SKORT,274,264,59,4%
2025-03-04,S25,SOCKS,18,14,4,20%
2025-03-04,S25,SWEATER,130,115,35,12%
2025-03-04,S25,SWEATPANTS,440,440,90,0%
2025-03-04,S25,SWEATSHIRT,220,220,36,0%
2025-03-04,S25,TANK TOP,136,122,28,10%
2025-03-04,S25,TRACK JACKET,"5,550","4,967","1,050",11%
2025-03-04,S25,TRACK PANT,"3,470","2,995",689,14%
2025-03-04,S25,T-SHIRT,824,786,155,5%
2025-03-05,CORE,ACCESSORIES,18,18,5,0%
2025-03-05,CORE,HAT,126,126,21,0%
2025-03-05,CORE,SOCKS,162,134,36,17%
2025-03-05,CORE,TRACK JACKET,980,983,154,0%
2025-03-05,CORE,TRACK PANT,880,882,136,0%
2025-03-05,F23,POLO,78,24,14,69%
2025-03-05,F23,SHORTS,68,21,13,69%
2025-03-05,F23,SWEATPANTS,88,27,16,69%
2025-03-05,F23,TRACK JACKET,660,200,128,70%
2025-03-05,F23,TRACK PANT,525,147,96,72%
2025-03-05,F24,ACCESSORIES,756,359,165,53%
2025-03-05,F24,BAG,110,77,31,30%
2025-03-05,F24,CAMP SHIRT,"1,200",465,252,61%
2025-03-05,F24,CREWNECK,-15,-33,-20,-120%
2025-03-05,F24,DRESS,125,75,19,40%
2025-03-05,F24,FOOTWEAR,160,113,44,29%
2025-03-05,F24,HAT,135,96,33,29%
2025-03-05,F24,HOODIE,"1,380",700,291,49%
2025-03-05,F24,LONG SLEEVE KNIT,"1,000",508,191,49%
2025-03-05,F24,OUTERWEAR,-225,-113,-38,50%
2025-03-05,F24,POLO,"4,311","1,925","1,689",55%
2025-03-05,F24,S/S BUTTON SHIRT,196,68,66,65%
2025-03-05,F24,SHORTS,"4,435","2,060","1,045",54%
2025-03-05,F24,SKIRT,79,27,44,66%
2025-03-05,F24,SKORT,78,47,18,40%
2025-03-05,F24,SOCKS,126,54,46,57%
2025-03-05,F24,SWEATER,330,132,94,60%
2025-03-05,F24,SWEATPANTS,"1,112",558,220,50%
2025-03-05,F24,SWEATSHIRT,125,88,32,30%
2025-03-05,F24,TRACK JACKET,"14,185","6,820","2,629",52%
2025-03-05,F24,TRACK PANT,"12,325","6,003","2,241",51%
2025-03-05,F24,T-SHIRT,"3,691","1,776",981,52%
2025-03-05,S23,POLO,0,0,0,#DIV/0!
2025-03-05,S23,SHORTS,68,21,14,69%
2025-03-05,S24,CARDIGAN,108,33,19,69%
2025-03-05,S24,DRESS,544,224,135,59%
2025-03-05,S24,FOOTWEAR,118,84,20,29%
2025-03-05,S24,POLO,458,135,80,70%
2025-03-05,S24,SHORTS,"2,260",670,431,70%
2025-03-05,S24,SKIRT,964,284,159,71%
2025-03-05,S24,SKORT,166,49,31,71%
2025-03-05,S24,SPORT BRA,318,96,51,70%
2025-03-05,S24,TANK TOP,116,32,20,73%
2025-03-05,S24,TRACK JACKET,570,143,55,75%
2025-03-05,S24,TRACK PANT,655,285,64,57%
2025-03-05,S24,T-SHIRT,96,30,14,69%
2025-03-05,S25,ACCESSORIES,58,58,11,0%
2025-03-05,S25,CABANA SHIRT,"1,125","1,100",221,2%
2025-03-05,S25,CREWNECK,784,764,144,2%
2025-03-05,S25,DRESS,243,243,43,0%
2025-03-05,S25,HAT,116,116,24,0%
2025-03-05,S25,HOODIE,825,765,177,7%
2025-03-05,S25,JACKET,165,165,32,0%
2025-03-05,S25,LEGGINGS,110,110,21,0%
2025-03-05,S25,POLO,"1,803","1,757",379,3%
2025-03-05,S25,PULLOVER,220,220,42,0%
2025-03-05,S25,SHORTS,"2,302","2,270",476,1%
2025-03-05,S25,SKIRT,-58,-58,-11,0%
2025-03-05,S25,SKORT,166,98,34,41%
2025-03-05,S25,SOCKS,36,36,8,0%
2025-03-05,S25,SPORT BRA,68,68,17,0%
2025-03-05,S25,SWEATER,650,603,152,7%
2025-03-05,S25,SWEATPANTS,998,980,198,2%
2025-03-05,S25,SWEATSHIRT,330,319,54,3%
2025-03-05,S25,TANK TOP,10,-38,-3,484%
2025-03-05,S25,TRACK JACKET,"3,490","2,927",621,16%
2025-03-05,S25,TRACK PANT,"1,595","1,336",296,16%
2025-03-05,S25,T-SHIRT,880,811,165,8%
2025-03-05,SS22,FOOTWEAR,95,29,21,69%
2025-03-05,SS22,T-SHIRT,54,14,12,73%
2025-03-06,CORE,ACCESSORIES,60,68,21,-13%
2025-03-06,CORE,HAT,168,160,28,5%
2025-03-06,CORE,SOCKS,144,131,32,9%
2025-03-06,CORE,TRACK JACKET,"1,030",986,182,4%
2025-03-06,CORE,TRACK PANT,580,546,107,6%
2025-03-06,F21,HAT,76,30,12,61%
2025-03-06,F22,HAT,48,15,8,69%
2025-03-06,F23,TRACK JACKET,-175,-53,-33,70%
2025-03-06,F23,TRACK PANT,370,108,73,71%
2025-03-06,F24,ACCESSORIES,546,261,123,52%
2025-03-06,F24,CAMP SHIRT,285,128,63,55%
2025-03-06,F24,CREWNECK,440,209,100,53%
2025-03-06,F24,DRESS,270,68,44,75%
2025-03-06,F24,HOODIE,"1,310",710,253,46%
2025-03-06,F24,LEGGINGS,330,160,63,52%
2025-03-06,F24,LONG SLEEVE KNIT,"1,896",890,384,53%
2025-03-06,F24,OUTERWEAR,675,293,136,57%
2025-03-06,F24,POLO,"2,651","1,330",912,50%
2025-03-06,F24,S/S BUTTON SHIRT,294,140,99,53%
2025-03-06,F24,SHORTS,"3,756","1,801",897,52%
2025-03-06,F24,SKIRT,567,289,212,49%
2025-03-06,F24,SOCKS,72,35,15,51%
2025-03-06,F24,SPORT BRA,68,34,19,50%
2025-03-06,F24,SWEATER,"1,525",608,358,60%
2025-03-06,F24,SWEATPANTS,666,306,134,54%
2025-03-06,F24,SWEATSHIRT,505,247,120,51%
2025-03-06,F24,TRACK JACKET,"15,985","7,457","2,967",53%
2025-03-06,F24,TRACK PANT,"9,480","4,707","1,788",50%
2025-03-06,F24,T-SHIRT,"2,653","1,246",714,53%
2025-03-06,S23,POLO,330,104,78,68%
2025-03-06,S23,SHORTS,68,21,14,69%
2025-03-06,S24,CAMP SHIRT,405,123,89,70%
2025-03-06,S24,CARDIGAN,108,30,19,73%
2025-03-06,S24,DRESS,176,54,38,69%
2025-03-06,S24,FOOTWEAR,59,38,10,36%
2025-03-06,S24,OUTERWEAR,600,136,112,77%
2025-03-06,S24,POLO,254,76,44,70%
2025-03-06,S24,SHORTS,"1,357",406,233,70%
2025-03-06,S24,SKIRT,604,179,96,70%
2025-03-06,S24,SKORT,244,73,43,70%
2025-03-06,S24,SPORT BRA,66,20,5,69%
2025-03-06,S24,SWEATER,285,86,65,70%
2025-03-06,S24,TANK TOP,146,43,23,71%
2025-03-06,S24,TRACK JACKET,535,116,84,78%
2025-03-06,S24,TRACK PANT,10,-6,9,160%
2025-03-06,S24,T-SHIRT,258,78,43,70%
2025-03-06,S25,0,59,59,8,0%
2025-03-06,S25,CABANA SHIRT,"1,625","1,575",315,3%
2025-03-06,S25,CREWNECK,"1,372","1,352",252,1%
2025-03-06,S25,DRESS,110,110,23,0%
2025-03-06,S25,HAT,174,174,36,0%
2025-03-06,S25,HOODIE,850,850,184,0%
2025-03-06,S25,LEGGINGS,68,68,16,0%
2025-03-06,S25,LONG SLEEVE KNIT,234,234,30,0%
2025-03-06,S25,POLO,"2,213","1,761",445,20%
2025-03-06,S25,SHORTS,"2,316","2,213",469,4%
2025-03-06,S25,SKIRT,20,26,-9,-29%
2025-03-06,S25,SKORT,-98,-98,-23,0%
2025-03-06,S25,SOCKS,36,36,8,0%
2025-03-06,S25,SWEATER,"3,340","2,869",772,14%
2025-03-06,S25,SWEATPANTS,"1,330","1,321",270,1%
2025-03-06,S25,SWEATSHIRT,110,110,18,0%
2025-03-06,S25,TANK TOP,-68,-68,-14,0%
2025-03-06,S25,TRACK JACKET,"4,525","4,193",879,7%
2025-03-06,S25,TRACK PANT,"3,560","3,323",691,7%
2025-03-06,S25,T-SHIRT,784,536,138,32%
2025-03-06,SS22,SHORTS,98,29,30,70%
2025-03-07,CORE,SOCKS,144,139,32,4%
2025-03-07,CORE,TRACK JACKET,"1,030","1,016",182,1%
2025-03-07,CORE,TRACK PANT,800,778,141,3%
2025-03-07,F21,HAT,38,14,6,64%
2025-03-07,F23,TRACK JACKET,270,82,58,70%
2025-03-07,F23,TRACK PANT,985,295,184,70%
2025-03-07,F24,ACCESSORIES,504,235,106,53%
2025-03-07,F24,BAG,110,77,31,30%
2025-03-07,F24,CAMP SHIRT,285,115,65,60%
2025-03-07,F24,CREWNECK,220,102,50,54%
2025-03-07,F24,DRESS,375,206,73,45%
2025-03-07,F24,FOOTWEAR,150,90,36,40%
2025-03-07,F24,HOODIE,845,347,194,59%
2025-03-07,F24,LEGGINGS,220,105,42,53%
2025-03-07,F24,LONG SLEEVE KNIT,"2,843","1,267",600,55%
2025-03-07,F24,POLO,"3,508","1,623","1,160",54%
2025-03-07,F24,S/S BUTTON SHIRT,"1,274",605,429,53%
2025-03-07,F24,SHORTS,"5,108","2,492","1,278",51%
2025-03-07,F24,SKIRT,244,118,84,52%
2025-03-07,F24,SOCKS,54,27,11,50%
2025-03-07,F24,SWEATER,150,50,29,67%
2025-03-07,F24,SWEATPANTS,526,263,108,50%
2025-03-07,F24,SWEATSHIRT,270,155,81,43%
2025-03-07,F24,TRACK JACKET,"14,590","7,165","2,717",51%
2025-03-07,F24,TRACK PANT,"12,475","6,382","2,331",49%
2025-03-07,F24,T-SHIRT,"3,784","1,811","1,088",52%
2025-03-07,S24,0,50,50,16,0%
2025-03-07,S24,CAMP SHIRT,550,150,111,73%
2025-03-07,S24,CARDIGAN,540,158,95,71%
2025-03-07,S24,DRESS,734,219,146,70%
2025-03-07,S24,FOOTWEAR,118,67,20,43%
2025-03-07,S24,OUTERWEAR,300,90,56,70%
2025-03-07,S24,POLO,634,179,114,72%
2025-03-07,S24,SHORTS,"2,117",598,404,72%
2025-03-07,S24,SKIRT,788,232,123,71%
2025-03-07,S24,SPORT BRA,240,71,35,71%
2025-03-07,S24,SWEATPANTS,176,48,32,73%
2025-03-07,S24,TANK TOP,252,56,42,78%
2025-03-07,S24,TRACK JACKET,445,144,79,68%
2025-03-07,S24,TRACK PANT,340,100,53,70%
2025-03-07,S24,T-SHIRT,-52,-15,-13,71%
2025-03-07,S25,ACCESSORIES,206,124,42,40%
2025-03-07,S25,CABANA SHIRT,"1,375","1,250",264,9%
2025-03-07,S25,CREWNECK,392,392,72,0%
2025-03-07,S25,HAT,232,220,48,5%
2025-03-07,S25,HOODIE,150,150,33,0%
2025-03-07,S25,LONG SLEEVE KNIT,78,78,10,0%
2025-03-07,S25,POLO,"2,876","2,760",578,4%
2025-03-07,S25,SHORTS,"2,620","2,571",535,2%
2025-03-07,S25,SKIRT,98,98,20,0%
2025-03-07,S25,SKORT,68,68,11,0%
2025-03-07,S25,SOCKS,126,126,30,0%
2025-03-07,S25,SPORT BRA,48,48,7,0%
2025-03-07,S25,SWEATER,"3,130","3,080",721,2%
2025-03-07,S25,SWEATPANTS,352,352,72,0%
2025-03-07,S25,TANK TOP,58,58,8,0%
2025-03-07,S25,TRACK JACKET,"3,660","3,610",674,1%
2025-03-07,S25,TRACK PANT,"2,970","2,825",558,5%
2025-03-07,S25,T-SHIRT,"1,040","1,031",195,1%
2025-03-08,CORE,ACCESSORIES,36,27,10,26%
2025-03-08,CORE,HAT,126,122,21,3%
2025-03-08,CORE,SOCKS,126,117,28,7%
2025-03-08,CORE,TRACK JACKET,890,860,160,3%
2025-03-08,CORE,TRACK PANT,690,667,124,3%
2025-03-08,F21,HAT,38,15,6,61%
2025-03-08,F22,HAT,48,15,8,69%
2025-03-08,F23,TRACK JACKET,-135,-41,-29,70%
2025-03-08,F24,0,145,0,53,100%
2025-03-08,F24,ACCESSORIES,378,181,83,52%
2025-03-08,F24,CAMP SHIRT,435,114,95,74%
2025-03-08,F24,CREWNECK,220,110,50,50%
2025-03-08,F24,FOOTWEAR,150,90,36,40%
2025-03-08,F24,HAT,45,32,11,29%
2025-03-08,F24,HOODIE,250,45,64,82%
2025-03-08,F24,LEGGINGS,330,160,63,52%
2025-03-08,F24,LONG SLEEVE KNIT,"1,442",615,379,57%
2025-03-08,F24,OUTERWEAR,225,113,38,50%
2025-03-08,F24,POLO,"3,684","1,648","1,382",55%
2025-03-08,F24,S/S BUTTON SHIRT,686,338,231,51%
2025-03-08,F24,SHORTS,"2,660","1,295",654,51%
2025-03-08,F24,SKIRT,401,154,162,62%
2025-03-08,F24,SOCKS,36,17,8,53%
2025-03-08,F24,SPORT BRA,204,99,57,52%
2025-03-08,F24,SWEATER,"1,370",563,366,59%
2025-03-08,F24,SWEATPANTS,"1,236",555,247,55%
2025-03-08,F24,SWEATSHIRT,315,183,79,42%
2025-03-08,F24,TRACK JACKET,"9,565","4,848","1,791",49%
2025-03-08,F24,TRACK PANT,"7,775","3,976","1,472",49%
2025-03-08,F24,T-SHIRT,"2,678","1,282",744,52%
2025-03-08,S24,CAMP SHIRT,145,44,29,70%
2025-03-08,S24,CARDIGAN,108,33,19,69%
2025-03-08,S24,FOOTWEAR,59,38,10,36%
2025-03-08,S24,POLO,397,122,68,69%
2025-03-08,S24,SHORTS,"1,655",494,315,70%
2025-03-08,S24,SKIRT,810,280,157,65%
2025-03-08,S24,SKORT,166,51,31,69%
2025-03-08,S24,SPORT BRA,160,50,29,69%
2025-03-08,S24,TANK TOP,398,121,65,70%
2025-03-08,S24,TRACK JACKET,665,190,108,71%
2025-03-08,S24,TRACK PANT,120,48,21,60%
2025-03-08,S24,T-SHIRT,152,47,28,69%
2025-03-08,S25,0,59,59,8,0%
2025-03-08,S25,CABANA SHIRT,375,363,72,3%
2025-03-08,S25,CREWNECK,980,951,180,3%
2025-03-08,S25,HAT,116,116,25,0%
2025-03-08,S25,HOODIE,550,535,118,3%
2025-03-08,S25,POLO,"1,478","1,439",298,3%
2025-03-08,S25,SHORTS,"1,766","1,680",377,5%
2025-03-08,S25,SKORT,68,68,11,0%
2025-03-08,S25,SOCKS,54,54,12,0%
2025-03-08,S25,SWEATER,"2,040","1,988",461,3%
2025-03-08,S25,SWEATPANTS,988,970,198,2%
2025-03-08,S25,SWEATSHIRT,220,220,36,0%
2025-03-08,S25,TANK TOP,58,58,8,0%
2025-03-08,S25,TRACK JACKET,"3,180","3,114",603,2%
2025-03-08,S25,TRACK PANT,"2,538","2,471",483,3%
2025-03-08,S25,T-SHIRT,"1,134","1,077",208,5%
2025-03-09,CORE,SOCKS,198,176,44,11%
2025-03-09,CORE,TRACK JACKET,420,420,66,0%
2025-03-09,CORE,TRACK PANT,565,442,96,22%
2025-03-09,F21,HAT,76,28,12,63%
2025-03-09,F22,HAT,96,30,16,69%
2025-03-09,F22,TANK TOP,58,18,11,69%
2025-03-09,F23,TRACK PANT,775,224,135,71%
2025-03-09,F24,ACCESSORIES,672,317,157,53%
2025-03-09,F24,CAMP SHIRT,150,-6,30,104%
2025-03-09,F24,CREWNECK,110,55,25,50%
2025-03-09,F24,DRESS,745,355,171,52%
2025-03-09,F24,FOOTWEAR,150,90,36,40%
2025-03-09,F24,HOODIE,"1,400",679,352,52%
2025-03-09,F24,LEGGINGS,220,99,42,55%
2025-03-09,F24,LONG SLEEVE KNIT,"1,565",728,410,53%
2025-03-09,F24,POLO,"4,585","2,221","1,750",52%
2025-03-09,F24,S/S BUTTON SHIRT,"1,568",755,528,52%
2025-03-09,F24,SHORTS,"5,023","2,421","1,336",52%
2025-03-09,F24,SKIRT,468,216,205,54%
2025-03-09,F24,SOCKS,108,50,36,53%
2025-03-09,F24,SPORT BRA,136,61,38,55%
2025-03-09,F24,SWEATER,"2,200","1,004",470,54%
2025-03-09,F24,SWEATPANTS,"1,162",576,240,50%
2025-03-09,F24,SWEATSHIRT,145,102,55,30%
2025-03-09,F24,TRACK JACKET,"11,295","5,760","2,178",49%
2025-03-09,F24,TRACK PANT,"8,710","4,420","1,636",49%
2025-03-09,F24,T-SHIRT,"6,490","3,016","2,019",54%
2025-03-09,S23,SHORTS,68,19,12,72%
2025-03-09,S24,CAMP SHIRT,135,41,25,70%
2025-03-09,S24,CARDIGAN,216,66,38,69%
2025-03-09,S24,DRESS,534,219,136,59%
2025-03-09,S24,FOOTWEAR,59,42,10,29%
2025-03-09,S24,OUTERWEAR,150,38,28,75%
2025-03-09,S24,POLO,582,204,116,65%
2025-03-09,S24,SHORTS,"1,216",365,215,70%
2025-03-09,S24,SKIRT,448,135,72,70%
2025-03-09,S24,SKORT,78,22,13,72%
2025-03-09,S24,SPORT BRA,48,15,7,69%
2025-03-09,S24,TANK TOP,68,21,11,69%
2025-03-09,S24,TRACK JACKET,530,157,85,70%
2025-03-09,S24,TRACK PANT,735,406,125,45%
2025-03-09,S24,T-SHIRT,124,38,21,70%
2025-03-09,S25,0,59,59,8,0%
2025-03-09,S25,CABANA SHIRT,"1,125","1,044",222,7%
2025-03-09,S25,CREWNECK,588,573,108,3%
2025-03-09,S25,HAT,116,116,24,0%
2025-03-09,S25,HOODIE,400,388,85,3%
2025-03-09,S25,LEGGINGS,288,288,57,0%
2025-03-09,S25,LONG SLEEVE KNIT,156,156,20,0%
2025-03-09,S25,PANTS,210,210,44,0%
2025-03-09,S25,POLO,"1,206","1,147",244,5%
2025-03-09,S25,SHORTS,"2,196","2,128",444,3%
2025-03-09,S25,SOCKS,72,70,16,2%
2025-03-09,S25,SPORT BRA,68,68,17,0%
2025-03-09,S25,SWEATER,"4,015","3,841",914,4%
2025-03-09,S25,SWEATPANTS,616,603,126,2%
2025-03-09,S25,SWEATSHIRT,110,94,18,15%
2025-03-09,S25,TRACK JACKET,"5,000","4,831",946,3%
2025-03-09,S25,TRACK PANT,"3,455","3,321",670,4%
2025-03-09,S25,T-SHIRT,"1,136","1,106",205,3%
2025-03-09,SS22,T-SHIRT,54,14,12,73%
2025-03-10,CORE,HAT,216,216,39,0%
2025-03-10,CORE,SOCKS,180,162,40,10%
2025-03-10,CORE,TRACK JACKET,305,305,58,0%
2025-03-10,CORE,TRACK PANT,595,583,118,2%
2025-03-10,F22,HAT,0,-6,0,#DIV/0!
2025-03-10,F23,TRACK JACKET,-135,-41,-29,70%
2025-03-10,F23,TRACK PANT,-500,-141,-87,72%
2025-03-10,F24,0,-145,-145,-53,0%
2025-03-10,F24,ACCESSORIES,336,157,77,53%
2025-03-10,F24,CAMP SHIRT,300,120,60,60%
2025-03-10,F24,DRESS,260,143,41,45%
2025-03-10,F24,HAT,45,32,11,29%
2025-03-10,F24,HOODIE,525,246,129,53%
2025-03-10,F24,LEGGINGS,220,105,42,53%
2025-03-10,F24,LONG SLEEVE KNIT,"1,342",666,285,50%
2025-03-10,F24,POLO,"2,514","1,138",879,55%
2025-03-10,F24,S/S BUTTON SHIRT,588,277,198,53%
2025-03-10,F24,SHORTS,"4,528","1,976","1,123",56%
2025-03-10,F24,SKIRT,343,156,92,54%
2025-03-10,F24,SPORT BRA,136,65,38,53%
2025-03-10,F24,SWEATER,"3,135","1,564",714,50%
2025-03-10,F24,SWEATPANTS,318,134,66,58%
2025-03-10,F24,TRACK JACKET,"6,550","3,185","1,258",51%
2025-03-10,F24,TRACK PANT,"5,265","2,599","1,013",51%
2025-03-10,F24,T-SHIRT,"1,816",859,522,53%
2025-03-10,S24,CAMP SHIRT,415,126,86,70%
2025-03-10,S24,DRESS,470,141,89,70%
2025-03-10,S24,FOOTWEAR,295,206,50,30%
2025-03-10,S24,JACKET,350,175,130,50%
2025-03-10,S24,OUTERWEAR,150,41,28,73%
2025-03-10,S24,POLO,231,70,41,70%
2025-03-10,S24,SHORTS,823,254,161,69%
2025-03-10,S24,SKIRT,468,139,78,70%
2025-03-10,S24,SKORT,166,48,31,71%
2025-03-10,S24,SPORT BRA,174,52,30,70%
2025-03-10,S24,TANK TOP,146,45,23,69%
2025-03-10,S24,TRACK JACKET,260,79,39,70%
2025-03-10,S24,TRACK PANT,270,165,72,39%
2025-03-10,S25,0,118,112,16,5%
2025-03-10,S25,CABANA SHIRT,645,633,134,2%
2025-03-10,S25,CREWNECK,686,676,126,1%
2025-03-10,S25,HAT,232,226,48,3%
2025-03-10,S25,HOODIE,450,300,99,33%
2025-03-10,S25,LONG SLEEVE KNIT,78,78,10,0%
2025-03-10,S25,POLO,"1,618","1,380",321,15%
2025-03-10,S25,PULLOVER,110,110,21,0%
2025-03-10,S25,SHORTS,"2,205","2,036",462,8%
2025-03-10,S25,SKIRT,78,78,2,0%
2025-03-10,S25,SOCKS,36,36,8,0%
2025-03-10,S25,SWEATER,"2,840","2,822",663,1%
2025-03-10,S25,SWEATPANTS,528,528,108,0%
2025-03-10,S25,TANK TOP,58,58,8,0%
2025-03-10,S25,TRACK JACKET,"4,515","4,434",857,2%
2025-03-10,S25,TRACK PANT,"2,970","2,782",572,6%
2025-03-10,S25,T-SHIRT,"1,116","1,064",204,5%
2025-03-10,S25,VISOR,38,38,7,0%
2025-03-10,SS22,FOOTWEAR,95,29,21,69%
2025-03-11,CORE,SOCKS,234,210,52,10%
2025-03-11,CORE,TRACK JACKET,165,165,36,0%
2025-03-11,CORE,TRACK PANT,15,37,11,-147%
2025-03-11,F22,HAT,96,27,16,72%
2025-03-11,F23,SHORTS,68,19,13,72%
2025-03-11,F23,TRACK JACKET,175,53,33,70%
2025-03-11,F23,TRACK PANT,0,4,2,#DIV/0!
2025-03-11,F24,ACCESSORIES,588,284,127,52%
2025-03-11,F24,BAG,110,77,31,30%
2025-03-11,F24,CAMP SHIRT,600,234,128,61%
2025-03-11,F24,DRESS,435,220,79,49%
2025-03-11,F24,FOOTWEAR,150,90,36,40%
2025-03-11,F24,HOODIE,525,258,129,51%
2025-03-11,F24,LONG SLEEVE KNIT,"1,321",661,411,50%
2025-03-11,F24,POLO,"3,881","1,903","1,374",51%
2025-03-11,F24,S/S BUTTON SHIRT,"1,372",644,462,53%
2025-03-11,F24,SHORTS,"3,123","1,443",834,54%
2025-03-11,F24,SKIRT,468,222,204,53%
2025-03-11,F24,SOCKS,90,44,26,52%
2025-03-11,F24,SWEATER,"1,980",929,493,53%
2025-03-11,F24,SWEATPANTS,737,354,145,52%
2025-03-11,F24,TRACK JACKET,"7,060","3,469","1,283",51%
2025-03-11,F24,TRACK PANT,"6,730","3,420","1,254",49%
2025-03-11,F24,T-SHIRT,"1,916",930,505,51%
2025-03-11,S24,CAMP SHIRT,135,37,32,73%
2025-03-11,S24,CARDIGAN,324,96,57,70%
2025-03-11,S24,DRESS,98,27,17,72%
2025-03-11,S24,FOOTWEAR,381,290,86,24%
2025-03-11,S24,POLO,417,121,73,71%
2025-03-11,S24,SHORTS,856,251,156,71%
2025-03-11,S24,SKIRT,370,107,63,71%
2025-03-11,S24,SKORT,166,49,31,71%
2025-03-11,S24,SPORT BRA,48,15,7,69%
2025-03-11,S24,SWEATPANTS,176,48,32,73%
2025-03-11,S24,TANK TOP,340,99,55,71%
2025-03-11,S24,TRACK JACKET,415,118,76,72%
2025-03-11,S24,TRACK PANT,255,137,40,46%
2025-03-11,S24,T-SHIRT,48,15,7,69%
2025-03-11,S25,CABANA SHIRT,750,750,144,0%
2025-03-11,S25,CAMP SHIRT,88,88,15,0%
2025-03-11,S25,CREWNECK,490,490,90,0%
2025-03-11,S25,HAT,232,226,48,3%
2025-03-11,S25,HOODIE,25,25,7,0%
2025-03-11,S25,LONG SLEEVE KNIT,250,238,52,5%
2025-03-11,S25,POLO,"2,489","2,226",491,11%
2025-03-11,S25,SHORTS,"2,620","2,544",519,3%
2025-03-11,S25,SKIRT,176,176,22,0%
2025-03-11,S25,SOCKS,36,36,8,0%
2025-03-11,S25,SWEATER,"1,265",758,291,40%
2025-03-11,S25,SWEATPANTS,342,342,72,0%
2025-03-11,S25,SWEATSHIRT,220,209,36,5%
2025-03-11,S25,TRACK JACKET,"2,665","2,570",513,4%
2025-03-11,S25,TRACK PANT,"2,803","2,735",549,2%
2025-03-11,S25,T-SHIRT,"1,446","1,377",256,5%
2025-03-12,CORE,ACCESSORIES,18,14,5,22%
2025-03-12,CORE,SOCKS,252,214,56,15%
2025-03-12,CORE,TRACK JACKET,585,399,102,32%
2025-03-12,CORE,TRACK PANT,235,105,45,56%
2025-03-12,F22,HAT,108,33,20,69%
2025-03-12,F23,KNITWEAR,225,61,63,73%
2025-03-12,F23,TRACK PANT,755,223,142,71%
2025-03-12,F24,ACCESSORIES,"1,176",575,254,51%
2025-03-12,F24,CAMP SHIRT,"2,535",967,529,62%
2025-03-12,F24,DRESS,895,492,155,45%
2025-03-12,F24,FOOTWEAR,150,90,36,40%
2025-03-12,F24,HOODIE,770,390,170,49%
2025-03-12,F24,LEGGINGS,220,110,42,50%
2025-03-12,F24,LONG SLEEVE KNIT,"4,294","2,084","1,033",51%
2025-03-12,F24,OUTERWEAR,450,203,87,55%
2025-03-12,F24,POLO,"4,892","2,237","1,744",54%
2025-03-12,F24,S/S BUTTON SHIRT,"1,666",818,561,51%
2025-03-12,F24,SHORTS,"10,623","4,834","2,576",54%
2025-03-12,F24,SKIRT,"1,142",564,432,51%
2025-03-12,F24,SOCKS,126,62,34,51%
2025-03-12,F24,SPORT BRA,204,102,57,50%
2025-03-12,F24,SWEATER,"1,120",536,278,52%
2025-03-12,F24,SWEATPANTS,"1,334",643,265,52%
2025-03-12,F24,TRACK JACKET,"8,240","4,113","1,646",50%
2025-03-12,F24,TRACK PANT,"7,155","3,477","1,364",51%
2025-03-12,F24,T-SHIRT,"5,830","2,754","1,646",53%
2025-03-12,S23,SHORTS,136,42,28,69%
2025-03-12,S24,CAMP SHIRT,550,163,111,70%
2025-03-12,S24,CARDIGAN,540,162,95,70%
2025-03-12,S24,DRESS,470,136,91,71%
2025-03-12,S24,FOOTWEAR,118,84,20,29%
2025-03-12,S24,OUTERWEAR,150,45,28,70%
2025-03-12,S24,POLO,786,236,139,70%
2025-03-12,S24,SHORTS,"3,871","1,150",722,70%
2025-03-12,S24,SKIRT,818,278,148,66%
2025-03-12,S24,SKORT,176,51,38,71%
2025-03-12,S24,SPORT BRA,144,44,21,70%
2025-03-12,S24,SWEATPANTS,264,72,48,73%
2025-03-12,S24,TANK TOP,232,66,40,71%
2025-03-12,S24,TRACK JACKET,405,87,69,79%
2025-03-12,S24,TRACK PANT,259,114,56,56%
2025-03-12,S24,T-SHIRT,364,155,110,57%
2025-03-12,S25,CABANA SHIRT,"2,120","1,770",416,16%
2025-03-12,S25,CREWNECK,980,882,180,10%
2025-03-12,S25,HAT,290,284,60,2%
2025-03-12,S25,POLO,"2,294","2,131",465,7%
2025-03-12,S25,SHORTS,"2,825","2,679",567,5%
2025-03-12,S25,SKIRT,98,88,20,10%
2025-03-12,S25,SOCKS,72,70,16,2%
2025-03-12,S25,SWEATER,"3,725","3,484",873,6%
2025-03-12,S25,SWEATPANTS,792,783,162,1%
2025-03-12,S25,SWEATSHIRT,0,-110,0,#DIV/0!
2025-03-12,S25,TANK TOP,68,68,14,0%
2025-03-12,S25,TRACK JACKET,"5,635","5,482","1,054",3%
2025-03-12,S25,TRACK PANT,"4,453","4,347",857,2%
2025-03-12,S25,T-SHIRT,"1,322","1,269",226,4%
2025-03-12,S25,VISOR,38,38,7,0%
2025-03-13,CORE,HAT,252,248,42,2%
2025-03-13,CORE,SOCKS,468,382,104,18%
2025-03-13,CORE,TRACK JACKET,865,851,146,2%
2025-03-13,CORE,TRACK PANT,675,645,113,4%
2025-03-13,F22,HAT,96,30,16,69%
2025-03-13,F23,TRACK PANT,285,86,62,70%
2025-03-13,F24,ACCESSORIES,"1,012",471,221,53%
2025-03-13,F24,BAG,110,69,31,37%
2025-03-13,F24,CAMP SHIRT,"1,500",573,314,62%
2025-03-13,F24,CREWNECK,95,17,14,83%
2025-03-13,F24,DRESS,40,11,32,72%
2025-03-13,F24,HOODIE,780,426,159,45%
2025-03-13,F24,LEGGINGS,220,110,42,50%
2025-03-13,F24,LONG SLEEVE KNIT,"3,331","1,615",770,52%
2025-03-13,F24,OUTERWEAR,900,372,185,59%
2025-03-13,F24,POLO,"5,875","2,792","2,441",52%
2025-03-13,F24,S/S BUTTON SHIRT,"1,274",588,429,54%
2025-03-13,F24,SHORTS,"7,695","3,479","1,913",55%
2025-03-13,F24,SKIRT,879,404,349,54%
2025-03-13,F24,SOCKS,126,61,28,51%
2025-03-13,F24,SPORT BRA,136,63,38,54%
2025-03-13,F24,SWEATER,"1,040",409,224,61%
2025-03-13,F24,SWEATPANTS,428,209,90,51%
2025-03-13,F24,TRACK JACKET,"9,400","4,666","1,820",50%
2025-03-13,F24,TRACK PANT,"7,825","3,863","1,514",51%
2025-03-13,F24,T-SHIRT,"3,308","1,507","1,008",54%
2025-03-13,S24,CAMP SHIRT,135,41,32,70%
2025-03-13,S24,CARDIGAN,108,33,19,69%
2025-03-13,S24,DRESS,196,60,34,69%
2025-03-13,S24,FOOTWEAR,177,126,30,29%
2025-03-13,S24,OUTERWEAR,300,86,56,72%
2025-03-13,S24,POLO,797,234,143,71%
2025-03-13,S24,SHORTS,"1,811",541,330,70%
2025-03-13,S24,SKIRT,886,297,163,66%
2025-03-13,S24,SKORT,166,49,31,71%
2025-03-13,S24,SPORT BRA,256,79,43,69%
2025-03-13,S24,SWEATER,150,45,37,70%
2025-03-13,S24,TANK TOP,426,125,72,71%
2025-03-13,S24,TRACK JACKET,135,37,23,73%
2025-03-13,S24,TRACK PANT,115,58,20,50%
2025-03-13,S25,0,59,53,8,10%
2025-03-13,S25,ACCESSORIES,58,58,11,0%
2025-03-13,S25,CABANA SHIRT,885,859,185,3%
2025-03-13,S25,CREWNECK,980,858,180,13%
2025-03-13,S25,HAT,232,232,48,0%
2025-03-13,S25,HOODIE,450,435,99,3%
2025-03-13,S25,LONG SLEEVE KNIT,0,-78,0,#DIV/0!
2025-03-13,S25,POLO,"2,402","2,339",466,3%
2025-03-13,S25,SHORTS,"1,723","1,580",351,8%
2025-03-13,S25,SKIRT,58,58,11,0%
2025-03-13,S25,SKORT,410,401,81,2%
2025-03-13,S25,SOCKS,18,18,4,0%
2025-03-13,S25,SWEATER,"3,085","3,085",713,0%
2025-03-13,S25,SWEATPANTS,440,431,90,2%
2025-03-13,S25,SWEATSHIRT,220,209,36,5%
2025-03-13,S25,TANK TOP,126,126,22,0%
2025-03-13,S25,TRACK JACKET,"4,735","4,524",901,4%
2025-03-13,S25,TRACK PANT,"4,830","4,737",938,2%
2025-03-13,S25,T-SHIRT,"1,024","1,007",192,2%
2025-03-13,S25,VISOR,38,38,7,0%
2025-03-13,SS22,FOOTWEAR,95,29,21,69%
2025-03-14,CORE,ACCESSORIES,36,28,10,22%
2025-03-14,CORE,SOCKS,216,212,48,2%
2025-03-14,CORE,TRACK JACKET,635,600,130,6%
2025-03-14,CORE,TRACK PANT,235,234,45,1%
2025-03-14,F22,HAT,48,15,8,69%
2025-03-14,F23,TRACK PANT,265,81,48,69%
2025-03-14,F24,0,0,-145,0,#DIV/0!
2025-03-14,F24,ACCESSORIES,588,290,138,51%
2025-03-14,F24,BAG,-220,-154,-62,30%
2025-03-14,F24,CAMP SHIRT,"1,200",474,246,61%
2025-03-14,F24,CREWNECK,220,110,50,50%
2025-03-14,F24,FOOTWEAR,160,113,44,29%
2025-03-14,F24,HOODIE,385,207,85,46%
2025-03-14,F24,LONG SLEEVE KNIT,"2,159","1,018",445,53%
2025-03-14,F24,POLO,"3,771","1,975","1,545",48%
2025-03-14,F24,S/S BUTTON SHIRT,"1,274",617,429,52%
2025-03-14,F24,SHORTS,"7,332","3,595","1,674",51%
2025-03-14,F24,SKIRT,498,262,150,47%
2025-03-14,F24,SOCKS,72,35,16,51%
2025-03-14,F24,SWEATER,725,413,170,43%
2025-03-14,F24,SWEATPANTS,416,208,84,50%
2025-03-14,F24,SWEATSHIRT,-250,-113,-52,55%
2025-03-14,F24,TRACK JACKET,"7,780","3,933","1,513",49%
2025-03-14,F24,TRACK PANT,"6,485","3,164","1,259",51%
2025-03-14,F24,T-SHIRT,"4,042","1,894","1,172",53%
2025-03-14,S23,SHORTS,136,38,28,72%
2025-03-14,S24,CAMP SHIRT,550,167,118,70%
2025-03-14,S24,CARDIGAN,216,63,38,71%
2025-03-14,S24,DRESS,176,51,38,71%
2025-03-14,S24,FOOTWEAR,-59,-42,-10,29%
2025-03-14,S24,POLO,424,125,73,71%
2025-03-14,S24,SHORTS,"2,201",650,420,70%
2025-03-14,S24,SKIRT,516,148,87,71%
2025-03-14,S24,SKORT,88,27,19,69%
2025-03-14,S24,SPORT BRA,32,9,-1,73%
2025-03-14,S24,TANK TOP,136,39,22,71%
2025-03-14,S24,TRACK JACKET,540,365,93,32%
2025-03-14,S24,TRACK PANT,890,522,199,41%
2025-03-14,S24,T-SHIRT,144,58,39,60%
2025-03-14,S25,ACCESSORIES,68,68,13,0%
2025-03-14,S25,CABANA SHIRT,230,193,32,16%
2025-03-14,S25,CREWNECK,588,470,108,20%
2025-03-14,S25,HAT,232,226,48,3%
2025-03-14,S25,HOODIE,513,478,109,7%
2025-03-14,S25,POLO,"2,670","2,158",542,19%
2025-03-14,S25,SHORTS,"2,414","2,215",488,8%
2025-03-14,S25,SKIRT,176,176,22,0%
2025-03-14,S25,SOCKS,54,52,12,3%
2025-03-14,S25,SWEATER,"2,290","2,225",531,3%
2025-03-14,S25,SWEATPANTS,714,511,144,28%
2025-03-14,S25,SWEATSHIRT,0,0,0,#DIV/0!
2025-03-14,S25,TANK TOP,58,52,8,10%
2025-03-14,S25,TRACK JACKET,"3,915","3,499",732,11%
2025-03-14,S25,TRACK PANT,"2,535","2,212",488,13%
2025-03-14,S25,T-SHIRT,"1,718","1,609",295,6%
2025-03-15,CORE,HAT,42,42,7,0%
2025-03-15,CORE,SOCKS,216,202,48,7%
2025-03-15,CORE,TRACK JACKET,890,876,160,2%
2025-03-15,CORE,TRACK PANT,565,554,96,2%
2025-03-15,F22,HAT,96,30,16,69%
2025-03-15,F23,SHORTS,204,63,39,69%
2025-03-15,F23,SWEATPANTS,88,27,16,69%
2025-03-15,F23,TRACK PANT,150,45,27,70%
2025-03-15,F24,ACCESSORIES,252,122,58,52%
2025-03-15,F24,CAMP SHIRT,"1,785",716,377,60%
2025-03-15,F24,DRESS,405,197,66,51%
2025-03-15,F24,FOOTWEAR,320,226,88,29%
2025-03-15,F24,HOODIE,"1,720",853,393,50%
2025-03-15,F24,LEGGINGS,110,55,21,50%
2025-03-15,F24,LONG SLEEVE KNIT,"2,202","1,074",456,51%
2025-03-15,F24,OUTERWEAR,450,180,98,60%
2025-03-15,F24,POLO,"5,036","2,484","1,962",51%
2025-03-15,F24,S/S BUTTON SHIRT,392,196,132,50%
2025-03-15,F24,SHORTS,"5,621","2,786","1,259",50%
2025-03-15,F24,SKIRT,254,141,66,44%
2025-03-15,F24,SOCKS,54,26,18,52%
2025-03-15,F24,SPORT BRA,68,34,19,50%
2025-03-15,F24,SWEATER,"1,180",488,300,59%
2025-03-15,F24,SWEATPANTS,"1,397",680,290,51%
2025-03-15,F24,SWEATSHIRT,125,63,26,50%
2025-03-15,F24,TRACK JACKET,"12,460","5,778","2,375",54%
2025-03-15,F24,TRACK PANT,"10,570","5,259","2,007",50%
2025-03-15,F24,T-SHIRT,"3,472","1,644","1,113",53%
2025-03-15,S23,SHORTS,204,61,40,70%
2025-03-15,S24,0,50,50,16,0%
2025-03-15,S24,CAMP SHIRT,135,41,25,70%
2025-03-15,S24,DRESS,176,51,38,71%
2025-03-15,S24,FOOTWEAR,236,122,40,48%
2025-03-15,S24,OUTERWEAR,150,45,28,70%
2025-03-15,S24,POLO,735,209,125,72%
2025-03-15,S24,SHORTS,"2,433",707,462,71%
2025-03-15,S24,SKIRT,798,242,129,70%
2025-03-15,S24,SKORT,166,51,31,69%
2025-03-15,S24,SPORT BRA,144,45,21,69%
2025-03-15,S24,TANK TOP,222,65,39,71%
2025-03-15,S24,TRACK JACKET,135,37,23,73%
2025-03-15,S24,TRACK PANT,450,242,68,46%
2025-03-15,S24,T-SHIRT,86,26,14,70%
2025-03-15,S25,0,235,226,44,4%
2025-03-15,S25,CABANA SHIRT,"1,098","1,063",222,3%
2025-03-15,S25,CREWNECK,"1,078","1,044",198,3%
2025-03-15,S25,DRESS,125,113,23,10%
2025-03-15,S25,FOOTWEAR,300,300,66,0%
2025-03-15,S25,HAT,174,174,36,0%
2025-03-15,S25,HOODIE,150,150,33,0%
2025-03-15,S25,POLO,"2,697","2,641",542,2%
2025-03-15,S25,SHORTS,"3,363","3,258",694,3%
2025-03-15,S25,SKIRT,58,52,11,10%
2025-03-15,S25,SKORT,382,382,87,0%
2025-03-15,S25,SOCKS,54,52,12,3%
2025-03-15,S25,SWEATER,"3,260","2,886",761,11%
2025-03-15,S25,SWEATPANTS,968,937,198,3%
2025-03-15,S25,SWEATSHIRT,220,220,36,0%
2025-03-15,S25,TANK TOP,58,52,10,10%
2025-03-15,S25,TRACK JACKET,"4,685","4,320",876,8%
2025-03-15,S25,TRACK PANT,"3,270","3,177",616,3%
2025-03-15,S25,T-SHIRT,"1,318","1,283",222,3%
2025-03-16,CORE,ACCESSORIES,36,32,10,11%
2025-03-16,CORE,HAT,84,80,14,5%
2025-03-16,CORE,SOCKS,288,275,64,4%
2025-03-16,CORE,TRACK JACKET,"2,225","2,102",400,6%
2025-03-16,CORE,TRACK PANT,"1,615","1,519",293,6%
2025-03-16,F21,HAT,38,15,6,61%
2025-03-16,F22,HAT,48,15,8,69%
2025-03-16,F23,SHORTS,68,19,13,72%
2025-03-16,F23,SWEATPANTS,88,22,16,75%
2025-03-16,F23,TRACK JACKET,175,53,33,70%
2025-03-16,F23,TRACK PANT,485,143,94,70%
2025-03-16,F24,ACCESSORIES,634,307,139,52%
2025-03-16,F24,CAMP SHIRT,900,360,192,60%
2025-03-16,F24,DRESS,375,201,89,46%
2025-03-16,F24,HOODIE,375,108,92,71%
2025-03-16,F24,LEGGINGS,220,105,42,53%
2025-03-16,F24,LONG SLEEVE KNIT,"3,003","1,441",736,52%
2025-03-16,F24,OUTERWEAR,225,90,49,60%
2025-03-16,F24,POLO,"5,370","2,638","2,126",51%
2025-03-16,F24,S/S BUTTON SHIRT,"1,078",529,363,51%
2025-03-16,F24,SHORTS,"4,893","2,295","1,212",53%
2025-03-16,F24,SKIRT,790,392,322,50%
2025-03-16,F24,SOCKS,36,18,8,50%
2025-03-16,F24,SPORT BRA,68,31,19,55%
2025-03-16,F24,SWEATER,"1,195",536,292,55%
2025-03-16,F24,SWEATPANTS,428,209,91,51%
2025-03-16,F24,TRACK JACKET,"9,725","4,659","1,816",52%
2025-03-16,F24,TRACK PANT,"8,775","4,342","1,665",51%
2025-03-16,F24,T-SHIRT,"3,563","1,663","1,151",53%
2025-03-16,S23,SHORTS,204,63,38,69%
2025-03-16,S24,CAMP SHIRT,135,41,25,70%
2025-03-16,S24,CARDIGAN,108,33,19,69%
2025-03-16,S24,DRESS,274,81,55,70%
2025-03-16,S24,FOOTWEAR,59,42,10,29%
2025-03-16,S24,POLO,329,97,56,70%
2025-03-16,S24,SHORTS,"2,253",637,416,72%
2025-03-16,S24,SKIRT,584,178,96,70%
2025-03-16,S24,SKORT,244,73,43,70%
2025-03-16,S24,SPORT BRA,572,168,105,71%
2025-03-16,S24,TANK TOP,302,91,47,70%
2025-03-16,S24,TRACK JACKET,430,146,79,66%
2025-03-16,S24,T-SHIRT,124,53,39,57%
2025-03-16,S25,ACCESSORIES,58,58,11,0%
2025-03-16,S25,CABANA SHIRT,750,713,144,5%
2025-03-16,S25,CREWNECK,196,206,36,-5%
2025-03-16,S25,FOOTWEAR,450,435,99,3%
2025-03-16,S25,HAT,232,226,48,3%
2025-03-16,S25,HOODIE,250,225,52,10%
2025-03-16,S25,JACKET,330,330,64,0%
2025-03-16,S25,LONG SLEEVE KNIT,78,78,10,0%
2025-03-16,S25,POLO,"2,830","2,754",527,3%
2025-03-16,S25,SHORTS,"2,952","2,885",598,2%
2025-03-16,S25,SKORT,88,79,18,10%
2025-03-16,S25,SOCKS,108,108,24,0%
2025-03-16,S25,SWEATER,"2,650","2,518",612,5%
2025-03-16,S25,SWEATPANTS,274,273,54,0%
2025-03-16,S25,TRACK JACKET,"4,400","4,201",831,5%
2025-03-16,S25,TRACK PANT,"3,725","3,536",697,5%
2025-03-16,S25,T-SHIRT,"1,732","1,703",316,2%
2025-03-17,CORE,HAT,0,-4,0,#DIV/0!
2025-03-17,CORE,SOCKS,144,137,32,5%
2025-03-17,CORE,TRACK JACKET,90,90,-6,0%
2025-03-17,CORE,TRACK PANT,-15,-15,-11,0%
2025-03-17,F22,HAT,144,45,24,69%
2025-03-17,F22,SHORTS,78,24,14,69%
2025-03-17,F23,SHORTS,136,40,26,71%
2025-03-17,F23,SWEATPANTS,88,8,16,91%
2025-03-17,F23,TRACK PANT,270,81,62,70%
2025-03-17,F24,ACCESSORIES,588,287,122,51%
2025-03-17,F24,CAMP SHIRT,"1,185",470,249,60%
2025-03-17,F24,DRESS,260,131,57,50%
2025-03-17,F24,HOODIE,"1,410",714,339,49%
2025-03-17,F24,LEGGINGS,110,55,21,50%
2025-03-17,F24,LONG SLEEVE KNIT,"2,769","1,328",594,52%
2025-03-17,F24,OUTERWEAR,675,261,147,61%
2025-03-17,F24,POLO,"3,547","1,763","1,311",50%
2025-03-17,F24,S/S BUTTON SHIRT,"1,274",605,429,53%
2025-03-17,F24,SHORTS,"6,450","3,140","1,626",51%
2025-03-17,F24,SKIRT,712,361,288,49%
2025-03-17,F24,SKORT,78,47,18,40%
2025-03-17,F24,SPORT BRA,68,34,19,50%
2025-03-17,F24,SWEATER,"1,940",970,448,50%
2025-03-17,F24,SWEATPANTS,621,300,132,52%
2025-03-17,F24,SWEATSHIRT,-125,-57,-26,55%
2025-03-17,F24,TRACK JACKET,"4,410","1,779",856,60%
2025-03-17,F24,TRACK PANT,"6,290","3,083","1,283",51%
2025-03-17,F24,T-SHIRT,"3,564","1,676","1,285",53%
2025-03-17,S24,0,150,150,49,0%
2025-03-17,S24,CAMP SHIRT,425,125,90,71%
2025-03-17,S24,CARDIGAN,216,66,38,69%
2025-03-17,S24,DRESS,206,59,34,72%
2025-03-17,S24,FOOTWEAR,91,8,-6,91%
2025-03-17,S24,OUTERWEAR,150,41,28,73%
2025-03-17,S24,POLO,58,20,9,65%
2025-03-17,S24,SHORTS,"1,798",504,339,72%
2025-03-17,S24,SKIRT,282,87,42,69%
2025-03-17,S24,SKORT,332,102,62,69%
2025-03-17,S24,SPORT BRA,270,80,62,70%
2025-03-17,S24,SWEATER,150,41,37,73%
2025-03-17,S24,TANK TOP,292,90,46,69%
2025-03-17,S24,TRACK JACKET,-25,-27,-10,-8%
2025-03-17,S24,TRACK PANT,520,196,141,62%
2025-03-17,S24,T-SHIRT,38,12,7,68%
2025-03-17,S25,ACCESSORIES,392,392,82,0%
2025-03-17,S25,CABANA SHIRT,0,0,-3,#DIV/0!
2025-03-17,S25,CAMP SHIRT,176,176,30,0%
2025-03-17,S25,CREWNECK,196,88,36,55%
2025-03-17,S25,HAT,290,290,61,0%
2025-03-17,S25,HOODIE,250,250,52,0%
2025-03-17,S25,JACKET,-165,-165,-32,0%
2025-03-17,S25,LONG SLEEVE KNIT,156,156,20,0%
2025-03-17,S25,POLO,"2,261","2,185",457,3%
2025-03-17,S25,PULLOVER,110,110,21,0%
2025-03-17,S25,SHOES,170,153,41,10%
2025-03-17,S25,SHORTS,"1,974","1,868",416,5%
2025-03-17,S25,SKIRT,78,70,2,10%
2025-03-17,S25,SKORT,68,61,11,10%
2025-03-17,S25,SOCKS,198,196,45,1%
2025-03-17,S25,SWEATER,"1,800","1,775",400,1%
2025-03-17,S25,SWEATPANTS,284,196,54,31%
2025-03-17,S25,SWEATSHIRT,110,110,18,0%
2025-03-17,S25,TANK TOP,126,120,23,5%
2025-03-17,S25,TRACK JACKET,"3,765","3,404",722,10%
2025-03-17,S25,TRACK PANT,"2,881","2,903",562,-1%
2025-03-17,S25,T-SHIRT,"1,300","1,310",230,-1%
2025-03-17,SS22,T-SHIRT,46,12,12,75%
2025-03-18,CORE,ACCESSORIES,18,12,5,34%
2025-03-18,CORE,HAT,0,0,0,#DIV/0!
2025-03-18,CORE,SOCKS,324,282,72,13%
2025-03-18,CORE,TRACK JACKET,775,705,152,9%
2025-03-18,CORE,TRACK PANT,485,474,101,2%
2025-03-18,F21,HAT,38,15,6,61%
2025-03-18,F22,HAT,48,15,8,69%
2025-03-18,F22,SHORTS,78,24,14,69%
2025-03-18,F23,TRACK JACKET,175,48,33,73%
2025-03-18,F24,ACCESSORIES,420,176,88,58%
2025-03-18,F24,CAMP SHIRT,"1,035",397,217,62%
2025-03-18,F24,DRESS,500,281,92,44%
2025-03-18,F24,HAT,45,32,11,29%
2025-03-18,F24,HOODIE,650,320,160,51%
2025-03-18,F24,JACKET,325,163,55,50%
2025-03-18,F24,LEGGINGS,220,105,42,53%
2025-03-18,F24,LONG SLEEVE KNIT,"2,947","1,462",652,50%
2025-03-18,F24,OUTERWEAR,225,81,49,64%
2025-03-18,F24,POLO,"3,339","1,786","1,230",47%
2025-03-18,F24,S/S BUTTON SHIRT,588,130,198,78%
2025-03-18,F24,SHORTS,"5,345","2,458","1,238",54%
2025-03-18,F24,SKIRT,234,113,102,52%
2025-03-18,F24,SOCKS,126,58,34,54%
2025-03-18,F24,SPORT BRA,204,99,57,52%
2025-03-18,F24,SWEATER,"1,905",835,477,56%
2025-03-18,F24,SWEATPANTS,306,153,60,50%
2025-03-18,F24,TRACK JACKET,"7,580","3,765","1,433",50%
2025-03-18,F24,TRACK PANT,"6,530","3,066","1,265",53%
2025-03-18,F24,T-SHIRT,"5,611","2,459","1,792",56%
2025-03-18,S24,CAMP SHIRT,270,78,50,71%
2025-03-18,S24,CARDIGAN,216,66,38,69%
2025-03-18,S24,DRESS,206,60,34,71%
2025-03-18,S24,FOOTWEAR,118,84,20,29%
2025-03-18,S24,OUTERWEAR,150,45,28,70%
2025-03-18,S24,POLO,204,56,36,73%
2025-03-18,S24,SHORTS,"1,694",463,313,73%
2025-03-18,S24,SKIRT,516,149,81,71%
2025-03-18,S24,SPORT BRA,462,119,72,74%
2025-03-18,S24,TANK TOP,116,34,20,71%
2025-03-18,S24,TRACK JACKET,675,222,118,67%
2025-03-18,S24,TRACK PANT,313,149,55,52%
2025-03-18,S24,T-SHIRT,114,36,21,68%
2025-03-18,S25,0,59,59,8,0%
2025-03-18,S25,ACCESSORIES,246,234,54,5%
2025-03-18,S25,CABANA SHIRT,"1,385","1,360",278,2%
2025-03-18,S25,CREWNECK,392,284,72,28%
2025-03-18,S25,DRESS,125,113,23,10%
2025-03-18,S25,FOOTWEAR,450,263,99,42%
2025-03-18,S25,HAT,290,278,60,4%
2025-03-18,S25,HOODIE,300,300,66,0%
2025-03-18,S25,LEGGINGS,110,110,20,0%
2025-03-18,S25,LONG SLEEVE KNIT,78,78,10,0%
2025-03-18,S25,POLO,"2,693","2,886",560,-7%
2025-03-18,S25,SHORTS,"3,718","3,490",767,6%
2025-03-18,S25,SKIRT,78,78,2,0%
2025-03-18,S25,SKORT,68,68,11,0%
2025-03-18,S25,SOCKS,108,100,24,8%
2025-03-18,S25,SWEATER,"2,490","2,783",578,-12%
2025-03-18,S25,SWEATPANTS,352,255,72,28%
2025-03-18,S25,SWEATSHIRT,110,99,18,10%
2025-03-18,S25,TANK TOP,48,48,11,0%
2025-03-18,S25,TRACK JACKET,"3,980","3,695",796,7%
2025-03-18,S25,TRACK PANT,"3,800","3,681",771,3%
2025-03-18,S25,T-SHIRT,912,"1,084",154,-19%
2025-03-19,CORE,ACCESSORIES,18,13,5,30%
2025-03-19,CORE,SOCKS,216,209,48,3%
2025-03-19,CORE,TRACK JACKET,635,605,130,5%
2025-03-19,CORE,TRACK PANT,485,462,101,5%
2025-03-19,F21,HAT,38,15,6,61%
2025-03-19,F22,HAT,48,0,8,100%
2025-03-19,F23,OUTERWEAR,175,48,40,73%
2025-03-19,F23,POLO,78,24,14,69%
2025-03-19,F23,TRACK PANT,235,64,44,73%
2025-03-19,F24,ACCESSORIES,336,170,80,49%
2025-03-19,F24,CAMP SHIRT,"1,350",462,284,66%
2025-03-19,F24,CREWNECK,235,143,61,39%
2025-03-19,F24,DRESS,"1,020",546,174,46%
2025-03-19,F24,HAT,45,32,11,29%
2025-03-19,F24,HOODIE,235,159,31,32%
2025-03-19,F24,LEGGINGS,110,55,21,50%
2025-03-19,F24,LONG SLEEVE KNIT,"1,216",569,273,53%
2025-03-19,F24,OUTERWEAR,0,9,0,#DIV/0!
2025-03-19,F24,POLO,"2,955","1,412",986,52%
2025-03-19,F24,S/S BUTTON SHIRT,882,436,297,51%
2025-03-19,F24,SHORTS,"4,071","1,780","1,022",56%
2025-03-19,F24,SKIRT,333,170,110,49%
2025-03-19,F24,SKORT,78,47,18,40%
2025-03-19,F24,SOCKS,18,11,-2,40%
2025-03-19,F24,SPORT BRA,68,34,19,50%
2025-03-19,F24,SWEATER,"1,435",780,348,46%
2025-03-19,F24,SWEATPANTS,306,143,60,53%
2025-03-19,F24,TRACK JACKET,"5,485","2,756","1,024",50%
2025-03-19,F24,TRACK PANT,"5,935","2,981","1,153",50%
2025-03-19,F24,T-SHIRT,"4,731","2,179","1,404",54%
2025-03-19,S24,CAMP SHIRT,135,41,25,70%
2025-03-19,S24,CARDIGAN,216,66,38,69%
2025-03-19,S24,DRESS,274,81,55,70%
2025-03-19,S24,FOOTWEAR,118,84,20,29%
2025-03-19,S24,POLO,68,21,12,69%
2025-03-19,S24,SHORTS,864,259,176,70%
2025-03-19,S24,SKIRT,214,41,33,81%
2025-03-19,S24,SKORT,78,22,12,72%
2025-03-19,S24,SPORT BRA,96,12,14,88%
2025-03-19,S24,TANK TOP,0,0,0,#DIV/0!
2025-03-19,S24,TRACK JACKET,135,68,26,50%
2025-03-19,S24,TRACK PANT,220,125,28,43%
2025-03-19,S24,T-SHIRT,124,38,21,70%
2025-03-19,S25,ACCESSORIES,-118,-106,-25,10%
2025-03-19,S25,CABANA SHIRT,0,-113,-3,#DIV/0!
2025-03-19,S25,CREWNECK,294,294,54,0%
2025-03-19,S25,DRESS,-110,-110,-23,0%
2025-03-19,S25,FOOTWEAR,150,143,33,5%
2025-03-19,S25,HAT,0,0,0,#DIV/0!
2025-03-19,S25,POLO,"2,499","2,387",526,4%
2025-03-19,S25,PULLOVER,125,125,25,0%
2025-03-19,S25,SHORTS,"2,244","2,114",464,6%
2025-03-19,S25,SKORT,68,68,11,0%
2025-03-19,S25,SOCKS,72,72,16,0%
2025-03-19,S25,SWEATER,"2,140","2,108",497,2%
2025-03-19,S25,SWEATPANTS,264,255,54,3%
2025-03-19,S25,SWEATSHIRT,220,220,36,0%
2025-03-19,S25,TANK TOP,58,58,8,0%
2025-03-19,S25,TRACK JACKET,"2,115","1,701",425,20%
2025-03-19,S25,TRACK PANT,"2,273","2,107",459,7%
2025-03-19,S25,T-SHIRT,"1,596","1,478",277,7%
2025-03-20,CORE,ACCESSORIES,18,14,5,22%
2025-03-20,CORE,HAT,168,168,28,0%
2025-03-20,CORE,SOCKS,288,232,64,19%
2025-03-20,CORE,TRACK JACKET,610,610,116,0%
2025-03-20,CORE,TRACK PANT,705,550,135,22%
2025-03-20,F21,HAT,38,14,6,64%
2025-03-20,F23,OUTERWEAR,350,98,80,72%
2025-03-20,F23,TRACK PANT,235,66,44,72%
2025-03-20,F24,0,0,15,0,#DIV/0!
2025-03-20,F24,ACCESSORIES,504,247,113,51%
2025-03-20,F24,CAMP SHIRT,300,111,62,63%
2025-03-20,F24,CREWNECK,110,55,25,50%
2025-03-20,F24,DRESS,780,345,123,56%
2025-03-20,F24,FOOTWEAR,320,226,88,29%
2025-03-20,F24,HOODIE,795,407,171,49%
2025-03-20,F24,LEGGINGS,110,55,21,50%
2025-03-20,F24,LONG SLEEVE KNIT,"2,549","1,220",530,52%
2025-03-20,F24,OUTERWEAR,745,319,146,57%
2025-03-20,F24,POLO,"4,828","2,235","1,686",54%
2025-03-20,F24,S/S BUTTON SHIRT,196,34,66,83%
2025-03-20,F24,SHORTS,"5,919","2,804","1,369",53%
2025-03-20,F24,SKIRT,"1,102",489,460,56%
2025-03-20,F24,SKORT,78,40,18,49%
2025-03-20,F24,SOCKS,54,24,18,56%
2025-03-20,F24,SPORT BRA,68,34,19,50%
2025-03-20,F24,SWEATER,"3,180","1,329",842,58%
2025-03-20,F24,SWEATPANTS,428,198,91,54%
2025-03-20,F24,TRACK JACKET,"10,440","4,689","1,967",55%
2025-03-20,F24,TRACK PANT,"8,590","4,185","1,699",51%
2025-03-20,F24,T-SHIRT,"3,502","1,543",973,56%
2025-03-20,S23,SHORTS,68,21,14,69%
2025-03-20,S24,CAMP SHIRT,405,119,75,71%
2025-03-20,S24,DRESS,490,147,87,70%
2025-03-20,S24,FOOTWEAR,118,76,20,36%
2025-03-20,S24,OUTERWEAR,300,90,56,70%
2025-03-20,S24,POLO,136,42,24,69%
2025-03-20,S24,SHORTS,"1,101",304,198,72%
2025-03-20,S24,SKIRT,448,125,72,72%
2025-03-20,S24,SKORT,88,27,19,69%
2025-03-20,S24,SPORT BRA,222,62,37,72%
2025-03-20,S24,TRACK JACKET,270,82,46,70%
2025-03-20,S24,TRACK PANT,395,157,143,60%
2025-03-20,S24,T-SHIRT,48,15,7,69%
2025-03-20,S25,0,59,53,8,10%
2025-03-20,S25,ACCESSORIES,206,181,42,12%
2025-03-20,S25,CABANA SHIRT,875,669,171,24%
2025-03-20,S25,CAMP SHIRT,88,88,15,0%
2025-03-20,S25,CREWNECK,882,828,162,6%
2025-03-20,S25,DRESS,110,110,23,0%
2025-03-20,S25,FOOTWEAR,300,285,66,5%
2025-03-20,S25,HAT,406,325,84,20%
2025-03-20,S25,HOODIE,125,113,26,10%
2025-03-20,S25,JACKET,0,-165,0,#DIV/0!
2025-03-20,S25,LEGGINGS,-110,-110,-21,0%
2025-03-20,S25,POLO,"3,966","3,546",809,11%
2025-03-20,S25,SHOES,170,170,41,0%
2025-03-20,S25,SHORTS,"3,192","2,720",649,15%
2025-03-20,S25,SKIRT,58,58,11,0%
2025-03-20,S25,SKORT,264,264,57,0%
2025-03-20,S25,SOCKS,90,83,20,8%
2025-03-20,S25,SPORT BRA,-68,-68,-17,0%
2025-03-20,S25,SWEATER,"4,635","4,456","1,103",4%
2025-03-20,S25,SWEATPANTS,988,930,198,6%
2025-03-20,S25,TRACK JACKET,"5,255","4,312",998,18%
2025-03-20,S25,TRACK PANT,"3,278","3,051",633,7%
2025-03-20,S25,T-SHIRT,"2,252","2,084",394,7%
2025-03-21,CORE,HAT,-42,-42,-7,0%
2025-03-21,CORE,SOCKS,252,216,56,14%
2025-03-21,CORE,TRACK JACKET,865,711,146,18%
2025-03-21,CORE,TRACK PANT,675,554,113,18%
2025-03-21,F22,HAT,144,45,24,69%
2025-03-21,F23,TRACK PANT,250,65,48,74%
2025-03-21,F24,0,145,145,53,0%
2025-03-21,F24,ACCESSORIES,336,166,77,51%
2025-03-21,F24,CAMP SHIRT,"1,500",582,312,61%
2025-03-21,F24,CREWNECK,235,130,70,45%
2025-03-21,F24,DRESS,260,133,41,49%
2025-03-21,F24,FOOTWEAR,-160,-102,-44,36%
2025-03-21,F24,HOODIE,400,129,97,68%
2025-03-21,F24,LEGGINGS,110,47,21,58%
2025-03-21,F24,LONG SLEEVE KNIT,906,406,210,55%
2025-03-21,F24,OUTERWEAR,450,180,98,60%
2025-03-21,F24,POLO,"4,433","2,029","1,771",54%
2025-03-21,F24,S/S BUTTON SHIRT,784,336,264,57%
2025-03-21,F24,SHORTS,"4,933","2,146","1,162",56%
2025-03-21,F24,SKIRT,879,403,394,54%
2025-03-21,F24,SOCKS,54,23,12,58%
2025-03-21,F24,SPORT BRA,68,29,19,58%
2025-03-21,F24,SWEATER,"1,690",728,385,57%
2025-03-21,F24,SWEATPANTS,279,90,53,68%
2025-03-21,F24,SWEATSHIRT,375,195,84,48%
2025-03-21,F24,TRACK JACKET,"7,390","3,280","1,446",56%
2025-03-21,F24,TRACK PANT,"5,205","2,261","1,029",57%
2025-03-21,F24,T-SHIRT,"3,894","1,557","1,298",60%
2025-03-21,S23,SHORTS,68,21,14,69%
2025-03-21,S24,CAMP SHIRT,280,78,54,72%
2025-03-21,S24,CARDIGAN,432,127,76,71%
2025-03-21,S24,DRESS,176,50,38,72%
2025-03-21,S24,FOOTWEAR,59,38,10,36%
2025-03-21,S24,OUTERWEAR,150,38,28,75%
2025-03-21,S24,POLO,360,108,65,70%
2025-03-21,S24,SHORTS,"1,754",495,331,72%
2025-03-21,S24,SKIRT,506,149,81,71%
2025-03-21,S24,SKORT,88,23,19,74%
2025-03-21,S24,SPORT BRA,318,91,51,71%
2025-03-21,S24,SWEATER,150,38,37,75%
2025-03-21,S24,TANK TOP,116,36,20,69%
2025-03-21,S24,TRACK JACKET,810,246,138,70%
2025-03-21,S24,TRACK PANT,0,-10,0,#DIV/0!
2025-03-21,S24,T-SHIRT,38,10,7,73%
2025-03-21,S25,CABANA SHIRT,125,125,24,0%
2025-03-21,S25,CAMP SHIRT,88,0,15,100%
2025-03-21,S25,CREWNECK,882,843,162,4%
2025-03-21,S25,FOOTWEAR,0,-8,0,#DIV/0!
2025-03-21,S25,HAT,-58,-58,-12,0%
2025-03-21,S25,HOODIE,250,96,52,62%
2025-03-21,S25,LONG SLEEVE KNIT,312,300,40,4%
2025-03-21,S25,POLO,"2,772","2,580",571,7%
2025-03-21,S25,PULLOVER,125,125,25,0%
2025-03-21,S25,SHORTS,"2,800","2,582",583,8%
2025-03-21,S25,SKIRT,176,161,22,8%
2025-03-21,S25,SKORT,264,224,57,15%
2025-03-21,S25,SOCKS,54,54,12,0%
2025-03-21,S25,SWEATER,"3,835","3,591",916,6%
2025-03-21,S25,SWEATPANTS,812,762,162,6%
2025-03-21,S25,SWEATSHIRT,110,110,18,0%
2025-03-21,S25,TANK TOP,164,155,27,5%
2025-03-21,S25,TRACK JACKET,"3,610","3,102",693,14%
2025-03-21,S25,TRACK PANT,"2,668","2,415",525,9%
2025-03-21,S25,T-SHIRT,"1,852","1,702",332,8%
2025-03-21,SS22,SHORTS,98,29,30,70%
2025-03-22,CORE,ACCESSORIES,12,18,6,-50%
2025-03-22,CORE,SOCKS,162,133,36,18%
2025-03-22,CORE,TRACK JACKET,"1,360","1,153",254,15%
2025-03-22,CORE,TRACK PANT,"1,050",888,197,15%
2025-03-22,F22,HAT,48,15,8,69%
2025-03-22,F23,TRACK JACKET,175,45,33,74%
2025-03-22,F23,TRACK PANT,110,33,23,70%
2025-03-22,F24,ACCESSORIES,336,165,80,51%
2025-03-22,F24,CAMP SHIRT,"1,365",505,281,63%
2025-03-22,F24,DRESS,485,239,125,51%
2025-03-22,F24,HOODIE,460,210,89,54%
2025-03-22,F24,LEGGINGS,110,55,21,50%
2025-03-22,F24,LONG SLEEVE KNIT,"2,629","1,224",515,53%
2025-03-22,F24,OUTERWEAR,225,96,38,57%
2025-03-22,F24,POLO,"4,187","2,175","1,629",48%
2025-03-22,F24,S/S BUTTON SHIRT,588,272,198,54%
2025-03-22,F24,SHORTS,"6,179","2,604","1,414",58%
2025-03-22,F24,SKIRT,577,282,194,51%
2025-03-22,F24,SOCKS,18,9,4,50%
2025-03-22,F24,SPORT BRA,136,63,38,54%
2025-03-22,F24,SWEATER,"2,320",934,613,60%
2025-03-22,F24,SWEATPANTS,443,241,92,46%
2025-03-22,F24,SWEATSHIRT,125,88,32,30%
2025-03-22,F24,TRACK JACKET,"6,740","3,173","1,321",53%
2025-03-22,F24,TRACK PANT,"7,345","3,498","1,421",52%
2025-03-22,F24,T-SHIRT,"3,258","1,462","1,074",55%
2025-03-22,S23,SHORTS,68,21,12,69%
2025-03-22,S24,CAMP SHIRT,145,44,29,70%
2025-03-22,S24,CARDIGAN,108,33,19,69%
2025-03-22,S24,OUTERWEAR,300,86,56,72%
2025-03-22,S24,POLO,474,138,81,71%
2025-03-22,S24,SHORTS,"2,147",628,429,71%
2025-03-22,S24,SKIRT,370,114,57,69%
2025-03-22,S24,SKORT,430,124,88,71%
2025-03-22,S24,SPORT BRA,504,152,92,70%
2025-03-22,S24,TANK TOP,126,39,21,69%
2025-03-22,S24,TRACK JACKET,530,178,88,66%
2025-03-22,S24,TRACK PANT,250,125,41,50%
2025-03-22,S24,T-SHIRT,124,53,39,57%
2025-03-22,S25,0,59,59,8,0%
2025-03-22,S25,ACTIVE JACKET,125,125,26,0%
2025-03-22,S25,CABANA SHIRT,510,491,104,4%
2025-03-22,S25,CAMP SHIRT,88,88,15,0%
2025-03-22,S25,CREWNECK,588,475,108,19%
2025-03-22,S25,DRESS,235,216,48,8%
2025-03-22,S25,HAT,116,116,24,0%
2025-03-22,S25,LEGGINGS,118,118,21,0%
2025-03-22,S25,LONG SLEEVE KNIT,136,136,20,0%
2025-03-22,S25,POLO,"3,971","3,427",830,14%
2025-03-22,S25,SHORTS,"2,896","2,508",616,13%
2025-03-22,S25,SKORT,166,156,34,6%
2025-03-22,S25,SOCKS,36,36,8,0%
2025-03-22,S25,SWEATER,"4,885","4,278","1,119",12%
2025-03-22,S25,SWEATPANTS,440,339,90,23%
2025-03-22,S25,TANK TOP,58,49,8,15%
2025-03-22,S25,TRACK JACKET,"4,590","4,540",896,1%
2025-03-22,S25,TRACK PANT,"3,731","3,567",718,4%
2025-03-22,S25,T-SHIRT,"1,558","1,513",277,3%
2025-03-23,CORE,HAT,42,36,7,15%
2025-03-23,CORE,SOCKS,378,299,84,21%
2025-03-23,CORE,TRACK JACKET,"1,245","1,196",246,4%
2025-03-23,CORE,TRACK PANT,595,595,118,0%
2025-03-23,F21,HAT,114,45,18,61%
2025-03-23,F23,SWEATPANTS,88,27,16,69%
2025-03-23,F23,TRACK PANT,360,98,69,73%
2025-03-23,F24,0,145,145,53,0%
2025-03-23,F24,ACCESSORIES,336,162,75,52%
2025-03-23,F24,BAG,110,77,31,30%
2025-03-23,F24,CAMP SHIRT,900,333,192,63%
2025-03-23,F24,DRESS,765,337,172,56%
2025-03-23,F24,HOODIE,920,436,204,53%
2025-03-23,F24,LEGGINGS,330,157,63,53%
2025-03-23,F24,LONG SLEEVE KNIT,"2,668","1,218",543,54%
2025-03-23,F24,OUTERWEAR,"1,125",407,234,64%
2025-03-23,F24,POLO,"3,657","1,698","1,550",54%
2025-03-23,F24,S/S BUTTON SHIRT,686,299,231,56%
2025-03-23,F24,SHORTS,"5,210","2,180","1,193",58%
2025-03-23,F24,SKIRT,723,346,281,52%
2025-03-23,F24,SOCKS,18,9,4,50%
2025-03-23,F24,SPORT BRA,204,97,57,53%
2025-03-23,F24,SWEATER,"1,075",460,298,57%
2025-03-23,F24,SWEATPANTS,345,165,73,52%
2025-03-23,F24,SWEATSHIRT,375,204,90,46%
2025-03-23,F24,TRACK JACKET,"10,580","5,208","2,043",51%
2025-03-23,F24,TRACK PANT,"8,245","4,057","1,616",51%
2025-03-23,F24,T-SHIRT,"3,384","1,505","1,023",56%
2025-03-23,S24,CAMP SHIRT,540,146,107,73%
2025-03-23,S24,DRESS,382,99,70,74%
2025-03-23,S24,FOOTWEAR,59,59,10,0%
2025-03-23,S24,OUTERWEAR,450,128,84,72%
2025-03-23,S24,POLO,224,62,41,72%
2025-03-23,S24,SHORTS,"2,150",600,380,72%
2025-03-23,S24,SKIRT,564,158,84,72%
2025-03-23,S24,SKORT,88,23,19,74%
2025-03-23,S24,SPORT BRA,222,63,37,72%
2025-03-23,S24,SWEATER,150,45,37,70%
2025-03-23,S24,SWEATPANTS,88,24,16,73%
2025-03-23,S24,TANK TOP,48,15,9,69%
2025-03-23,S24,TRACK JACKET,405,105,69,74%
2025-03-23,S24,TRACK PANT,890,447,142,50%
2025-03-23,S24,T-SHIRT,200,70,53,65%
2025-03-23,S25,ACCESSORIES,58,58,11,0%
2025-03-23,S25,CABANA SHIRT,"1,108","1,018",228,8%
2025-03-23,S25,CAMP SHIRT,-88,-88,-15,0%
2025-03-23,S25,CREWNECK,294,294,54,0%
2025-03-23,S25,HAT,174,165,36,5%
2025-03-23,S25,HOODIE,275,256,59,7%
2025-03-23,S25,POLO,"2,930","2,756",594,6%
2025-03-23,S25,PULLOVER,235,200,46,15%
2025-03-23,S25,SHORTS,"3,635","3,369",770,7%
2025-03-23,S25,SKIRT,98,83,20,15%
2025-03-23,S25,SKORT,204,184,33,10%
2025-03-23,S25,SOCKS,18,15,4,15%
2025-03-23,S25,SWEATER,"4,815","4,391","1,115",9%
2025-03-23,S25,SWEATPANTS,176,176,36,0%
2025-03-23,S25,TANK TOP,174,157,24,10%
2025-03-23,S25,TRACK JACKET,"6,425","5,865","1,278",9%
2025-03-23,S25,TRACK PANT,"5,015","4,420",982,12%
2025-03-23,S25,T-SHIRT,"1,996","1,864",366,7%
2025-03-24,CORE,SOCKS,288,249,64,13%
2025-03-24,CORE,TRACK JACKET,"1,030",844,182,18%
2025-03-24,CORE,TRACK PANT,800,659,141,18%
2025-03-24,F21,HAT,38,13,6,66%
2025-03-24,F22,HAT,204,58,36,72%
2025-03-24,F22,SHORTS,78,24,14,69%
2025-03-24,F23,TRACK JACKET,-135,-41,-29,70%
2025-03-24,F23,TRACK PANT,110,33,19,70%
2025-03-24,F24,ACCESSORIES,298,131,65,56%
2025-03-24,F24,CAMP SHIRT,300,66,64,78%
2025-03-24,F24,CREWNECK,110,55,25,50%
2025-03-24,F24,DRESS,260,168,25,36%
2025-03-24,F24,HOODIE,635,248,149,61%
2025-03-24,F24,LONG SLEEVE KNIT,-28,-43,-72,-55%
2025-03-24,F24,OUTERWEAR,675,299,125,56%
2025-03-24,F24,POLO,"3,431","1,678","1,365",51%
2025-03-24,F24,S/S BUTTON SHIRT,882,407,297,54%
2025-03-24,F24,SHORTS,"2,777","1,236",695,55%
2025-03-24,F24,SKIRT,157,12,78,93%
2025-03-24,F24,SOCKS,18,6,10,65%
2025-03-24,F24,SPORT BRA,68,29,19,58%
2025-03-24,F24,SWEATER,"1,345",395,395,71%
2025-03-24,F24,SWEATPANTS,330,107,72,68%
2025-03-24,F24,SWEATSHIRT,105,74,9,30%
2025-03-24,F24,TRACK JACKET,"5,860","2,626","1,155",55%
2025-03-24,F24,TRACK PANT,"3,440","1,337",685,61%
2025-03-24,F24,T-SHIRT,"2,379","1,040",692,56%
2025-03-24,S23,SHORTS,68,21,14,69%
2025-03-24,S24,CAMP SHIRT,0,4,0,#DIV/0!
2025-03-24,S24,CARDIGAN,216,61,38,72%
2025-03-24,S24,DRESS,176,50,38,72%
2025-03-24,S24,FOOTWEAR,59,59,10,0%
2025-03-24,S24,OUTERWEAR,150,45,28,70%
2025-03-24,S24,POLO,156,41,29,74%
2025-03-24,S24,SHORTS,"1,528",448,293,71%
2025-03-24,S24,SKIRT,496,130,75,74%
2025-03-24,S24,SKORT,88,23,19,74%
2025-03-24,S24,SPORT BRA,334,91,59,73%
2025-03-24,S24,SWEATER,150,45,37,70%
2025-03-24,S24,TANK TOP,144,39,27,73%
2025-03-24,S24,TRACK JACKET,835,257,148,69%
2025-03-24,S24,TRACK PANT,140,54,32,62%
2025-03-24,S24,T-SHIRT,200,56,35,72%
2025-03-24,S25,CABANA SHIRT,0,-6,0,#DIV/0!
2025-03-24,S25,CAMP SHIRT,88,88,15,0%
2025-03-24,S25,CREWNECK,98,98,18,0%
2025-03-24,S25,HAT,116,99,24,15%
2025-03-24,S25,HOODIE,-25,-44,-7,-75%
2025-03-24,S25,LEGGINGS,178,178,36,0%
2025-03-24,S25,LONG SLEEVE KNIT,272,272,40,0%
2025-03-24,S25,POLO,"3,596","3,258",735,9%
2025-03-24,S25,SHORTS,"2,138","1,971",436,8%
2025-03-24,S25,SKORT,-204,-119,-33,42%
2025-03-24,S25,SOCKS,36,31,8,15%
2025-03-24,S25,SPORT BRA,48,48,7,0%
2025-03-24,S25,SWEATER,"2,640","2,516",620,5%
2025-03-24,S25,SWEATPANTS,98,83,18,15%
2025-03-24,S25,TANK TOP,-64,-8,-5,88%
2025-03-24,S25,TRACK JACKET,"2,270","2,115",433,7%
2025-03-24,S25,TRACK PANT,"1,390","1,365",257,2%
2025-03-24,S25,T-SHIRT,"1,166","1,102",200,6%
2025-03-24,SS22,SHORTS,68,18,15,74%
2025-03-25,CORE,SOCKS,144,150,32,-4%
2025-03-25,CORE,TRACK JACKET,470,347,94,26%
2025-03-25,CORE,TRACK PANT,0,7,0,#DIV/0!
2025-03-25,F21,HAT,76,28,12,63%
2025-03-25,F22,SHORTS,78,24,14,69%
2025-03-25,F23,OUTERWEAR,175,53,40,70%
2025-03-25,F23,TRACK PANT,470,131,88,72%
2025-03-25,F24,ACCESSORIES,462,231,105,50%
2025-03-25,F24,CAMP SHIRT,450,165,96,63%
2025-03-25,F24,CREWNECK,220,110,50,50%
2025-03-25,F24,DRESS,385,174,76,55%
2025-03-25,F24,HOODIE,920,447,195,51%
2025-03-25,F24,LEGGINGS,330,157,63,53%
2025-03-25,F24,LONG SLEEVE KNIT,"1,690",811,321,52%
2025-03-25,F24,OUTERWEAR,450,153,98,66%
2025-03-25,F24,POLO,"4,119","1,998","1,548",52%
2025-03-25,F24,S/S BUTTON SHIRT,"1,176",544,396,54%
2025-03-25,F24,SHORTS,"4,353","1,955","1,076",55%
2025-03-25,F24,SKIRT,166,77,50,54%
2025-03-25,F24,SOCKS,-18,-8,-10,58%
2025-03-25,F24,SPORT BRA,136,63,38,54%
2025-03-25,F24,SWEATER,990,366,282,63%
2025-03-25,F24,SWEATPANTS,330,157,73,53%
2025-03-25,F24,TRACK JACKET,"5,630","2,521","1,042",55%
2025-03-25,F24,TRACK PANT,"4,805","2,501",961,48%
2025-03-25,F24,T-SHIRT,"4,382","1,821","1,394",58%
2025-03-25,S24,CAMP SHIRT,270,82,57,70%
2025-03-25,S24,CARDIGAN,216,61,38,72%
2025-03-25,S24,DRESS,321,130,75,59%
2025-03-25,S24,FOOTWEAR,0,21,0,#DIV/0!
2025-03-25,S24,OUTERWEAR,300,77,56,75%
2025-03-25,S24,POLO,329,101,56,69%
2025-03-25,S24,SHORTS,"2,053",610,347,70%
2025-03-25,S24,SKIRT,224,72,39,68%
2025-03-25,S24,SKORT,-88,-23,-19,74%
2025-03-25,S24,SPORT BRA,146,44,28,70%
2025-03-25,S24,TANK TOP,232,69,40,70%
2025-03-25,S24,TRACK JACKET,405,105,69,74%
2025-03-25,S24,TRACK PANT,375,97,87,74%
2025-03-25,S25,0,177,177,25,0%
2025-03-25,S25,CABANA SHIRT,625,588,126,6%
2025-03-25,S25,CREWNECK,392,294,72,25%
2025-03-25,S25,HAT,232,206,48,11%
2025-03-25,S25,HOODIE,125,125,26,0%
2025-03-25,S25,POLO,"2,677","2,481",550,7%
2025-03-25,S25,PULLOVER,235,216,46,8%
2025-03-25,S25,SHORTS,"2,282","2,136",476,6%
2025-03-25,S25,SKIRT,196,98,40,50%
2025-03-25,S25,SKORT,166,166,34,0%
2025-03-25,S25,SOCKS,90,82,20,9%
2025-03-25,S25,SWEATER,"3,030","2,933",699,3%
2025-03-25,S25,SWEATPANTS,352,264,72,25%
2025-03-25,S25,SWEATSHIRT,110,110,18,0%
2025-03-25,S25,TANK TOP,58,58,8,0%
2025-03-25,S25,TRACK JACKET,"2,830","2,442",552,14%
2025-03-25,S25,TRACK PANT,"1,545","1,489",313,4%
2025-03-25,S25,T-SHIRT,"1,060",958,183,10%
2025-03-25,S25,VISOR,38,38,7,0%
2025-03-26,CORE,HAT,42,42,7,0%
2025-03-26,CORE,SOCKS,288,247,64,14%
2025-03-26,CORE,TRACK JACKET,"2,085","2,025",378,3%
2025-03-26,CORE,TRACK PANT,"1,945","1,899",343,2%
2025-03-26,F21,HAT,38,15,6,61%
2025-03-26,F22,HAT,144,45,24,69%
2025-03-26,F23,TRACK JACKET,175,53,33,70%
2025-03-26,F23,TRACK PANT,220,66,44,70%
2025-03-26,F24,ACCESSORIES,420,197,95,53%
2025-03-26,F24,CAMP SHIRT,"1,350",507,276,62%
2025-03-26,F24,CREWNECK,125,88,45,30%
2025-03-26,F24,DRESS,510,260,79,49%
2025-03-26,F24,HOODIE,385,144,85,63%
2025-03-26,F24,LEGGINGS,220,110,42,50%
2025-03-26,F24,LONG SLEEVE KNIT,"2,418","1,143",566,53%
2025-03-26,F24,OUTERWEAR,450,167,98,63%
2025-03-26,F24,POLO,"3,116","1,349",986,57%
2025-03-26,F24,S/S BUTTON SHIRT,294,127,99,57%
2025-03-26,F24,SHORTS,"5,128","2,309","1,141",55%
2025-03-26,F24,SKIRT,868,410,356,53%
2025-03-26,F24,SOCKS,18,8,4,58%
2025-03-26,F24,SPORT BRA,136,68,38,50%
2025-03-26,F24,SWEATER,"2,475","1,055",635,57%
2025-03-26,F24,SWEATPANTS,529,248,103,53%
2025-03-26,F24,SWEATSHIRT,440,219,105,50%
2025-03-26,F24,TRACK JACKET,"10,185","4,699","1,961",54%
2025-03-26,F24,TRACK PANT,"7,605","3,525","1,510",54%
2025-03-26,F24,T-SHIRT,"4,512","1,901","1,246",58%
2025-03-26,S23,SHORTS,136,42,26,69%
2025-03-26,S24,CAMP SHIRT,270,82,50,70%
2025-03-26,S24,DRESS,382,108,70,72%
2025-03-26,S24,OUTERWEAR,300,90,56,70%
2025-03-26,S24,POLO,369,133,79,64%
2025-03-26,S24,SHORTS,"2,182",640,431,71%
2025-03-26,S24,SKIRT,370,127,76,66%
2025-03-26,S24,SKORT,-88,-23,-19,74%
2025-03-26,S24,SPORT BRA,82,25,13,69%
2025-03-26,S24,SWEATPANTS,88,24,16,73%
2025-03-26,S24,TANK TOP,96,30,18,69%
2025-03-26,S24,TRACK JACKET,720,288,126,60%
2025-03-26,S24,TRACK PANT,385,214,63,45%
2025-03-26,S24,T-SHIRT,48,25,25,49%
2025-03-26,S25,CABANA SHIRT,885,852,179,4%
2025-03-26,S25,CAMP SHIRT,88,88,15,0%
2025-03-26,S25,CREWNECK,392,377,72,4%
2025-03-26,S25,HAT,174,174,36,0%
2025-03-26,S25,POLO,"3,429","3,245",690,5%
2025-03-26,S25,SHORTS,"3,019","2,928",616,3%
2025-03-26,S25,SKIRT,-98,-83,-20,15%
2025-03-26,S25,SKORT,98,98,23,0%
2025-03-26,S25,SOCKS,90,87,20,3%
2025-03-26,S25,SWEATER,"2,670","2,546",615,5%
2025-03-26,S25,SWEATPANTS,352,339,72,4%
2025-03-26,S25,SWEATSHIRT,110,110,18,0%
2025-03-26,S25,TANK TOP,48,48,11,0%
2025-03-26,S25,TRACK JACKET,"6,700","6,505","1,308",3%
2025-03-26,S25,TRACK PANT,"5,265","4,837","1,022",8%
2025-03-26,S25,T-SHIRT,902,865,165,4%
2025-03-27,CORE,HAT,126,71,21,43%
2025-03-27,CORE,SOCKS,360,320,80,11%
2025-03-27,CORE,TRACK JACKET,165,140,36,15%
2025-03-27,CORE,TRACK PANT,250,231,56,8%
2025-03-27,F22,HAT,48,15,8,69%
2025-03-27,F22,SHORTS,78,20,14,74%
2025-03-27,F23,POLO,78,20,14,74%
2025-03-27,F23,SWEATPANTS,88,23,16,74%
2025-03-27,F24,ACCESSORIES,630,307,146,51%
2025-03-27,F24,CAMP SHIRT,450,120,92,73%
2025-03-27,F24,CREWNECK,110,55,25,50%
2025-03-27,F24,DRESS,"1,300",660,237,49%
2025-03-27,F24,FOOTWEAR,160,96,44,40%
2025-03-27,F24,HOODIE,"1,280",641,286,50%
2025-03-27,F24,LEGGINGS,220,110,42,50%
2025-03-27,F24,LONG SLEEVE KNIT,"1,836",818,351,55%
2025-03-27,F24,OUTERWEAR,"1,125",438,212,61%
2025-03-27,F24,POLO,"4,044","1,892","1,461",53%
2025-03-27,F24,S/S BUTTON SHIRT,-98,-42,-33,58%
2025-03-27,F24,SHORTS,"4,772","2,158","1,040",55%
2025-03-27,F24,SKIRT,665,336,210,49%
2025-03-27,F24,SOCKS,36,17,14,54%
2025-03-27,F24,SPORT BRA,136,68,38,50%
2025-03-27,F24,SWEATER,"2,900","1,247",705,57%
2025-03-27,F24,SWEATPANTS,514,235,102,54%
2025-03-27,F24,TRACK JACKET,"6,255","2,820","1,271",55%
2025-03-27,F24,TRACK PANT,"7,725","3,567","1,536",54%
2025-03-27,F24,T-SHIRT,"3,060","1,337",948,56%
2025-03-27,S23,SHORTS,68,21,14,69%
2025-03-27,S24,BAG,175,105,60,40%
2025-03-27,S24,CAMP SHIRT,540,158,121,71%
2025-03-27,S24,CARDIGAN,216,56,38,74%
2025-03-27,S24,DRESS,274,75,55,72%
2025-03-27,S24,FOOTWEAR,204,204,56,0%
2025-03-27,S24,POLO,698,200,122,71%
2025-03-27,S24,SHORTS,"1,700",492,319,71%
2025-03-27,S24,SKIRT,858,242,141,72%
2025-03-27,S24,SKORT,88,27,19,69%
2025-03-27,S24,SPORT BRA,174,50,30,72%
2025-03-27,S24,TANK TOP,368,109,62,70%
2025-03-27,S24,TRACK JACKET,960,283,163,71%
2025-03-27,S24,TRACK PANT,-110,-66,-14,40%
2025-03-27,S24,T-SHIRT,182,93,44,49%
2025-03-27,S25,CABANA SHIRT,"1,110","1,037",216,7%
2025-03-27,S25,CREWNECK,294,279,54,5%
2025-03-27,S25,HAT,174,174,36,0%
2025-03-27,S25,HOODIE,275,234,59,15%
2025-03-27,S25,JACKET,-165,0,-32,100%
2025-03-27,S25,POLO,"3,711","3,342",754,10%
2025-03-27,S25,SHORTS,"3,218","2,861",657,11%
2025-03-27,S25,SKIRT,98,83,20,15%
2025-03-27,S25,SKORT,68,68,11,0%
2025-03-27,S25,SOCKS,108,100,24,8%
2025-03-27,S25,SWEATER,"2,865","2,740",642,4%
2025-03-27,S25,SWEATPANTS,186,158,36,15%
2025-03-27,S25,SWEATSHIRT,110,110,18,0%
2025-03-27,S25,TANK TOP,232,232,32,0%
2025-03-27,S25,TRACK JACKET,"3,045","2,816",591,8%
2025-03-27,S25,TRACK PANT,"3,860","3,372",731,13%
2025-03-27,S25,T-SHIRT,"1,250","1,048",221,16%
2025-03-28,CORE,HAT,42,42,7,0%
2025-03-28,CORE,SOCKS,522,470,116,10%
2025-03-28,CORE,TRACK JACKET,915,708,174,23%
2025-03-28,CORE,TRACK PANT,360,325,73,10%
2025-03-28,F21,HAT,76,28,12,63%
2025-03-28,F22,HAT,48,15,8,69%
2025-03-28,F23,TRACK PANT,375,103,69,73%
2025-03-28,F24,0,145,145,53,0%
2025-03-28,F24,ACCESSORIES,420,187,94,56%
2025-03-28,F24,CAMP SHIRT,"1,350",504,280,63%
2025-03-28,F24,DRESS,395,209,79,47%
2025-03-28,F24,FOOTWEAR,0,-14,0,#DIV/0!
2025-03-28,F24,HOODIE,385,182,81,53%
2025-03-28,F24,LEGGINGS,220,110,42,50%
2025-03-28,F24,LONG SLEEVE KNIT,"2,859","1,262",592,56%
2025-03-28,F24,OUTERWEAR,450,203,87,55%
2025-03-28,F24,POLO,"5,720","2,725","2,239",52%
2025-03-28,F24,S/S BUTTON SHIRT,392,181,132,54%
2025-03-28,F24,SHORTS,"8,860","3,904","2,152",56%
2025-03-28,F24,SKIRT,499,249,160,50%
2025-03-28,F24,SOCKS,144,65,38,55%
2025-03-28,F24,SPORT BRA,68,34,19,50%
2025-03-28,F24,SWEATER,"1,970",946,500,52%
2025-03-28,F24,SWEATPANTS,"1,377","1,123",271,18%
2025-03-28,F24,TRACK JACKET,"4,695","2,145",868,54%
2025-03-28,F24,TRACK PANT,"5,480","2,756","1,148",50%
2025-03-28,F24,T-SHIRT,"4,726","1,932","1,520",59%
2025-03-28,S23,SHORTS,68,18,12,74%
2025-03-28,S24,CAMP SHIRT,280,79,54,72%
2025-03-28,S24,CARDIGAN,216,66,38,69%
2025-03-28,S24,DRESS,274,55,55,80%
2025-03-28,S24,FOOTWEAR,204,173,56,15%
2025-03-28,S24,OUTERWEAR,300,83,56,72%
2025-03-28,S24,POLO,736,299,139,59%
2025-03-28,S24,SHORTS,"1,989",535,368,73%
2025-03-28,S24,SKIRT,818,207,135,75%
2025-03-28,S24,SKORT,488,137,87,72%
2025-03-28,S24,SPORT BRA,444,125,74,72%
2025-03-28,S24,SWEATER,300,90,73,70%
2025-03-28,S24,SWEATPANTS,88,24,16,73%
2025-03-28,S24,TANK TOP,340,78,55,77%
2025-03-28,S24,TRACK JACKET,135,41,23,70%
2025-03-28,S24,T-SHIRT,96,40,32,59%
2025-03-28,S25,CABANA SHIRT,500,328,96,35%
2025-03-28,S25,CREWNECK,686,588,126,14%
2025-03-28,S25,DRESS,118,118,18,0%
2025-03-28,S25,FOOTWEAR,450,405,99,10%
2025-03-28,S25,HAT,348,322,72,8%
2025-03-28,S25,HOODIE,150,128,33,15%
2025-03-28,S25,POLO,"4,917","4,550","1,020",7%
2025-03-28,S25,SHORTS,"3,814","3,471",816,9%
2025-03-28,S25,SKORT,224,214,40,5%
2025-03-28,S25,SOCKS,36,33,8,8%
2025-03-28,S25,SWEATER,"2,985","2,504",697,16%
2025-03-28,S25,SWEATPANTS,616,528,126,14%
2025-03-28,S25,TANK TOP,58,58,8,0%
2025-03-28,S25,TRACK JACKET,"4,640","4,113",914,11%
2025-03-28,S25,TRACK PANT,"3,430","3,141",662,8%
2025-03-28,S25,T-SHIRT,"2,094","1,856",382,11%
2025-03-29,CORE,HAT,42,42,7,0%
2025-03-29,CORE,SOCKS,252,238,56,6%
2025-03-29,CORE,TRACK JACKET,915,683,174,25%
2025-03-29,CORE,TRACK PANT,"1,035",858,186,17%
2025-03-29,F21,HAT,38,0,6,100%
2025-03-29,F22,HAT,60,18,12,70%
2025-03-29,F22,TANK TOP,50,15,10,70%
2025-03-29,F23,TRACK PANT,345,104,67,70%
2025-03-29,F24,ACCESSORIES,504,236,106,53%
2025-03-29,F24,CAMP SHIRT,300,111,62,63%
2025-03-29,F24,CREWNECK,470,286,140,39%
2025-03-29,F24,DRESS,685,327,149,52%
2025-03-29,F24,HOODIE,260,122,53,53%
2025-03-29,F24,LONG SLEEVE KNIT,"1,521",660,292,57%
2025-03-29,F24,OUTERWEAR,450,171,98,62%
2025-03-29,F24,POLO,"3,424","1,667","1,123",51%
2025-03-29,F24,SHORTS,"2,277",947,537,58%
2025-03-29,F24,SKIRT,322,155,118,52%
2025-03-29,F24,SOCKS,72,33,27,54%
2025-03-29,F24,SWEATER,"1,170",577,293,51%
2025-03-29,F24,SWEATPANTS,294,142,54,52%
2025-03-29,F24,SWEATSHIRT,380,190,94,50%
2025-03-29,F24,TRACK JACKET,"6,520","2,990","1,254",54%
2025-03-29,F24,TRACK PANT,"6,915","3,460","1,345",50%
2025-03-29,F24,T-SHIRT,"3,590","1,529","1,134",57%
2025-03-29,S23,SHORTS,68,18,14,74%
2025-03-29,S24,CAMP SHIRT,405,123,82,70%
2025-03-29,S24,CARDIGAN,108,28,19,74%
2025-03-29,S24,DRESS,213,27,60,87%
2025-03-29,S24,FOOTWEAR,145,145,46,0%
2025-03-29,S24,OUTERWEAR,300,90,56,70%
2025-03-29,S24,POLO,193,53,32,72%
2025-03-29,S24,SHORTS,"1,539",416,281,73%
2025-03-29,S24,SKIRT,146,42,24,71%
2025-03-29,S24,SPORT BRA,48,13,7,73%
2025-03-29,S24,TANK TOP,48,15,9,69%
2025-03-29,S24,TRACK JACKET,270,82,46,70%
2025-03-29,S24,TRACK PANT,350,168,54,52%
2025-03-29,S24,T-SHIRT,86,35,32,59%
2025-03-29,S25,CABANA SHIRT,885,798,176,10%
2025-03-29,S25,CREWNECK,98,98,18,0%
2025-03-29,S25,FOOTWEAR,150,150,33,0%
2025-03-29,S25,HAT,290,276,60,5%
2025-03-29,S25,LEGGINGS,178,178,36,0%
2025-03-29,S25,POLO,"2,764","2,579",563,7%
2025-03-29,S25,PULLOVER,110,110,21,0%
2025-03-29,S25,SHORTS,"3,149","2,822",660,10%
2025-03-29,S25,SKORT,68,58,11,15%
2025-03-29,S25,SOCKS,54,52,12,3%
2025-03-29,S25,SPORT BRA,48,48,7,0%
2025-03-29,S25,SWEATER,"2,775","2,531",647,9%
2025-03-29,S25,SWEATPANTS,88,88,18,0%
2025-03-29,S25,TANK TOP,58,49,8,15%
2025-03-29,S25,TRACK JACKET,"5,350","4,676","1,096",13%
2025-03-29,S25,TRACK PANT,"4,625","4,315",923,7%
2025-03-29,S25,T-SHIRT,"1,738","1,615",303,7%
2025-03-30,CORE,SOCKS,108,95,24,12%
2025-03-30,CORE,TRACK JACKET,445,445,80,0%
2025-03-30,CORE,TRACK PANT,345,345,62,0%
2025-03-30,F21,HAT,76,30,12,61%
2025-03-30,F22,HAT,168,43,32,74%
2025-03-30,F23,KNITWEAR,225,58,63,74%
2025-03-30,F23,SWEATPANTS,88,27,16,69%
2025-03-30,F23,TRACK PANT,250,70,50,72%
2025-03-30,F24,ACCESSORIES,802,373,170,54%
2025-03-30,F24,CAMP SHIRT,"1,335",520,279,61%
2025-03-30,F24,CREWNECK,110,55,25,50%
2025-03-30,F24,DRESS,655,332,120,49%
2025-03-30,F24,HOODIE,260,144,53,45%
2025-03-30,F24,LEGGINGS,110,47,21,58%
2025-03-30,F24,LONG SLEEVE KNIT,"1,952",912,413,53%
2025-03-30,F24,OUTERWEAR,225,77,49,66%
2025-03-30,F24,POLO,"5,162","2,596","2,037",50%
2025-03-30,F24,S/S BUTTON SHIRT,196,91,66,54%
2025-03-30,F24,SHORTS,"4,933","2,199","1,162",55%
2025-03-30,F24,SKIRT,656,332,238,49%
2025-03-30,F24,SKORT,78,38,18,52%
2025-03-30,F24,SOCKS,36,18,20,50%
2025-03-30,F24,SPORT BRA,68,29,19,58%
2025-03-30,F24,SWEATER,"1,415",536,371,62%
2025-03-30,F24,SWEATPANTS,321,154,61,52%
2025-03-30,F24,SWEATSHIRT,125,63,26,50%
2025-03-30,F24,TRACK JACKET,"7,465","3,504","1,445",53%
2025-03-30,F24,TRACK PANT,"6,470","2,860","1,269",56%
2025-03-30,F24,T-SHIRT,"4,706","2,019","1,370",57%
2025-03-30,S23,SHORTS,68,18,12,74%
2025-03-30,S24,CAMP SHIRT,270,76,57,72%
2025-03-30,S24,CARDIGAN,108,33,19,69%
2025-03-30,S24,DRESS,771,264,169,66%
2025-03-30,S24,FOOTWEAR,59,50,10,15%
2025-03-30,S24,OUTERWEAR,600,180,112,70%
2025-03-30,S24,POLO,312,85,58,73%
2025-03-30,S24,SHORTS,"1,518",404,297,73%
2025-03-30,S24,SKIRT,214,63,33,71%
2025-03-30,S24,SPORT BRA,316,72,61,77%
2025-03-30,S24,TANK TOP,126,33,21,74%
2025-03-30,S24,TRACK JACKET,725,247,132,66%
2025-03-30,S24,TRACK PANT,798,414,148,48%
2025-03-30,S24,T-SHIRT,144,95,55,34%
2025-03-30,S25,0,59,50,8,15%
2025-03-30,S25,CABANA SHIRT,500,500,99,0%
2025-03-30,S25,CAMP SHIRT,88,75,15,15%
2025-03-30,S25,CREWNECK,392,363,72,8%
2025-03-30,S25,DRESS,250,250,48,0%
2025-03-30,S25,HOODIE,625,575,130,8%
2025-03-30,S25,POLO,"4,495","4,023",919,11%
2025-03-30,S25,PULLOVER,110,94,21,15%
2025-03-30,S25,SHORTS,"4,070","3,773",861,7%
2025-03-30,S25,SKORT,332,312,68,6%
2025-03-30,S25,SOCKS,90,85,20,6%
2025-03-30,S25,SWEATER,"3,195","2,826",752,12%
2025-03-30,S25,SWEATPANTS,744,678,144,9%
2025-03-30,S25,TANK TOP,58,49,8,15%
2025-03-30,S25,TRACK JACKET,"5,525","5,224","1,069",5%
2025-03-30,S25,TRACK PANT,"3,868","3,665",753,5%
2025-03-30,S25,T-SHIRT,"2,118","1,918",376,9%
2025-03-30,S25,VISOR,76,65,14,15%
2025-03-31,CORE,HAT,84,78,14,8%
2025-03-31,CORE,SOCKS,342,309,76,10%
2025-03-31,CORE,TRACK JACKET,"1,475","1,405",262,5%
2025-03-31,CORE,TRACK PANT,"1,365","1,295",237,5%
2025-03-31,F23,TRACK JACKET,175,53,33,70%
2025-03-31,F23,TRACK PANT,550,160,98,71%
2025-03-31,F24,0,145,123,53,15%
2025-03-31,F24,ACCESSORIES,718,347,159,52%
2025-03-31,F24,CAMP SHIRT,615,151,123,75%
2025-03-31,F24,DRESS,510,238,111,53%
2025-03-31,F24,FOOTWEAR,160,96,44,40%
2025-03-31,F24,HOODIE,410,196,86,52%
2025-03-31,F24,LEGGINGS,220,110,42,50%
2025-03-31,F24,LONG SLEEVE KNIT,"1,802",818,374,55%
2025-03-31,F24,OUTERWEAR,450,203,87,55%
2025-03-31,F24,POLO,"4,785","2,292","1,810",52%
2025-03-31,F24,S/S BUTTON SHIRT,196,91,66,54%
2025-03-31,F24,SHORTS,"5,974","2,708","1,304",55%
2025-03-31,F24,SKIRT,956,442,395,54%
2025-03-31,F24,SKORT,78,47,18,40%
2025-03-31,F24,SOCKS,18,8,4,58%
2025-03-31,F24,SPORT BRA,136,68,38,50%
2025-03-31,F24,SWEATER,"3,900","1,638","1,026",58%
2025-03-31,F24,SWEATPANTS,232,118,55,49%
2025-03-31,F24,SWEATSHIRT,125,75,32,40%
2025-03-31,F24,TRACK JACKET,"3,825","1,686",720,56%
2025-03-31,F24,TRACK PANT,"5,040","2,437","1,005",52%
2025-03-31,F24,T-SHIRT,"4,928","2,011","1,548",59%
2025-03-31,S23,SHORTS,68,18,12,74%
2025-03-31,S24,CAMP SHIRT,550,148,104,73%
2025-03-31,S24,CARDIGAN,108,28,19,74%
2025-03-31,S24,DRESS,693,236,147,66%
2025-03-31,S24,FOOTWEAR,236,227,40,4%
2025-03-31,S24,OUTERWEAR,450,122,84,73%
2025-03-31,S24,POLO,156,48,29,69%
2025-03-31,S24,SHORTS,"2,451",626,444,74%
2025-03-31,S24,SKIRT,204,62,27,69%
2025-03-31,S24,SPORT BRA,32,8,-1,76%
2025-03-31,S24,TANK TOP,144,43,27,70%
2025-03-31,S24,TRACK PANT,538,202,101,62%
2025-03-31,S24,T-SHIRT,86,23,14,73%
2025-03-31,S25,CABANA SHIRT,733,664,156,9%
2025-03-31,S25,CREWNECK,490,446,90,9%
2025-03-31,S25,FOOTWEAR,150,150,33,0%
2025-03-31,S25,HAT,232,206,48,11%
2025-03-31,S25,HOODIE,300,270,66,10%
2025-03-31,S25,LEGGINGS,398,398,78,0%
2025-03-31,S25,POLO,"4,791","4,088","1,006",15%
2025-03-31,S25,SHORTS,"3,138","2,704",654,14%
2025-03-31,S25,SKIRT,-58,-58,-11,0%
2025-03-31,S25,SKORT,254,231,52,9%
2025-03-31,S25,SOCKS,108,97,24,10%
2025-03-31,S25,SPORT BRA,136,136,34,0%
2025-03-31,S25,SWEATER,"4,840","3,688","1,139",24%
2025-03-31,S25,SWEATPANTS,528,488,108,8%
2025-03-31,S25,SWEATSHIRT,330,330,54,0%
2025-03-31,S25,TANK TOP,58,49,8,15%
2025-03-31,S25,TRACK JACKET,"8,790","8,597","1,783",2%
2025-03-31,S25,TRACK PANT,"4,595","4,535",884,1%
2025-03-31,S25,T-SHIRT,"1,316","1,178",228,10%
2025-03-31,S25,VISOR,38,32,7,15%
2025-04-01,CORE,ACCESSORIES,18,18,5,0%
2025-04-01,CORE,SOCKS,486,390,108,20%
2025-04-01,CORE,TRACK JACKET,560,518,88,8%
2025-04-01,CORE,TRACK PANT,440,407,68,8%
2025-04-01,F22,HAT,96,30,16,69%
2025-04-01,F23,SWEATPANTS,264,73,48,72%
2025-04-01,F23,TRACK PANT,0,0,2,#DIV/0!
2025-04-01,F24,0,145,145,53,0%
2025-04-01,F24,ACCESSORIES,462,206,108,55%
2025-04-01,F24,CAMP SHIRT,735,290,153,61%
2025-04-01,F24,DRESS,260,133,41,49%
2025-04-01,F24,HOODIE,135,69,21,49%
2025-04-01,F24,JACKET,325,163,55,50%
2025-04-01,F24,LEGGINGS,550,259,105,53%
2025-04-01,F24,LONG SLEEVE KNIT,"1,427",660,295,54%
2025-04-01,F24,OUTERWEAR,225,90,49,60%
2025-04-01,F24,POLO,"5,247","2,334","2,115",56%
2025-04-01,F24,S/S BUTTON SHIRT,196,83,66,58%
2025-04-01,F24,SHORTS,"5,363","2,341","1,259",56%
2025-04-01,F24,SKIRT,908,451,284,50%
2025-04-01,F24,SOCKS,54,26,24,52%
2025-04-01,F24,SPORT BRA,272,126,76,54%
2025-04-01,F24,SWEATER,"1,430",515,369,64%
2025-04-01,F24,SWEATPANTS,321,161,61,50%
2025-04-01,F24,SWEATSHIRT,440,232,105,47%
2025-04-01,F24,TRACK JACKET,"5,300","2,478",950,53%
2025-04-01,F24,TRACK PANT,"3,675","1,692",652,54%
2025-04-01,F24,T-SHIRT,"3,740","1,654","1,280",56%
2025-04-01,S24,CAMP SHIRT,135,41,32,70%
2025-04-01,S24,CARDIGAN,108,28,19,74%
2025-04-01,S24,DRESS,0,-11,0,#DIV/0!
2025-04-01,S24,FOOTWEAR,177,171,30,3%
2025-04-01,S24,OUTERWEAR,150,45,28,70%
2025-04-01,S24,POLO,329,95,56,71%
2025-04-01,S24,SHORTS,"1,534",434,284,72%
2025-04-01,S24,SKIRT,506,126,81,75%
2025-04-01,S24,SKORT,176,54,38,69%
2025-04-01,S24,SPORT BRA,460,139,82,70%
2025-04-01,S24,TANK TOP,146,42,23,71%
2025-04-01,S24,TRACK JACKET,"1,070",307,177,71%
2025-04-01,S24,TRACK PANT,78,24,17,69%
2025-04-01,S24,T-SHIRT,86,27,14,69%
2025-04-01,S25,0,118,118,17,0%
2025-04-01,S25,CABANA SHIRT,125,106,24,15%
2025-04-01,S25,CREWNECK,882,813,162,8%
2025-04-01,S25,FOOTWEAR,450,413,99,8%
2025-04-01,S25,HAT,116,116,24,0%
2025-04-01,S25,HOODIE,150,0,33,100%
2025-04-01,S25,PANTS,210,189,44,10%
2025-04-01,S25,POLO,"2,675","2,385",553,11%
2025-04-01,S25,PULLOVER,595,595,117,0%
2025-04-01,S25,SHORTS,"2,880","2,536",609,12%
2025-04-01,S25,SOCKS,90,82,20,9%
2025-04-01,S25,SWEATER,"1,200",490,276,59%
2025-04-01,S25,SWEATPANTS,704,651,144,8%
2025-04-01,S25,TRACK JACKET,"5,815","5,172","1,171",11%
2025-04-01,S25,TRACK PANT,"3,860","3,369",783,13%
2025-04-01,S25,T-SHIRT,"1,692","1,545",297,9%
2025-04-02,CORE,HAT,84,78,14,8%
2025-04-02,CORE,SOCKS,306,266,68,13%
2025-04-02,CORE,TRACK JACKET,"1,410","1,364",282,3%
2025-04-02,CORE,TRACK PANT,955,903,191,5%
2025-04-02,F21,HAT,38,13,6,66%
2025-04-02,F22,HAT,48,13,8,73%
2025-04-02,F23,TRACK PANT,110,0,23,100%
2025-04-02,F24,ACCESSORIES,798,371,182,54%
2025-04-02,F24,CAMP SHIRT,"1,785",682,369,62%
2025-04-02,F24,CREWNECK,110,50,25,55%
2025-04-02,F24,DRESS,530,204,101,62%
2025-04-02,F24,FOOTWEAR,150,77,36,49%
2025-04-02,F24,HOODIE,385,188,85,51%
2025-04-02,F24,LEGGINGS,220,96,42,56%
2025-04-02,F24,LONG SLEEVE KNIT,"1,358",576,311,58%
2025-04-02,F24,OUTERWEAR,225,77,49,66%
2025-04-02,F24,POLO,"3,736","1,859","1,483",50%
2025-04-02,F24,SHORTS,"4,780","2,208","1,019",54%
2025-04-02,F24,SKIRT,322,154,118,52%
2025-04-02,F24,SPORT BRA,136,60,38,56%
2025-04-02,F24,SWEATER,645,280,170,57%
2025-04-02,F24,SWEATPANTS,514,239,102,54%
2025-04-02,F24,TRACK JACKET,"7,400","3,174","1,393",57%
2025-04-02,F24,TRACK PANT,"4,645","2,193",909,53%
2025-04-02,F24,T-SHIRT,"2,146",955,599,55%
2025-04-02,S23,SHORTS,68,18,14,74%
2025-04-02,S24,CAMP SHIRT,145,44,29,70%
2025-04-02,S24,CARDIGAN,216,66,38,69%
2025-04-02,S24,DRESS,274,57,55,79%
2025-04-02,S24,OUTERWEAR,150,45,28,70%
2025-04-02,S24,POLO,503,215,84,57%
2025-04-02,S24,SHORTS,"1,457",421,267,71%
2025-04-02,S24,SKIRT,604,174,108,71%
2025-04-02,S24,SKORT,78,24,12,69%
2025-04-02,S24,SPORT BRA,176,51,37,71%
2025-04-02,S24,TANK TOP,194,58,32,70%
2025-04-02,S24,TRACK JACKET,135,41,23,70%
2025-04-02,S24,TRACK PANT,360,241,57,33%
2025-04-02,S25,0,177,150,24,15%
2025-04-02,S25,CABANA SHIRT,"1,608","1,339",323,17%
2025-04-02,S25,CREWNECK,294,265,54,10%
2025-04-02,S25,DRESS,235,200,46,15%
2025-04-02,S25,HAT,232,223,48,4%
2025-04-02,S25,HOODIE,-25,-25,-7,0%
2025-04-02,S25,POLO,"3,915","3,521",775,10%
2025-04-02,S25,PULLOVER,345,318,67,8%
2025-04-02,S25,SHORTS,"4,984","4,441","1,046",11%
2025-04-02,S25,SKIRT,78,66,2,15%
2025-04-02,S25,SKORT,294,265,69,10%
2025-04-02,S25,SOCKS,0,-3,0,#DIV/0!
2025-04-02,S25,SWEATER,"3,370","3,062",788,9%
2025-04-02,S25,SWEATPANTS,362,336,72,7%
2025-04-02,S25,SWEATSHIRT,110,110,18,0%
2025-04-02,S25,TANK TOP,68,68,14,0%
2025-04-02,S25,TRACK JACKET,"3,730","3,337",778,11%
2025-04-02,S25,TRACK PANT,"1,715","1,496",357,13%
2025-04-02,S25,T-SHIRT,"2,252","1,982",395,12%
2025-04-02,S25,VISOR,38,32,7,15%
2025-04-03,CORE,HAT,84,71,14,15%
2025-04-03,CORE,SOCKS,126,119,28,6%
2025-04-03,CORE,TRACK JACKET,445,280,80,37%
2025-04-03,CORE,TRACK PANT,580,455,107,22%
2025-04-03,F21,HAT,38,15,6,61%
2025-04-03,F23,OUTERWEAR,175,53,40,70%
2025-04-03,F23,TRACK JACKET,175,45,33,74%
2025-04-03,F23,TRACK PANT,0,0,0,#DIV/0!
2025-04-03,F24,0,145,123,53,15%
2025-04-03,F24,ACCESSORIES,378,173,88,54%
2025-04-03,F24,BAG,110,77,31,30%
2025-04-03,F24,CAMP SHIRT,585,238,125,59%
2025-04-03,F24,DRESS,-10,-4,-3,58%
2025-04-03,F24,HOODIE,500,223,127,55%
2025-04-03,F24,LONG SLEEVE KNIT,"1,141",543,259,52%
2025-04-03,F24,OUTERWEAR,"1,125",451,234,60%
2025-04-03,F24,POLO,"4,799","2,459","1,906",49%
2025-04-03,F24,S/S BUTTON SHIRT,98,42,33,58%
2025-04-03,F24,SHORTS,"4,090","1,988",937,51%
2025-04-03,F24,SKIRT,831,388,306,53%
2025-04-03,F24,SOCKS,54,8,23,86%
2025-04-03,F24,SWEATER,"2,410",962,638,60%
2025-04-03,F24,SWEATPANTS,306,105,61,66%
2025-04-03,F24,SWEATSHIRT,125,0,26,100%
2025-04-03,F24,TRACK JACKET,"5,950","2,886","1,160",52%
2025-04-03,F24,TRACK PANT,"7,635","3,748","1,507",51%
2025-04-03,F24,T-SHIRT,"2,744","1,276",838,54%
2025-04-03,S24,CAMP SHIRT,135,41,32,70%
2025-04-03,S24,CARDIGAN,324,84,57,74%
2025-04-03,S24,DRESS,274,80,55,71%
2025-04-03,S24,FOOTWEAR,59,17,10,71%
2025-04-03,S24,OUTERWEAR,150,45,28,70%
2025-04-03,S24,POLO,332,95,63,71%
2025-04-03,S24,SHORTS,923,269,177,71%
2025-04-03,S24,SKIRT,380,141,76,63%
2025-04-03,S24,SKORT,78,20,12,74%
2025-04-03,S24,SPORT BRA,112,35,22,69%
2025-04-03,S24,TANK TOP,446,126,74,72%
2025-04-03,S24,TRACK JACKET,390,216,62,45%
2025-04-03,S24,TRACK PANT,568,302,110,47%
2025-04-03,S24,T-SHIRT,86,41,32,52%
2025-04-03,S25,0,59,59,8,0%
2025-04-03,S25,CABANA SHIRT,500,463,96,8%
2025-04-03,S25,CAMP SHIRT,-88,-88,-15,0%
2025-04-03,S25,CREWNECK,490,446,90,9%
2025-04-03,S25,DRESS,125,125,25,0%
2025-04-03,S25,FOOTWEAR,150,150,33,0%
2025-04-03,S25,HAT,174,174,36,0%
2025-04-03,S25,HOODIE,425,425,92,0%
2025-04-03,S25,LONG SLEEVE KNIT,78,78,10,0%
2025-04-03,S25,POLO,"3,580","3,293",739,8%
2025-04-03,S25,SHORTS,"3,336","3,036",712,9%
2025-04-03,S25,SKIRT,78,78,2,0%
2025-04-03,S25,SKORT,322,312,63,3%
2025-04-03,S25,SOCKS,18,15,4,15%
2025-04-03,S25,SWEATER,"3,700","2,910",877,21%
2025-04-03,S25,SWEATPANTS,538,410,108,24%
2025-04-03,S25,TANK TOP,116,107,16,8%
2025-04-03,S25,TRACK JACKET,"7,135","6,177","1,463",13%
2025-04-03,S25,TRACK PANT,"5,784","5,414","1,133",6%
2025-04-03,S25,T-SHIRT,"2,770","2,616",481,6%
2025-04-03,S25,VISOR,38,32,7,15%
2025-04-04,CORE,HAT,132,119,25,10%
2025-04-04,CORE,SOCKS,324,250,72,23%
2025-04-04,CORE,TRACK JACKET,940,765,188,19%
2025-04-04,CORE,TRACK PANT,815,666,152,18%
2025-04-04,F22,HAT,204,63,36,69%
2025-04-04,F23,OUTERWEAR,175,53,40,70%
2025-04-04,F23,TRACK PANT,208,63,40,70%
2025-04-04,F24,0,145,123,53,15%
2025-04-04,F24,ACCESSORIES,546,251,124,54%
2025-04-04,F24,CAMP SHIRT,750,279,158,63%
2025-04-04,F24,DRESS,270,136,44,50%
2025-04-04,F24,HOODIE,135,81,21,40%
2025-04-04,F24,LEGGINGS,110,47,21,58%
2025-04-04,F24,LONG SLEEVE KNIT,"1,565",718,285,54%
2025-04-04,F24,POLO,"5,259","2,531","1,926",52%
2025-04-04,F24,S/S BUTTON SHIRT,-196,-111,-66,44%
2025-04-04,F24,SHORTS,"3,822","1,676",800,56%
2025-04-04,F24,SKIRT,156,78,68,50%
2025-04-04,F24,SOCKS,18,8,10,58%
2025-04-04,F24,SPORT BRA,68,29,19,58%
2025-04-04,F24,SWEATER,395,88,108,78%
2025-04-04,F24,SWEATPANTS,98,49,18,50%
2025-04-04,F24,SWEATSHIRT,-250,-107,-52,57%
2025-04-04,F24,TRACK JACKET,"5,545","2,847","1,089",49%
2025-04-04,F24,TRACK PANT,"4,725","2,392",869,49%
2025-04-04,F24,T-SHIRT,"3,547","1,497","1,122",58%
2025-04-04,S24,CAMP SHIRT,135,35,32,74%
2025-04-04,S24,CARDIGAN,216,66,38,69%
2025-04-04,S24,DRESS,798,278,192,65%
2025-04-04,S24,OUTERWEAR,600,167,112,72%
2025-04-04,S24,POLO,329,98,56,70%
2025-04-04,S24,SHORTS,"2,524",717,472,72%
2025-04-04,S24,SKIRT,526,152,87,71%
2025-04-04,S24,SKORT,176,51,38,71%
2025-04-04,S24,SPORT BRA,380,110,76,71%
2025-04-04,S24,TANK TOP,116,33,20,72%
2025-04-04,S24,TRACK JACKET,"1,645",910,319,45%
2025-04-04,S24,TRACK PANT,500,356,100,29%
2025-04-04,S24,T-SHIRT,258,119,96,54%
2025-04-04,S25,0,59,53,8,10%
2025-04-04,S25,CABANA SHIRT,625,569,123,9%
2025-04-04,S25,CAMP SHIRT,176,176,30,0%
2025-04-04,S25,CREWNECK,392,167,72,58%
2025-04-04,S25,DRESS,125,106,23,15%
2025-04-04,S25,FOOTWEAR,150,150,33,0%
2025-04-04,S25,HAT,116,116,24,0%
2025-04-04,S25,HOODIE,150,150,33,0%
2025-04-04,S25,LONG SLEEVE KNIT,78,78,10,0%
2025-04-04,S25,POLO,"5,243","4,369","1,084",17%
2025-04-04,S25,PULLOVER,110,94,21,15%
2025-04-04,S25,SHORTS,"3,056","2,494",644,18%
2025-04-04,S25,SKIRT,98,98,20,0%
2025-04-04,S25,SKORT,332,317,68,4%
2025-04-04,S25,SOCKS,36,31,8,15%
2025-04-04,S25,SWEATER,"1,295",949,301,27%
2025-04-04,S25,SWEATPANTS,264,150,54,43%
2025-04-04,S25,TANK TOP,58,58,8,0%
2025-04-04,S25,TRACK JACKET,"5,440","5,000","1,135",8%
2025-04-04,S25,TRACK PANT,"4,048","3,825",799,6%
2025-04-04,S25,T-SHIRT,958,806,176,16%
2025-04-05,CORE,HAT,42,42,7,0%
2025-04-05,CORE,SOCKS,378,332,84,12%
2025-04-05,CORE,TRACK JACKET,"2,235","2,078",461,7%
2025-04-05,CORE,TRACK PANT,595,476,118,20%
2025-04-05,F22,HAT,48,13,8,73%
2025-04-05,F23,SHORTS,68,18,13,74%
2025-04-05,F23,TRACK PANT,110,33,21,70%
2025-04-05,F24,ACCESSORIES,546,267,125,51%
2025-04-05,F24,CAMP SHIRT,585,230,125,61%
2025-04-05,F24,DRESS,475,252,122,47%
2025-04-05,F24,HOODIE,260,122,53,53%
2025-04-05,F24,LEGGINGS,110,55,21,50%
2025-04-05,F24,LONG SLEEVE KNIT,"1,754",845,388,52%
2025-04-05,F24,POLO,"5,167","2,490","2,089",52%
2025-04-05,F24,SHORTS,"4,477","2,007","1,061",55%
2025-04-05,F24,SKIRT,909,463,317,49%
2025-04-05,F24,SKORT,78,47,18,40%
2025-04-05,F24,SOCKS,36,18,14,50%
2025-04-05,F24,SPORT BRA,68,34,19,50%
2025-04-05,F24,SWEATER,"2,125",857,577,60%
2025-04-05,F24,SWEATPANTS,333,149,67,55%
2025-04-05,F24,SWEATSHIRT,0,-9,0,#DIV/0!
2025-04-05,F24,TRACK JACKET,"6,130","3,150","1,143",49%
2025-04-05,F24,TRACK PANT,"5,645","2,885","1,131",49%
2025-04-05,F24,T-SHIRT,"3,065","1,300",938,58%
2025-04-05,S23,SHORTS,136,37,28,73%
2025-04-05,S24,CAMP SHIRT,830,227,172,73%
2025-04-05,S24,CARDIGAN,432,122,76,72%
2025-04-05,S24,DRESS,419,156,92,63%
2025-04-05,S24,FOOTWEAR,59,59,10,0%
2025-04-05,S24,OUTERWEAR,300,83,56,72%
2025-04-05,S24,POLO,369,105,66,72%
2025-04-05,S24,SHORTS,"1,355",371,268,73%
2025-04-05,S24,SKIRT,546,226,125,59%
2025-04-05,S24,SKORT,176,23,38,87%
2025-04-05,S24,SPORT BRA,78,20,16,74%
2025-04-05,S24,TANK TOP,126,39,21,69%
2025-04-05,S24,TRACK JACKET,265,178,46,33%
2025-04-05,S24,TRACK PANT,360,234,55,35%
2025-04-05,S24,T-SHIRT,124,35,21,72%
2025-04-05,S25,0,59,59,8,0%
2025-04-05,S25,CABANA SHIRT,750,731,147,3%
2025-04-05,S25,CAMP SHIRT,88,75,15,15%
2025-04-05,S25,CREWNECK,294,98,54,67%
2025-04-05,S25,HAT,58,58,12,0%
2025-04-05,S25,HOODIE,125,113,26,10%
2025-04-05,S25,LEGGINGS,220,198,41,10%
2025-04-05,S25,LONG SLEEVE KNIT,58,49,10,15%
2025-04-05,S25,POLO,"3,373","2,901",707,14%
2025-04-05,S25,PULLOVER,125,125,25,0%
2025-04-05,S25,SHORTS,"2,998","2,626",628,12%
2025-04-05,S25,SKORT,292,292,51,0%
2025-04-05,S25,SOCKS,90,85,20,6%
2025-04-05,S25,SWEATER,"3,540","3,043",824,14%
2025-04-05,S25,SWEATPANTS,450,251,90,44%
2025-04-05,S25,SWEATSHIRT,110,110,18,0%
2025-04-05,S25,TANK TOP,116,116,16,0%
2025-04-05,S25,TRACK JACKET,"4,345","3,741",871,14%
2025-04-05,S25,TRACK PANT,"3,258","2,769",624,15%
2025-04-05,S25,T-SHIRT,908,857,158,6%
2025-04-05,SS22,T-SHIRT,100,29,24,71%
2025-04-06,CORE,HAT,126,120,21,5%
2025-04-06,CORE,SOCKS,306,266,68,13%
2025-04-06,CORE,TRACK JACKET,165,140,36,15%
2025-04-06,CORE,TRACK PANT,125,106,28,15%
2025-04-06,F22,TANK TOP,50,15,10,70%
2025-04-06,F23,TRACK PANT,235,68,44,71%
2025-04-06,F24,ACCESSORIES,462,213,105,54%
2025-04-06,F24,CAMP SHIRT,900,333,186,63%
2025-04-06,F24,FOOTWEAR,150,77,36,49%
2025-04-06,F24,HOODIE,810,474,126,42%
2025-04-06,F24,LEGGINGS,220,94,42,58%
2025-04-06,F24,LONG SLEEVE KNIT,"1,396",669,314,52%
2025-04-06,F24,OUTERWEAR,450,190,87,58%
2025-04-06,F24,POLO,"4,822","2,408","1,676",50%
2025-04-06,F24,S/S BUTTON SHIRT,98,49,33,50%
2025-04-06,F24,SHORTS,"4,276","1,968","1,000",54%
2025-04-06,F24,SKIRT,400,209,152,48%
2025-04-06,F24,SOCKS,54,26,12,53%
2025-04-06,F24,SPORT BRA,136,58,38,58%
2025-04-06,F24,SWEATER,"2,335",984,604,58%
2025-04-06,F24,SWEATPANTS,404,202,78,50%
2025-04-06,F24,TRACK JACKET,"4,945","2,169",974,56%
2025-04-06,F24,TRACK PANT,"6,080","2,712","1,175",55%
2025-04-06,F24,T-SHIRT,"2,618","1,167",877,55%
2025-04-06,S23,SHORTS,136,39,28,71%
2025-04-06,S24,CAMP SHIRT,135,41,25,70%
2025-04-06,S24,CARDIGAN,216,61,38,72%
2025-04-06,S24,FOOTWEAR,118,109,20,8%
2025-04-06,S24,POLO,367,166,60,55%
2025-04-06,S24,SHORTS,"1,801",539,335,70%
2025-04-06,S24,SKIRT,458,158,97,66%
2025-04-06,S24,SKORT,166,51,31,69%
2025-04-06,S24,SPORT BRA,48,15,7,69%
2025-04-06,S24,TANK TOP,262,79,43,70%
2025-04-06,S24,TRACK JACKET,550,356,114,35%
2025-04-06,S24,TRACK PANT,568,382,119,33%
2025-04-06,S24,T-SHIRT,96,49,50,49%
2025-04-06,S25,0,59,50,8,15%
2025-04-06,S25,ACCESSORIES,128,128,29,0%
2025-04-06,S25,CABANA SHIRT,"1,500","1,463",288,3%
2025-04-06,S25,CREWNECK,0,15,0,#DIV/0!
2025-04-06,S25,DRESS,125,125,23,0%
2025-04-06,S25,FOOTWEAR,150,150,33,0%
2025-04-06,S25,HAT,348,331,72,5%
2025-04-06,S25,JACKET,165,165,32,0%
2025-04-06,S25,POLO,"5,949","5,483","1,248",8%
2025-04-06,S25,PULLOVER,125,125,25,0%
2025-04-06,S25,SHORTS,"4,770","4,572",991,4%
2025-04-06,S25,SKIRT,58,49,11,15%
2025-04-06,S25,SKORT,234,219,45,6%
2025-04-06,S25,SOCKS,90,85,20,6%
2025-04-06,S25,SWEATER,"1,680","1,553",395,8%
2025-04-06,S25,SWEATPANTS,98,124,18,-27%
2025-04-06,S25,TANK TOP,174,174,24,0%
2025-04-06,S25,TRACK JACKET,"5,965","5,748","1,211",4%
2025-04-06,S25,TRACK PANT,"4,130","3,908",835,5%
2025-04-06,S25,T-SHIRT,"2,478","2,340",445,6%
2025-04-06,SS22,T-SHIRT,46,13,12,72%
2025-04-07,CORE,HAT,42,42,7,0%
2025-04-07,CORE,SOCKS,252,227,56,10%
2025-04-07,CORE,TRACK JACKET,840,819,132,3%
2025-04-07,CORE,TRACK PANT,675,659,113,2%
2025-04-07,F22,HAT,144,45,24,69%
2025-04-07,F23,TRACK PANT,235,71,48,70%
2025-04-07,F24,0,0,-123,0,#DIV/0!
2025-04-07,F24,ACCESSORIES,550,265,119,52%
2025-04-07,F24,CAMP SHIRT,"1,050",393,214,63%
2025-04-07,F24,DRESS,-260,-131,-57,50%
2025-04-07,F24,HOODIE,805,389,159,52%
2025-04-07,F24,LEGGINGS,330,157,63,53%
2025-04-07,F24,LONG SLEEVE KNIT,"1,351",572,271,58%
2025-04-07,F24,OUTERWEAR,675,280,136,59%
2025-04-07,F24,POLO,"3,529","1,804","1,271",49%
2025-04-07,F24,S/S BUTTON SHIRT,0,-7,0,#DIV/0!
2025-04-07,F24,SHORTS,"3,625","1,619",764,55%
2025-04-07,F24,SKIRT,176,85,32,52%
2025-04-07,F24,SKORT,78,40,18,49%
2025-04-07,F24,SOCKS,72,36,16,50%
2025-04-07,F24,SPORT BRA,272,131,76,52%
2025-04-07,F24,SWEATER,"1,130",519,280,54%
2025-04-07,F24,SWEATPANTS,113,16,18,86%
2025-04-07,F24,SWEATSHIRT,125,63,26,50%
2025-04-07,F24,TRACK JACKET,"5,685","2,785","1,254",51%
2025-04-07,F24,TRACK PANT,"5,230","2,558","1,049",51%
2025-04-07,F24,T-SHIRT,"2,846","1,294",815,55%
2025-04-07,S24,CAMP SHIRT,-10,-3,3,70%
2025-04-07,S24,DRESS,37,37,22,1%
2025-04-07,S24,FOOTWEAR,118,118,19,0%
2025-04-07,S24,OUTERWEAR,150,38,28,75%
2025-04-07,S24,POLO,444,202,73,55%
2025-04-07,S24,SHORTS,906,201,169,78%
2025-04-07,S24,SKIRT,370,145,76,61%
2025-04-07,S24,SKORT,88,27,19,69%
2025-04-07,S24,SPORT BRA,190,59,38,69%
2025-04-07,S24,TRACK JACKET,850,550,178,35%
2025-04-07,S24,TRACK PANT,500,333,110,33%
2025-04-07,S24,T-SHIRT,48,29,25,40%
2025-04-07,S25,0,-118,-118,-17,0%
2025-04-07,S25,ACCESSORIES,58,58,11,0%
2025-04-07,S25,CABANA SHIRT,610,588,117,4%
2025-04-07,S25,CAMP SHIRT,88,75,15,15%
2025-04-07,S25,CREWNECK,"1,176","1,049",216,11%
2025-04-07,S25,HAT,116,107,24,8%
2025-04-07,S25,HOODIE,650,590,137,9%
2025-04-07,S25,JACKET,165,140,32,15%
2025-04-07,S25,LONG SLEEVE KNIT,156,156,20,0%
2025-04-07,S25,POLO,"2,942","2,752",572,6%
2025-04-07,S25,PULLOVER,250,250,50,0%
2025-04-07,S25,SHORTS,"2,158","1,847",445,14%
2025-04-07,S25,SKIRT,176,154,22,13%
2025-04-07,S25,SKORT,0,0,0,#DIV/0!
2025-04-07,S25,SOCKS,0,-3,0,#DIV/0!
2025-04-07,S25,SWEATER,295,133,71,55%
2025-04-07,S25,SWEATPANTS,"1,272","1,155",252,9%
2025-04-07,S25,TANK TOP,-68,-68,-14,0%
2025-04-07,S25,TRACK JACKET,"4,430","3,426",950,23%
2025-04-07,S25,TRACK PANT,"3,403","2,947",706,13%
2025-04-07,S25,T-SHIRT,678,641,114,5%
2025-04-07,S25,VISOR,76,76,14,0%
2025-04-08,CORE,HAT,42,36,7,15%
2025-04-08,CORE,SOCKS,198,167,44,16%
2025-04-08,CORE,TRACK JACKET,"1,145","1,061",190,7%
2025-04-08,CORE,TRACK PANT,675,642,113,5%
2025-04-08,F22,HAT,48,13,8,73%
2025-04-08,F23,TRACK PANT,275,76,52,72%
2025-04-08,F24,0,-145,-145,-53,0%
2025-04-08,F24,ACCESSORIES,588,277,131,53%
2025-04-08,F24,CAMP SHIRT,750,255,150,66%
2025-04-08,F24,CREWNECK,125,88,45,30%
2025-04-08,F24,DRESS,260,143,41,45%
2025-04-08,F24,HOODIE,405,231,63,43%
2025-04-08,F24,LONG SLEEVE KNIT,"1,526",638,354,58%
2025-04-08,F24,OUTERWEAR,225,90,49,60%
2025-04-08,F24,POLO,"3,646","1,588","1,418",56%
2025-04-08,F24,S/S BUTTON SHIRT,98,56,33,43%
2025-04-08,F24,SHORTS,"3,903","1,617",826,59%
2025-04-08,F24,SKIRT,"1,021",479,337,53%
2025-04-08,F24,SKORT,78,47,18,40%
2025-04-08,F24,SOCKS,0,-1,-6,#DIV/0!
2025-04-08,F24,SPORT BRA,68,29,19,58%
2025-04-08,F24,SWEATER,"1,865",743,507,60%
2025-04-08,F24,SWEATPANTS,306,146,60,52%
2025-04-08,F24,SWEATSHIRT,250,142,58,43%
2025-04-08,F24,TRACK JACKET,"3,310","1,625",632,51%
2025-04-08,F24,TRACK PANT,"4,225","2,107",850,50%
2025-04-08,F24,T-SHIRT,"3,824","1,545","1,274",60%
2025-04-08,S24,CAMP SHIRT,405,123,96,70%
2025-04-08,S24,CARDIGAN,108,28,19,74%
2025-04-08,S24,DRESS,352,108,76,69%
2025-04-08,S24,FOOTWEAR,59,53,10,10%
2025-04-08,S24,OUTERWEAR,150,45,28,70%
2025-04-08,S24,POLO,641,185,114,71%
2025-04-08,S24,SHORTS,"2,744",781,552,72%
2025-04-08,S24,SKIRT,750,213,126,72%
2025-04-08,S24,SKORT,176,53,38,70%
2025-04-08,S24,SPORT BRA,316,92,61,71%
2025-04-08,S24,SWEATER,150,45,37,70%
2025-04-08,S24,TANK TOP,514,153,85,70%
2025-04-08,S24,TRACK JACKET,280,280,68,0%
2025-04-08,S24,TRACK PANT,825,645,155,22%
2025-04-08,S24,T-SHIRT,124,53,39,57%
2025-04-08,S25,CABANA SHIRT,985,973,195,1%
2025-04-08,S25,CREWNECK,294,265,54,10%
2025-04-08,S25,DRESS,133,97,18,27%
2025-04-08,S25,HAT,116,104,24,10%
2025-04-08,S25,HOODIE,400,253,85,37%
2025-04-08,S25,POLO,"3,563","3,115",764,13%
2025-04-08,S25,PULLOVER,125,106,25,15%
2025-04-08,S25,SHOES,170,153,41,10%
2025-04-08,S25,SHORTS,"3,920","3,322",816,15%
2025-04-08,S25,SKIRT,118,106,11,10%
2025-04-08,S25,SKORT,-68,-68,-11,0%
2025-04-08,S25,SOCKS,36,33,8,8%
2025-04-08,S25,SWEATER,"4,210","3,986",981,5%
2025-04-08,S25,SWEATPANTS,460,349,90,24%
2025-04-08,S25,SWEATSHIRT,110,110,18,0%
2025-04-08,S25,TRACK JACKET,"3,805","3,233",709,15%
2025-04-08,S25,TRACK PANT,"3,120","2,616",591,16%
2025-04-08,S25,T-SHIRT,"1,364","1,220",230,11%
2025-04-08,S25,VISOR,38,38,7,0%
2025-04-09,CORE,HAT,42,42,7,0%
2025-04-09,CORE,SOCKS,450,423,100,6%
2025-04-09,CORE,TRACK JACKET,940,598,188,36%
2025-04-09,CORE,TRACK PANT,720,456,146,37%
2025-04-09,F23,OUTERWEAR,175,53,40,70%
2025-04-09,F23,TRACK PANT,"1,094",322,214,71%
2025-04-09,F24,ACCESSORIES,970,442,213,54%
2025-04-09,F24,CAMP SHIRT,750,273,152,64%
2025-04-09,F24,DRESS,645,279,122,57%
2025-04-09,F24,FOOTWEAR,160,113,44,29%
2025-04-09,F24,HOODIE,695,352,140,49%
2025-04-09,F24,LONG SLEEVE KNIT,"2,411","1,146",488,52%
2025-04-09,F24,POLO,"3,638","1,531","1,467",58%
2025-04-09,F24,S/S BUTTON SHIRT,196,91,66,54%
2025-04-09,F24,SHORTS,"4,371","1,866",985,57%
2025-04-09,F24,SKIRT,666,336,220,50%
2025-04-09,F24,SWEATER,795,354,201,55%
2025-04-09,F24,SWEATPANTS,431,271,85,37%
2025-04-09,F24,TRACK JACKET,"6,930","3,289","1,381",53%
2025-04-09,F24,TRACK PANT,"5,000","2,173",935,57%
2025-04-09,F24,T-SHIRT,"3,522","1,479","1,002",58%
2025-04-09,S24,CAMP SHIRT,145,44,29,70%
2025-04-09,S24,CARDIGAN,324,96,57,70%
2025-04-09,S24,DRESS,507,185,111,64%
2025-04-09,S24,FOOTWEAR,177,118,30,33%
2025-04-09,S24,OUTERWEAR,300,79,56,74%
2025-04-09,S24,POLO,369,113,66,69%
2025-04-09,S24,SHORTS,"2,881",831,547,71%
2025-04-09,S24,SKIRT,292,118,61,60%
2025-04-09,S24,SKORT,166,45,31,73%
2025-04-09,S24,SPORT BRA,78,22,16,72%
2025-04-09,S24,TANK TOP,494,139,83,72%
2025-04-09,S24,TRACK JACKET,"1,660",727,294,56%
2025-04-09,S24,TRACK PANT,"1,016",560,205,45%
2025-04-09,S24,T-SHIRT,38,10,7,73%
2025-04-09,S25,CABANA SHIRT,120,85,27,29%
2025-04-09,S25,CREWNECK,392,363,72,8%
2025-04-09,S25,DRESS,118,118,16,0%
2025-04-09,S25,HAT,232,215,48,8%
2025-04-09,S25,HOODIE,300,278,66,8%
2025-04-09,S25,LONG SLEEVE KNIT,359,336,56,7%
2025-04-09,S25,PANTS,135,115,27,15%
2025-04-09,S25,POLO,"4,217","3,633",875,14%
2025-04-09,S25,PULLOVER,110,110,21,0%
2025-04-09,S25,SHORTS,"4,268","3,807",883,11%
2025-04-09,S25,SKIRT,78,66,2,15%
2025-04-09,S25,SKORT,244,221,47,10%
2025-04-09,S25,SOCKS,54,51,12,5%
2025-04-09,S25,SWEATER,"2,425","2,131",572,12%
2025-04-09,S25,SWEATPANTS,264,238,54,10%
2025-04-09,S25,TRACK JACKET,"6,400","5,967","1,291",7%
2025-04-09,S25,TRACK PANT,"4,135","3,784",824,8%
2025-04-09,S25,T-SHIRT,"2,200","2,048",392,7%
2025-04-10,CORE,HAT,42,36,7,15%
2025-04-10,CORE,SOCKS,360,278,81,23%
2025-04-10,CORE,TRACK JACKET,700,495,110,29%
2025-04-10,CORE,TRACK PANT,550,484,85,12%
2025-04-10,F22,HAT,96,27,16,72%
2025-04-10,F22,TANK TOP,108,28,21,74%
2025-04-10,F23,SWEATPANTS,88,27,16,69%
2025-04-10,F23,TRACK PANT,360,109,71,70%
2025-04-10,F24,ACCESSORIES,756,355,170,53%
2025-04-10,F24,CAMP SHIRT,585,232,121,60%
2025-04-10,F24,DRESS,510,196,79,62%
2025-04-10,F24,HOODIE,385,176,85,54%
2025-04-10,F24,LONG SLEEVE KNIT,"1,539",776,342,50%
2025-04-10,F24,POLO,"2,983","1,360","1,116",54%
2025-04-10,F24,S/S BUTTON SHIRT,196,98,66,50%
2025-04-10,F24,SHORTS,"4,880","2,369","1,123",51%
2025-04-10,F24,SKIRT,901,443,332,51%
2025-04-10,F24,SOCKS,36,18,14,50%
2025-04-10,F24,SPORT BRA,68,29,19,58%
2025-04-10,F24,SWEATER,465,201,115,57%
2025-04-10,F24,SWEATPANTS,220,94,48,57%
2025-04-10,F24,TRACK JACKET,"6,430","2,978","1,326",54%
2025-04-10,F24,TRACK PANT,"5,580","2,677","1,065",52%
2025-04-10,F24,T-SHIRT,"5,076","2,228","1,523",56%
2025-04-10,S23,SHORTS,68,18,14,74%
2025-04-10,S24,CARDIGAN,216,61,38,72%
2025-04-10,S24,DRESS,274,54,55,80%
2025-04-10,S24,FOOTWEAR,236,209,39,11%
2025-04-10,S24,POLO,376,175,61,53%
2025-04-10,S24,SHORTS,"1,246",350,239,72%
2025-04-10,S24,SKIRT,506,156,81,69%
2025-04-10,S24,SKORT,244,75,43,69%
2025-04-10,S24,SPORT BRA,48,15,7,69%
2025-04-10,S24,TANK TOP,146,45,23,69%
2025-04-10,S24,TRACK JACKET,560,490,132,13%
2025-04-10,S24,TRACK PANT,693,520,148,25%
2025-04-10,S24,T-SHIRT,96,55,50,43%
2025-04-10,S25,CABANA SHIRT,530,510,118,4%
2025-04-10,S25,CREWNECK,196,196,36,0%
2025-04-10,S25,HAT,232,223,48,4%
2025-04-10,S25,HOODIE,400,400,85,0%
2025-04-10,S25,LONG SLEEVE KNIT,-58,-58,-10,0%
2025-04-10,S25,POLO,"3,919","3,468",812,12%
2025-04-10,S25,PULLOVER,110,110,21,0%
2025-04-10,S25,SHORTS,"3,391","3,007",745,11%
2025-04-10,S25,SKORT,98,98,23,0%
2025-04-10,S25,SOCKS,72,72,16,0%
2025-04-10,S25,SWEATER,"2,020","1,971",458,2%
2025-04-10,S25,SWEATPANTS,470,372,90,21%
2025-04-10,S25,SWEATSHIRT,110,110,18,0%
2025-04-10,S25,TANK TOP,314,314,62,0%
2025-04-10,S25,TRACK JACKET,"5,560","4,819","1,081",13%
2025-04-10,S25,TRACK PANT,"3,570","3,216",698,10%
2025-04-10,S25,T-SHIRT,"1,626","1,384",293,15%
2025-04-10,SS22,T-SHIRT,46,11,12,76%
2025-04-11,CORE,SOCKS,288,269,64,7%
2025-04-11,CORE,TRACK JACKET,750,522,138,30%
2025-04-11,CORE,TRACK PANT,455,406,79,11%
2025-04-11,F21,HAT,76,28,12,63%
2025-04-11,F22,HAT,60,18,12,70%
2025-04-11,F23,TRACK PANT,235,71,48,70%
2025-04-11,F24,ACCESSORIES,248,99,59,60%
2025-04-11,F24,CAMP SHIRT,300,111,62,63%
2025-04-11,F24,DRESS,645,317,117,51%
2025-04-11,F24,HOODIE,655,347,127,47%
2025-04-11,F24,LEGGINGS,110,55,21,50%
2025-04-11,F24,LONG SLEEVE KNIT,"2,001",951,398,52%
2025-04-11,F24,OUTERWEAR,225,113,38,50%
2025-04-11,F24,POLO,"3,328","1,644",973,51%
2025-04-11,F24,S/S BUTTON SHIRT,98,42,33,58%
2025-04-11,F24,SHORTS,"4,311","2,029",983,53%
2025-04-11,F24,SKIRT,888,430,343,52%
2025-04-11,F24,SOCKS,18,9,4,50%
2025-04-11,F24,SPORT BRA,68,34,19,50%
2025-04-11,F24,SWEATER,"1,785",840,410,53%
2025-04-11,F24,SWEATPANTS,514,234,102,54%
2025-04-11,F24,TRACK JACKET,"6,520","2,793","1,288",57%
2025-04-11,F24,TRACK PANT,"6,395","2,714","1,233",58%
2025-04-11,F24,T-SHIRT,"2,833","1,331","1,031",53%
2025-04-11,S24,CAMP SHIRT,405,117,96,71%
2025-04-11,S24,CARDIGAN,216,66,38,69%
2025-04-11,S24,DRESS,98,30,17,69%
2025-04-11,S24,FOOTWEAR,59,59,10,0%
2025-04-11,S24,OUTERWEAR,150,45,28,70%
2025-04-11,S24,POLO,156,45,29,71%
2025-04-11,S24,SHORTS,"1,089",321,198,71%
2025-04-11,S24,SKIRT,146,41,24,72%
2025-04-11,S24,TANK TOP,68,21,11,69%
2025-04-11,S24,TRACK JACKET,690,440,144,36%
2025-04-11,S24,TRACK PANT,620,373,132,40%
2025-04-11,S24,T-SHIRT,38,11,7,72%
2025-04-11,S25,CABANA SHIRT,875,844,168,4%
2025-04-11,S25,CREWNECK,588,559,108,5%
2025-04-11,S25,DRESS,-125,-125,-23,0%
2025-04-11,S25,FOOTWEAR,150,150,33,0%
2025-04-11,S25,HAT,174,165,36,5%
2025-04-11,S25,HOODIE,575,556,125,3%
2025-04-11,S25,LONG SLEEVE KNIT,-98,-98,-10,0%
2025-04-11,S25,POLO,"4,292","4,084",917,5%
2025-04-11,S25,SHORTS,"3,048","2,953",646,3%
2025-04-11,S25,SOCKS,90,82,20,9%
2025-04-11,S25,SWEATER,"3,320","2,846",778,14%
2025-04-11,S25,SWEATPANTS,450,334,90,26%
2025-04-11,S25,SWEATSHIRT,110,94,18,15%
2025-04-11,S25,TANK TOP,68,58,15,15%
2025-04-11,S25,TRACK JACKET,"3,850","3,230",766,16%
2025-04-11,S25,TRACK PANT,"3,540","2,987",685,16%
2025-04-11,S25,T-SHIRT,"1,396","1,210",239,13%
2025-04-12,CORE,HAT,84,84,14,0%
2025-04-12,CORE,SOCKS,270,234,60,13%
2025-04-12,CORE,TRACK JACKET,890,750,160,16%
2025-04-12,CORE,TRACK PANT,705,705,135,0%
2025-04-12,F21,HAT,38,15,6,61%
2025-04-12,F22,HAT,192,56,32,71%
2025-04-12,F23,OUTERWEAR,175,45,40,74%
2025-04-12,F23,SWEATPANTS,88,27,16,69%
2025-04-12,F23,TRACK JACKET,175,45,33,74%
2025-04-12,F23,TRACK PANT,480,99,96,79%
2025-04-12,F24,ACCESSORIES,378,184,84,51%
2025-04-12,F24,CAMP SHIRT,"1,035",398,215,62%
2025-04-12,F24,CREWNECK,125,88,45,30%
2025-04-12,F24,DRESS,790,373,126,53%
2025-04-12,F24,HOODIE,260,144,49,45%
2025-04-12,F24,LONG SLEEVE KNIT,"1,081",447,235,59%
2025-04-12,F24,OUTERWEAR,225,90,49,60%
2025-04-12,F24,POLO,"4,212","2,078","1,440",51%
2025-04-12,F24,SHORTS,"3,903","1,982",928,49%
2025-04-12,F24,SKIRT,332,168,100,49%
2025-04-12,F24,SOCKS,18,8,4,55%
2025-04-12,F24,SWEATER,"1,215",488,326,60%
2025-04-12,F24,SWEATPANTS,651,295,134,55%
2025-04-12,F24,SWEATSHIRT,250,138,58,45%
2025-04-12,F24,TRACK JACKET,"6,120","3,139","1,190",49%
2025-04-12,F24,TRACK PANT,"5,760","2,972","1,136",48%
2025-04-12,F24,T-SHIRT,"3,325","1,529","1,140",54%
2025-04-12,S24,CAMP SHIRT,405,119,96,71%
2025-04-12,S24,DRESS,382,104,70,73%
2025-04-12,S24,FOOTWEAR,0,-3,0,#DIV/0!
2025-04-12,S24,OUTERWEAR,300,83,56,72%
2025-04-12,S24,POLO,156,41,29,74%
2025-04-12,S24,SHORTS,"1,061",312,196,71%
2025-04-12,S24,SKIRT,224,65,39,71%
2025-04-12,S24,SKORT,88,27,19,69%
2025-04-12,S24,SPORT BRA,190,59,38,69%
2025-04-12,S24,SWEATER,300,83,74,72%
2025-04-12,S24,TANK TOP,68,19,11,72%
2025-04-12,S24,TRACK JACKET,595,441,118,26%
2025-04-12,S24,TRACK PANT,328,168,58,49%
2025-04-12,S25,CABANA SHIRT,875,838,174,4%
2025-04-12,S25,CAMP SHIRT,88,75,15,15%
2025-04-12,S25,CREWNECK,392,363,72,8%
2025-04-12,S25,DRESS,471,453,82,4%
2025-04-12,S25,FOOTWEAR,300,285,66,5%
2025-04-12,S25,HAT,58,49,12,15%
2025-04-12,S25,HOODIE,300,300,66,0%
2025-04-12,S25,LONG SLEEVE KNIT,183,183,36,0%
2025-04-12,S25,PANTS,210,210,44,0%
2025-04-12,S25,POLO,"4,071","3,406",862,16%
2025-04-12,S25,SHORTS,"3,680","3,254",767,12%
2025-04-12,S25,SKORT,68,58,11,15%
2025-04-12,S25,SOCKS,54,49,12,10%
2025-04-12,S25,SWEATER,"2,340","2,335",545,0%
2025-04-12,S25,SWEATPANTS,352,326,72,8%
2025-04-12,S25,TANK TOP,58,49,8,15%
2025-04-12,S25,TRACK JACKET,"7,070","6,668","1,306",6%
2025-04-12,S25,TRACK PANT,"3,808","3,642",708,4%
2025-04-12,S25,T-SHIRT,"1,578","1,389",286,12%
2025-04-13,CORE,ACCESSORIES,12,18,6,-50%
2025-04-13,CORE,HAT,84,84,14,0%
2025-04-13,CORE,SOCKS,252,224,56,11%
2025-04-13,CORE,TRACK JACKET,"1,335","1,193",240,11%
2025-04-13,CORE,TRACK PANT,690,622,124,10%
2025-04-13,F22,HAT,288,83,48,71%
2025-04-13,F23,OUTERWEAR,175,53,40,70%
2025-04-13,F23,TRACK PANT,250,70,50,72%
2025-04-13,F24,ACCESSORIES,210,92,48,56%
2025-04-13,F24,BAG,110,77,31,30%
2025-04-13,F24,CAMP SHIRT,300,111,62,63%
2025-04-13,F24,DRESS,520,253,98,51%
2025-04-13,F24,HOODIE,260,144,53,45%
2025-04-13,F24,LEGGINGS,220,110,42,50%
2025-04-13,F24,LONG SLEEVE KNIT,"2,554","1,153",549,55%
2025-04-13,F24,OUTERWEAR,225,77,49,66%
2025-04-13,F24,POLO,"3,612","1,683","1,302",53%
2025-04-13,F24,SHORTS,"3,700","1,666",896,55%
2025-04-13,F24,SKIRT,"1,077",519,387,52%
2025-04-13,F24,SKORT,78,47,18,40%
2025-04-13,F24,SOCKS,90,45,44,50%
2025-04-13,F24,SPORT BRA,68,34,19,50%
2025-04-13,F24,SWEATER,"1,710",763,393,55%
2025-04-13,F24,SWEATPANTS,735,556,149,24%
2025-04-13,F24,SWEATSHIRT,375,239,90,36%
2025-04-13,F24,TRACK JACKET,"5,695","2,649","1,101",53%
2025-04-13,F24,TRACK PANT,"6,295","2,764","1,188",56%
2025-04-13,F24,T-SHIRT,"2,304","1,012",778,56%
2025-04-13,S23,SHORTS,68,18,14,74%
2025-04-13,S24,CAMP SHIRT,135,35,32,74%
2025-04-13,S24,DRESS,88,23,19,74%
2025-04-13,S24,OUTERWEAR,150,45,28,70%
2025-04-13,S24,POLO,224,65,41,71%
2025-04-13,S24,SHORTS,"1,162",311,225,73%
2025-04-13,S24,SKIRT,594,183,102,69%
2025-04-13,S24,SKORT,176,54,38,69%
2025-04-13,S24,SPORT BRA,112,35,22,69%
2025-04-13,S24,TANK TOP,262,74,43,72%
2025-04-13,S24,TRACK JACKET,550,335,110,39%
2025-04-13,S24,TRACK PANT,125,125,24,0%
2025-04-13,S24,T-SHIRT,38,12,7,68%
2025-04-13,S25,CABANA SHIRT,760,685,155,10%
2025-04-13,S25,CREWNECK,392,363,72,8%
2025-04-13,S25,FOOTWEAR,150,128,33,15%
2025-04-13,S25,HAT,116,116,25,0%
2025-04-13,S25,JACKET,165,165,32,0%
2025-04-13,S25,LONG SLEEVE KNIT,58,58,10,0%
2025-04-13,S25,PANTS,135,0,27,100%
2025-04-13,S25,POLO,"3,868","3,626",814,6%
2025-04-13,S25,SHORTS,"3,297","2,979",696,10%
2025-04-13,S25,SKIRT,98,98,20,0%
2025-04-13,S25,SKORT,496,496,84,0%
2025-04-13,S25,SOCKS,108,105,24,3%
2025-04-13,S25,SWEATER,"2,900","2,630",670,9%
2025-04-13,S25,SWEATPANTS,264,238,54,10%
2025-04-13,S25,TANK TOP,270,270,46,0%
2025-04-13,S25,TRACK JACKET,"6,985","6,693","1,328",4%
2025-04-13,S25,TRACK PANT,"3,293","2,877",629,13%
2025-04-13,S25,T-SHIRT,"1,130",963,189,15%
2025-04-14,CORE,ACCESSORIES,12,4,6,70%
2025-04-14,CORE,HAT,42,36,7,15%
2025-04-14,CORE,SOCKS,360,328,80,9%
2025-04-14,CORE,TRACK JACKET,265,240,92,9%
2025-04-14,CORE,TRACK PANT,45,-65,33,244%
2025-04-14,F21,HAT,38,13,6,66%
2025-04-14,F22,HAT,48,15,8,69%
2025-04-14,F23,OUTERWEAR,175,45,40,74%
2025-04-14,F23,TRACK PANT,125,33,25,74%
2025-04-14,F24,ACCESSORIES,462,219,106,53%
2025-04-14,F24,CAMP SHIRT,0,-9,2,#DIV/0!
2025-04-14,F24,DRESS,0,-12,16,#DIV/0!
2025-04-14,F24,HOODIE,395,225,74,43%
2025-04-14,F24,LEGGINGS,110,55,21,50%
2025-04-14,F24,LONG SLEEVE KNIT,485,115,98,76%
2025-04-14,F24,OUTERWEAR,450,167,98,63%
2025-04-14,F24,POLO,"3,543","1,816","1,245",49%
2025-04-14,F24,SHORTS,"3,272","1,613",711,51%
2025-04-14,F24,SKIRT,390,183,170,53%
2025-04-14,F24,SOCKS,72,35,33,51%
2025-04-14,F24,SPORT BRA,68,34,19,50%
2025-04-14,F24,SWEATER,"2,680","1,210",693,55%
2025-04-14,F24,SWEATPANTS,333,167,67,50%
2025-04-14,F24,SWEATSHIRT,125,63,26,50%
2025-04-14,F24,TRACK JACKET,"4,590","2,736",912,40%
2025-04-14,F24,TRACK PANT,"4,505","2,591",938,42%
2025-04-14,F24,T-SHIRT,"3,256","1,316","1,016",60%
2025-04-14,S23,SHORTS,68,21,14,69%
2025-04-14,S24,CAMP SHIRT,-270,-78,-50,71%
2025-04-14,S24,CARDIGAN,324,61,57,81%
2025-04-14,S24,DRESS,37,41,22,-10%
2025-04-14,S24,FOOTWEAR,204,182,56,11%
2025-04-14,S24,OUTERWEAR,0,0,0,#DIV/0!
2025-04-14,S24,POLO,224,66,41,71%
2025-04-14,S24,SHORTS,"1,432",395,285,72%
2025-04-14,S24,SKIRT,584,131,90,78%
2025-04-14,S24,SPORT BRA,96,30,14,69%
2025-04-14,S24,SWEATPANTS,88,20,16,77%
2025-04-14,S24,TANK TOP,48,13,9,73%
2025-04-14,S24,TRACK JACKET,810,405,149,50%
2025-04-14,S24,TRACK PANT,422,357,89,15%
2025-04-14,S24,T-SHIRT,76,22,14,71%
2025-04-14,S25,0,59,50,8,15%
2025-04-14,S25,ACCESSORIES,128,109,29,15%
2025-04-14,S25,ACTIVE JACKET,375,375,78,0%
2025-04-14,S25,CABANA SHIRT,676,655,134,3%
2025-04-14,S25,CAMP SHIRT,-88,-75,-15,15%
2025-04-14,S25,CREWNECK,392,363,72,8%
2025-04-14,S25,FOOTWEAR,150,128,33,15%
2025-04-14,S25,HAT,348,339,72,3%
2025-04-14,S25,HOODIE,125,106,26,15%
2025-04-14,S25,POLO,"2,999","2,641",608,12%
2025-04-14,S25,SHORTS,"3,846","3,714",817,3%
2025-04-14,S25,SKIRT,78,66,2,15%
2025-04-14,S25,SKORT,-48,-51,-4,-6%
2025-04-14,S25,SOCKS,72,69,16,4%
2025-04-14,S25,SWEATER,"1,225","1,079",283,12%
2025-04-14,S25,SWEATPANTS,450,409,90,9%
2025-04-14,S25,TANK TOP,-58,-58,-8,0%
2025-04-14,S25,TRACK JACKET,"3,930","3,857",757,2%
2025-04-14,S25,TRACK PANT,"1,045",858,217,18%
2025-04-14,S25,T-SHIRT,"1,416","1,323",245,7%
2025-04-15,CORE,HAT,42,34,7,20%
2025-04-15,CORE,SOCKS,396,359,88,9%
2025-04-15,CORE,TRACK JACKET,610,564,116,8%
2025-04-15,CORE,TRACK PANT,470,435,90,8%
2025-04-15,F22,SHORTS,78,24,14,69%
2025-04-15,F23,TRACK JACKET,350,106,66,70%
2025-04-15,F23,TRACK PANT,125,32,23,74%
2025-04-15,F24,ACCESSORIES,462,189,106,59%
2025-04-15,F24,CAMP SHIRT,900,330,186,63%
2025-04-15,F24,CREWNECK,125,75,36,40%
2025-04-15,F24,DRESS,435,212,95,51%
2025-04-15,F24,FOOTWEAR,310,186,80,40%
2025-04-15,F24,HOODIE,645,325,134,50%
2025-04-15,F24,LEGGINGS,220,110,42,50%
2025-04-15,F24,LONG SLEEVE KNIT,"2,837","1,425",587,50%
2025-04-15,F24,OUTERWEAR,225,77,49,66%
2025-04-15,F24,POLO,"6,350","3,079","2,295",52%
2025-04-15,F24,SHORTS,"5,206","2,388","1,182",54%
2025-04-15,F24,SKIRT,879,406,349,54%
2025-04-15,F24,SWEATER,"1,285",491,350,62%
2025-04-15,F24,SWEATPANTS,553,259,116,53%
2025-04-15,F24,SWEATSHIRT,125,54,26,57%
2025-04-15,F24,TRACK JACKET,"5,130","2,320",979,55%
2025-04-15,F24,TRACK PANT,"5,450","2,750","1,046",50%
2025-04-15,F24,T-SHIRT,"3,827","1,565","1,177",59%
2025-04-15,S24,CAMP SHIRT,270,74,57,73%
2025-04-15,S24,CARDIGAN,216,61,38,72%
2025-04-15,S24,DRESS,125,64,41,49%
2025-04-15,S24,POLO,468,141,87,70%
2025-04-15,S24,SHORTS,"1,393",389,247,72%
2025-04-15,S24,SKIRT,594,179,115,70%
2025-04-15,S24,SKORT,88,27,19,69%
2025-04-15,S24,SPORT BRA,318,95,51,70%
2025-04-15,S24,TANK TOP,136,42,22,69%
2025-04-15,S24,TRACK JACKET,860,452,162,47%
2025-04-15,S25,ACTIVE JACKET,-250,-250,-52,0%
2025-04-15,S25,CABANA SHIRT,635,518,131,18%
2025-04-15,S25,CREWNECK,0,-15,0,#DIV/0!
2025-04-15,S25,FOOTWEAR,150,0,33,100%
2025-04-15,S25,HAT,464,423,96,9%
2025-04-15,S25,HOODIE,125,125,26,0%
2025-04-15,S25,JACKET,165,165,32,0%
2025-04-15,S25,LEGGINGS,110,94,21,15%
2025-04-15,S25,PANTS,135,135,27,0%
2025-04-15,S25,POLO,"3,779","3,371",773,11%
2025-04-15,S25,PULLOVER,125,106,25,15%
2025-04-15,S25,SHORTS,"3,059","2,672",634,13%
2025-04-15,S25,SKIRT,98,83,20,15%
2025-04-15,S25,SKORT,136,136,22,0%
2025-04-15,S25,SOCKS,54,54,12,0%
2025-04-15,S25,SPORT BRA,68,58,17,15%
2025-04-15,S25,SWEATER,"4,225","3,970",994,6%
2025-04-15,S25,SWEATPANTS,10,-3,0,132%
2025-04-15,S25,SWEATSHIRT,0,-17,0,#DIV/0!
2025-04-15,S25,TANK TOP,116,116,16,0%
2025-04-15,S25,TRACK JACKET,"3,985","3,575",797,10%
2025-04-15,S25,TRACK PANT,"3,132","2,767",620,12%
2025-04-15,S25,T-SHIRT,"1,364","1,141",246,16%
2025-04-16,CORE,SOCKS,288,245,64,15%
2025-04-16,CORE,TRACK JACKET,495,446,108,10%
2025-04-16,CORE,TRACK PANT,360,323,73,10%
2025-04-16,F21,HAT,38,13,6,66%
2025-04-16,F22,HAT,60,15,12,75%
2025-04-16,F23,POLO,78,24,14,69%
2025-04-16,F23,TRACK PANT,235,67,48,71%
2025-04-16,F24,ACCESSORIES,294,145,67,51%
2025-04-16,F24,CAMP SHIRT,300,120,60,60%
2025-04-16,F24,DRESS,250,150,38,40%
2025-04-16,F24,LEGGINGS,440,212,84,52%
2025-04-16,F24,LONG SLEEVE KNIT,"2,097",982,461,53%
2025-04-16,F24,OUTERWEAR,450,0,87,100%
2025-04-16,F24,POLO,"3,716","1,790","1,276",52%
2025-04-16,F24,SHORTS,"3,901","1,677",869,57%
2025-04-16,F24,SKIRT,654,293,218,55%
2025-04-16,F24,SPORT BRA,68,0,19,100%
2025-04-16,F24,SWEATER,165,66,47,60%
2025-04-16,F24,SWEATPANTS,321,83,61,74%
2025-04-16,F24,TRACK JACKET,"2,460","1,186",463,52%
2025-04-16,F24,TRACK PANT,"2,675","1,275",501,52%
2025-04-16,F24,T-SHIRT,"2,642","1,207",814,54%
2025-04-16,S24,CAMP SHIRT,270,76,64,72%
2025-04-16,S24,CARDIGAN,216,71,38,67%
2025-04-16,S24,DRESS,159,19,12,88%
2025-04-16,S24,FOOTWEAR,59,59,10,0%
2025-04-16,S24,OUTERWEAR,150,45,28,70%
2025-04-16,S24,POLO,687,201,118,71%
2025-04-16,S24,SHORTS,"1,654",476,308,71%
2025-04-16,S24,SKIRT,302,86,54,72%
2025-04-16,S24,SKORT,176,50,38,72%
2025-04-16,S24,SPORT BRA,204,63,39,69%
2025-04-16,S24,TANK TOP,252,72,42,72%
2025-04-16,S24,TRACK JACKET,675,394,126,42%
2025-04-16,S24,TRACK PANT,730,380,126,48%
2025-04-16,S24,T-SHIRT,38,12,7,68%
2025-04-16,S25,CABANA SHIRT,598,579,129,3%
2025-04-16,S25,CREWNECK,196,181,36,8%
2025-04-16,S25,FOOTWEAR,-150,-278,-33,-85%
2025-04-16,S25,HAT,116,116,24,0%
2025-04-16,S25,HOODIE,125,125,26,0%
2025-04-16,S25,LONG SLEEVE KNIT,78,78,10,0%
2025-04-16,S25,POLO,"3,661","3,331",742,9%
2025-04-16,S25,SHORTS,"3,325","3,118",709,6%
2025-04-16,S25,SKIRT,98,98,20,0%
2025-04-16,S25,SKORT,204,187,33,8%
2025-04-16,S25,SWEATER,"2,675","1,718",609,36%
2025-04-16,S25,SWEATPANTS,186,173,36,7%
2025-04-16,S25,SWEATSHIRT,110,110,18,0%
2025-04-16,S25,TANK TOP,184,178,31,3%
2025-04-16,S25,TRACK JACKET,"4,110","3,190",804,22%
2025-04-16,S25,TRACK PANT,"4,030","3,278",788,19%
2025-04-16,S25,T-SHIRT,"1,738","1,603",319,8%
2025-04-16,S25,VISOR,38,38,7,0%
2025-04-17,CORE,HAT,90,90,18,0%
2025-04-17,CORE,SOCKS,486,441,108,9%
2025-04-17,CORE,TRACK JACKET,"1,105",767,224,31%
2025-04-17,CORE,TRACK PANT,610,585,129,4%
2025-04-17,F21,HAT,38,15,6,61%
2025-04-17,F23,SWEATPANTS,88,27,16,69%
2025-04-17,F23,TRACK JACKET,175,53,33,70%
2025-04-17,F23,TRACK PANT,248,68,44,73%
2025-04-17,F24,ACCESSORIES,378,181,84,52%
2025-04-17,F24,CAMP SHIRT,150,63,28,58%
2025-04-17,F24,DRESS,145,66,9,54%
2025-04-17,F24,HOODIE,125,63,32,50%
2025-04-17,F24,LEGGINGS,110,55,21,50%
2025-04-17,F24,LONG SLEEVE KNIT,981,501,206,49%
2025-04-17,F24,OUTERWEAR,225,73,49,68%
2025-04-17,F24,POLO,"3,987","1,843","1,454",54%
2025-04-17,F24,S/S BUTTON SHIRT,-98,-49,-33,50%
2025-04-17,F24,SHORTS,"4,466","2,209","1,001",51%
2025-04-17,F24,SKIRT,400,183,152,54%
2025-04-17,F24,SOCKS,-36,-18,-19,50%
2025-04-17,F24,SPORT BRA,68,34,19,50%
2025-04-17,F24,SWEATER,285,142,41,50%
2025-04-17,F24,SWEATPANTS,404,190,78,53%
2025-04-17,F24,TRACK JACKET,"4,920","2,842","1,006",42%
2025-04-17,F24,TRACK PANT,"4,835","2,761",963,43%
2025-04-17,F24,T-SHIRT,"3,360","1,526","1,114",55%
2025-04-17,S24,CARDIGAN,108,26,19,76%
2025-04-17,S24,DRESS,342,100,78,71%
2025-04-17,S24,FOOTWEAR,295,283,50,4%
2025-04-17,S24,OUTERWEAR,300,83,56,72%
2025-04-17,S24,POLO,407,125,70,69%
2025-04-17,S24,SHORTS,"1,873",552,354,71%
2025-04-17,S24,SKIRT,156,45,30,71%
2025-04-17,S24,SPORT BRA,288,83,42,71%
2025-04-17,S24,SWEATER,150,45,37,70%
2025-04-17,S24,TANK TOP,174,52,30,70%
2025-04-17,S24,TRACK JACKET,980,840,230,14%
2025-04-17,S24,TRACK PANT,786,581,175,26%
2025-04-17,S24,T-SHIRT,114,36,21,68%
2025-04-17,S25,ACTIVE JACKET,125,88,26,30%
2025-04-17,S25,CABANA SHIRT,"1,125","1,039",222,8%
2025-04-17,S25,CAMP SHIRT,88,56,15,37%
2025-04-17,S25,CREWNECK,294,284,54,3%
2025-04-17,S25,DRESS,375,238,69,37%
2025-04-17,S25,FOOTWEAR,150,150,33,0%
2025-04-17,S25,HAT,290,278,60,4%
2025-04-17,S25,HOODIE,800,574,170,28%
2025-04-17,S25,LEGGINGS,228,160,41,30%
2025-04-17,S25,LONG SLEEVE KNIT,125,88,26,30%
2025-04-17,S25,POLO,"6,992","5,944","1,458",15%
2025-04-17,S25,PULLOVER,125,0,25,100%
2025-04-17,S25,SHORTS,"7,624","5,822","1,590",24%
2025-04-17,S25,SKIRT,176,119,22,33%
2025-04-17,S25,SKORT,360,240,62,33%
2025-04-17,S25,SOCKS,126,122,28,3%
2025-04-17,S25,SWEATER,"3,555","2,797",831,21%
2025-04-17,S25,SWEATPANTS,656,526,126,20%
2025-04-17,S25,SWEATSHIRT,330,216,54,35%
2025-04-17,S25,TANK TOP,436,296,74,32%
2025-04-17,S25,TRACK JACKET,"12,850","9,303","2,546",28%
2025-04-17,S25,TRACK PANT,"7,748","5,674","1,522",27%
2025-04-17,S25,T-SHIRT,"2,968","1,971",497,34%
2025-04-17,SS22,T-SHIRT,46,13,12,72%
2025-04-18,CORE,ACCESSORIES,18,18,5,0%
2025-04-18,CORE,HAT,168,151,28,10%
2025-04-18,CORE,SOCKS,306,289,68,6%
2025-04-18,CORE,TRACK JACKET,635,351,130,45%
2025-04-18,CORE,TRACK PANT,360,235,73,35%
2025-04-18,F23,POLO,78,24,14,69%
2025-04-18,F23,TRACK PANT,235,68,46,71%
2025-04-18,F24,ACCESSORIES,252,118,60,53%
2025-04-18,F24,CAMP SHIRT,600,180,124,70%
2025-04-18,F24,DRESS,530,272,85,49%
2025-04-18,F24,HOODIE,435,231,87,47%
2025-04-18,F24,LONG SLEEVE KNIT,"1,925",931,369,52%
2025-04-18,F24,POLO,"2,611","1,284",740,51%
2025-04-18,F24,SHORTS,"4,725","2,237","1,009",53%
2025-04-18,F24,SKIRT,343,161,92,53%
2025-04-18,F24,SWEATER,960,433,215,55%
2025-04-18,F24,SWEATPANTS,196,98,36,50%
2025-04-18,F24,SWEATSHIRT,-125,-88,-32,30%
2025-04-18,F24,TRACK JACKET,"4,355","2,358",908,46%
2025-04-18,F24,TRACK PANT,"2,925","1,310",610,55%
2025-04-18,F24,T-SHIRT,"1,832",846,662,54%
2025-04-18,S24,FOOTWEAR,59,59,10,0%
2025-04-18,S24,OUTERWEAR,300,90,56,70%
2025-04-18,S24,POLO,386,110,64,72%
2025-04-18,S24,SHORTS,"1,239",373,241,70%
2025-04-18,S24,SKIRT,574,194,103,66%
2025-04-18,S24,SKORT,166,46,31,72%
2025-04-18,S24,SPORT BRA,318,94,51,71%
2025-04-18,S24,TANK TOP,174,49,30,72%
2025-04-18,S24,TRACK JACKET,840,568,204,32%
2025-04-18,S24,TRACK PANT,750,407,174,46%
2025-04-18,S24,T-SHIRT,48,26,25,46%
2025-04-18,S25,CABANA SHIRT,"1,020",766,208,25%
2025-04-18,S25,CAMP SHIRT,-88,-75,-15,15%
2025-04-18,S25,CREWNECK,392,382,72,3%
2025-04-18,S25,DRESS,235,165,48,30%
2025-04-18,S25,FOOTWEAR,750,585,165,22%
2025-04-18,S25,HAT,58,52,12,10%
2025-04-18,S25,HOODIE,525,405,111,23%
2025-04-18,S25,LEGGINGS,110,77,20,30%
2025-04-18,S25,LONG SLEEVE KNIT,125,88,26,30%
2025-04-18,S25,POLO,"4,267","3,387",893,21%
2025-04-18,S25,PULLOVER,250,176,50,30%
2025-04-18,S25,SHORTS,"5,925","4,988","1,237",16%
2025-04-18,S25,SKORT,624,391,119,37%
2025-04-18,S25,SOCKS,126,121,28,4%
2025-04-18,S25,SWEATER,"1,975","1,689",450,15%
2025-04-18,S25,SWEATPANTS,832,658,162,21%
2025-04-18,S25,SWEATSHIRT,110,69,18,37%
2025-04-18,S25,TANK TOP,446,234,81,47%
2025-04-18,S25,TRACK JACKET,"9,035","6,829","1,735",24%
2025-04-18,S25,TRACK PANT,"5,442","4,352","1,071",20%
2025-04-18,S25,T-SHIRT,"2,524","1,970",445,22%
2025-04-19,CORE,SOCKS,324,290,72,11%
2025-04-19,CORE,TRACK JACKET,420,406,66,3%
2025-04-19,CORE,TRACK PANT,220,209,34,5%
2025-04-19,F21,HAT,38,15,6,61%
2025-04-19,F22,HAT,48,15,8,69%
2025-04-19,F23,TRACK PANT,125,38,25,70%
2025-04-19,F24,ACCESSORIES,336,158,75,53%
2025-04-19,F24,CAMP SHIRT,600,234,124,61%
2025-04-19,F24,DRESS,675,340,109,50%
2025-04-19,F24,FOOTWEAR,160,102,44,36%
2025-04-19,F24,HOODIE,250,126,65,50%
2025-04-19,F24,JACKET,325,163,55,50%
2025-04-19,F24,LONG SLEEVE KNIT,"1,803",830,366,54%
2025-04-19,F24,OUTERWEAR,225,113,38,50%
2025-04-19,F24,POLO,"2,337","1,049",788,55%
2025-04-19,F24,SHORTS,"3,750","1,759",813,53%
2025-04-19,F24,SKIRT,166,87,50,48%
2025-04-19,F24,SWEATER,730,375,186,49%
2025-04-19,F24,SWEATPANTS,196,49,36,75%
2025-04-19,F24,TRACK JACKET,"2,640","1,306",513,51%
2025-04-19,F24,TRACK PANT,"3,045","1,442",628,53%
2025-04-19,F24,T-SHIRT,"2,401","1,142",941,52%
2025-04-19,S24,DRESS,88,27,19,69%
2025-04-19,S24,OUTERWEAR,150,45,28,70%
2025-04-19,S24,POLO,68,21,12,69%
2025-04-19,S24,SHORTS,"1,039",306,189,71%
2025-04-19,S24,SKIRT,146,43,24,71%
2025-04-19,S24,SKORT,78,24,12,69%
2025-04-19,S24,SPORT BRA,112,34,22,70%
2025-04-19,S24,TANK TOP,146,43,23,71%
2025-04-19,S24,TRACK JACKET,700,630,158,10%
2025-04-19,S24,TRACK PANT,850,687,164,19%
2025-04-19,S24,T-SHIRT,86,40,32,54%
2025-04-19,S25,CABANA SHIRT,"1,323","1,165",262,12%
2025-04-19,S25,CREWNECK,196,186,36,5%
2025-04-19,S25,HAT,348,331,73,5%
2025-04-19,S25,HOODIE,250,158,52,37%
2025-04-19,S25,JACKET,165,116,32,30%
2025-04-19,S25,LONG SLEEVE KNIT,406,302,72,26%
2025-04-19,S25,PANTS,210,147,44,30%
2025-04-19,S25,POLO,"4,917","3,980",988,19%
2025-04-19,S25,SHORTS,"6,242","4,801","1,278",23%
2025-04-19,S25,SKIRT,176,124,22,30%
2025-04-19,S25,SKORT,196,138,46,30%
2025-04-19,S25,SOCKS,72,68,16,5%
2025-04-19,S25,SWEATER,"4,090","3,457",940,15%
2025-04-19,S25,SWEATPANTS,274,236,54,14%
2025-04-19,S25,SWEATSHIRT,220,154,36,30%
2025-04-19,S25,TRACK JACKET,"7,705","5,973","1,480",22%
2025-04-19,S25,TRACK PANT,"3,970","3,115",775,22%
2025-04-19,S25,T-SHIRT,"2,326","1,776",419,24%
2025-04-19,S25,VISOR,76,54,14,29%
2025-04-20,CORE,ACCESSORIES,48,72,22,-50%
2025-04-20,CORE,HAT,84,84,14,0%
2025-04-20,CORE,SOCKS,234,218,52,7%
2025-04-20,CORE,TRACK JACKET,980,980,154,0%
2025-04-20,CORE,TRACK PANT,660,660,102,0%
2025-04-20,F21,HAT,76,30,12,61%
2025-04-20,F22,HAT,144,45,24,69%
2025-04-20,F24,ACCESSORIES,546,269,123,51%
2025-04-20,F24,CAMP SHIRT,450,180,94,60%
2025-04-20,F24,DRESS,125,68,19,46%
2025-04-20,F24,FOOTWEAR,160,113,44,29%
2025-04-20,F24,HOODIE,300,150,66,50%
2025-04-20,F24,LONG SLEEVE KNIT,889,380,221,57%
2025-04-20,F24,POLO,"2,145","1,027",857,52%
2025-04-20,F24,SHORTS,"2,992","1,452",735,51%
2025-04-20,F24,SKIRT,400,201,152,50%
2025-04-20,F24,SOCKS,72,36,38,50%
2025-04-20,F24,SPORT BRA,68,31,19,55%
2025-04-20,F24,SWEATER,165,66,47,60%
2025-04-20,F24,SWEATPANTS,98,49,18,50%
2025-04-20,F24,TRACK JACKET,"5,775","2,770","1,093",52%
2025-04-20,F24,TRACK PANT,"5,525","2,664","1,025",52%
2025-04-20,F24,T-SHIRT,"2,524","1,097",928,57%
2025-04-20,S24,DRESS,362,108,74,70%
2025-04-20,S24,FOOTWEAR,118,118,20,0%
2025-04-20,S24,OUTERWEAR,150,45,28,70%
2025-04-20,S24,POLO,156,46,29,71%
2025-04-20,S24,SHORTS,766,230,153,70%
2025-04-20,S24,SKIRT,496,155,88,69%
2025-04-20,S24,SKORT,234,72,36,69%
2025-04-20,S24,SPORT BRA,192,60,28,69%
2025-04-20,S24,TANK TOP,514,155,85,70%
2025-04-20,S24,TRACK JACKET,415,275,87,34%
2025-04-20,S24,TRACK PANT,250,213,53,15%
2025-04-20,S24,T-SHIRT,38,0,7,100%
2025-04-20,S25,0,59,59,8,0%
2025-04-20,S25,CABANA SHIRT,"2,010","1,803",399,10%
2025-04-20,S25,DRESS,243,171,41,30%
2025-04-20,S25,FOOTWEAR,0,23,0,#DIV/0!
2025-04-20,S25,HOODIE,300,228,66,24%
2025-04-20,S25,PANTS,135,86,27,37%
2025-04-20,S25,POLO,"4,648","4,044",911,13%
2025-04-20,S25,SHORTS,"5,671","4,544","1,166",20%
2025-04-20,S25,SKIRT,332,234,26,30%
2025-04-20,S25,SKORT,254,179,52,30%
2025-04-20,S25,SOCKS,36,36,8,0%
2025-04-20,S25,SWEATER,"3,615","3,255",851,10%
2025-04-20,S25,SWEATSHIRT,110,77,18,30%
2025-04-20,S25,TANK TOP,154,109,30,29%
2025-04-20,S25,TRACK JACKET,"6,400","5,103","1,263",20%
2025-04-20,S25,TRACK PANT,"3,740","2,944",742,21%
2025-04-20,S25,T-SHIRT,"2,350","1,780",423,24%
2025-04-21,CORE,HAT,84,84,14,0%
2025-04-21,CORE,SOCKS,378,307,84,19%
2025-04-21,CORE,TRACK JACKET,280,280,44,0%
2025-04-21,CORE,TRACK PANT,110,110,17,0%
2025-04-21,F22,HAT,48,14,8,72%
2025-04-21,F23,TRACK PANT,-27,-5,-6,80%
2025-04-21,F24,ACCESSORIES,462,218,106,53%
2025-04-21,F24,CAMP SHIRT,"1,500",576,302,62%
2025-04-21,F24,DRESS,-280,-204,-30,27%
2025-04-21,F24,FOOTWEAR,160,0,44,100%
2025-04-21,F24,HOODIE,-15,17,-12,215%
2025-04-21,F24,LEGGINGS,220,55,42,75%
2025-04-21,F24,LONG SLEEVE KNIT,603,311,147,48%
2025-04-21,F24,OUTERWEAR,225,113,50,50%
2025-04-21,F24,POLO,"4,096","2,246","1,386",45%
2025-04-21,F24,SHORTS,"3,731","1,782",826,52%
2025-04-21,F24,SKIRT,478,231,186,52%
2025-04-21,F24,SKORT,78,42,18,46%
2025-04-21,F24,SOCKS,36,16,20,55%
2025-04-21,F24,SPORT BRA,68,34,19,50%
2025-04-21,F24,SWEATER,"1,280",635,308,50%
2025-04-21,F24,SWEATPANTS,98,44,18,55%
2025-04-21,F24,TRACK JACKET,730,311,108,57%
2025-04-21,F24,TRACK PANT,"2,135",981,446,54%
2025-04-21,F24,T-SHIRT,"1,898",855,677,55%
2025-04-21,S24,DRESS,392,120,69,69%
2025-04-21,S24,FOOTWEAR,-295,-277,-49,6%
2025-04-21,S24,OUTERWEAR,450,126,84,72%
2025-04-21,S24,POLO,224,67,41,70%
2025-04-21,S24,SHORTS,"1,500",441,283,71%
2025-04-21,S24,SKIRT,380,112,69,70%
2025-04-21,S24,SKORT,88,27,19,69%
2025-04-21,S24,SPORT BRA,174,53,30,70%
2025-04-21,S24,TRACK JACKET,255,-9,38,104%
2025-04-21,S24,TRACK PANT,318,28,50,91%
2025-04-21,S24,T-SHIRT,96,67,30,30%
2025-04-21,S25,0,-59,-65,-9,-10%
2025-04-21,S25,CABANA SHIRT,-113,-211,-22,-87%
2025-04-21,S25,CAMP SHIRT,88,56,15,37%
2025-04-21,S25,CREWNECK,392,392,72,0%
2025-04-21,S25,DRESS,125,88,23,30%
2025-04-21,S25,FOOTWEAR,-150,-150,-33,0%
2025-04-21,S25,HAT,232,232,48,0%
2025-04-21,S25,HOODIE,0,-37,0,#DIV/0!
2025-04-21,S25,LEGGINGS,-398,-398,-78,0%
2025-04-21,S25,POLO,"5,837","4,243","1,179",27%
2025-04-21,S25,PULLOVER,110,88,21,20%
2025-04-21,S25,SHOES,170,170,41,0%
2025-04-21,S25,SHORTS,"3,405","2,565",715,25%
2025-04-21,S25,SKIRT,176,119,22,33%
2025-04-21,S25,SKORT,166,91,34,45%
2025-04-21,S25,SOCKS,36,34,8,5%
2025-04-21,S25,SPORT BRA,-136,-136,-34,0%
2025-04-21,S25,SWEATER,"3,450","3,206",809,7%
2025-04-21,S25,SWEATPANTS,78,78,18,0%
2025-04-21,S25,TANK TOP,106,75,19,29%
2025-04-21,S25,TRACK JACKET,"3,905","2,641",732,32%
2025-04-21,S25,TRACK PANT,"2,223","1,415",426,36%
2025-04-21,S25,T-SHIRT,"2,548","1,897",441,26%
2025-04-22,CORE,HAT,84,80,14,5%
2025-04-22,CORE,SOCKS,432,370,97,14%
2025-04-22,CORE,TRACK JACKET,280,266,44,5%
2025-04-22,CORE,TRACK PANT,220,220,34,0%
2025-04-22,F23,OUTERWEAR,175,53,40,70%
2025-04-22,F23,TRACK PANT,110,33,23,70%
2025-04-22,F24,ACCESSORIES,210,106,52,50%
2025-04-22,F24,CAMP SHIRT,150,69,34,54%
2025-04-22,F24,DRESS,385,180,76,53%
2025-04-22,F24,FOOTWEAR,-160,-96,-44,40%
2025-04-22,F24,HOODIE,535,276,118,48%
2025-04-22,F24,LEGGINGS,110,50,21,55%
2025-04-22,F24,LONG SLEEVE KNIT,"1,206",551,283,54%
2025-04-22,F24,POLO,"3,844","1,947","1,344",49%
2025-04-22,F24,SHORTS,"4,552","2,175","1,131",52%
2025-04-22,F24,SKIRT,468,230,204,51%
2025-04-22,F24,SPORT BRA,136,61,38,55%
2025-04-22,F24,SWEATER,"1,050",370,279,65%
2025-04-22,F24,SWEATPANTS,220,105,48,53%
2025-04-22,F24,SWEATSHIRT,125,79,32,37%
2025-04-22,F24,TRACK JACKET,660,372,153,44%
2025-04-22,F24,TRACK PANT,"1,700",765,342,55%
2025-04-22,F24,T-SHIRT,"1,986",914,667,54%
2025-04-22,S24,CARDIGAN,108,30,19,73%
2025-04-22,S24,DRESS,311,132,77,58%
2025-04-22,S24,FOOTWEAR,177,118,30,33%
2025-04-22,S24,OUTERWEAR,300,86,56,72%
2025-04-22,S24,POLO,281,78,49,72%
2025-04-22,S24,SHORTS,"1,196",321,231,73%
2025-04-22,S24,SKIRT,506,174,94,66%
2025-04-22,S24,SKORT,254,73,50,71%
2025-04-22,S24,SPORT BRA,192,56,28,71%
2025-04-22,S24,TANK TOP,290,78,50,73%
2025-04-22,S24,TRACK JACKET,700,566,166,19%
2025-04-22,S24,TRACK PANT,875,618,181,29%
2025-04-22,S24,T-SHIRT,38,11,7,72%
2025-04-22,S25,0,59,59,8,0%
2025-04-22,S25,CABANA SHIRT,875,634,183,28%
2025-04-22,S25,CREWNECK,490,490,90,0%
2025-04-22,S25,HAT,58,58,12,0%
2025-04-22,S25,HOODIE,125,88,26,30%
2025-04-22,S25,LONG SLEEVE KNIT,234,189,30,19%
2025-04-22,S25,POLO,"5,192","4,031",988,22%
2025-04-22,S25,PULLOVER,95,51,17,46%
2025-04-22,S25,SHORTS,"6,598","4,923","1,349",25%
2025-04-22,S25,SKORT,362,249,77,31%
2025-04-22,S25,SOCKS,126,124,29,1%
2025-04-22,S25,SWEATER,"4,340","3,696",993,15%
2025-04-22,S25,SWEATPANTS,352,333,72,5%
2025-04-22,S25,SWEATSHIRT,330,231,54,30%
2025-04-22,S25,TRACK JACKET,"6,310","4,634","1,238",27%
2025-04-22,S25,TRACK PANT,"3,978","2,852",784,28%
2025-04-22,S25,T-SHIRT,"4,856","3,515",831,28%
2025-04-23,CORE,ACCESSORIES,18,16,5,10%
2025-04-23,CORE,HAT,138,138,29,0%
2025-04-23,CORE,SOCKS,198,195,44,1%
2025-04-23,CORE,TRACK JACKET,165,172,36,-4%
2025-04-23,CORE,TRACK PANT,110,128,17,-16%
2025-04-23,F22,HAT,144,45,24,69%
2025-04-23,F23,FOOTWEAR,150,135,48,10%
2025-04-23,F23,TRACK PANT,125,38,23,70%
2025-04-23,F24,ACCESSORIES,378,189,88,50%
2025-04-23,F24,CAMP SHIRT,750,288,154,62%
2025-04-23,F24,DRESS,-125,-63,-35,50%
2025-04-23,F24,FOOTWEAR,160,102,44,36%
2025-04-23,F24,HOODIE,510,256,117,50%
2025-04-23,F24,LEGGINGS,220,105,42,53%
2025-04-23,F24,LONG SLEEVE KNIT,723,368,142,49%
2025-04-23,F24,POLO,"3,880","1,892","1,506",51%
2025-04-23,F24,SHORTS,"2,969","1,427",630,52%
2025-04-23,F24,SKIRT,489,246,178,50%
2025-04-23,F24,SOCKS,18,9,10,50%
2025-04-23,F24,SPORT BRA,68,31,19,55%
2025-04-23,F24,SWEATER,450,219,88,51%
2025-04-23,F24,SWEATPANTS,330,160,72,52%
2025-04-23,F24,SWEATSHIRT,125,63,26,50%
2025-04-23,F24,TRACK JACKET,"1,660",487,229,71%
2025-04-23,F24,TRACK PANT,"1,175",512,201,56%
2025-04-23,F24,T-SHIRT,"2,062",898,731,56%
2025-04-23,S24,CARDIGAN,216,66,38,69%
2025-04-23,S24,DRESS,88,27,19,69%
2025-04-23,S24,FOOTWEAR,59,59,10,0%
2025-04-23,S24,POLO,542,160,93,70%
2025-04-23,S24,SHORTS,"1,548",459,303,70%
2025-04-23,S24,SKIRT,438,126,72,71%
2025-04-23,S24,SKORT,166,48,31,71%
2025-04-23,S24,SPORT BRA,96,29,14,70%
2025-04-23,S24,SWEATPANTS,88,24,16,73%
2025-04-23,S24,TANK TOP,194,59,32,70%
2025-04-23,S24,TRACK JACKET,975,740,230,24%
2025-04-23,S24,TRACK PANT,990,653,213,34%
2025-04-23,S24,T-SHIRT,48,29,25,40%
2025-04-23,S25,0,59,59,8,0%
2025-04-23,S25,ACCESSORIES,184,178,35,3%
2025-04-23,S25,CABANA SHIRT,"1,490","1,075",307,28%
2025-04-23,S25,CREWNECK,-196,-196,-36,0%
2025-04-23,S25,DRESS,243,154,41,37%
2025-04-23,S25,HAT,232,215,48,8%
2025-04-23,S25,HOODIE,375,264,78,30%
2025-04-23,S25,LONG SLEEVE KNIT,250,167,52,33%
2025-04-23,S25,PANTS,210,132,44,37%
2025-04-23,S25,POLO,"8,675","7,173","1,765",17%
2025-04-23,S25,PULLOVER,220,176,42,20%
2025-04-23,S25,SHORTS,"7,392","5,867","1,539",21%
2025-04-23,S25,SKIRT,352,236,44,33%
2025-04-23,S25,SKORT,606,408,127,33%
2025-04-23,S25,SOCKS,162,160,36,1%
2025-04-23,S25,SWEATER,"6,050","4,915","1,398",19%
2025-04-23,S25,SWEATPANTS,206,119,36,42%
2025-04-23,S25,TANK TOP,242,158,38,35%
2025-04-23,S25,TRACK JACKET,"9,615","6,831","1,895",29%
2025-04-23,S25,TRACK PANT,"6,905","5,056","1,347",27%
2025-04-23,S25,T-SHIRT,"3,724","2,782",656,25%
2025-04-23,S25,VISOR,114,78,21,31%
2025-04-24,CORE,ACCESSORIES,24,36,11,-50%
2025-04-24,CORE,HAT,84,80,14,5%
2025-04-24,CORE,SOCKS,360,299,80,17%
2025-04-24,CORE,TRACK JACKET,445,232,80,48%
2025-04-24,CORE,TRACK PANT,-125,-183,-28,-47%
2025-04-24,F22,HAT,216,66,40,69%
2025-04-24,F23,TRACK PANT,150,41,27,73%
2025-04-24,F24,ACCESSORIES,378,187,88,51%
2025-04-24,F24,CAMP SHIRT,150,-54,30,136%
2025-04-24,F24,DRESS,260,124,57,52%
2025-04-24,F24,HOODIE,10,18,-11,-80%
2025-04-24,F24,LONG SLEEVE KNIT,"1,463",779,272,47%
2025-04-24,F24,OUTERWEAR,225,90,49,60%
2025-04-24,F24,POLO,"4,412","2,283","1,494",48%
2025-04-24,F24,SHORTS,"3,431","1,511",790,56%
2025-04-24,F24,SKIRT,342,176,128,49%
2025-04-24,F24,SOCKS,18,8,10,55%
2025-04-24,F24,SWEATER,625,311,136,50%
2025-04-24,F24,SWEATPANTS,404,192,78,53%
2025-04-24,F24,TRACK JACKET,"1,915","1,053",371,45%
2025-04-24,F24,TRACK PANT,"2,160","1,125",406,48%
2025-04-24,F24,T-SHIRT,"2,328","1,021",702,56%
2025-04-24,S23,SHORTS,68,21,14,69%
2025-04-24,S24,CAMP SHIRT,-10,4,3,136%
2025-04-24,S24,CARDIGAN,324,96,57,70%
2025-04-24,S24,DRESS,88,27,19,69%
2025-04-24,S24,FOOTWEAR,322,263,76,18%
2025-04-24,S24,POLO,468,128,87,73%
2025-04-24,S24,SHORTS,978,294,190,70%
2025-04-24,S24,SKIRT,322,96,60,70%
2025-04-24,S24,SKORT,234,72,36,69%
2025-04-24,S24,SPORT BRA,78,24,16,69%
2025-04-24,S24,SWEATPANTS,88,24,16,73%
2025-04-24,S24,TANK TOP,204,63,33,69%
2025-04-24,S24,TRACK JACKET,"1,265",782,265,38%
2025-04-24,S24,TRACK PANT,745,486,169,35%
2025-04-24,S25,0,118,59,16,50%
2025-04-24,S25,ACCESSORIES,88,88,17,0%
2025-04-24,S25,CABANA SHIRT,735,616,147,16%
2025-04-24,S25,CREWNECK,196,196,36,0%
2025-04-24,S25,DRESS,110,77,23,30%
2025-04-24,S25,FOOTWEAR,300,300,66,0%
2025-04-24,S25,HOODIE,125,79,26,37%
2025-04-24,S25,JACKET,495,348,96,30%
2025-04-24,S25,PANTS,210,147,44,30%
2025-04-24,S25,POLO,"6,226","4,981","1,274",20%
2025-04-24,S25,PULLOVER,110,88,21,20%
2025-04-24,S25,SHOES,170,170,41,0%
2025-04-24,S25,SHORTS,"6,194","4,717","1,286",24%
2025-04-24,S25,SKIRT,626,411,86,34%
2025-04-24,S25,SKORT,136,91,22,33%
2025-04-24,S25,SOCKS,216,191,48,12%
2025-04-24,S25,SWEATER,"4,500","3,592","1,032",20%
2025-04-24,S25,SWEATPANTS,186,150,36,19%
2025-04-24,S25,SWEATSHIRT,220,154,36,30%
2025-04-24,S25,TANK TOP,126,85,22,33%
2025-04-24,S25,TRACK JACKET,"7,885","5,644","1,540",28%
2025-04-24,S25,TRACK PANT,"4,050","2,822",821,30%
2025-04-24,S25,T-SHIRT,"2,970","2,220",520,25%
2025-04-24,S25,VISOR,38,27,7,29%
2025-04-25,CORE,HAT,84,84,14,0%
2025-04-25,CORE,SOCKS,666,582,150,13%
2025-04-25,CORE,TRACK JACKET,495,369,108,25%
2025-04-25,CORE,TRACK PANT,485,375,101,23%
2025-04-25,F21,HAT,76,30,12,61%
2025-04-25,F22,HAT,48,14,8,72%
2025-04-25,F23,TRACK PANT,110,30,23,73%
2025-04-25,F24,ACCESSORIES,420,212,94,50%
2025-04-25,F24,CAMP SHIRT,150,54,32,64%
2025-04-25,F24,DRESS,560,309,114,45%
2025-04-25,F24,HOODIE,125,66,32,47%
2025-04-25,F24,LEGGINGS,110,55,21,50%
2025-04-25,F24,LONG SLEEVE KNIT,230,80,56,65%
2025-04-25,F24,POLO,"1,646",675,451,59%
2025-04-25,F24,SHORTS,"1,716",823,369,52%
2025-04-25,F24,SKIRT,810,312,286,61%
2025-04-25,F24,SPORT BRA,136,68,38,50%
2025-04-25,F24,SWEATER,745,348,205,53%
2025-04-25,F24,SWEATPANTS,0,3,0,#DIV/0!
2025-04-25,F24,TRACK JACKET,"2,325","1,105",438,52%
2025-04-25,F24,TRACK PANT,"3,560","1,857",707,48%
2025-04-25,F24,T-SHIRT,"1,422",641,426,55%
2025-04-25,S24,CAMP SHIRT,135,37,32,73%
2025-04-25,S24,CARDIGAN,216,63,38,71%
2025-04-25,S24,DRESS,61,-31,-5,151%
2025-04-25,S24,FOOTWEAR,-59,-53,-10,10%
2025-04-25,S24,POLO,292,69,53,76%
2025-04-25,S24,SHORTS,"1,058",292,193,72%
2025-04-25,S24,SKIRT,478,123,90,74%
2025-04-25,S24,SKORT,166,51,31,69%
2025-04-25,S24,SPORT BRA,128,40,30,69%
2025-04-25,S24,TANK TOP,252,54,42,79%
2025-04-25,S24,TRACK JACKET,"1,215",718,222,41%
2025-04-25,S24,TRACK PANT,743,484,145,35%
2025-04-25,S24,T-SHIRT,38,11,7,72%
2025-04-25,S25,0,59,59,8,0%
2025-04-25,S25,CABANA SHIRT,"1,235","1,021",246,17%
2025-04-25,S25,CAMP SHIRT,176,124,30,30%
2025-04-25,S25,DRESS,243,154,41,36%
2025-04-25,S25,FOOTWEAR,150,150,33,0%
2025-04-25,S25,HAT,174,168,36,3%
2025-04-25,S25,HOODIE,125,88,26,30%
2025-04-25,S25,LEGGINGS,118,75,21,37%
2025-04-25,S25,LONG SLEEVE KNIT,136,100,20,27%
2025-04-25,S25,POLO,"6,825","5,849","1,417",14%
2025-04-25,S25,PULLOVER,0,0,0,#DIV/0!
2025-04-25,S25,SHORTS,"6,370","5,073","1,332",20%
2025-04-25,S25,SKIRT,234,158,33,32%
2025-04-25,S25,SKORT,322,215,63,33%
2025-04-25,S25,SOCKS,90,88,20,2%
2025-04-25,S25,SWEATER,"3,600","2,743",827,24%
2025-04-25,S25,SWEATPANTS,98,69,18,30%
2025-04-25,S25,TANK TOP,68,48,14,29%
2025-04-25,S25,TRACK JACKET,"6,410","4,358","1,271",32%
2025-04-25,S25,TRACK PANT,"3,758","2,693",723,28%
2025-04-25,S25,T-SHIRT,"2,736","2,015",454,26%
2025-04-26,CORE,HAT,42,42,7,0%
2025-04-26,CORE,SOCKS,612,571,136,7%
2025-04-26,CORE,TRACK JACKET,610,594,116,3%
2025-04-26,CORE,TRACK PANT,470,447,90,5%
2025-04-26,F21,HAT,38,15,6,61%
2025-04-26,F22,HAT,192,59,32,70%
2025-04-26,F22,SHORTS,78,24,14,69%
2025-04-26,F23,OUTERWEAR,175,48,40,73%
2025-04-26,F23,TRACK PANT,345,101,71,71%
2025-04-26,F24,ACCESSORIES,546,273,121,50%
2025-04-26,F24,CAMP SHIRT,"1,050",402,210,62%
2025-04-26,F24,DRESS,510,274,95,46%
2025-04-26,F24,FOOTWEAR,310,192,80,38%
2025-04-26,F24,HOODIE,260,138,49,47%
2025-04-26,F24,LONG SLEEVE KNIT,"1,175",511,235,57%
2025-04-26,F24,OUTERWEAR,225,81,49,64%
2025-04-26,F24,POLO,"3,243","1,570","1,154",52%
2025-04-26,F24,SHORTS,"6,275","2,885","1,420",54%
2025-04-26,F24,SKIRT,956,475,372,50%
2025-04-26,F24,SWEATER,"1,000",467,211,53%
2025-04-26,F24,SWEATPANTS,431,211,86,51%
2025-04-26,F24,SWEATSHIRT,125,63,26,50%
2025-04-26,F24,TRACK JACKET,"3,705","1,757",759,53%
2025-04-26,F24,TRACK PANT,"3,680","1,730",743,53%
2025-04-26,F24,T-SHIRT,"2,721","1,192",906,56%
2025-04-26,S24,CAMP SHIRT,135,37,32,73%
2025-04-26,S24,DRESS,284,87,53,69%
2025-04-26,S24,FOOTWEAR,118,118,20,0%
2025-04-26,S24,POLO,406,111,69,73%
2025-04-26,S24,SHORTS,"1,220",363,233,70%
2025-04-26,S24,SKIRT,632,222,106,65%
2025-04-26,S24,SKORT,342,103,69,70%
2025-04-26,S24,SPORT BRA,318,99,51,69%
2025-04-26,S24,TANK TOP,68,21,11,69%
2025-04-26,S24,TRACK JACKET,415,257,91,38%
2025-04-26,S24,TRACK PANT,705,436,131,38%
2025-04-26,S24,T-SHIRT,124,53,39,57%
2025-04-26,S25,ACCESSORIES,186,180,40,3%
2025-04-26,S25,CABANA SHIRT,"1,878","1,510",394,20%
2025-04-26,S25,CREWNECK,490,490,90,0%
2025-04-26,S25,FOOTWEAR,300,300,66,0%
2025-04-26,S25,HAT,406,383,84,6%
2025-04-26,S25,HOODIE,150,47,33,69%
2025-04-26,S25,JACKET,330,232,64,30%
2025-04-26,S25,LONG SLEEVE KNIT,78,63,10,19%
2025-04-26,S25,PANTS,210,132,44,37%
2025-04-26,S25,POLO,"6,462","5,326","1,287",18%
2025-04-26,S25,PULLOVER,345,264,67,23%
2025-04-26,S25,SHOES,170,170,41,0%
2025-04-26,S25,SHORTS,"6,919","5,457","1,436",21%
2025-04-26,S25,SKIRT,274,188,42,32%
2025-04-26,S25,SKORT,420,272,86,35%
2025-04-26,S25,SOCKS,72,72,16,0%
2025-04-26,S25,SWEATER,"2,810","2,446",660,13%
2025-04-26,S25,SWEATPANTS,636,495,126,22%
2025-04-26,S25,SWEATSHIRT,330,223,54,32%
2025-04-26,S25,TANK TOP,232,152,32,35%
2025-04-26,S25,TRACK JACKET,"10,420","7,695","1,996",26%
2025-04-26,S25,TRACK PANT,"5,820","4,398","1,145",24%
2025-04-26,S25,T-SHIRT,"3,238","2,465",552,24%
2025-04-27,CORE,SOCKS,450,391,100,13%
2025-04-27,CORE,TRACK JACKET,585,431,102,26%
2025-04-27,CORE,TRACK PANT,455,418,79,8%
2025-04-27,F21,HAT,114,42,18,63%
2025-04-27,F22,HAT,192,57,32,70%
2025-04-27,F23,SWEATPANTS,88,27,16,69%
2025-04-27,F23,TRACK PANT,235,71,46,70%
2025-04-27,F24,ACCESSORIES,336,158,77,53%
2025-04-27,F24,CAMP SHIRT,450,180,92,60%
2025-04-27,F24,CREWNECK,125,88,36,30%
2025-04-27,F24,DRESS,125,68,19,46%
2025-04-27,F24,HOODIE,125,63,32,50%
2025-04-27,F24,LEGGINGS,330,154,63,53%
2025-04-27,F24,LONG SLEEVE KNIT,"1,506",789,310,48%
2025-04-27,F24,OUTERWEAR,450,171,98,62%
2025-04-27,F24,POLO,"3,239","1,730","1,223",47%
2025-04-27,F24,SHORTS,"3,375","1,697",781,50%
2025-04-27,F24,SKIRT,400,196,152,51%
2025-04-27,F24,SKORT,78,47,18,40%
2025-04-27,F24,SPORT BRA,68,34,19,50%
2025-04-27,F24,SWEATER,390,168,91,57%
2025-04-27,F24,SWEATPANTS,485,231,99,52%
2025-04-27,F24,SWEATSHIRT,125,63,26,50%
2025-04-27,F24,TRACK JACKET,"2,060","1,164",403,43%
2025-04-27,F24,TRACK PANT,"2,385","1,335",466,44%
2025-04-27,F24,T-SHIRT,"2,193","1,015",724,54%
2025-04-27,S23,SHORTS,261,74,61,72%
2025-04-27,S24,CARDIGAN,540,155,95,71%
2025-04-27,S24,DRESS,575,210,134,63%
2025-04-27,S24,FOOTWEAR,118,118,20,0%
2025-04-27,S24,POLO,318,59,52,81%
2025-04-27,S24,SHORTS,"1,559",435,321,72%
2025-04-27,S24,SKIRT,214,64,33,70%
2025-04-27,S24,SKORT,332,102,62,69%
2025-04-27,S24,SPORT BRA,238,71,45,70%
2025-04-27,S24,SWEATPANTS,176,48,32,73%
2025-04-27,S24,TANK TOP,370,114,58,69%
2025-04-27,S24,TRACK JACKET,"1,385",952,295,31%
2025-04-27,S24,TRACK PANT,980,610,198,38%
2025-04-27,S24,T-SHIRT,220,122,69,45%
2025-04-27,S25,0,147,121,26,18%
2025-04-27,S25,ACCESSORIES,68,68,13,0%
2025-04-27,S25,CABANA SHIRT,"1,823","1,713",355,6%
2025-04-27,S25,CAMP SHIRT,264,186,45,30%
2025-04-27,S25,DRESS,118,75,18,37%
2025-04-27,S25,HAT,174,162,36,7%
2025-04-27,S25,HOODIE,250,167,52,33%
2025-04-27,S25,LONG SLEEVE KNIT,78,63,10,19%
2025-04-27,S25,POLO,"8,180","6,951","1,712",15%
2025-04-27,S25,PULLOVER,125,88,25,30%
2025-04-27,S25,SHORTS,"7,574","5,979","1,556",21%
2025-04-27,S25,SKIRT,98,62,20,37%
2025-04-27,S25,SKORT,498,332,102,33%
2025-04-27,S25,SOCKS,72,72,16,0%
2025-04-27,S25,SWEATER,"6,155","4,864","1,406",21%
2025-04-27,S25,SWEATPANTS,98,69,18,30%
2025-04-27,S25,SWEATSHIRT,110,77,18,30%
2025-04-27,S25,TANK TOP,348,239,59,31%
2025-04-27,S25,TRACK JACKET,"8,325","5,764","1,604",31%
2025-04-27,S25,TRACK PANT,"6,176","4,511","1,202",27%
2025-04-27,S25,T-SHIRT,"4,594","3,478",824,24%
2025-04-27,S25,VISOR,38,27,7,29%
2025-04-28,CORE,HAT,48,48,11,0%
2025-04-28,CORE,SOCKS,288,242,64,16%
2025-04-28,CORE,TRACK JACKET,165,135,36,18%
2025-04-28,CORE,TRACK PANT,595,584,118,2%
2025-04-28,F23,TRACK JACKET,175,53,33,70%
2025-04-28,F23,TRACK PANT,125,34,25,73%
2025-04-28,F24,ACCESSORIES,168,82,38,51%
2025-04-28,F24,BAG,110,69,31,37%
2025-04-28,F24,CAMP SHIRT,285,125,63,56%
2025-04-28,F24,DRESS,610,331,144,46%
2025-04-28,F24,HOODIE,260,136,53,48%
2025-04-28,F24,LEGGINGS,440,220,84,50%
2025-04-28,F24,LONG SLEEVE KNIT,75,89,9,-19%
2025-04-28,F24,POLO,"1,890",909,820,52%
2025-04-28,F24,SHORTS,"2,408","1,156",588,52%
2025-04-28,F24,SKIRT,422,227,136,46%
2025-04-28,F24,SKORT,78,47,18,40%
2025-04-28,F24,SPORT BRA,272,136,76,50%
2025-04-28,F24,SWEATER,"1,030",542,254,47%
2025-04-28,F24,SWEATPANTS,262,133,56,49%
2025-04-28,F24,TRACK JACKET,"1,880",582,334,69%
2025-04-28,F24,TRACK PANT,380,-80,56,121%
2025-04-28,F24,T-SHIRT,"2,138","1,023",715,52%
2025-04-28,S23,SHORTS,204,57,42,72%
2025-04-28,S24,CARDIGAN,324,92,57,71%
2025-04-28,S24,DRESS,284,84,53,70%
2025-04-28,S24,FOOTWEAR,440,420,96,5%
2025-04-28,S24,POLO,531,164,88,69%
2025-04-28,S24,SHORTS,"1,569",434,307,72%
2025-04-28,S24,SKIRT,214,66,33,69%
2025-04-28,S24,SKORT,78,22,12,72%
2025-04-28,S24,SPORT BRA,96,29,14,70%
2025-04-28,S24,SWEATPANTS,88,22,16,75%
2025-04-28,S24,TANK TOP,164,48,29,71%
2025-04-28,S24,TRACK JACKET,805,362,142,55%
2025-04-28,S24,TRACK PANT,78,74,17,5%
2025-04-28,S24,T-SHIRT,76,24,14,68%
2025-04-28,S25,0,118,112,16,5%
2025-04-28,S25,CABANA SHIRT,645,596,136,8%
2025-04-28,S25,CREWNECK,294,284,54,3%
2025-04-28,S25,DRESS,736,687,128,7%
2025-04-28,S25,FOOTWEAR,-150,0,-33,100%
2025-04-28,S25,HAT,116,110,24,5%
2025-04-28,S25,HOODIE,-75,-68,-12,9%
2025-04-28,S25,LEGGINGS,118,106,21,10%
2025-04-28,S25,POLO,"1,852","1,856",388,0%
2025-04-28,S25,SHORTS,"2,822","2,549",588,10%
2025-04-28,S25,SKIRT,254,234,51,8%
2025-04-28,S25,SKORT,264,244,57,7%
2025-04-28,S25,SOCKS,18,18,4,0%
2025-04-28,S25,SPORT BRA,48,43,7,10%
2025-04-28,S25,SWEATER,"2,945","2,894",682,2%
2025-04-28,S25,SWEATPANTS,-216,-151,-36,30%
2025-04-28,S25,SWEATSHIRT,220,220,36,0%
2025-04-28,S25,TANK TOP,164,159,29,3%
2025-04-28,S25,TRACK JACKET,400,278,77,31%
2025-04-28,S25,TRACK PANT,-215,-271,-35,-26%
2025-04-28,S25,T-SHIRT,"1,328","1,180",232,11%
2025-04-29,CORE,ACCESSORIES,18,18,5,0%
2025-04-29,CORE,HAT,42,42,7,0%
2025-04-29,CORE,SOCKS,216,193,48,11%
2025-04-29,CORE,TRACK JACKET,445,415,80,7%
2025-04-29,CORE,TRACK PANT,345,322,62,7%
2025-04-29,F21,HAT,38,15,6,61%
2025-04-29,F23,TRACK PANT,300,90,54,70%
2025-04-29,F24,ACCESSORIES,252,126,60,50%
2025-04-29,F24,BAG,110,77,31,30%
2025-04-29,F24,CAMP SHIRT,300,120,62,60%
2025-04-29,F24,DRESS,-135,-68,-22,50%
2025-04-29,F24,HOODIE,250,120,64,52%
2025-04-29,F24,LEGGINGS,110,55,21,50%
2025-04-29,F24,LONG SLEEVE KNIT,946,463,189,51%
2025-04-29,F24,POLO,"1,771",913,548,48%
2025-04-29,F24,SHORTS,"3,193","1,603",714,50%
2025-04-29,F24,SKIRT,556,274,220,51%
2025-04-29,F24,SOCKS,18,9,10,50%
2025-04-29,F24,SPORT BRA,68,34,19,50%
2025-04-29,F24,SWEATER,805,373,201,54%
2025-04-29,F24,SWEATPANTS,235,118,49,50%
2025-04-29,F24,SWEATSHIRT,375,189,78,50%
2025-04-29,F24,TRACK JACKET,"3,310","1,788",700,46%
2025-04-29,F24,TRACK PANT,"2,610","1,320",518,49%
2025-04-29,F24,T-SHIRT,"1,898",884,578,53%
2025-04-29,S23,SHORTS,68,21,14,69%
2025-04-29,S24,CARDIGAN,108,30,19,73%
2025-04-29,S24,DRESS,487,178,115,64%
2025-04-29,S24,FOOTWEAR,177,177,30,0%
2025-04-29,S24,OUTERWEAR,150,41,28,73%
2025-04-29,S24,POLO,224,64,41,71%
2025-04-29,S24,SHORTS,"1,781",499,382,72%
2025-04-29,S24,SKIRT,224,44,39,81%
2025-04-29,S24,SKORT,166,49,31,71%
2025-04-29,S24,SPORT BRA,190,56,38,71%
2025-04-29,S24,SWEATPANTS,88,22,16,75%
2025-04-29,S24,TANK TOP,242,71,41,71%
2025-04-29,S24,TRACK JACKET,-5,-78,-7,-1460%
2025-04-29,S24,TRACK PANT,235,137,67,42%
2025-04-29,S24,T-SHIRT,38,11,7,72%
2025-04-29,S25,ACCESSORIES,128,128,29,0%
2025-04-29,S25,CABANA SHIRT,"1,797","1,773",352,1%
2025-04-29,S25,DRESS,250,238,46,5%
2025-04-29,S25,FOOTWEAR,450,435,99,3%
2025-04-29,S25,HAT,406,400,84,1%
2025-04-29,S25,HOODIE,275,275,59,0%
2025-04-29,S25,LONG SLEEVE KNIT,78,-63,10,181%
2025-04-29,S25,POLO,"5,505","5,362","1,125",3%
2025-04-29,S25,SHORTS,"5,129","4,787","1,086",7%
2025-04-29,S25,SKIRT,294,147,60,50%
2025-04-29,S25,SOCKS,72,72,16,0%
2025-04-29,S25,SWEATER,825,500,191,39%
2025-04-29,S25,TANK TOP,68,68,15,0%
2025-04-29,S25,TRACK JACKET,"3,685","3,269",701,11%
2025-04-29,S25,TRACK PANT,"2,625","2,528",509,4%
2025-04-29,S25,T-SHIRT,"2,184","1,929",375,12%
2025-04-30,CORE,SOCKS,252,250,56,1%
2025-04-30,CORE,TRACK JACKET,750,743,138,1%
2025-04-30,CORE,TRACK PANT,470,476,90,-1%
2025-04-30,F21,HAT,38,14,6,64%
2025-04-30,F22,HAT,144,44,24,70%
2025-04-30,F24,ACCESSORIES,294,143,66,51%
2025-04-30,F24,CAMP SHIRT,"1,650",630,336,62%
2025-04-30,F24,DRESS,310,156,76,50%
2025-04-30,F24,HOODIE,150,68,33,55%
2025-04-30,F24,LEGGINGS,330,165,63,50%
2025-04-30,F24,LONG SLEEVE KNIT,328,159,68,52%
2025-04-30,F24,OUTERWEAR,225,102,38,55%
2025-04-30,F24,POLO,"3,968","2,037","1,288",49%
2025-04-30,F24,SHORTS,"5,056","2,457","1,170",51%
2025-04-30,F24,SKIRT,68,26,52,61%
2025-04-30,F24,SPORT BRA,136,68,38,50%
2025-04-30,F24,SWEATER,"1,500",812,345,46%
2025-04-30,F24,SWEATPANTS,583,220,117,62%
2025-04-30,F24,TRACK JACKET,"3,635","1,577",663,57%
2025-04-30,F24,TRACK PANT,"4,080","2,045",825,50%
2025-04-30,F24,T-SHIRT,"2,226","1,037",684,53%
2025-04-30,S23,SHORTS,68,21,14,69%
2025-04-30,S24,CAMP SHIRT,-135,-41,-32,70%
2025-04-30,S24,CARDIGAN,108,26,19,76%
2025-04-30,S24,DRESS,497,189,113,62%
2025-04-30,S24,FOOTWEAR,118,112,20,5%
2025-04-30,S24,OUTERWEAR,300,86,56,72%
2025-04-30,S24,POLO,718,172,127,76%
2025-04-30,S24,SHORTS,922,278,181,70%
2025-04-30,S24,SKIRT,594,168,96,72%
2025-04-30,S24,SPORT BRA,48,15,7,69%
2025-04-30,S24,SWEATER,300,81,74,73%
2025-04-30,S24,TANK TOP,68,21,11,69%
2025-04-30,S24,TRACK JACKET,405,119,69,71%
2025-04-30,S24,TRACK PANT,250,275,53,-10%
2025-04-30,S24,T-SHIRT,48,29,25,40%
2025-04-30,S25,CABANA SHIRT,760,631,155,17%
2025-04-30,S25,CAMP SHIRT,88,88,15,0%
2025-04-30,S25,CREWNECK,196,186,36,5%
2025-04-30,S25,DRESS,236,224,36,5%
2025-04-30,S25,FOOTWEAR,150,150,33,0%
2025-04-30,S25,HAT,58,58,12,0%
2025-04-30,S25,LONG SLEEVE KNIT,0,15,0,#DIV/0!
2025-04-30,S25,POLO,"4,674","4,438",968,5%
2025-04-30,S25,SHORTS,"5,228","4,967","1,099",5%
2025-04-30,S25,SKIRT,156,140,4,10%
2025-04-30,S25,SKORT,68,61,11,10%
2025-04-30,S25,SOCKS,126,122,28,3%
2025-04-30,S25,SWEATER,"1,975","1,941",451,2%
2025-04-30,S25,SWEATPANTS,176,167,36,5%
2025-04-30,S25,SWEATSHIRT,110,110,18,0%
2025-04-30,S25,TANK TOP,126,120,22,5%
2025-04-30,S25,TRACK JACKET,"2,415","2,375",488,2%
2025-04-30,S25,TRACK PANT,"1,773","1,604",364,10%
2025-04-30,S25,T-SHIRT,"2,572","2,369",462,8%
2025-05-01,CORE,SOCKS,324,311,72,4%
2025-05-01,CORE,TRACK JACKET,280,140,44,50%
2025-05-01,CORE,TRACK PANT,220,110,34,50%
2025-05-01,F21,HAT,0,-2,0,#DIV/0!
2025-05-01,F22,HAT,48,15,8,69%
2025-05-01,F23,TRACK PANT,150,45,27,70%
2025-05-01,F24,0,145,145,53,0%
2025-05-01,F24,ACCESSORIES,420,204,100,52%
2025-05-01,F24,CAMP SHIRT,750,282,160,62%
2025-05-01,F24,LEGGINGS,660,314,126,53%
2025-05-01,F24,LONG SLEEVE KNIT,"1,121",565,225,50%
2025-05-01,F24,POLO,"2,348","1,162",862,51%
2025-05-01,F24,SHORTS,"4,346","2,003",972,54%
2025-05-01,F24,SKIRT,576,297,207,48%
2025-05-01,F24,SPORT BRA,340,163,95,52%
2025-05-01,F24,SWEATER,225,116,44,48%
2025-05-01,F24,SWEATPANTS,250,126,50,50%
2025-05-01,F24,SWEATSHIRT,125,63,26,50%
2025-05-01,F24,TRACK JACKET,"1,340",682,261,49%
2025-05-01,F24,TRACK PANT,"2,050",654,396,68%
2025-05-01,F24,T-SHIRT,"1,768",891,577,50%
2025-05-01,S23,SHORTS,136,42,28,69%
2025-05-01,S24,CARDIGAN,432,122,76,72%
2025-05-01,S24,DRESS,125,75,41,40%
2025-05-01,S24,FOOTWEAR,118,118,20,0%
2025-05-01,S24,POLO,644,263,147,59%
2025-05-01,S24,SHORTS,"2,375",657,437,72%
2025-05-01,S24,SKIRT,604,277,147,54%
2025-05-01,S24,SKORT,166,46,31,72%
2025-05-01,S24,SPORT BRA,334,100,59,70%
2025-05-01,S24,SWEATER,150,45,37,70%
2025-05-01,S24,SWEATPANTS,88,24,16,73%
2025-05-01,S24,TANK TOP,630,188,105,70%
2025-05-01,S24,TRACK JACKET,"1,225",541,221,56%
2025-05-01,S24,TRACK PANT,61,30,30,50%
2025-05-01,S24,T-SHIRT,278,162,112,42%
2025-05-01,S25,0,59,59,8,0%
2025-05-01,S25,CABANA SHIRT,708,549,147,22%
2025-05-01,S25,CREWNECK,196,176,36,10%
2025-05-01,S25,FOOTWEAR,150,135,33,10%
2025-05-01,S25,HAT,0,0,0,#DIV/0!
2025-05-01,S25,HOODIE,150,135,33,10%
2025-05-01,S25,JACKET,165,165,32,0%
2025-05-01,S25,LONG SLEEVE KNIT,-78,-78,-10,0%
2025-05-01,S25,PANTS,345,260,71,25%
2025-05-01,S25,POLO,"7,132","6,446","1,490",10%
2025-05-01,S25,SHORTS,"4,783","4,634","1,029",3%
2025-05-01,S25,SKIRT,196,215,40,-10%
2025-05-01,S25,SKORT,476,449,77,6%
2025-05-01,S25,SOCKS,54,54,12,0%
2025-05-01,S25,SPORT BRA,48,48,7,0%
2025-05-01,S25,SWEATER,"4,205","3,798",978,10%
2025-05-01,S25,SWEATPANTS,-108,-54,-18,50%
2025-05-01,S25,TANK TOP,300,294,46,2%
2025-05-01,S25,TRACK JACKET,"3,620","3,154",708,13%
2025-05-01,S25,TRACK PANT,"1,765","1,591",351,10%
2025-05-01,S25,T-SHIRT,"1,664","1,594",285,4%
2025-05-02,CORE,HAT,42,42,7,0%
2025-05-02,CORE,SOCKS,216,214,48,1%
2025-05-02,CORE,TRACK JACKET,165,149,36,10%
2025-05-02,CORE,TRACK PANT,125,113,28,10%
2025-05-02,F22,HAT,144,45,24,69%
2025-05-02,F23,OUTERWEAR,175,53,40,70%
2025-05-02,F23,TRACK JACKET,175,48,33,73%
2025-05-02,F23,TRACK PANT,110,33,23,70%
2025-05-02,F24,ACCESSORIES,252,122,57,52%
2025-05-02,F24,CAMP SHIRT,150,66,32,56%
2025-05-02,F24,DRESS,125,63,35,50%
2025-05-02,F24,HOODIE,395,219,74,45%
2025-05-02,F24,LEGGINGS,220,110,42,50%
2025-05-02,F24,LONG SLEEVE KNIT,"1,188",599,235,50%
2025-05-02,F24,OUTERWEAR,225,90,49,60%
2025-05-02,F24,POLO,"2,733","1,354",965,50%
2025-05-02,F24,SHORTS,"3,729","1,781",904,52%
2025-05-02,F24,SKIRT,256,125,86,51%
2025-05-02,F24,SPORT BRA,68,34,19,50%
2025-05-02,F24,SWEATER,60,-36,-3,161%
2025-05-02,F24,SWEATSHIRT,125,88,32,30%
2025-05-02,F24,TRACK JACKET,"2,625","1,438",508,45%
2025-05-02,F24,TRACK PANT,"2,380","1,300",484,45%
2025-05-02,F24,T-SHIRT,"2,328","1,037",769,55%
2025-05-02,S24,CARDIGAN,108,30,19,73%
2025-05-02,S24,DRESS,392,120,68,69%
2025-05-02,S24,FOOTWEAR,59,59,10,0%
2025-05-02,S24,POLO,68,21,12,69%
2025-05-02,S24,SHORTS,"1,396",420,284,70%
2025-05-02,S24,SKIRT,214,62,33,71%
2025-05-02,S24,SKORT,78,24,12,69%
2025-05-02,S24,SPORT BRA,96,27,14,72%
2025-05-02,S24,SWEATPANTS,88,22,16,75%
2025-05-02,S24,TANK TOP,146,45,23,69%
2025-05-02,S24,TRACK JACKET,830,345,153,58%
2025-05-02,S24,TRACK PANT,78,24,17,69%
2025-05-02,S24,T-SHIRT,124,49,39,61%
2025-05-02,S25,ACTIVE JACKET,125,125,26,0%
2025-05-02,S25,CABANA SHIRT,"1,218","1,193",248,2%
2025-05-02,S25,CREWNECK,196,196,36,0%
2025-05-02,S25,FOOTWEAR,150,135,33,10%
2025-05-02,S25,HAT,174,168,36,3%
2025-05-02,S25,HOODIE,150,150,33,0%
2025-05-02,S25,JACKET,165,149,32,10%
2025-05-02,S25,LEGGINGS,110,110,20,0%
2025-05-02,S25,LONG SLEEVE KNIT,125,125,26,0%
2025-05-02,S25,POLO,"5,848","5,628","1,199",4%
2025-05-02,S25,PULLOVER,125,0,25,100%
2025-05-02,S25,SHORTS,"5,538","5,319","1,174",4%
2025-05-02,S25,SKORT,136,68,22,50%
2025-05-02,S25,SOCKS,18,18,4,0%
2025-05-02,S25,SWEATER,575,348,129,40%
2025-05-02,S25,SWEATPANTS,176,176,36,0%
2025-05-02,S25,TANK TOP,58,58,8,0%
2025-05-02,S25,TRACK JACKET,"2,730","2,572",520,6%
2025-05-02,S25,TRACK PANT,"1,280","1,225",246,4%
2025-05-02,S25,T-SHIRT,"1,808","1,691",321,6%
2025-05-03,CORE,HAT,42,42,7,0%
2025-05-03,CORE,SOCKS,234,232,52,1%
2025-05-03,CORE,TRACK JACKET,470,440,94,6%
2025-05-03,CORE,TRACK PANT,235,212,45,10%
2025-05-03,F21,HAT,38,15,6,61%
2025-05-03,F22,HAT,48,15,8,69%
2025-05-03,F23,OUTERWEAR,175,53,40,70%
2025-05-03,F23,TRACK PANT,220,66,46,70%
2025-05-03,F24,ACCESSORIES,504,250,112,50%
2025-05-03,F24,CAMP SHIRT,300,120,62,60%
2025-05-03,F24,HOODIE,400,188,96,53%
2025-05-03,F24,LEGGINGS,110,55,21,50%
2025-05-03,F24,LONG SLEEVE KNIT,954,509,181,47%
2025-05-03,F24,POLO,"3,276","1,683","1,095",49%
2025-05-03,F24,SHORTS,"3,837","2,016",920,47%
2025-05-03,F24,SKIRT,"1,196",605,405,49%
2025-05-03,F24,SKORT,78,47,18,40%
2025-05-03,F24,SPORT BRA,68,34,19,50%
2025-05-03,F24,SWEATER,745,341,204,54%
2025-05-03,F24,SWEATPANTS,196,98,36,50%
2025-05-03,F24,TRACK JACKET,"3,770","1,891",738,50%
2025-05-03,F24,TRACK PANT,"4,630","2,275",947,51%
2025-05-03,F24,T-SHIRT,"2,182",959,672,56%
2025-05-03,S23,CAMP SHIRT,236,72,52,69%
2025-05-03,S24,CARDIGAN,108,33,19,69%
2025-05-03,S24,DRESS,88,27,19,69%
2025-05-03,S24,FOOTWEAR,118,118,20,0%
2025-05-03,S24,POLO,193,59,32,69%
2025-05-03,S24,SHORTS,"1,880",563,381,70%
2025-05-03,S24,SKIRT,214,66,33,69%
2025-05-03,S24,SKORT,156,48,24,69%
2025-05-03,S24,SPORT BRA,222,68,37,70%
2025-05-03,S24,TANK TOP,360,109,57,70%
2025-05-03,S24,TRACK JACKET,135,65,23,52%
2025-05-03,S24,TRACK PANT,125,34,29,73%
2025-05-03,S24,T-SHIRT,58,52,23,10%
2025-05-03,S25,0,59,59,8,0%
2025-05-03,S25,CABANA SHIRT,"1,125","1,075",219,4%
2025-05-03,S25,CREWNECK,196,186,36,5%
2025-05-03,S25,DRESS,250,250,50,0%
2025-05-03,S25,HAT,290,284,60,2%
2025-05-03,S25,LONG SLEEVE KNIT,156,156,20,0%
2025-05-03,S25,POLO,"5,852","5,489","1,187",6%
2025-05-03,S25,PULLOVER,110,110,21,0%
2025-05-03,S25,SHORTS,"5,566","5,310","1,158",5%
2025-05-03,S25,SKIRT,58,11,11,81%
2025-05-03,S25,SKORT,342,317,70,7%
2025-05-03,S25,SOCKS,18,16,4,10%
2025-05-03,S25,SWEATER,"4,920","4,737","1,127",4%
2025-05-03,S25,SWEATPANTS,88,88,18,0%
2025-05-03,S25,TANK TOP,184,172,33,6%
2025-05-03,S25,TRACK JACKET,"4,845","4,343",988,10%
2025-05-03,S25,TRACK PANT,"3,640","3,417",701,6%
2025-05-03,S25,T-SHIRT,"2,156","1,922",380,11%
2025-05-04,CORE,HAT,42,42,7,0%
2025-05-04,CORE,SOCKS,342,333,76,3%
2025-05-04,CORE,TRACK JACKET,585,557,102,5%
2025-05-04,CORE,TRACK PANT,345,334,62,3%
2025-05-04,F21,HAT,38,15,6,61%
2025-05-04,F22,HAT,48,15,8,69%
2025-05-04,F23,TRACK JACKET,350,106,66,70%
2025-05-04,F23,TRACK PANT,330,89,69,73%
2025-05-04,F24,ACCESSORIES,420,208,97,51%
2025-05-04,F24,CAMP SHIRT,900,342,186,62%
2025-05-04,F24,DRESS,520,286,82,45%
2025-05-04,F24,FOOTWEAR,160,113,44,29%
2025-05-04,F24,LONG SLEEVE KNIT,480,266,88,45%
2025-05-04,F24,POLO,"3,956","2,020","1,495",49%
2025-05-04,F24,SHORTS,"3,244","1,520",728,53%
2025-05-04,F24,SKIRT,245,111,94,55%
2025-05-04,F24,SKORT,78,42,18,46%
2025-05-04,F24,SOCKS,18,9,10,50%
2025-05-04,F24,SWEATER,780,340,182,56%
2025-05-04,F24,TRACK JACKET,"2,775","1,403",538,49%
2025-05-04,F24,TRACK PANT,"3,235","1,669",601,48%
2025-05-04,F24,T-SHIRT,"2,288","1,011",786,56%
2025-05-04,S23,SHORTS,261,78,61,70%
2025-05-04,S24,CARDIGAN,216,63,38,71%
2025-05-04,S24,DRESS,558,157,108,72%
2025-05-04,S24,FOOTWEAR,381,367,86,4%
2025-05-04,S24,POLO,204,59,36,71%
2025-05-04,S24,SHORTS,"1,206",360,248,70%
2025-05-04,S24,SKIRT,360,106,57,71%
2025-05-04,S24,SKORT,166,46,31,72%
2025-05-04,S24,SPORT BRA,176,55,37,69%
2025-05-04,S24,TANK TOP,300,89,51,70%
2025-05-04,S24,T-SHIRT,48,29,25,40%
2025-05-04,S25,0,59,59,8,0%
2025-05-04,S25,CABANA SHIRT,"1,145","1,133",232,1%
2025-05-04,S25,CREWNECK,98,98,18,0%
2025-05-04,S25,FOOTWEAR,150,150,33,0%
2025-05-04,S25,HAT,116,116,24,0%
2025-05-04,S25,LONG SLEEVE KNIT,78,70,10,10%
2025-05-04,S25,POLO,"3,448","3,279",726,5%
2025-05-04,S25,SHORTS,"3,855","3,721",801,3%
2025-05-04,S25,SKIRT,176,168,22,4%
2025-05-04,S25,SKORT,68,68,11,0%
2025-05-04,S25,SOCKS,18,18,4,0%
2025-05-04,S25,SWEATER,"1,575","1,543",359,2%
2025-05-04,S25,SWEATPANTS,88,88,18,0%
2025-05-04,S25,TANK TOP,184,178,32,3%
2025-05-04,S25,TRACK JACKET,"2,675","2,624",537,2%
2025-05-04,S25,TRACK PANT,"2,365","2,302",469,3%
2025-05-04,S25,T-SHIRT,"2,682","2,591",479,3%
2025-05-04,S25,VISOR,114,114,21,0%
2025-05-05,CORE,SOCKS,180,176,40,2%
2025-05-05,CORE,TRACK JACKET,560,504,88,10%
2025-05-05,CORE,TRACK PANT,330,297,51,10%
2025-05-05,F22,HAT,48,15,8,69%
2025-05-05,F23,POLO,78,22,14,72%
2025-05-05,F23,TRACK PANT,330,63,69,81%
2025-05-05,F24,0,-145,0,-53,100%
2025-05-05,F24,ACCESSORIES,168,80,39,53%
2025-05-05,F24,CAMP SHIRT,"1,350",528,282,61%
2025-05-05,F24,DRESS,725,382,192,47%
2025-05-05,F24,FOOTWEAR,160,102,44,36%
2025-05-05,F24,HOODIE,385,194,84,50%
2025-05-05,F24,LONG SLEEVE KNIT,-23,-4,-43,83%
2025-05-05,F24,OUTERWEAR,225,102,38,55%
2025-05-05,F24,POLO,"3,028","1,605",915,47%
2025-05-05,F24,SHORTS,"2,843","1,488",602,48%
2025-05-05,F24,SKIRT,244,114,107,53%
2025-05-05,F24,SWEATER,165,59,47,64%
2025-05-05,F24,SWEATPANTS,110,55,24,50%
2025-05-05,F24,TRACK JACKET,"3,350","1,587",712,53%
2025-05-05,F24,TRACK PANT,"3,330","1,669",638,50%
2025-05-05,F24,T-SHIRT,"1,292",571,399,56%
2025-05-05,S23,SHORTS,68,19,14,72%
2025-05-05,S24,CARDIGAN,108,30,19,73%
2025-05-05,S24,DRESS,507,179,111,65%
2025-05-05,S24,FOOTWEAR,59,59,10,0%
2025-05-05,S24,POLO,99,56,34,44%
2025-05-05,S24,SHORTS,"1,263",372,219,71%
2025-05-05,S24,SKIRT,778,258,131,67%
2025-05-05,S24,SKORT,566,167,98,71%
2025-05-05,S24,SPORT BRA,400,123,64,69%
2025-05-05,S24,TANK TOP,680,193,110,72%
2025-05-05,S24,TRACK JACKET,820,431,159,47%
2025-05-05,S24,TRACK PANT,"1,011",633,192,37%
2025-05-05,S24,T-SHIRT,316,163,139,48%
2025-05-05,S25,CABANA SHIRT,385,172,80,55%
2025-05-05,S25,CREWNECK,196,186,36,5%
2025-05-05,S25,DRESS,110,110,23,0%
2025-05-05,S25,FOOTWEAR,300,300,66,0%
2025-05-05,S25,HAT,0,-6,0,#DIV/0!
2025-05-05,S25,HOODIE,150,175,33,-16%
2025-05-05,S25,LONG SLEEVE KNIT,136,122,20,10%
2025-05-05,S25,POLO,"4,232","3,620",857,14%
2025-05-05,S25,PULLOVER,-125,-88,-25,30%
2025-05-05,S25,SHORTS,"3,206","2,885",649,10%
2025-05-05,S25,SKIRT,-78,-70,-2,10%
2025-05-05,S25,SKORT,68,86,11,-26%
2025-05-05,S25,SOCKS,90,86,20,4%
2025-05-05,S25,SWEATER,"1,900","1,979",444,-4%
2025-05-05,S25,SWEATPANTS,176,167,36,5%
2025-05-05,S25,TANK TOP,58,52,8,10%
2025-05-05,S25,TRACK JACKET,595,617,76,-4%
2025-05-05,S25,TRACK PANT,495,534,67,-8%
2025-05-05,S25,T-SHIRT,"2,020","1,768",354,12%
2025-05-05,S25,VISOR,38,38,7,0%
2025-05-06,CORE,SOCKS,432,419,96,3%
2025-05-06,CORE,TRACK JACKET,865,851,146,2%
2025-05-06,CORE,TRACK PANT,345,334,62,3%
2025-05-06,F22,HAT,60,16,12,73%
2025-05-06,F23,TRACK JACKET,350,101,66,71%
2025-05-06,F23,TRACK PANT,260,74,50,72%
2025-05-06,F24,ACCESSORIES,336,164,77,51%
2025-05-06,F24,CAMP SHIRT,"1,050",414,214,61%
2025-05-06,F24,DRESS,375,210,57,44%
2025-05-06,F24,HOODIE,0,0,0,#DIV/0!
2025-05-06,F24,LEGGINGS,110,50,21,55%
2025-05-06,F24,LONG SLEEVE KNIT,620,299,124,52%
2025-05-06,F24,POLO,"2,335","1,122",904,52%
2025-05-06,F24,SHORTS,"3,215","1,625",740,49%
2025-05-06,F24,SKIRT,634,313,254,51%
2025-05-06,F24,SPORT BRA,68,31,19,55%
2025-05-06,F24,SWEATER,550,321,122,42%
2025-05-06,F24,SWEATPANTS,446,224,86,50%
2025-05-06,F24,TRACK JACKET,"2,900","1,505",564,48%
2025-05-06,F24,TRACK PANT,"2,825","1,539",577,46%
2025-05-06,F24,T-SHIRT,"1,365",610,621,55%
2025-05-06,S24,CARDIGAN,108,30,19,73%
2025-05-06,S24,DRESS,450,132,94,71%
2025-05-06,S24,FOOTWEAR,177,177,30,0%
2025-05-06,S24,OUTERWEAR,150,45,28,70%
2025-05-06,S24,POLO,68,16,12,76%
2025-05-06,S24,SHORTS,"1,290",383,245,70%
2025-05-06,S24,SKIRT,282,78,42,72%
2025-05-06,S24,SKORT,244,73,43,70%
2025-05-06,S24,SPORT BRA,112,32,22,72%
2025-05-06,S24,TANK TOP,282,83,45,71%
2025-05-06,S24,TRACK JACKET,0,-14,0,#DIV/0!
2025-05-06,S24,TRACK PANT,47,89,7,-88%
2025-05-06,S24,T-SHIRT,86,40,32,54%
2025-05-06,S25,0,147,147,26,0%
2025-05-06,S25,ACCESSORIES,58,52,11,10%
2025-05-06,S25,CABANA SHIRT,365,353,67,3%
2025-05-06,S25,CREWNECK,294,274,54,7%
2025-05-06,S25,DRESS,125,-312,23,350%
2025-05-06,S25,FOOTWEAR,150,135,33,10%
2025-05-06,S25,HAT,290,278,60,4%
2025-05-06,S25,LEGGINGS,178,72,36,60%
2025-05-06,S25,POLO,"4,912","4,601","1,005",6%
2025-05-06,S25,SHORTS,"3,109","2,864",639,8%
2025-05-06,S25,SKIRT,98,0,20,100%
2025-05-06,S25,SKORT,430,172,91,60%
2025-05-06,S25,SOCKS,36,36,8,0%
2025-05-06,S25,SWEATER,"2,125","2,060",498,3%
2025-05-06,S25,SWEATPANTS,176,158,36,10%
2025-05-06,S25,TRACK JACKET,"2,645","2,493",497,6%
2025-05-06,S25,TRACK PANT,"1,095","1,202",210,-10%
2025-05-06,S25,T-SHIRT,"1,252","1,104",219,12%
2025-05-06,S25,VISOR,38,38,7,0%
2025-05-07,CORE,HAT,42,42,7,0%
2025-05-07,CORE,SOCKS,324,310,72,4%
2025-05-07,CORE,TRACK JACKET,0,-28,0,#DIV/0!
2025-05-07,CORE,TRACK PANT,110,88,17,20%
2025-05-07,F21,HAT,76,29,12,63%
2025-05-07,F22,HAT,48,14,8,72%
2025-05-07,F24,0,-145,-145,-53,0%
2025-05-07,F24,ACCESSORIES,84,40,20,53%
2025-05-07,F24,CAMP SHIRT,"1,635",637,337,61%
2025-05-07,F24,DRESS,250,150,38,40%
2025-05-07,F24,HOODIE,135,73,21,46%
2025-05-07,F24,LEGGINGS,220,105,42,53%
2025-05-07,F24,LONG SLEEVE KNIT,530,315,97,41%
2025-05-07,F24,OUTERWEAR,225,81,49,64%
2025-05-07,F24,POLO,"2,710","1,465",956,46%
2025-05-07,F24,SHORTS,"4,147","1,824",866,56%
2025-05-07,F24,SKIRT,410,167,134,59%
2025-05-07,F24,SPORT BRA,68,34,19,50%
2025-05-07,F24,SWEATER,165,66,47,60%
2025-05-07,F24,SWEATPANTS,223,112,43,50%
2025-05-07,F24,TRACK JACKET,"3,665","1,774",720,52%
2025-05-07,F24,TRACK PANT,"3,625","1,558",693,57%
2025-05-07,F24,T-SHIRT,"1,268",522,402,59%
2025-05-07,S24,DRESS,196,57,34,71%
2025-05-07,S24,FOOTWEAR,0,0,0,#DIV/0!
2025-05-07,S24,POLO,288,148,44,49%
2025-05-07,S24,SHORTS,"1,378",397,246,71%
2025-05-07,S24,SKIRT,458,137,78,70%
2025-05-07,S24,SKORT,166,49,31,71%
2025-05-07,S24,TANK TOP,174,49,30,72%
2025-05-07,S24,TRACK JACKET,400,211,69,47%
2025-05-07,S25,0,147,147,26,0%
2025-05-07,S25,CABANA SHIRT,787,825,149,-5%
2025-05-07,S25,CREWNECK,98,98,18,0%
2025-05-07,S25,DRESS,125,125,25,0%
2025-05-07,S25,FOOTWEAR,300,300,66,0%
2025-05-07,S25,HAT,348,348,72,0%
2025-05-07,S25,HOODIE,0,0,0,#DIV/0!
2025-05-07,S25,LEGGINGS,-178,-178,-36,0%
2025-05-07,S25,LONG SLEEVE KNIT,203,191,36,6%
2025-05-07,S25,PANTS,210,210,44,0%
2025-05-07,S25,POLO,"4,199","4,047",847,4%
2025-05-07,S25,SHORTS,"4,132","3,671",845,11%
2025-05-07,S25,SKIRT,156,140,4,10%
2025-05-07,S25,SKORT,136,129,22,5%
2025-05-07,S25,SOCKS,18,18,4,0%
2025-05-07,S25,SWEATER,"2,525","2,458",587,3%
2025-05-07,S25,SWEATPANTS,274,265,54,3%
2025-05-07,S25,TANK TOP,232,221,41,5%
2025-05-07,S25,TRACK JACKET,"5,105","4,766",960,7%
2025-05-07,S25,TRACK PANT,"2,720","2,350",515,14%
2025-05-07,S25,T-SHIRT,"1,930","1,548",339,20%
2025-05-07,S25,VISOR,76,72,14,5%
2025-05-08,CORE,SOCKS,396,373,88,6%
2025-05-08,CORE,TRACK JACKET,280,294,44,-5%
2025-05-08,CORE,TRACK PANT,330,341,51,-3%
2025-05-08,F21,HAT,38,14,6,64%
2025-05-08,F22,HAT,96,30,16,69%
2025-05-08,F23,TRACK PANT,510,154,98,70%
2025-05-08,F24,ACCESSORIES,252,124,56,51%
2025-05-08,F24,CAMP SHIRT,300,108,60,64%
2025-05-08,F24,DRESS,425,226,108,47%
2025-05-08,F24,LEGGINGS,220,105,42,53%
2025-05-08,F24,LONG SLEEVE KNIT,990,454,208,54%
2025-05-08,F24,OUTERWEAR,450,180,98,60%
2025-05-08,F24,POLO,"3,037","1,685","1,008",45%
2025-05-08,F24,SHORTS,"4,465","2,144","1,089",52%
2025-05-08,F24,SKIRT,245,119,94,52%
2025-05-08,F24,SOCKS,18,9,10,50%
2025-05-08,F24,SPORT BRA,136,65,38,53%
2025-05-08,F24,SWEATPANTS,223,112,43,50%
2025-05-08,F24,TRACK JACKET,"3,790","1,933",755,49%
2025-05-08,F24,TRACK PANT,"2,995","1,566",589,48%
2025-05-08,F24,T-SHIRT,"1,702",764,546,55%
2025-05-08,S24,DRESS,98,30,17,69%
2025-05-08,S24,FOOTWEAR,177,118,30,33%
2025-05-08,S24,OUTERWEAR,300,90,56,70%
2025-05-08,S24,POLO,261,78,44,70%
2025-05-08,S24,SHORTS,949,265,182,72%
2025-05-08,S24,SKIRT,312,89,54,72%
2025-05-08,S24,SKORT,176,54,38,69%
2025-05-08,S24,SPORT BRA,350,106,67,70%
2025-05-08,S24,TANK TOP,136,22,22,84%
2025-05-08,S24,TRACK JACKET,715,490,151,31%
2025-05-08,S24,TRACK PANT,375,313,81,17%
2025-05-08,S24,T-SHIRT,48,26,25,46%
2025-05-08,S25,0,59,59,8,0%
2025-05-08,S25,CABANA SHIRT,875,863,168,1%
2025-05-08,S25,CAMP SHIRT,88,79,15,10%
2025-05-08,S25,CREWNECK,294,294,54,0%
2025-05-08,S25,DRESS,220,220,46,0%
2025-05-08,S25,FOOTWEAR,150,150,33,0%
2025-05-08,S25,HAT,116,116,24,0%
2025-05-08,S25,JACKET,165,165,32,0%
2025-05-08,S25,POLO,"4,983","4,657","1,020",7%
2025-05-08,S25,PULLOVER,110,99,21,10%
2025-05-08,S25,SHORTS,"4,334","4,249",895,2%
2025-05-08,S25,SKORT,370,360,67,3%
2025-05-08,S25,SOCKS,36,36,8,0%
2025-05-08,S25,SWEATER,"1,960","1,943",459,1%
2025-05-08,S25,SWEATPANTS,176,176,36,0%
2025-05-08,S25,TANK TOP,280,261,43,7%
2025-05-08,S25,TRACK JACKET,"5,350","5,047","1,084",6%
2025-05-08,S25,TRACK PANT,"3,088","2,987",625,3%
2025-05-08,S25,T-SHIRT,"1,906","1,862",336,2%
2025-05-09,CORE,HAT,84,80,14,5%
2025-05-09,CORE,SOCKS,378,360,84,5%
2025-05-09,CORE,TRACK JACKET,420,420,66,0%
2025-05-09,CORE,TRACK PANT,565,565,96,0%
2025-05-09,F23,FOOTWEAR,150,150,48,0%
2025-05-09,F23,TRACK JACKET,175,53,33,70%
2025-05-09,F23,TRACK PANT,110,33,21,70%
2025-05-09,F24,0,145,145,53,0%
2025-05-09,F24,ACCESSORIES,168,82,37,51%
2025-05-09,F24,CAMP SHIRT,300,114,60,62%
2025-05-09,F24,DRESS,250,132,54,47%
2025-05-09,F24,FOOTWEAR,160,113,44,29%
2025-05-09,F24,HOODIE,260,136,53,48%
2025-05-09,F24,LEGGINGS,440,209,84,53%
2025-05-09,F24,LONG SLEEVE KNIT,"1,103",570,211,48%
2025-05-09,F24,POLO,"3,665","2,203","1,155",40%
2025-05-09,F24,SHORTS,"3,277","1,901",797,42%
2025-05-09,F24,SKIRT,810,399,332,51%
2025-05-09,F24,SKORT,-78,-47,-18,40%
2025-05-09,F24,SOCKS,126,58,67,54%
2025-05-09,F24,SPORT BRA,136,68,38,50%
2025-05-09,F24,SWEATER,145,42,38,71%
2025-05-09,F24,SWEATPANTS,235,118,49,50%
2025-05-09,F24,TRACK JACKET,"1,675",904,337,46%
2025-05-09,F24,TRACK PANT,"1,495",783,285,48%
2025-05-09,F24,T-SHIRT,"1,854",787,699,58%
2025-05-09,S24,CARDIGAN,108,30,19,73%
2025-05-09,S24,DRESS,409,162,94,60%
2025-05-09,S24,FOOTWEAR,59,-72,10,221%
2025-05-09,S24,OUTERWEAR,150,45,28,70%
2025-05-09,S24,POLO,658,194,112,71%
2025-05-09,S24,SHORTS,824,225,159,73%
2025-05-09,S24,SKIRT,"1,012",299,162,70%
2025-05-09,S24,SKORT,88,24,19,72%
2025-05-09,S24,SPORT BRA,542,164,95,70%
2025-05-09,S24,TANK TOP,0,0,0,#DIV/0!
2025-05-09,S24,TRACK JACKET,740,630,159,15%
2025-05-09,S24,TRACK PANT,650,555,131,15%
2025-05-09,S24,T-SHIRT,192,121,80,37%
2025-05-09,S25,CABANA SHIRT,"1,218","1,234",243,-1%
2025-05-09,S25,CREWNECK,98,98,18,0%
2025-05-09,S25,FOOTWEAR,150,0,33,100%
2025-05-09,S25,HAT,232,226,48,3%
2025-05-09,S25,HOODIE,275,275,59,0%
2025-05-09,S25,PANTS,135,122,27,10%
2025-05-09,S25,POLO,"4,844","4,464",976,8%
2025-05-09,S25,SHORTS,"5,118","4,784","1,065",7%
2025-05-09,S25,SKIRT,234,234,33,0%
2025-05-09,S25,SKORT,380,373,69,2%
2025-05-09,S25,SOCKS,108,106,24,2%
2025-05-09,S25,SWEATER,"4,840","4,488","1,113",7%
2025-05-09,S25,SWEATPANTS,186,186,36,0%
2025-05-09,S25,SWEATSHIRT,110,110,18,0%
2025-05-09,S25,TANK TOP,300,287,49,4%
2025-05-09,S25,TRACK JACKET,"3,765","2,917",722,23%
2025-05-09,S25,TRACK PANT,"2,315","1,909",448,18%
2025-05-09,S25,T-SHIRT,"1,608","1,465",277,9%
2025-05-09,S25,VISOR,38,34,7,10%
2025-05-10,CORE,HAT,84,84,14,0%
2025-05-10,CORE,SOCKS,396,371,88,6%
2025-05-10,CORE,TRACK JACKET,"1,005","1,005",168,0%
2025-05-10,CORE,TRACK PANT,565,565,96,0%
2025-05-10,F23,OUTERWEAR,175,53,40,70%
2025-05-10,F23,TRACK PANT,-110,0,-23,100%
2025-05-10,F24,ACCESSORIES,546,263,127,52%
2025-05-10,F24,CAMP SHIRT,"1,350",528,278,61%
2025-05-10,F24,DRESS,260,136,41,48%
2025-05-10,F24,HOODIE,125,63,32,50%
2025-05-10,F24,LONG SLEEVE KNIT,960,485,198,49%
2025-05-10,F24,OUTERWEAR,450,203,87,55%
2025-05-10,F24,POLO,"3,212","1,511","1,061",53%
2025-05-10,F24,SHORTS,"4,013","1,827",876,54%
2025-05-10,F24,SKIRT,322,161,118,50%
2025-05-10,F24,SWEATER,445,267,97,40%
2025-05-10,F24,SWEATPANTS,345,173,74,50%
2025-05-10,F24,TRACK JACKET,"3,920","2,028",793,48%
2025-05-10,F24,TRACK PANT,"3,485","1,738",672,50%
2025-05-10,F24,T-SHIRT,"2,307","1,036",801,55%
2025-05-10,S23,SHORTS,68,21,14,69%
2025-05-10,S24,CARDIGAN,108,33,19,69%
2025-05-10,S24,DRESS,213,102,60,52%
2025-05-10,S24,FOOTWEAR,59,59,10,0%
2025-05-10,S24,OUTERWEAR,150,45,28,70%
2025-05-10,S24,POLO,443,131,72,70%
2025-05-10,S24,SHORTS,"1,887",555,351,71%
2025-05-10,S24,SKIRT,156,48,30,69%
2025-05-10,S24,SPORT BRA,144,45,21,69%
2025-05-10,S24,TANK TOP,212,64,38,70%
2025-05-10,S24,TRACK JACKET,"1,240",846,246,32%
2025-05-10,S24,TRACK PANT,797,776,166,3%
2025-05-10,S24,T-SHIRT,38,12,7,68%
2025-05-10,S25,CABANA SHIRT,750,713,150,5%
2025-05-10,S25,CREWNECK,294,294,54,0%
2025-05-10,S25,FOOTWEAR,-150,-135,-33,10%
2025-05-10,S25,HAT,116,110,24,5%
2025-05-10,S25,HOODIE,150,150,33,0%
2025-05-10,S25,LONG SLEEVE KNIT,78,78,10,0%
2025-05-10,S25,POLO,"5,132","4,852","1,044",5%
2025-05-10,S25,PULLOVER,110,110,21,0%
2025-05-10,S25,SHORTS,"3,985","3,949",845,1%
2025-05-10,S25,SKIRT,58,52,11,10%
2025-05-10,S25,SKORT,450,421,98,7%
2025-05-10,S25,SOCKS,72,67,16,8%
2025-05-10,S25,SWEATER,"5,030","4,482","1,169",11%
2025-05-10,S25,SWEATPANTS,264,264,54,0%
2025-05-10,S25,SWEATSHIRT,110,99,18,10%
2025-05-10,S25,TANK TOP,222,222,35,0%
2025-05-10,S25,TRACK JACKET,"4,620","4,405",869,5%
2025-05-10,S25,TRACK PANT,"2,883","2,736",555,5%
2025-05-10,S25,T-SHIRT,"1,536","1,493",285,3%
2025-05-11,CORE,ACCESSORIES,24,32,11,-35%
2025-05-11,CORE,HAT,42,42,7,0%
2025-05-11,CORE,SOCKS,144,135,32,6%
2025-05-11,CORE,TRACK JACKET,610,610,116,0%
2025-05-11,CORE,TRACK PANT,360,360,73,0%
2025-05-11,F22,HAT,96,30,16,69%
2025-05-11,F23,TRACK JACKET,350,106,65,70%
2025-05-11,F23,TRACK PANT,330,99,69,70%
2025-05-11,F24,ACCESSORIES,210,99,48,53%
2025-05-11,F24,CAMP SHIRT,"1,350",480,276,64%
2025-05-11,F24,DRESS,250,150,38,40%
2025-05-11,F24,FOOTWEAR,310,192,80,38%
2025-05-11,F24,HOODIE,250,126,64,50%
2025-05-11,F24,LEGGINGS,110,50,21,55%
2025-05-11,F24,LONG SLEEVE KNIT,815,402,158,51%
2025-05-11,F24,POLO,"3,528","1,931","1,182",45%
2025-05-11,F24,SHORTS,"3,143","1,539",658,51%
2025-05-11,F24,SKIRT,400,184,175,54%
2025-05-11,F24,SPORT BRA,68,31,19,55%
2025-05-11,F24,SWEATER,165,66,47,60%
2025-05-11,F24,SWEATPANTS,306,153,60,50%
2025-05-11,F24,TRACK JACKET,"1,755",970,354,45%
2025-05-11,F24,TRACK PANT,"2,360","1,284",461,46%
2025-05-11,F24,T-SHIRT,"1,188",509,447,57%
2025-05-11,S24,DRESS,274,84,55,69%
2025-05-11,S24,POLO,553,166,97,70%
2025-05-11,S24,SHORTS,917,276,173,70%
2025-05-11,S24,SKIRT,614,182,108,70%
2025-05-11,S24,SKORT,166,48,31,71%
2025-05-11,S24,SPORT BRA,126,35,23,72%
2025-05-11,S24,TANK TOP,214,66,34,69%
2025-05-11,S24,TRACK JACKET,140,140,30,0%
2025-05-11,S24,TRACK PANT,250,238,48,5%
2025-05-11,S25,ACCESSORIES,246,246,54,0%
2025-05-11,S25,CABANA SHIRT,"2,233","2,070",458,7%
2025-05-11,S25,CAMP SHIRT,88,88,15,0%
2025-05-11,S25,CREWNECK,98,98,18,0%
2025-05-11,S25,HAT,116,116,24,0%
2025-05-11,S25,POLO,"4,190","3,789",889,10%
2025-05-11,S25,SHORTS,"5,562","5,194","1,148",7%
2025-05-11,S25,SKORT,204,190,33,7%
2025-05-11,S25,SOCKS,54,54,13,0%
2025-05-11,S25,SWEATER,"4,265","3,753",993,12%
2025-05-11,S25,SWEATPANTS,186,186,36,0%
2025-05-11,S25,TANK TOP,116,104,16,10%
2025-05-11,S25,TRACK JACKET,"2,010","1,926",407,4%
2025-05-11,S25,TRACK PANT,"1,718","1,531",351,11%
2025-05-11,S25,T-SHIRT,"1,936","1,856",353,4%
2025-05-11,S25,VISOR,38,38,7,0%
2025-05-12,CORE,SOCKS,234,232,52,1%
2025-05-12,CORE,TRACK JACKET,585,585,102,0%
2025-05-12,CORE,TRACK PANT,580,557,107,4%
2025-05-12,F21,HAT,38,9,6,76%
2025-05-12,F22,HAT,60,16,12,73%
2025-05-12,F23,TRACK PANT,110,33,23,70%
2025-05-12,F24,0,-145,-145,-53,0%
2025-05-12,F24,ACCESSORIES,420,200,94,53%
2025-05-12,F24,CAMP SHIRT,900,354,180,61%
2025-05-12,F24,DRESS,125,63,35,50%
2025-05-12,F24,HOODIE,560,286,119,49%
2025-05-12,F24,LEGGINGS,330,160,63,52%
2025-05-12,F24,LONG SLEEVE KNIT,483,276,92,43%
2025-05-12,F24,POLO,"1,114",813,280,27%
2025-05-12,F24,SHORTS,"3,274","1,642",666,50%
2025-05-12,F24,SKIRT,254,145,66,43%
2025-05-12,F24,SPORT BRA,204,99,57,52%
2025-05-12,F24,SWEATER,225,120,44,47%
2025-05-12,F24,SWEATPANTS,208,104,42,50%
2025-05-12,F24,TRACK JACKET,"1,695",709,272,58%
2025-05-12,F24,TRACK PANT,"1,870","1,084",374,42%
2025-05-12,F24,T-SHIRT,"2,106",916,638,56%
2025-05-12,S23,CAMP SHIRT,118,36,26,69%
2025-05-12,S23,SHORTS,136,42,28,69%
2025-05-12,S24,CARDIGAN,108,33,19,69%
2025-05-12,S24,DRESS,176,54,38,69%
2025-05-12,S24,FOOTWEAR,531,454,90,14%
2025-05-12,S24,POLO,-57,-13,-8,77%
2025-05-12,S24,SHORTS,"1,632",469,300,71%
2025-05-12,S24,SKIRT,98,34,21,65%
2025-05-12,S24,SKORT,78,24,12,69%
2025-05-12,S24,SPORT BRA,-48,-12,-7,75%
2025-05-12,S24,TANK TOP,214,64,34,70%
2025-05-12,S24,TRACK JACKET,260,89,39,66%
2025-05-12,S24,TRACK PANT,328,127,58,61%
2025-05-12,S24,T-SHIRT,76,23,14,70%
2025-05-12,S25,0,177,118,24,33%
2025-05-12,S25,CABANA SHIRT,507,491,94,3%
2025-05-12,S25,CREWNECK,196,196,36,0%
2025-05-12,S25,DRESS,220,198,46,10%
2025-05-12,S25,HAT,58,58,12,0%
2025-05-12,S25,HOODIE,125,125,26,0%
2025-05-12,S25,LONG SLEEVE KNIT,136,130,20,4%
2025-05-12,S25,PANTS,135,135,27,0%
2025-05-12,S25,POLO,"4,359","4,178",917,4%
2025-05-12,S25,SHORTS,"4,486","4,203",952,6%
2025-05-12,S25,SKORT,292,283,51,3%
2025-05-12,S25,SOCKS,126,124,28,1%
2025-05-12,S25,SWEATER,900,948,216,-5%
2025-05-12,S25,SWEATPANTS,274,274,54,0%
2025-05-12,S25,TANK TOP,184,184,30,0%
2025-05-12,S25,TRACK JACKET,"3,195","3,175",622,1%
2025-05-12,S25,TRACK PANT,"1,585","1,437",317,9%
2025-05-12,S25,T-SHIRT,"1,754","1,713",317,2%
2025-05-13,CORE,HAT,84,80,14,5%
2025-05-13,CORE,SOCKS,234,229,52,2%
2025-05-13,CORE,TRACK JACKET,"1,005",991,168,1%
2025-05-13,CORE,TRACK PANT,550,539,85,2%
2025-05-13,F22,HAT,96,29,16,70%
2025-05-13,F23,TRACK PANT,110,30,23,73%
2025-05-13,F24,0,145,145,53,0%
2025-05-13,F24,ACCESSORIES,462,227,107,51%
2025-05-13,F24,BAG,110,69,31,37%
2025-05-13,F24,CAMP SHIRT,585,175,121,70%
2025-05-13,F24,DRESS,0,32,-16,#DIV/0!
2025-05-13,F24,FOOTWEAR,160,113,44,29%
2025-05-13,F24,LEGGINGS,220,110,42,50%
2025-05-13,F24,LONG SLEEVE KNIT,117,29,17,75%
2025-05-13,F24,POLO,"1,157",855,296,26%
2025-05-13,F24,SHORTS,"2,477","1,163",553,53%
2025-05-13,F24,SKIRT,235,110,112,53%
2025-05-13,F24,SOCKS,18,9,10,50%
2025-05-13,F24,SPORT BRA,136,34,38,75%
2025-05-13,F24,SWEATPANTS,98,49,18,50%
2025-05-13,F24,TRACK JACKET,"2,125",863,418,59%
2025-05-13,F24,TRACK PANT,"2,510","1,264",484,50%
2025-05-13,F24,T-SHIRT,"1,358",480,503,65%
2025-05-13,S24,BAG,175,105,60,40%
2025-05-13,S24,DRESS,176,51,38,71%
2025-05-13,S24,FOOTWEAR,177,165,30,7%
2025-05-13,S24,SHORTS,775,233,172,70%
2025-05-13,S24,SKIRT,340,105,45,69%
2025-05-13,S24,SKORT,322,94,55,71%
2025-05-13,S24,SPORT BRA,382,119,66,69%
2025-05-13,S24,SWEATER,150,45,37,70%
2025-05-13,S24,TANK TOP,234,71,36,69%
2025-05-13,S24,TRACK JACKET,405,119,69,71%
2025-05-13,S24,TRACK PANT,125,50,24,60%
2025-05-13,S24,T-SHIRT,76,23,14,70%
2025-05-13,S25,ACCESSORIES,128,128,29,0%
2025-05-13,S25,CABANA SHIRT,635,623,128,2%
2025-05-13,S25,CREWNECK,196,186,36,5%
2025-05-13,S25,FOOTWEAR,150,135,33,10%
2025-05-13,S25,HAT,174,174,36,0%
2025-05-13,S25,HOODIE,-275,-260,-59,5%
2025-05-13,S25,LONG SLEEVE KNIT,78,78,10,0%
2025-05-13,S25,POLO,"4,963","4,757","1,032",4%
2025-05-13,S25,SHORTS,"4,278","4,185",913,2%
2025-05-13,S25,SKIRT,196,186,40,5%
2025-05-13,S25,SKORT,312,290,58,7%
2025-05-13,S25,SOCKS,126,124,28,1%
2025-05-13,S25,SWEATER,"3,955","3,518",925,11%
2025-05-13,S25,SWEATPANTS,88,79,18,10%
2025-05-13,S25,SWEATSHIRT,330,330,54,0%
2025-05-13,S25,TANK TOP,164,152,27,7%
2025-05-13,S25,TRACK JACKET,"3,240","3,032",634,6%
2025-05-13,S25,TRACK PANT,"2,450","2,177",474,11%
2025-05-13,S25,T-SHIRT,"1,004",940,167,6%
2025-05-13,S25,VISOR,38,38,7,0%
2025-05-14,CORE,HAT,42,42,7,0%
2025-05-14,CORE,SOCKS,306,274,68,11%
2025-05-14,CORE,TRACK JACKET,585,557,102,5%
2025-05-14,CORE,TRACK PANT,345,323,62,6%
2025-05-14,F22,HAT,144,44,24,70%
2025-05-14,F22,SHORTS,78,22,14,72%
2025-05-14,F23,POLO,78,22,14,72%
2025-05-14,F23,TRACK JACKET,175,53,33,70%
2025-05-14,F23,TRACK PANT,630,174,133,72%
2025-05-14,F24,ACCESSORIES,126,61,28,52%
2025-05-14,F24,CAMP SHIRT,"1,050",408,212,61%
2025-05-14,F24,DRESS,125,75,19,40%
2025-05-14,F24,FOOTWEAR,-160,-102,-44,36%
2025-05-14,F24,HOODIE,-125,-63,-32,50%
2025-05-14,F24,JACKET,325,163,55,50%
2025-05-14,F24,LEGGINGS,110,55,21,50%
2025-05-14,F24,LONG SLEEVE KNIT,"1,021",549,191,46%
2025-05-14,F24,POLO,"2,126","1,142",705,46%
2025-05-14,F24,SHORTS,"2,736","1,362",603,50%
2025-05-14,F24,SKIRT,732,363,275,50%
2025-05-14,F24,SPORT BRA,68,34,19,50%
2025-05-14,F24,SWEATER,165,66,47,60%
2025-05-14,F24,SWEATPANTS,-12,-6,-6,50%
2025-05-14,F24,SWEATSHIRT,125,53,32,58%
2025-05-14,F24,TRACK JACKET,"2,775","1,465",527,47%
2025-05-14,F24,TRACK PANT,"3,330","1,807",632,46%
2025-05-14,F24,T-SHIRT,"2,693","1,113",909,59%
2025-05-14,S23,SHORTS,136,42,28,69%
2025-05-14,S24,DRESS,186,46,36,75%
2025-05-14,S24,FOOTWEAR,59,59,10,0%
2025-05-14,S24,POLO,417,161,86,61%
2025-05-14,S24,SHORTS,"1,886",551,380,71%
2025-05-14,S24,SKIRT,400,152,88,62%
2025-05-14,S24,SPORT BRA,64,18,15,72%
2025-05-14,S24,TANK TOP,252,78,42,69%
2025-05-14,S24,TRACK JACKET,810,246,138,70%
2025-05-14,S24,TRACK PANT,125,113,29,10%
2025-05-14,S24,T-SHIRT,48,26,25,46%
2025-05-14,S25,ACCESSORIES,126,126,24,0%
2025-05-14,S25,CABANA SHIRT,"1,010",850,210,16%
2025-05-14,S25,CREWNECK,98,88,18,10%
2025-05-14,S25,DRESS,118,118,18,0%
2025-05-14,S25,FOOTWEAR,300,285,66,5%
2025-05-14,S25,HAT,232,220,48,5%
2025-05-14,S25,POLO,"4,502","4,490",910,0%
2025-05-14,S25,SHORTS,"4,119","3,853",855,6%
2025-05-14,S25,SKORT,166,175,34,-5%
2025-05-14,S25,SOCKS,54,54,12,0%
2025-05-14,S25,SWEATER,"2,645","2,645",598,0%
2025-05-14,S25,SWEATPANTS,88,79,18,10%
2025-05-14,S25,SWEATSHIRT,0,-69,0,#DIV/0!
2025-05-14,S25,TANK TOP,106,101,19,5%
2025-05-14,S25,TRACK JACKET,"2,795","2,845",553,-2%
2025-05-14,S25,TRACK PANT,"1,680","1,680",321,0%
2025-05-14,S25,T-SHIRT,"2,004","1,902",355,5%
2025-05-15,CORE,HAT,210,185,35,12%
2025-05-15,CORE,SOCKS,522,495,116,5%
2025-05-15,CORE,TRACK JACKET,"1,575","1,419",318,10%
2025-05-15,CORE,TRACK PANT,970,871,202,10%
2025-05-15,F21,HAT,38,15,6,61%
2025-05-15,F23,TRACK JACKET,175,53,33,70%
2025-05-15,F23,TRACK PANT,0,0,0,#DIV/0!
2025-05-15,F24,0,145,145,53,0%
2025-05-15,F24,ACCESSORIES,252,122,57,52%
2025-05-15,F24,CAMP SHIRT,585,188,123,68%
2025-05-15,F24,DRESS,510,286,79,44%
2025-05-15,F24,FOOTWEAR,160,102,44,36%
2025-05-15,F24,HOODIE,150,68,33,55%
2025-05-15,F24,LEGGINGS,330,160,63,52%
2025-05-15,F24,LONG SLEEVE KNIT,503,257,112,49%
2025-05-15,F24,OUTERWEAR,225,81,49,64%
2025-05-15,F24,POLO,"2,986","1,830",918,39%
2025-05-15,F24,SHORTS,"3,193","1,684",706,47%
2025-05-15,F24,SKIRT,468,222,204,53%
2025-05-15,F24,SPORT BRA,136,68,38,50%
2025-05-15,F24,SWEATER,135,81,21,40%
2025-05-15,F24,TRACK JACKET,"1,655",808,336,51%
2025-05-15,F24,TRACK PANT,"1,960","1,094",385,44%
2025-05-15,F24,T-SHIRT,"2,098",952,543,55%
2025-05-15,S24,DRESS,653,229,155,65%
2025-05-15,S24,FOOTWEAR,118,106,19,10%
2025-05-15,S24,POLO,647,198,108,69%
2025-05-15,S24,SHORTS,"1,352",405,276,70%
2025-05-15,S24,SKIRT,876,263,138,70%
2025-05-15,S24,SKORT,78,22,12,72%
2025-05-15,S24,SPORT BRA,368,110,65,70%
2025-05-15,S24,SWEATPANTS,88,24,16,73%
2025-05-15,S24,TANK TOP,174,50,30,71%
2025-05-15,S24,TRACK JACKET,"1,805","1,056",389,42%
2025-05-15,S24,TRACK PANT,"1,365",775,290,43%
2025-05-15,S24,T-SHIRT,76,23,14,70%
2025-05-15,S25,0,88,3,18,97%
2025-05-15,S25,ACCESSORIES,216,152,46,30%
2025-05-15,S25,CABANA SHIRT,"2,880","1,975",571,31%
2025-05-15,S25,CAMP SHIRT,176,118,30,33%
2025-05-15,S25,CREWNECK,686,483,126,30%
2025-05-15,S25,DRESS,368,250,66,32%
2025-05-15,S25,FOOTWEAR,600,410,132,32%
2025-05-15,S25,HAT,754,533,156,29%
2025-05-15,S25,JACKET,-165,-140,-32,15%
2025-05-15,S25,LONG SLEEVE KNIT,359,244,56,32%
2025-05-15,S25,PANTS,210,132,44,37%
2025-05-15,S25,POLO,"15,226","10,398","3,139",32%
2025-05-15,S25,SHORTS,"17,256","11,690","3,596",32%
2025-05-15,S25,SKIRT,118,38,11,67%
2025-05-15,S25,SKORT,"1,250",856,253,32%
2025-05-15,S25,SOCKS,162,114,36,29%
2025-05-15,S25,SWEATER,"16,330","10,904","3,784",33%
2025-05-15,S25,SWEATPANTS,528,372,108,30%
2025-05-15,S25,TANK TOP,522,348,88,33%
2025-05-15,S25,TRACK JACKET,"15,465","10,146","2,938",34%
2025-05-15,S25,TRACK PANT,"8,959","5,943","1,752",34%
2025-05-15,S25,T-SHIRT,"5,888","3,849","1,069",35%
2025-05-15,S25,VISOR,38,27,7,29%
2025-05-16,CORE,ACCESSORIES,12,14,6,-20%
2025-05-16,CORE,HAT,42,42,7,0%
2025-05-16,CORE,SOCKS,396,385,88,3%
2025-05-16,CORE,TRACK JACKET,560,532,88,5%
2025-05-16,CORE,TRACK PANT,330,308,51,7%
2025-05-16,F21,HAT,38,15,6,61%
2025-05-16,F22,HAT,312,96,56,69%
2025-05-16,F23,TRACK PANT,410,123,77,70%
2025-05-16,F24,ACCESSORIES,504,244,112,52%
2025-05-16,F24,CAMP SHIRT,900,360,184,60%
2025-05-16,F24,DRESS,560,282,146,50%
2025-05-16,F24,LONG SLEEVE KNIT,735,423,129,43%
2025-05-16,F24,OUTERWEAR,225,90,49,60%
2025-05-16,F24,POLO,"1,874","1,067",391,43%
2025-05-16,F24,SHORTS,"2,603","1,290",551,50%
2025-05-16,F24,SKIRT,546,261,238,52%
2025-05-16,F24,SOCKS,54,26,30,52%
2025-05-16,F24,SWEATER,515,278,105,46%
2025-05-16,F24,SWEATPANTS,98,49,18,50%
2025-05-16,F24,SWEATSHIRT,125,63,26,50%
2025-05-16,F24,TRACK JACKET,"2,925","1,477",590,49%
2025-05-16,F24,TRACK PANT,"3,405","1,779",682,48%
2025-05-16,F24,T-SHIRT,"1,045",541,357,48%
2025-05-16,S24,DRESS,274,81,55,70%
2025-05-16,S24,FOOTWEAR,59,59,10,0%
2025-05-16,S24,OUTERWEAR,150,45,28,70%
2025-05-16,S24,POLO,573,176,102,69%
2025-05-16,S24,SHORTS,"1,727",529,318,69%
2025-05-16,S24,SKIRT,234,72,45,69%
2025-05-16,S24,SKORT,166,49,31,71%
2025-05-16,S24,SPORT BRA,64,20,15,69%
2025-05-16,S24,TANK TOP,78,22,12,72%
2025-05-16,S24,TRACK JACKET,835,502,189,40%
2025-05-16,S24,TRACK PANT,500,334,111,33%
2025-05-16,S24,T-SHIRT,58,58,23,0%
2025-05-16,S25,ACCESSORIES,128,90,29,30%
2025-05-16,S25,CABANA SHIRT,"1,825","1,144",349,37%
2025-05-16,S25,CREWNECK,196,138,36,30%
2025-05-16,S25,DRESS,7,339,9,-4739%
2025-05-16,S25,FOOTWEAR,150,0,33,100%
2025-05-16,S25,HAT,744,524,157,30%
2025-05-16,S25,HOODIE,575,372,125,35%
2025-05-16,S25,LEGGINGS,-118,0,-21,100%
2025-05-16,S25,LONG SLEEVE KNIT,78,55,10,29%
2025-05-16,S25,POLO,"14,414","9,373","3,061",35%
2025-05-16,S25,PULLOVER,235,157,46,33%
2025-05-16,S25,SHORTS,"14,355","9,476","3,065",34%
2025-05-16,S25,SKIRT,566,450,59,20%
2025-05-16,S25,SKORT,496,467,84,6%
2025-05-16,S25,SOCKS,162,112,36,31%
2025-05-16,S25,SWEATER,"9,025","5,821","2,080",36%
2025-05-16,S25,SWEATPANTS,372,256,72,31%
2025-05-16,S25,SWEATSHIRT,220,154,36,30%
2025-05-16,S25,TANK TOP,184,97,31,47%
2025-05-16,S25,TRACK JACKET,"7,460","4,669","1,426",37%
2025-05-16,S25,TRACK PANT,"5,000","3,147",974,37%
2025-05-16,S25,T-SHIRT,"5,260","3,563",926,32%
2025-05-16,S25,VISOR,38,13,7,65%
2025-05-17,CORE,HAT,126,126,21,0%
2025-05-17,CORE,SOCKS,432,416,96,4%
2025-05-17,CORE,TRACK JACKET,750,750,138,0%
2025-05-17,CORE,TRACK PANT,455,455,79,0%
2025-05-17,F22,HAT,48,14,8,72%
2025-05-17,F24,ACCESSORIES,336,164,74,51%
2025-05-17,F24,CAMP SHIRT,450,174,90,61%
2025-05-17,F24,DRESS,250,126,70,50%
2025-05-17,F24,LEGGINGS,110,55,21,50%
2025-05-17,F24,LONG SLEEVE KNIT,300,145,64,52%
2025-05-17,F24,POLO,"2,765","1,440",956,48%
2025-05-17,F24,SHORTS,"3,268","1,441",735,56%
2025-05-17,F24,SKIRT,234,113,102,52%
2025-05-17,F24,SWEATER,150,90,30,40%
2025-05-17,F24,SWEATPANTS,196,98,36,50%
2025-05-17,F24,TRACK JACKET,"1,855","1,091",376,41%
2025-05-17,F24,TRACK PANT,"1,805","1,022",368,43%
2025-05-17,F24,T-SHIRT,"1,312",584,452,56%
2025-05-17,S24,FOOTWEAR,263,257,66,2%
2025-05-17,S24,POLO,329,97,56,71%
2025-05-17,S24,SHORTS,"1,336",402,239,70%
2025-05-17,S24,SKIRT,234,67,45,71%
2025-05-17,S24,SKORT,166,51,31,69%
2025-05-17,S24,SPORT BRA,78,24,16,69%
2025-05-17,S24,TANK TOP,146,43,23,71%
2025-05-17,S24,TRACK JACKET,550,268,110,51%
2025-05-17,S24,TRACK PANT,453,229,99,49%
2025-05-17,S24,T-SHIRT,86,40,32,54%
2025-05-17,S25,ACCESSORIES,58,41,11,29%
2025-05-17,S25,CABANA SHIRT,698,476,142,32%
2025-05-17,S25,CREWNECK,882,531,162,40%
2025-05-17,S25,DRESS,486,324,84,33%
2025-05-17,S25,FOOTWEAR,300,315,66,-5%
2025-05-17,S25,HAT,464,328,96,29%
2025-05-17,S25,HOODIE,150,95,33,37%
2025-05-17,S25,LONG SLEEVE KNIT,156,110,20,29%
2025-05-17,S25,POLO,"11,129","7,527","2,322",32%
2025-05-17,S25,SHORTS,"10,816","7,270","2,309",33%
2025-05-17,S25,SKIRT,352,241,44,32%
2025-05-17,S25,SKORT,644,438,126,32%
2025-05-17,S25,SOCKS,54,39,12,28%
2025-05-17,S25,SWEATER,"4,930","3,355","1,143",32%
2025-05-17,S25,SWEATPANTS,704,471,144,33%
2025-05-17,S25,TANK TOP,572,396,105,31%
2025-05-17,S25,TRACK JACKET,"8,720","5,642","1,663",35%
2025-05-17,S25,TRACK PANT,"5,128","3,503",973,32%
2025-05-17,S25,T-SHIRT,"5,516","3,763",981,32%
2025-05-18,CORE,HAT,42,42,7,0%
2025-05-18,CORE,SOCKS,666,646,148,3%
2025-05-18,F22,HAT,108,31,20,71%
2025-05-18,F22,TANK TOP,50,14,10,73%
2025-05-18,F23,TRACK PANT,110,30,21,73%
2025-05-18,F24,ACCESSORIES,546,267,124,51%
2025-05-18,F24,CAMP SHIRT,150,60,30,60%
2025-05-18,F24,DRESS,125,68,19,46%
2025-05-18,F24,HOODIE,275,131,61,53%
2025-05-18,F24,LEGGINGS,220,110,42,50%
2025-05-18,F24,LONG SLEEVE KNIT,473,202,98,57%
2025-05-18,F24,OUTERWEAR,225,-9,49,104%
2025-05-18,F24,POLO,"3,870","2,262","1,068",42%
2025-05-18,F24,SHORTS,"3,281","1,683",725,49%
2025-05-18,F24,SKIRT,411,206,144,50%
2025-05-18,F24,SKORT,78,42,18,46%
2025-05-18,F24,SPORT BRA,68,34,19,50%
2025-05-18,F24,SWEATPANTS,208,104,43,50%
2025-05-18,F24,TRACK JACKET,"3,070","1,521",586,50%
2025-05-18,F24,TRACK PANT,"2,835","1,463",534,48%
2025-05-18,F24,T-SHIRT,"1,562",681,481,56%
2025-05-18,S23,SHORTS,68,21,14,69%
2025-05-18,S24,CARDIGAN,324,99,57,69%
2025-05-18,S24,DRESS,98,30,17,69%
2025-05-18,S24,FOOTWEAR,236,224,40,5%
2025-05-18,S24,POLO,193,59,32,69%
2025-05-18,S24,SHORTS,922,278,175,70%
2025-05-18,S24,SKIRT,282,87,42,69%
2025-05-18,S24,SKORT,78,24,12,69%
2025-05-18,S24,SPORT BRA,48,15,7,69%
2025-05-18,S24,SWEATPANTS,88,22,16,75%
2025-05-18,S24,TANK TOP,174,54,30,69%
2025-05-18,S24,TRACK JACKET,"1,385",897,310,35%
2025-05-18,S24,TRACK PANT,828,552,181,33%
2025-05-18,S24,T-SHIRT,38,12,7,68%
2025-05-18,S25,0,59,38,8,36%
2025-05-18,S25,ACCESSORIES,232,156,44,33%
2025-05-18,S25,ACTIVE JACKET,125,88,26,30%
2025-05-18,S25,CABANA SHIRT,"2,458","1,695",486,31%
2025-05-18,S25,CAMP SHIRT,176,118,30,33%
2025-05-18,S25,CREWNECK,686,476,126,31%
2025-05-18,S25,DRESS,375,246,73,34%
2025-05-18,S25,FOOTWEAR,300,200,66,34%
2025-05-18,S25,HAT,280,212,61,24%
2025-05-18,S25,PANTS,135,95,27,30%
2025-05-18,S25,POLO,"13,029","8,941","2,736",31%
2025-05-18,S25,PULLOVER,220,154,42,30%
2025-05-18,S25,SHOES,340,214,82,37%
2025-05-18,S25,SHORTS,"13,149","9,159","2,794",30%
2025-05-18,S25,SKIRT,352,241,72,32%
2025-05-18,S25,SKORT,752,502,151,33%
2025-05-18,S25,SOCKS,162,113,36,30%
2025-05-18,S25,SWEATER,"10,660","7,156","2,458",33%
2025-05-18,S25,SWEATPANTS,528,372,108,30%
2025-05-18,S25,SWEATSHIRT,220,154,36,30%
2025-05-18,S25,TANK TOP,426,288,70,32%
2025-05-18,S25,TRACK JACKET,"9,140","6,376","1,902",30%
2025-05-18,S25,TRACK PANT,"4,871","3,394","1,016",30%
2025-05-18,S25,T-SHIRT,"6,502","4,449","1,134",32%
2025-05-18,S25,VISOR,38,27,7,29%
2025-05-19,CORE,SOCKS,504,461,112,9%
2025-05-19,CORE,TRACK JACKET,140,124,22,12%
2025-05-19,CORE,TRACK PANT,330,318,51,4%
2025-05-19,F22,HAT,156,45,28,71%
2025-05-19,F23,TRACK PANT,-110,-33,-23,70%
2025-05-19,F24,0,-145,-145,-53,0%
2025-05-19,F24,ACCESSORIES,168,84,37,50%
2025-05-19,F24,CAMP SHIRT,600,240,120,60%
2025-05-19,F24,DRESS,10,-2,-13,118%
2025-05-19,F24,LEGGINGS,110,55,21,50%
2025-05-19,F24,LONG SLEEVE KNIT,0,0,0,#DIV/0!
2025-05-19,F24,OUTERWEAR,675,261,147,61%
2025-05-19,F24,POLO,"3,281","1,974",893,40%
2025-05-19,F24,SHORTS,"3,477","1,661",713,52%
2025-05-19,F24,SKIRT,245,115,94,53%
2025-05-19,F24,SWEATER,-390,-179,-91,54%
2025-05-19,F24,SWEATPANTS,250,113,50,55%
2025-05-19,F24,TRACK JACKET,"1,135",488,209,57%
2025-05-19,F24,TRACK PANT,"1,190",585,231,51%
2025-05-19,F24,T-SHIRT,"1,462",667,420,54%
2025-05-19,S23,SHORTS,68,21,14,69%
2025-05-19,S24,CARDIGAN,108,30,19,73%
2025-05-19,S24,DRESS,88,27,19,69%
2025-05-19,S24,FOOTWEAR,59,59,10,0%
2025-05-19,S24,OUTERWEAR,150,45,28,70%
2025-05-19,S24,POLO,224,104,54,54%
2025-05-19,S24,SHORTS,"1,308",363,258,72%
2025-05-19,S24,SKIRT,506,179,94,65%
2025-05-19,S24,SKORT,254,78,50,69%
2025-05-19,S24,SPORT BRA,412,124,75,70%
2025-05-19,S24,SWEATER,150,45,37,70%
2025-05-19,S24,SWEATPANTS,88,24,16,73%
2025-05-19,S24,TANK TOP,78,24,12,69%
2025-05-19,S24,TRACK JACKET,"2,400","1,391",511,42%
2025-05-19,S24,TRACK PANT,"1,525","1,010",319,34%
2025-05-19,S24,T-SHIRT,38,12,7,68%
2025-05-19,S25,0,206,104,34,50%
2025-05-19,S25,ACCESSORIES,68,48,13,29%
2025-05-19,S25,CABANA SHIRT,"3,208","1,978",638,38%
2025-05-19,S25,CREWNECK,882,600,162,32%
2025-05-19,S25,DRESS,721,499,132,31%
2025-05-19,S25,HAT,464,324,96,30%
2025-05-19,S25,HOODIE,250,176,52,30%
2025-05-19,S25,JACKET,165,116,32,30%
2025-05-19,S25,LONG SLEEVE KNIT,261,171,46,34%
2025-05-19,S25,PANTS,135,67,27,51%
2025-05-19,S25,POLO,"13,146","8,658","2,818",34%
2025-05-19,S25,PULLOVER,345,242,67,30%
2025-05-19,S25,SHORTS,"14,962","10,062","3,176",33%
2025-05-19,S25,SKIRT,410,284,28,31%
2025-05-19,S25,SKORT,508,329,104,35%
2025-05-19,S25,SOCKS,72,52,16,28%
2025-05-19,S25,SWEATER,"7,010","4,507","1,606",36%
2025-05-19,S25,SWEATPANTS,616,422,126,32%
2025-05-19,S25,SWEATSHIRT,110,77,18,30%
2025-05-19,S25,TANK TOP,280,190,52,32%
2025-05-19,S25,TRACK JACKET,"8,870","5,859","1,741",34%
2025-05-19,S25,TRACK PANT,"5,060","3,213","1,054",37%
2025-05-19,S25,T-SHIRT,"7,216","4,850","1,262",33%
2025-05-19,S25,VISOR,38,27,7,29%
2025-05-20,CORE,SOCKS,468,452,104,3%
2025-05-20,CORE,TRACK JACKET,-25,-11,-14,56%
2025-05-20,CORE,TRACK PANT,-125,-114,-28,9%
2025-05-20,F22,HAT,204,61,36,70%
2025-05-20,F23,SWEATPANTS,88,27,16,69%
2025-05-20,F23,TRACK JACKET,-175,-53,-32,70%
2025-05-20,F23,TRACK PANT,370,103,73,72%
2025-05-20,F24,0,0,0,0,#DIV/0!
2025-05-20,F24,ACCESSORIES,294,141,65,52%
2025-05-20,F24,CAMP SHIRT,150,60,30,60%
2025-05-20,F24,DRESS,250,131,54,48%
2025-05-20,F24,HOODIE,-250,-113,-63,55%
2025-05-20,F24,LONG SLEEVE KNIT,-22,-19,19,16%
2025-05-20,F24,POLO,"2,748","1,545",713,44%
2025-05-20,F24,SHORTS,"2,788","1,305",672,53%
2025-05-20,F24,SKIRT,323,162,128,50%
2025-05-20,F24,SWEATER,250,150,63,40%
2025-05-20,F24,TRACK JACKET,"3,630","1,574",771,57%
2025-05-20,F24,TRACK PANT,"3,375","1,520",685,55%
2025-05-20,F24,T-SHIRT,"1,284",568,424,56%
2025-05-20,S24,DRESS,88,27,19,69%
2025-05-20,S24,POLO,244,110,59,55%
2025-05-20,S24,SHORTS,"1,003",304,202,70%
2025-05-20,S24,SKIRT,302,155,80,49%
2025-05-20,S24,SWEATER,-150,-38,-37,75%
2025-05-20,S24,TANK TOP,96,30,18,69%
2025-05-20,S24,TRACK JACKET,840,573,200,32%
2025-05-20,S24,TRACK PANT,875,577,181,34%
2025-05-20,S24,T-SHIRT,192,128,80,33%
2025-05-20,S25,CABANA SHIRT,"1,946","1,285",398,34%
2025-05-20,S25,CAMP SHIRT,176,118,30,33%
2025-05-20,S25,CREWNECK,294,62,54,79%
2025-05-20,S25,DRESS,250,176,48,30%
2025-05-20,S25,FOOTWEAR,300,200,66,34%
2025-05-20,S25,HAT,270,210,62,22%
2025-05-20,S25,HOODIE,125,-47,26,138%
2025-05-20,S25,JACKET,165,116,32,30%
2025-05-20,S25,PANTS,135,95,27,30%
2025-05-20,S25,POLO,"11,248","7,673","2,485",32%
2025-05-20,S25,PULLOVER,125,88,25,30%
2025-05-20,S25,SHORTS,"11,273","7,598","2,462",33%
2025-05-20,S25,SKIRT,332,234,26,30%
2025-05-20,S25,SKORT,332,228,65,31%
2025-05-20,S25,SOCKS,108,79,24,27%
2025-05-20,S25,SWEATER,"4,830","2,701","1,113",44%
2025-05-20,S25,SWEATPANTS,362,131,72,64%
2025-05-20,S25,TANK TOP,116,77,16,33%
2025-05-20,S25,TOWEL,48,48,26,0%
2025-05-20,S25,TRACK JACKET,"11,045","7,167","2,259",35%
2025-05-20,S25,TRACK PANT,"6,433","4,027","1,351",37%
2025-05-20,S25,T-SHIRT,"3,462","2,338",604,32%
2025-05-21,CORE,HAT,126,126,21,0%
2025-05-21,CORE,SOCKS,486,481,108,1%
2025-05-21,CORE,TRACK JACKET,610,610,116,0%
2025-05-21,CORE,TRACK PANT,690,653,124,5%
2025-05-21,F21,HAT,38,15,6,61%
2025-05-21,F22,TRACK JACKET,-165,-34,-34,79%
2025-05-21,F23,SWEATPANTS,88,27,16,69%
2025-05-21,F23,TRACK PANT,345,104,71,70%
2025-05-21,F24,ACCESSORIES,252,126,56,50%
2025-05-21,F24,CAMP SHIRT,"1,035",403,213,61%
2025-05-21,F24,DRESS,270,129,44,52%
2025-05-21,F24,HOODIE,0,6,4,#DIV/0!
2025-05-21,F24,LEGGINGS,110,55,21,50%
2025-05-21,F24,LONG SLEEVE KNIT,250,143,44,43%
2025-05-21,F24,POLO,"2,750","1,365",782,50%
2025-05-21,F24,SHORTS,"2,732","1,248",570,54%
2025-05-21,F24,SKIRT,234,74,102,68%
2025-05-21,F24,SWEATPANTS,559,277,104,51%
2025-05-21,F24,TRACK JACKET,"1,810",706,348,61%
2025-05-21,F24,TRACK PANT,"2,120",866,406,59%
2025-05-21,F24,T-SHIRT,"1,202",554,343,54%
2025-05-21,S24,CARDIGAN,108,33,19,69%
2025-05-21,S24,DRESS,213,92,60,57%
2025-05-21,S24,FOOTWEAR,59,59,10,0%
2025-05-21,S24,POLO,68,21,12,69%
2025-05-21,S24,SHORTS,658,198,121,70%
2025-05-21,S24,SKIRT,302,93,48,69%
2025-05-21,S24,SKORT,78,22,12,72%
2025-05-21,S24,SPORT BRA,96,30,14,69%
2025-05-21,S24,TANK TOP,262,77,43,71%
2025-05-21,S24,TRACK JACKET,690,338,140,51%
2025-05-21,S24,TRACK PANT,850,525,164,38%
2025-05-21,S24,T-SHIRT,144,99,55,31%
2025-05-21,S25,0,59,-8,8,114%
2025-05-21,S25,ACCESSORIES,214,147,41,31%
2025-05-21,S25,CABANA SHIRT,"3,009","1,900",599,37%
2025-05-21,S25,CREWNECK,686,400,126,42%
2025-05-21,S25,DRESS,368,242,64,34%
2025-05-21,S25,FOOTWEAR,600,305,132,49%
2025-05-21,S25,HAT,676,494,146,27%
2025-05-21,S25,JACKET,165,104,32,37%
2025-05-21,S25,LONG SLEEVE KNIT,390,204,50,48%
2025-05-21,S25,POLO,"13,694","8,554","2,990",38%
2025-05-21,S25,PULLOVER,330,231,63,30%
2025-05-21,S25,SHORTS,"15,042","9,477","3,218",37%
2025-05-21,S25,SKIRT,450,299,91,34%
2025-05-21,S25,SKORT,810,539,160,33%
2025-05-21,S25,SOCKS,126,105,28,17%
2025-05-21,S25,SWEATER,"8,310","5,198","1,928",37%
2025-05-21,S25,SWEATPANTS,440,242,90,45%
2025-05-21,S25,TANK TOP,794,534,141,33%
2025-05-21,S25,TRACK JACKET,"10,210","6,566","2,169",36%
2025-05-21,S25,TRACK PANT,"7,150","4,735","1,547",34%
2025-05-21,S25,T-SHIRT,"5,010","3,344",870,33%
2025-05-21,S25,VISOR,38,27,7,29%
2025-05-22,CORE,ACCESSORIES,36,54,17,-50%
2025-05-22,CORE,HAT,42,42,7,0%
2025-05-22,CORE,SOCKS,486,461,108,5%
2025-05-22,CORE,TRACK JACKET,"1,450","1,282",248,12%
2025-05-22,CORE,TRACK PANT,675,664,113,2%
2025-05-22,F21,HAT,38,15,6,61%
2025-05-22,F22,HAT,156,45,28,71%
2025-05-22,F23,TRACK PANT,318,86,63,73%
2025-05-22,F24,0,145,145,53,0%
2025-05-22,F24,ACCESSORIES,504,246,111,51%
2025-05-22,F24,CAMP SHIRT,300,114,62,62%
2025-05-22,F24,FOOTWEAR,150,90,36,40%
2025-05-22,F24,HOODIE,135,81,21,40%
2025-05-22,F24,LEGGINGS,110,55,21,50%
2025-05-22,F24,LONG SLEEVE KNIT,200,107,36,47%
2025-05-22,F24,POLO,"4,034","2,019","1,237",50%
2025-05-22,F24,SHORTS,"2,564","1,179",608,54%
2025-05-22,F24,SKIRT,323,158,128,51%
2025-05-22,F24,SOCKS,36,16,20,55%
2025-05-22,F24,SPORT BRA,68,34,19,50%
2025-05-22,F24,SWEATER,180,60,39,67%
2025-05-22,F24,SWEATPANTS,419,204,79,51%
2025-05-22,F24,TRACK JACKET,"1,805",779,325,57%
2025-05-22,F24,TRACK PANT,"1,960",923,389,53%
2025-05-22,F24,T-SHIRT,880,397,282,55%
2025-05-22,S24,CARDIGAN,324,99,57,69%
2025-05-22,S24,DRESS,88,27,19,69%
2025-05-22,S24,FOOTWEAR,0,0,0,#DIV/0!
2025-05-22,S24,POLO,454,135,76,70%
2025-05-22,S24,SHORTS,574,176,116,69%
2025-05-22,S24,SKIRT,146,45,24,69%
2025-05-22,S24,SPORT BRA,48,15,7,69%
2025-05-22,S24,SWEATPANTS,88,24,16,73%
2025-05-22,S24,TANK TOP,68,21,11,69%
2025-05-22,S24,TRACK JACKET,"1,185",719,323,39%
2025-05-22,S24,TRACK PANT,"1,205",691,277,43%
2025-05-22,S24,T-SHIRT,76,23,14,70%
2025-05-22,S25,0,-59,-59,-8,0%
2025-05-22,S25,ACCESSORIES,88,56,17,37%
2025-05-22,S25,ACTIVE JACKET,250,176,52,30%
2025-05-22,S25,CABANA SHIRT,"2,223","1,484",444,33%
2025-05-22,S25,CAMP SHIRT,88,62,15,30%
2025-05-22,S25,CREWNECK,294,95,54,68%
2025-05-22,S25,DRESS,243,171,43,30%
2025-05-22,S25,FOOTWEAR,600,410,132,32%
2025-05-22,S25,HAT,522,350,108,33%
2025-05-22,S25,JACKET,-165,-165,-32,0%
2025-05-22,S25,LEGGINGS,118,83,21,30%
2025-05-22,S25,LONG SLEEVE KNIT,78,50,10,37%
2025-05-22,S25,POLO,"13,379","9,141","2,955",32%
2025-05-22,S25,PULLOVER,220,154,42,30%
2025-05-22,S25,SHORTS,"14,831","9,979","3,200",33%
2025-05-22,S25,SKIRT,291,227,68,22%
2025-05-22,S25,SKORT,264,186,57,30%
2025-05-22,S25,SOCKS,18,13,4,28%
2025-05-22,S25,SWEATER,"9,480","5,952","2,165",37%
2025-05-22,S25,SWEATPANTS,264,174,54,34%
2025-05-22,S25,TANK TOP,174,119,33,32%
2025-05-22,S25,TRACK JACKET,"13,310","8,670","2,541",35%
2025-05-22,S25,TRACK PANT,"7,913","5,246","1,590",34%
2025-05-22,S25,T-SHIRT,"5,986","3,936","1,059",34%
2025-05-22,S25,VISOR,38,27,7,29%
2025-05-23,CORE,HAT,126,126,21,0%
2025-05-23,CORE,SOCKS,378,369,84,2%
2025-05-23,CORE,TRACK JACKET,890,689,160,23%
2025-05-23,CORE,TRACK PANT,470,324,90,31%
2025-05-23,F21,HAT,38,15,6,61%
2025-05-23,F22,HAT,48,15,8,69%
2025-05-23,F22,SHORTS,156,48,28,69%
2025-05-23,F23,OUTERWEAR,175,53,40,70%
2025-05-23,F24,ACCESSORIES,462,229,106,50%
2025-05-23,F24,CAMP SHIRT,450,180,90,60%
2025-05-23,F24,DRESS,395,204,63,48%
2025-05-23,F24,FOOTWEAR,320,226,88,29%
2025-05-23,F24,HOODIE,125,63,32,50%
2025-05-23,F24,LONG SLEEVE KNIT,120,-2,25,102%
2025-05-23,F24,POLO,"3,214","1,825",924,43%
2025-05-23,F24,SHORTS,"3,401","1,543",812,55%
2025-05-23,F24,SKIRT,234,130,79,44%
2025-05-23,F24,SWEATPANTS,431,210,85,51%
2025-05-23,F24,SWEATSHIRT,125,57,26,55%
2025-05-23,F24,TRACK JACKET,"2,320","1,276",497,45%
2025-05-23,F24,TRACK PANT,"2,545","1,321",497,48%
2025-05-23,F24,T-SHIRT,"1,498",661,444,56%
2025-05-23,S24,CARDIGAN,108,0,19,100%
2025-05-23,S24,DRESS,-98,-30,-17,69%
2025-05-23,S24,FOOTWEAR,263,178,66,32%
2025-05-23,S24,SHORTS,618,122,125,80%
2025-05-23,S24,SKIRT,166,51,30,69%
2025-05-23,S24,SKORT,88,24,19,72%
2025-05-23,S24,SPORT BRA,78,22,16,72%
2025-05-23,S24,SWEATER,150,45,37,70%
2025-05-23,S24,TRACK JACKET,"1,245",802,284,36%
2025-05-23,S24,TRACK PANT,"1,020",660,241,35%
2025-05-23,S25,0,118,76,16,36%
2025-05-23,S25,ACCESSORIES,372,236,78,37%
2025-05-23,S25,CABANA SHIRT,"2,635","1,671",530,37%
2025-05-23,S25,CREWNECK,980,600,180,39%
2025-05-23,S25,DRESS,588,380,111,35%
2025-05-23,S25,FOOTWEAR,300,200,66,34%
2025-05-23,S25,HAT,"1,008",722,217,28%
2025-05-23,S25,HOODIE,125,88,26,30%
2025-05-23,S25,POLO,"16,742","11,444","3,621",32%
2025-05-23,S25,PULLOVER,675,458,130,32%
2025-05-23,S25,SHORTS,"16,215","10,781","3,430",34%
2025-05-23,S25,SKIRT,230,207,92,10%
2025-05-23,S25,SKORT,586,327,120,44%
2025-05-23,S25,SOCKS,198,155,44,22%
2025-05-23,S25,SWEATER,"4,235","2,564",969,39%
2025-05-23,S25,SWEATPANTS,528,304,108,42%
2025-05-23,S25,SWEATSHIRT,440,308,72,30%
2025-05-23,S25,TANK TOP,368,260,61,29%
2025-05-23,S25,TRACK JACKET,"14,570","9,470","2,955",35%
2025-05-23,S25,TRACK PANT,"10,055","6,599","2,052",34%
2025-05-23,S25,T-SHIRT,"6,730","4,456","1,197",34%
2025-05-23,S25,VISOR,114,76,21,34%
2025-05-24,CORE,SOCKS,558,536,124,4%
2025-05-24,CORE,TRACK JACKET,"1,475","1,461",262,1%
2025-05-24,CORE,TRACK PANT,"1,160","1,137",214,2%
2025-05-24,F23,OUTERWEAR,175,53,40,70%
2025-05-24,F23,SWEATPANTS,88,27,16,69%
2025-05-24,F23,TRACK PANT,110,30,23,73%
2025-05-24,F24,ACCESSORIES,462,227,103,51%
2025-05-24,F24,CAMP SHIRT,150,60,32,60%
2025-05-24,F24,DRESS,135,-7,22,105%
2025-05-24,F24,FOOTWEAR,320,226,88,29%
2025-05-24,F24,HOODIE,150,75,33,50%
2025-05-24,F24,LEGGINGS,220,110,42,50%
2025-05-24,F24,LONG SLEEVE KNIT,613,337,115,45%
2025-05-24,F24,OUTERWEAR,225,81,49,64%
2025-05-24,F24,POLO,"3,461","1,884","1,242",46%
2025-05-24,F24,SHORTS,"2,319","1,000",511,57%
2025-05-24,F24,SKIRT,578,295,204,49%
2025-05-24,F24,SOCKS,18,9,10,50%
2025-05-24,F24,SWEATPANTS,294,147,54,50%
2025-05-24,F24,SWEATSHIRT,145,102,55,30%
2025-05-24,F24,TRACK JACKET,"1,270",623,245,51%
2025-05-24,F24,TRACK PANT,"1,875","1,003",365,46%
2025-05-24,F24,T-SHIRT,"1,036",511,364,51%
2025-05-24,S23,SHORTS,125,38,33,70%
2025-05-24,S24,CARDIGAN,108,30,19,73%
2025-05-24,S24,DRESS,176,49,38,72%
2025-05-24,S24,FOOTWEAR,467,453,122,3%
2025-05-24,S24,OUTERWEAR,150,45,28,70%
2025-05-24,S24,SHORTS,300,87,64,71%
2025-05-24,S24,SKIRT,136,40,18,71%
2025-05-24,S24,SKORT,88,27,19,69%
2025-05-24,S24,SPORT BRA,192,59,28,70%
2025-05-24,S24,TRACK JACKET,420,284,98,32%
2025-05-24,S24,TRACK PANT,500,293,111,41%
2025-05-24,S25,CABANA SHIRT,"1,760","1,036",350,41%
2025-05-24,S25,CAMP SHIRT,88,62,15,30%
2025-05-24,S25,CREWNECK,0,-29,0,#DIV/0!
2025-05-24,S25,DRESS,485,341,94,30%
2025-05-24,S25,FOOTWEAR,750,504,165,33%
2025-05-24,S25,HAT,564,342,120,39%
2025-05-24,S25,HOODIE,0,11,0,#DIV/0!
2025-05-24,S25,LONG SLEEVE KNIT,234,105,30,55%
2025-05-24,S25,PANTS,135,86,27,37%
2025-05-24,S25,POLO,"13,378","9,088","2,864",32%
2025-05-24,S25,PULLOVER,110,77,21,30%
2025-05-24,S25,SHORTS,"11,099","7,273","2,320",34%
2025-05-24,S25,SKIRT,254,179,24,30%
2025-05-24,S25,SKORT,586,402,117,31%
2025-05-24,S25,SOCKS,90,65,22,28%
2025-05-24,S25,SWEATER,"7,300","4,975","1,655",32%
2025-05-24,S25,SWEATPANTS,0,-26,0,#DIV/0!
2025-05-24,S25,SWEATSHIRT,110,77,18,30%
2025-05-24,S25,TANK TOP,194,132,38,32%
2025-05-24,S25,TRACK JACKET,"8,090","4,990","1,676",38%
2025-05-24,S25,TRACK PANT,"5,323","3,383","1,026",36%
2025-05-24,S25,T-SHIRT,"4,880","3,337",878,32%
2025-05-24,S25,VISOR,76,51,14,33%
2025-05-24,SS22,T-SHIRT,46,13,12,72%
2025-05-25,CORE,HAT,42,42,7,0%
2025-05-25,CORE,SOCKS,450,439,100,2%
2025-05-25,CORE,TRACK JACKET,"1,640","1,579",298,4%
2025-05-25,CORE,TRACK PANT,"1,020",997,175,2%
2025-05-25,F22,HAT,48,14,8,72%
2025-05-25,F23,SWEATPANTS,88,27,16,69%
2025-05-25,F23,TRACK PANT,330,92,67,72%
2025-05-25,F24,ACCESSORIES,378,187,84,51%
2025-05-25,F24,CAMP SHIRT,300,120,60,60%
2025-05-25,F24,DRESS,260,131,57,50%
2025-05-25,F24,HOODIE,300,135,66,55%
2025-05-25,F24,LEGGINGS,440,204,84,54%
2025-05-25,F24,LONG SLEEVE KNIT,790,396,157,50%
2025-05-25,F24,POLO,"3,349","1,807","1,034",46%
2025-05-25,F24,SHORTS,"2,695","1,283",664,52%
2025-05-25,F24,SKIRT,479,228,196,52%
2025-05-25,F24,SPORT BRA,136,61,38,55%
2025-05-25,F24,SWEATPANTS,110,50,25,55%
2025-05-25,F24,TRACK JACKET,"1,950",860,370,56%
2025-05-25,F24,TRACK PANT,"2,335","1,132",426,52%
2025-05-25,F24,T-SHIRT,"1,315",555,441,58%
2025-05-25,S24,DRESS,186,51,36,72%
2025-05-25,S24,FOOTWEAR,322,316,76,2%
2025-05-25,S24,POLO,444,229,86,48%
2025-05-25,S24,SHORTS,861,253,165,71%
2025-05-25,S24,SKIRT,604,230,128,62%
2025-05-25,S24,SKORT,78,24,12,69%
2025-05-25,S24,SPORT BRA,96,29,14,70%
2025-05-25,S24,TANK TOP,174,53,30,70%
2025-05-25,S24,TRACK JACKET,"1,370",730,292,47%
2025-05-25,S24,TRACK PANT,"1,103",629,230,43%
2025-05-25,S24,T-SHIRT,172,77,64,55%
2025-05-25,S25,ACCESSORIES,136,91,26,33%
2025-05-25,S25,CABANA SHIRT,"3,465","2,343",679,32%
2025-05-25,S25,CAMP SHIRT,264,174,45,34%
2025-05-25,S25,CREWNECK,588,400,108,32%
2025-05-25,S25,DRESS,360,253,71,30%
2025-05-25,S25,FOOTWEAR,300,210,66,30%
2025-05-25,S25,HAT,676,507,157,25%
2025-05-25,S25,HOODIE,925,613,196,34%
2025-05-25,S25,JACKET,165,104,32,37%
2025-05-25,S25,LEGGINGS,110,77,20,30%
2025-05-25,S25,LONG SLEEVE KNIT,292,202,40,31%
2025-05-25,S25,PANTS,270,171,54,37%
2025-05-25,S25,POLO,"18,733","12,960","4,158",31%
2025-05-25,S25,PULLOVER,360,237,71,34%
2025-05-25,S25,SHORTS,"17,193","11,481","3,685",33%
2025-05-25,S25,SKIRT,372,255,62,31%
2025-05-25,S25,SKORT,634,433,124,32%
2025-05-25,S25,SOCKS,198,135,47,32%
2025-05-25,S25,SWEATER,"8,545","5,604","1,969",34%
2025-05-25,S25,SWEATPANTS,"1,116",753,216,33%
2025-05-25,S25,TANK TOP,358,241,64,33%
2025-05-25,S25,TOWEL,48,48,26,0%
2025-05-25,S25,TRACK JACKET,"14,840","9,757","2,965",34%
2025-05-25,S25,TRACK PANT,"9,231","6,030","1,886",35%
2025-05-25,S25,T-SHIRT,"6,308","4,045","1,126",36%
2025-05-26,CORE,ACCESSORIES,12,16,6,-35%
2025-05-26,CORE,HAT,126,126,22,0%
2025-05-26,CORE,SOCKS,630,590,140,6%
2025-05-26,CORE,TRACK JACKET,585,541,102,8%
2025-05-26,CORE,TRACK PANT,220,198,34,10%
2025-05-26,F21,HAT,38,9,6,76%
2025-05-26,F23,TRACK PANT,208,60,38,71%
2025-05-26,F24,ACCESSORIES,504,223,111,56%
2025-05-26,F24,CAMP SHIRT,735,302,151,59%
2025-05-26,F24,CREWNECK,125,79,36,37%
2025-05-26,F24,DRESS,770,382,136,50%
2025-05-26,F24,LEGGINGS,110,55,21,50%
2025-05-26,F24,LONG SLEEVE KNIT,"1,200",600,235,50%
2025-05-26,F24,POLO,"5,628","2,952","1,810",48%
2025-05-26,F24,SHORTS,"4,059","1,888",930,53%
2025-05-26,F24,SKIRT,557,260,231,53%
2025-05-26,F24,SPORT BRA,136,65,38,53%
2025-05-26,F24,SWEATER,295,106,68,64%
2025-05-26,F24,SWEATPANTS,125,57,25,55%
2025-05-26,F24,SWEATSHIRT,125,57,26,55%
2025-05-26,F24,TRACK JACKET,"2,785","1,396",535,50%
2025-05-26,F24,TRACK PANT,"3,135","1,549",602,51%
2025-05-26,F24,T-SHIRT,"2,396","1,059",852,56%
2025-05-26,S24,DRESS,176,51,38,71%
2025-05-26,S24,FOOTWEAR,177,165,30,7%
2025-05-26,S24,POLO,292,121,66,59%
2025-05-26,S24,SHORTS,"1,361",398,267,71%
2025-05-26,S24,SKIRT,292,116,61,60%
2025-05-26,S24,SKORT,166,48,31,71%
2025-05-26,S24,SPORT BRA,286,85,52,70%
2025-05-26,S24,TANK TOP,194,59,32,70%
2025-05-26,S24,TRACK JACKET,"2,920","1,757",649,40%
2025-05-26,S24,TRACK PANT,"1,703","1,025",369,40%
2025-05-26,S24,T-SHIRT,192,115,80,40%
2025-05-26,S25,0,177,118,24,34%
2025-05-26,S25,ACCESSORIES,334,220,71,34%
2025-05-26,S25,BAG,150,105,89,30%
2025-05-26,S25,CABANA SHIRT,"4,233","2,717",835,36%
2025-05-26,S25,CREWNECK,"1,078",704,198,35%
2025-05-26,S25,DRESS,625,405,117,35%
2025-05-26,S25,FOOTWEAR,300,189,66,37%
2025-05-26,S25,HAT,"1,396",932,305,33%
2025-05-26,S25,HOODIE,"1,225",783,262,36%
2025-05-26,S25,LONG SLEEVE KNIT,406,272,72,33%
2025-05-26,S25,POLO,"25,605","17,115","5,402",33%
2025-05-26,S25,PULLOVER,440,308,84,30%
2025-05-26,S25,SHORTS,"22,966","15,247","4,855",34%
2025-05-26,S25,SKIRT,196,131,40,33%
2025-05-26,S25,SKORT,800,537,155,33%
2025-05-26,S25,SOCKS,198,139,46,30%
2025-05-26,S25,SWEATER,"14,165","9,262","3,259",35%
2025-05-26,S25,SWEATPANTS,"1,458",943,288,35%
2025-05-26,S25,SWEATSHIRT,110,77,18,30%
2025-05-26,S25,TANK TOP,126,80,23,36%
2025-05-26,S25,TRACK JACKET,"21,220","13,995","4,190",34%
2025-05-26,S25,TRACK PANT,"12,915","8,599","2,640",33%
2025-05-26,S25,T-SHIRT,"10,402","6,964","1,796",33%
2025-05-26,S25,VISOR,38,24,7,36%
2025-05-27,CORE,HAT,-42,-42,-7,0%
2025-05-27,CORE,SOCKS,162,160,36,1%
2025-05-27,CORE,TRACK JACKET,140,126,22,10%
2025-05-27,CORE,TRACK PANT,0,-11,0,#DIV/0!
2025-05-27,F22,HAT,96,29,16,70%
2025-05-27,F23,TRACK PANT,110,30,23,73%
2025-05-27,F24,ACCESSORIES,168,80,37,53%
2025-05-27,F24,CAMP SHIRT,450,174,90,61%
2025-05-27,F24,DRESS,250,150,38,40%
2025-05-27,F24,FOOTWEAR,160,113,44,29%
2025-05-27,F24,LONG SLEEVE KNIT,235,130,42,45%
2025-05-27,F24,POLO,"3,182","1,859",951,42%
2025-05-27,F24,SHORTS,"1,898",942,411,50%
2025-05-27,F24,SKIRT,323,162,128,50%
2025-05-27,F24,SWEATPANTS,125,63,25,50%
2025-05-27,F24,TRACK JACKET,"2,015","1,081",393,46%
2025-05-27,F24,TRACK PANT,"1,560",866,302,44%
2025-05-27,F24,T-SHIRT,456,220,163,52%
2025-05-27,S24,FOOTWEAR,118,112,20,5%
2025-05-27,S24,OUTERWEAR,150,41,28,73%
2025-05-27,S24,POLO,68,21,12,69%
2025-05-27,S24,SHORTS,551,160,91,71%
2025-05-27,S24,SKIRT,214,64,33,70%
2025-05-27,S24,SPORT BRA,96,30,14,69%
2025-05-27,S24,TANK TOP,282,85,45,70%
2025-05-27,S24,TRACK JACKET,975,605,208,38%
2025-05-27,S24,TRACK PANT,375,255,73,32%
2025-05-27,S25,BAG,110,77,50,30%
2025-05-27,S25,CABANA SHIRT,"2,598","1,767",506,32%
2025-05-27,S25,CREWNECK,490,338,90,31%
2025-05-27,S25,FOOTWEAR,150,105,33,30%
2025-05-27,S25,HAT,280,208,61,26%
2025-05-27,S25,HOODIE,250,88,52,65%
2025-05-27,S25,LONG SLEEVE KNIT,78,55,10,29%
2025-05-27,S25,POLO,"12,835","8,920","2,848",31%
2025-05-27,S25,PULLOVER,125,79,25,37%
2025-05-27,S25,SHORTS,"10,713","7,030","2,279",34%
2025-05-27,S25,SKIRT,292,202,44,31%
2025-05-27,S25,SKORT,292,195,51,33%
2025-05-27,S25,SOCKS,180,137,45,24%
2025-05-27,S25,SWEATER,"8,740","6,012","2,037",31%
2025-05-27,S25,SWEATPANTS,352,180,72,49%
2025-05-27,S25,TANK TOP,290,201,49,31%
2025-05-27,S25,TRACK JACKET,"10,585","7,102","2,228",33%
2025-05-27,S25,TRACK PANT,"6,350","4,392","1,343",31%
2025-05-27,S25,T-SHIRT,"3,712","2,576",661,31%
2025-05-27,S25,VISOR,38,24,7,36%
2025-05-28,CORE,SOCKS,306,299,68,2%
2025-05-28,CORE,TRACK JACKET,280,280,44,0%
2025-05-28,CORE,TRACK PANT,110,99,17,10%
2025-05-28,F21,HAT,76,30,12,61%
2025-05-28,F22,HAT,96,30,16,69%
2025-05-28,F23,SWEATPANTS,88,24,16,72%
2025-05-28,F24,0,145,145,53,0%
2025-05-28,F24,ACCESSORIES,294,137,65,54%
2025-05-28,F24,BAG,110,77,31,30%
2025-05-28,F24,CAMP SHIRT,300,114,60,62%
2025-05-28,F24,DRESS,10,-9,-13,186%
2025-05-28,F24,HOODIE,385,207,81,46%
2025-05-28,F24,LONG SLEEVE KNIT,496,261,97,47%
2025-05-28,F24,POLO,"1,302",671,293,48%
2025-05-28,F24,SHORTS,"1,391",608,320,56%
2025-05-28,F24,SKIRT,244,123,84,50%
2025-05-28,F24,SWEATPANTS,208,104,42,50%
2025-05-28,F24,TRACK JACKET,"1,275",788,296,38%
2025-05-28,F24,TRACK PANT,885,511,197,42%
2025-05-28,F24,T-SHIRT,500,203,138,59%
2025-05-28,S24,DRESS,213,92,60,57%
2025-05-28,S24,FOOTWEAR,59,59,10,0%
2025-05-28,S24,POLO,386,118,64,69%
2025-05-28,S24,SHORTS,440,132,90,70%
2025-05-28,S24,SKIRT,428,128,66,70%
2025-05-28,S24,SKORT,264,76,57,71%
2025-05-28,S24,SPORT BRA,192,57,28,70%
2025-05-28,S24,SWEATER,150,45,37,70%
2025-05-28,S24,SWEATPANTS,176,43,32,75%
2025-05-28,S24,TANK TOP,96,27,17,72%
2025-05-28,S24,TRACK JACKET,835,507,189,39%
2025-05-28,S24,TRACK PANT,875,552,193,37%
2025-05-28,S25,0,59,38,8,36%
2025-05-28,S25,ACCESSORIES,58,41,11,29%
2025-05-28,S25,CABANA SHIRT,"2,308","1,412",453,39%
2025-05-28,S25,CREWNECK,98,5,18,95%
2025-05-28,S25,DRESS,368,233,66,37%
2025-05-28,S25,FOOTWEAR,300,210,66,30%
2025-05-28,S25,HAT,738,510,155,31%
2025-05-28,S25,HOODIE,400,271,84,32%
2025-05-28,S25,PANTS,135,95,27,30%
2025-05-28,S25,POLO,"9,836","6,522","2,182",34%
2025-05-28,S25,PULLOVER,110,77,21,30%
2025-05-28,S25,SHOES,-170,-170,-41,0%
2025-05-28,S25,SHORTS,"9,611","6,139","2,031",36%
2025-05-28,S25,SKIRT,294,200,60,32%
2025-05-28,S25,SKORT,340,230,55,32%
2025-05-28,S25,SOCKS,198,139,47,30%
2025-05-28,S25,SWEATER,"4,540","2,302","1,024",49%
2025-05-28,S25,SWEATPANTS,274,161,54,41%
2025-05-28,S25,TANK TOP,154,85,21,45%
2025-05-28,S25,TRACK JACKET,"9,105","5,721","1,910",37%
2025-05-28,S25,TRACK PANT,"4,473","2,935",963,34%
2025-05-28,S25,T-SHIRT,"4,710","3,055",829,35%
2025-05-29,CORE,HAT,42,38,7,10%
2025-05-29,CORE,SOCKS,504,482,112,4%
2025-05-29,CORE,TRACK JACKET,-395,-367,-52,7%
2025-05-29,CORE,TRACK PANT,-220,-209,-34,5%
2025-05-29,F22,HAT,144,42,24,71%
2025-05-29,F23,TRACK PANT,110,33,23,70%
2025-05-29,F24,ACCESSORIES,504,248,114,51%
2025-05-29,F24,BAG,110,77,31,30%
2025-05-29,F24,CAMP SHIRT,750,300,150,60%
2025-05-29,F24,CARDIGAN,210,132,95,37%
2025-05-29,F24,DRESS,0,-61,0,#DIV/0!
2025-05-29,F24,HOODIE,135,81,21,40%
2025-05-29,F24,POLO,894,427,173,52%
2025-05-29,F24,SHORTS,"1,345",604,365,55%
2025-05-29,F24,SKIRT,78,39,34,50%
2025-05-29,F24,SWEATER,225,102,44,55%
2025-05-29,F24,SWEATPANTS,125,63,25,50%
2025-05-29,F24,SWEATSHIRT,190,95,47,50%
2025-05-29,F24,TRACK JACKET,"2,415","1,101",467,54%
2025-05-29,F24,TRACK PANT,"1,610",552,305,66%
2025-05-29,F24,T-SHIRT,420,203,156,52%
2025-05-29,S24,CARDIGAN,-108,-33,-19,69%
2025-05-29,S24,DRESS,372,108,72,71%
2025-05-29,S24,FOOTWEAR,322,124,76,62%
2025-05-29,S24,POLO,125,34,20,73%
2025-05-29,S24,SHORTS,206,59,49,71%
2025-05-29,S24,SKIRT,-68,-21,-9,69%
2025-05-29,S24,SKORT,88,27,19,69%
2025-05-29,S24,SPORT BRA,78,24,16,69%
2025-05-29,S24,TRACK JACKET,835,371,185,56%
2025-05-29,S24,TRACK PANT,500,297,111,41%
2025-05-29,S24,T-SHIRT,96,58,50,40%
2025-05-29,S25,CABANA SHIRT,"1,640","1,067",312,35%
2025-05-29,S25,CREWNECK,294,102,54,65%
2025-05-29,S25,DRESS,485,315,92,35%
2025-05-29,S25,FOOTWEAR,450,305,99,32%
2025-05-29,S25,HAT,586,436,132,26%
2025-05-29,S25,HOODIE,150,105,33,30%
2025-05-29,S25,LONG SLEEVE KNIT,-87,-10,-16,88%
2025-05-29,S25,PANTS,135,95,27,30%
2025-05-29,S25,POLO,"12,792","8,260","2,882",35%
2025-05-29,S25,PULLOVER,220,154,42,30%
2025-05-29,S25,SHOES,170,119,41,30%
2025-05-29,S25,SHORTS,"12,180","7,940","2,635",35%
2025-05-29,S25,SKIRT,70,189,120,-170%
2025-05-29,S25,SKORT,546,348,103,36%
2025-05-29,S25,SOCKS,162,122,39,24%
2025-05-29,S25,SWEATER,"4,890","3,063","1,135",37%
2025-05-29,S25,SWEATPANTS,274,177,54,35%
2025-05-29,S25,TANK TOP,310,199,51,36%
2025-05-29,S25,TOWEL,48,48,26,0%
2025-05-29,S25,TRACK JACKET,"4,940","2,285","1,186",54%
2025-05-29,S25,TRACK PANT,"2,262","1,032",425,54%
2025-05-29,S25,T-SHIRT,"5,434","3,633",964,33%
2025-05-30,CORE,ACCESSORIES,12,0,6,100%
2025-05-30,CORE,SOCKS,468,437,104,7%
2025-05-30,CORE,TRACK JACKET,"1,170",890,204,24%
2025-05-30,CORE,TRACK PANT,455,455,79,0%
2025-05-30,F22,HAT,96,29,16,70%
2025-05-30,F23,TRACK PANT,220,33,46,85%
2025-05-30,F24,ACCESSORIES,294,143,69,51%
2025-05-30,F24,CREWNECK,125,79,36,37%
2025-05-30,F24,DRESS,270,136,44,50%
2025-05-30,F24,LONG SLEEVE KNIT,125,68,22,46%
2025-05-30,F24,OUTERWEAR,0,-81,0,#DIV/0!
2025-05-30,F24,POLO,"2,135","1,144",712,46%
2025-05-30,F24,SHORTS,"1,382",714,327,48%
2025-05-30,F24,SKIRT,422,217,136,49%
2025-05-30,F24,SWEATPANTS,419,200,79,52%
2025-05-30,F24,TRACK JACKET,"1,230",781,257,37%
2025-05-30,F24,TRACK PANT,870,530,177,39%
2025-05-30,F24,T-SHIRT,"1,167",587,417,50%
2025-05-30,S24,CARDIGAN,108,33,19,69%
2025-05-30,S24,DRESS,176,51,38,71%
2025-05-30,S24,FOOTWEAR,118,118,20,0%
2025-05-30,S24,POLO,470,205,71,56%
2025-05-30,S24,SHORTS,845,203,160,76%
2025-05-30,S24,SKIRT,224,66,33,70%
2025-05-30,S24,SPORT BRA,96,30,14,69%
2025-05-30,S24,SWEATPANTS,88,24,16,73%
2025-05-30,S24,TANK TOP,116,36,20,69%
2025-05-30,S24,TRACK JACKET,"1,115",717,249,36%
2025-05-30,S24,TRACK PANT,"1,078",706,222,34%
2025-05-30,S24,T-SHIRT,38,12,7,68%
2025-05-30,S25,ACCESSORIES,184,126,35,32%
2025-05-30,S25,CABANA SHIRT,"1,220",744,234,39%
2025-05-30,S25,CREWNECK,294,200,54,32%
2025-05-30,S25,DRESS,125,88,23,30%
2025-05-30,S25,FOOTWEAR,150,11,33,93%
2025-05-30,S25,HAT,390,269,83,31%
2025-05-30,S25,HOODIE,213,88,43,59%
2025-05-30,S25,LONG SLEEVE KNIT,203,143,36,30%
2025-05-30,S25,PANTS,345,242,71,30%
2025-05-30,S25,POLO,"9,822","6,213","2,129",37%
2025-05-30,S25,PULLOVER,220,139,42,37%
2025-05-30,S25,SHOES,170,119,41,30%
2025-05-30,S25,SHORTS,"9,842","6,358","2,109",35%
2025-05-30,S25,SKIRT,372,255,62,31%
2025-05-30,S25,SKORT,820,564,165,31%
2025-05-30,S25,SOCKS,90,65,22,28%
2025-05-30,S25,SPORT BRA,68,48,17,29%
2025-05-30,S25,SWEATER,"6,560","4,152","1,522",37%
2025-05-30,S25,SWEATPANTS,264,180,54,32%
2025-05-30,S25,SWEATSHIRT,110,77,18,30%
2025-05-30,S25,TANK TOP,300,200,46,33%
2025-05-30,S25,TOWEL,48,48,26,0%
2025-05-30,S25,TRACK JACKET,"7,580","4,766","1,575",37%
2025-05-30,S25,TRACK PANT,"4,170","2,116",790,49%
2025-05-30,S25,T-SHIRT,"4,928","3,171",865,36%
2025-05-30,S25,VISOR,76,51,14,33%
2025-05-31,CORE,HAT,84,80,14,5%
2025-05-31,CORE,SOCKS,378,371,84,2%
2025-05-31,CORE,TRACK JACKET,"1,005",991,168,1%
2025-05-31,CORE,TRACK PANT,785,785,130,0%
2025-05-31,F22,HAT,48,14,8,72%
2025-05-31,F24,0,145,145,53,0%
2025-05-31,F24,ACCESSORIES,294,145,67,51%
2025-05-31,F24,CAMP SHIRT,150,54,30,64%
2025-05-31,F24,DRESS,250,143,38,43%
2025-05-31,F24,FOOTWEAR,150,90,36,40%
2025-05-31,F24,HOODIE,125,63,28,50%
2025-05-31,F24,LONG SLEEVE KNIT,395,172,82,57%
2025-05-31,F24,POLO,"2,318","1,328",665,43%
2025-05-31,F24,SHORTS,"2,291",999,542,56%
2025-05-31,F24,SKIRT,411,207,144,50%
2025-05-31,F24,SWEATER,250,150,63,40%
2025-05-31,F24,SWEATPANTS,98,44,18,55%
2025-05-31,F24,TRACK JACKET,"1,290",480,246,63%
2025-05-31,F24,TRACK PANT,"1,735",959,335,45%
2025-05-31,F24,T-SHIRT,"1,170",536,400,54%
2025-05-31,S24,DRESS,186,51,36,72%
2025-05-31,S24,FOOTWEAR,-145,-131,-46,10%
2025-05-31,S24,POLO,88,0,30,100%
2025-05-31,S24,SHORTS,352,58,75,83%
2025-05-31,S24,SKIRT,302,122,67,60%
2025-05-31,S24,SKORT,88,27,19,69%
2025-05-31,S24,SPORT BRA,126,39,23,69%
2025-05-31,S24,TANK TOP,136,22,22,83%
2025-05-31,S24,TRACK JACKET,"1,535",636,347,59%
2025-05-31,S24,TRACK PANT,"1,375",601,285,56%
2025-05-31,S25,0,59,42,8,29%
2025-05-31,S25,CABANA SHIRT,"1,620","1,131",318,30%
2025-05-31,S25,CREWNECK,392,255,72,35%
2025-05-31,S25,DRESS,118,75,18,37%
2025-05-31,S25,FOOTWEAR,0,-105,0,#DIV/0!
2025-05-31,S25,HAT,658,459,150,30%
2025-05-31,S25,HOODIE,125,88,26,30%
2025-05-31,S25,JACKET,165,104,32,37%
2025-05-31,S25,LONG SLEEVE KNIT,125,79,26,37%
2025-05-31,S25,PANTS,135,95,27,30%
2025-05-31,S25,POLO,"13,280","8,696","2,900",35%
2025-05-31,S25,PULLOVER,110,77,21,30%
2025-05-31,S25,SHOES,170,107,41,37%
2025-05-31,S25,SHORTS,"12,019","8,064","2,543",33%
2025-05-31,S25,SKIRT,487,377,108,23%
2025-05-31,S25,SKORT,664,462,133,30%
2025-05-31,S25,SOCKS,108,80,25,26%
2025-05-31,S25,SWEATER,"8,310","5,397","1,930",35%
2025-05-31,S25,SWEATPANTS,440,285,90,35%
2025-05-31,S25,SWEATSHIRT,110,77,18,30%
2025-05-31,S25,TANK TOP,300,164,46,45%
2025-05-31,S25,TOWEL,48,48,26,0%
2025-05-31,S25,TRACK JACKET,"11,225","7,580","2,314",32%
2025-05-31,S25,TRACK PANT,"5,680","3,860","1,135",32%
2025-05-31,S25,T-SHIRT,"4,814","3,293",838,32%
2025-05-31,S25,VISOR,0,0,0,#DIV/0!
2025-06-01,CORE,SOCKS,522,509,116,2%
2025-06-01,CORE,TRACK JACKET,560,406,88,27%
2025-06-01,CORE,TRACK PANT,550,429,85,22%
2025-06-01,F24,ACCESSORIES,210,103,46,51%
2025-06-01,F24,CAMP SHIRT,285,122,61,57%
2025-06-01,F24,DRESS,260,131,57,50%
2025-06-01,F24,LONG SLEEVE KNIT,"1,080",558,222,48%
2025-06-01,F24,POLO,"1,828",953,541,48%
2025-06-01,F24,SHORTS,"2,164","1,062",509,51%
2025-06-01,F24,SKIRT,78,39,34,50%
2025-06-01,F24,SWEATPANTS,294,142,54,52%
2025-06-01,F24,TRACK JACKET,"2,540","1,375",532,46%
2025-06-01,F24,TRACK PANT,"1,585",870,317,45%
2025-06-01,F24,T-SHIRT,"1,262",584,456,54%
2025-06-01,S24,DRESS,88,24,19,72%
2025-06-01,S24,FOOTWEAR,236,236,40,0%
2025-06-01,S24,POLO,213,96,50,55%
2025-06-01,S24,SHORTS,402,115,81,71%
2025-06-01,S24,SKIRT,322,130,67,60%
2025-06-01,S24,SKORT,166,51,31,69%
2025-06-01,S24,SPORT BRA,126,39,23,69%
2025-06-01,S24,SWEATPANTS,88,24,16,73%
2025-06-01,S24,TANK TOP,146,45,23,69%
2025-06-01,S24,TRACK JACKET,"1,915","1,192",399,38%
2025-06-01,S24,TRACK PANT,828,561,186,32%
2025-06-01,S25,0,177,122,24,31%
2025-06-01,S25,CABANA SHIRT,"3,265","2,132",645,35%
2025-06-01,S25,CREWNECK,392,262,72,33%
2025-06-01,S25,DRESS,368,251,68,32%
2025-06-01,S25,HAT,548,385,119,30%
2025-06-01,S25,HOODIE,525,350,111,33%
2025-06-01,S25,LONG SLEEVE KNIT,156,105,20,33%
2025-06-01,S25,PANTS,345,218,71,37%
2025-06-01,S25,POLO,"10,589","7,013","2,285",34%
2025-06-01,S25,PULLOVER,220,154,42,30%
2025-06-01,S25,SHORTS,"12,609","8,495","2,603",33%
2025-06-01,S25,SKIRT,447,338,99,24%
2025-06-01,S25,SKORT,762,514,156,33%
2025-06-01,S25,SOCKS,162,124,37,23%
2025-06-01,S25,SWEATER,"6,505","4,188","1,495",36%
2025-06-01,S25,SWEATPANTS,460,312,90,32%
2025-06-01,S25,SWEATSHIRT,220,154,36,30%
2025-06-01,S25,TANK TOP,310,211,54,32%
2025-06-01,S25,TRACK JACKET,"12,690","8,363","2,530",34%
2025-06-01,S25,TRACK PANT,"7,225","4,795","1,472",34%
2025-06-01,S25,T-SHIRT,"6,592","4,519","1,186",31%
2025-06-02,CORE,ACCESSORIES,18,18,5,0%
2025-06-02,CORE,HAT,42,42,7,0%
2025-06-02,CORE,SOCKS,396,382,88,4%
2025-06-02,CORE,TRACK JACKET,700,700,110,0%
2025-06-02,CORE,TRACK PANT,220,220,34,0%
2025-06-02,F22,HAT,144,45,24,69%
2025-06-02,F23,SWEATPANTS,88,27,16,69%
2025-06-02,F23,TRACK PANT,98,27,17,72%
2025-06-02,F24,ACCESSORIES,126,63,29,50%
2025-06-02,F24,CAMP SHIRT,0,0,-2,#DIV/0!
2025-06-02,F24,DRESS,260,143,41,45%
2025-06-02,F24,HOODIE,-285,-140,-54,51%
2025-06-02,F24,LEGGINGS,0,0,0,#DIV/0!
2025-06-02,F24,LONG SLEEVE KNIT,265,45,58,83%
2025-06-02,F24,OUTERWEAR,225,90,49,60%
2025-06-02,F24,POLO,"2,351","1,358",679,42%
2025-06-02,F24,SHORTS,"2,420","1,112",524,54%
2025-06-02,F24,SKIRT,489,232,201,53%
2025-06-02,F24,SOCKS,18,9,10,50%
2025-06-02,F24,SPORT BRA,68,34,19,50%
2025-06-02,F24,SWEATER,135,73,21,46%
2025-06-02,F24,SWEATPANTS,125,57,25,55%
2025-06-02,F24,TRACK JACKET,"1,240",668,231,46%
2025-06-02,F24,TRACK PANT,"1,675",940,326,44%
2025-06-02,F24,T-SHIRT,"1,203",549,401,54%
2025-06-02,S24,FOOTWEAR,236,236,40,0%
2025-06-02,S24,POLO,383,245,56,36%
2025-06-02,S24,SHORTS,647,194,117,70%
2025-06-02,S24,SKIRT,224,69,39,69%
2025-06-02,S24,SKORT,156,48,24,69%
2025-06-02,S24,SPORT BRA,96,29,14,70%
2025-06-02,S24,SWEATER,150,45,37,70%
2025-06-02,S24,TANK TOP,292,90,46,69%
2025-06-02,S24,TRACK JACKET,"1,100",448,216,59%
2025-06-02,S24,TRACK PANT,609,304,116,50%
2025-06-02,S25,ACCESSORIES,184,121,35,34%
2025-06-02,S25,CABANA SHIRT,"1,000",678,192,32%
2025-06-02,S25,CREWNECK,490,338,90,31%
2025-06-02,S25,DRESS,368,259,66,30%
2025-06-02,S25,FOOTWEAR,150,105,33,30%
2025-06-02,S25,HAT,522,361,108,31%
2025-06-02,S25,HOODIE,500,334,104,33%
2025-06-02,S25,LONG SLEEVE KNIT,194,129,30,34%
2025-06-02,S25,PANTS,-135,-86,-27,37%
2025-06-02,S25,POLO,"11,606","7,490","2,466",35%
2025-06-02,S25,PULLOVER,550,308,105,44%
2025-06-02,S25,SHOES,170,119,41,30%
2025-06-02,S25,SHORTS,"11,040","7,356","2,311",33%
2025-06-02,S25,SKIRT,78,55,2,29%
2025-06-02,S25,SKORT,380,252,69,34%
2025-06-02,S25,SOCKS,234,176,56,25%
2025-06-02,S25,SWEATER,"10,925","7,366","2,516",33%
2025-06-02,S25,SWEATPANTS,460,242,90,47%
2025-06-02,S25,TANK TOP,116,83,17,29%
2025-06-02,S25,TRACK JACKET,"6,105","3,788","1,161",38%
2025-06-02,S25,TRACK PANT,"3,577","2,309",700,35%
2025-06-02,S25,T-SHIRT,"5,344","3,693",942,31%
2025-06-02,S25,VISOR,76,54,14,29%
2025-06-03,CORE,ACCESSORIES,36,36,10,0%
2025-06-03,CORE,HAT,84,80,14,5%
2025-06-03,CORE,SOCKS,504,482,112,4%
2025-06-03,CORE,TRACK JACKET,445,445,80,0%
2025-06-03,CORE,TRACK PANT,220,220,34,0%
2025-06-03,F22,HAT,192,57,32,70%
2025-06-03,F24,ACCESSORIES,84,42,20,50%
2025-06-03,F24,BAG,110,69,31,37%
2025-06-03,F24,CAMP SHIRT,450,234,90,48%
2025-06-03,F24,DRESS,610,354,144,42%
2025-06-03,F24,LONG SLEEVE KNIT,210,95,44,55%
2025-06-03,F24,POLO,"2,489","1,550",662,38%
2025-06-03,F24,SHORTS,"2,598","1,207",545,54%
2025-06-03,F24,SKIRT,245,115,94,53%
2025-06-03,F24,SOCKS,-18,-9,-10,50%
2025-06-03,F24,SPORT BRA,68,34,19,50%
2025-06-03,F24,SWEATPANTS,152,71,32,53%
2025-06-03,F24,SWEATSHIRT,125,63,26,50%
2025-06-03,F24,TRACK JACKET,40,25,5,38%
2025-06-03,F24,TRACK PANT,165,0,27,100%
2025-06-03,F24,T-SHIRT,478,243,187,49%
2025-06-03,S24,FOOTWEAR,59,59,10,0%
2025-06-03,S24,POLO,481,213,76,56%
2025-06-03,S24,SHORTS,600,178,121,70%
2025-06-03,S24,SKIRT,292,90,48,69%
2025-06-03,S24,SKORT,176,51,38,71%
2025-06-03,S24,SPORT BRA,252,76,46,70%
2025-06-03,S24,TANK TOP,48,15,9,69%
2025-06-03,S24,TRACK JACKET,840,588,188,30%
2025-06-03,S24,TRACK PANT,875,510,173,42%
2025-06-03,S25,0,206,146,34,29%
2025-06-03,S25,ACCESSORIES,186,122,40,34%
2025-06-03,S25,BAG,110,77,50,30%
2025-06-03,S25,CABANA SHIRT,"2,110","1,425",406,32%
2025-06-03,S25,CREWNECK,294,102,54,65%
2025-06-03,S25,DRESS,493,312,89,37%
2025-06-03,S25,FOOTWEAR,150,95,33,37%
2025-06-03,S25,HAT,444,334,98,25%
2025-06-03,S25,HOODIE,250,143,52,43%
2025-06-03,S25,LONG SLEEVE KNIT,78,55,10,29%
2025-06-03,S25,PANTS,345,218,71,37%
2025-06-03,S25,POLO,"9,912","6,527","2,174",34%
2025-06-03,S25,PULLOVER,330,231,63,30%
2025-06-03,S25,SHORTS,"12,168","7,762","2,554",36%
2025-06-03,S25,SKIRT,274,179,42,35%
2025-06-03,S25,SKORT,400,268,79,33%
2025-06-03,S25,SOCKS,234,165,56,29%
2025-06-03,S25,SWEATER,"8,300","5,129","1,919",38%
2025-06-03,S25,SWEATPANTS,558,291,108,48%
2025-06-03,S25,TANK TOP,300,173,56,42%
2025-06-03,S25,TRACK JACKET,"6,290","3,996","1,242",36%
2025-06-03,S25,TRACK PANT,"4,310","3,048","1,015",29%
2025-06-03,S25,T-SHIRT,"5,866","3,956","1,046",33%
2025-06-04,CORE,ACCESSORIES,18,18,5,0%
2025-06-04,CORE,HAT,126,122,21,3%
2025-06-04,CORE,SOCKS,576,535,128,7%
2025-06-04,CORE,TRACK JACKET,750,750,138,0%
2025-06-04,CORE,TRACK PANT,470,470,90,0%
2025-06-04,F21,HAT,152,60,24,61%
2025-06-04,F22,HAT,108,18,20,83%
2025-06-04,F23,TRACK PANT,250,76,48,70%
2025-06-04,F24,ACCESSORIES,336,168,78,50%
2025-06-04,F24,CAMP SHIRT,300,102,60,66%
2025-06-04,F24,LONG SLEEVE KNIT,590,321,107,46%
2025-06-04,F24,POLO,"3,130","1,886",772,40%
2025-06-04,F24,SHORTS,"4,775","2,220","1,142",53%
2025-06-04,F24,SKIRT,78,35,34,55%
2025-06-04,F24,SOCKS,18,8,10,55%
2025-06-04,F24,SWEATER,550,306,123,44%
2025-06-04,F24,SWEATPANTS,235,118,49,50%
2025-06-04,F24,TRACK JACKET,"1,045",427,209,59%
2025-06-04,F24,TRACK PANT,440,77,61,83%
2025-06-04,F24,T-SHIRT,"1,108",502,338,55%
2025-06-04,S24,CARDIGAN,108,33,19,69%
2025-06-04,S24,FOOTWEAR,177,165,30,7%
2025-06-04,S24,POLO,37,-18,-10,148%
2025-06-04,S24,SHORTS,749,224,139,70%
2025-06-04,S24,SPORT BRA,64,20,15,69%
2025-06-04,S24,TANK TOP,68,21,11,69%
2025-06-04,S24,TRACK JACKET,980,607,226,38%
2025-06-04,S24,TRACK PANT,"1,000",615,210,39%
2025-06-04,S25,0,88,53,18,40%
2025-06-04,S25,ACCESSORIES,246,173,54,30%
2025-06-04,S25,CABANA SHIRT,"2,488","1,585",507,36%
2025-06-04,S25,CREWNECK,686,483,126,30%
2025-06-04,S25,DRESS,0,-12,0,#DIV/0!
2025-06-04,S25,FOOTWEAR,600,420,132,30%
2025-06-04,S25,HAT,728,513,156,30%
2025-06-04,S25,HOODIE,-250,-176,-52,30%
2025-06-04,S25,JACKET,165,99,32,40%
2025-06-04,S25,LONG SLEEVE KNIT,156,110,20,29%
2025-06-04,S25,PANTS,270,154,54,43%
2025-06-04,S25,POLO,"13,193","8,997","2,806",32%
2025-06-04,S25,PULLOVER,125,88,25,30%
2025-06-04,S25,SHORTS,"15,621","10,634","3,303",32%
2025-06-04,S25,SKIRT,193,108,48,44%
2025-06-04,S25,SKORT,468,302,90,35%
2025-06-04,S25,SOCKS,270,191,64,29%
2025-06-04,S25,SPORT BRA,48,26,7,46%
2025-06-04,S25,SWEATER,"6,270","4,228","1,424",33%
2025-06-04,S25,SWEATPANTS,714,503,144,30%
2025-06-04,S25,SWEATSHIRT,110,77,18,30%
2025-06-04,S25,TANK TOP,328,232,54,29%
2025-06-04,S25,TOWEL,48,48,26,0%
2025-06-04,S25,TRACK JACKET,"10,635","7,027","2,213",34%
2025-06-04,S25,TRACK PANT,"4,100","2,857",863,30%
2025-06-04,S25,T-SHIRT,"6,444","4,248","1,157",34%
2025-06-05,CORE,HAT,42,38,7,10%
2025-06-05,CORE,SOCKS,576,556,128,3%
2025-06-05,CORE,TRACK JACKET,750,689,138,8%
2025-06-05,CORE,TRACK PANT,455,421,79,8%
2025-06-05,F22,HAT,60,18,12,70%
2025-06-05,F23,OUTERWEAR,175,53,40,70%
2025-06-05,F24,ACCESSORIES,210,105,51,50%
2025-06-05,F24,CAMP SHIRT,435,182,93,58%
2025-06-05,F24,DRESS,300,136,89,55%
2025-06-05,F24,HOODIE,260,138,53,47%
2025-06-05,F24,LEGGINGS,330,165,63,50%
2025-06-05,F24,LONG SLEEVE KNIT,260,148,49,43%
2025-06-05,F24,OUTERWEAR,225,90,49,60%
2025-06-05,F24,POLO,"3,770","2,393",939,37%
2025-06-05,F24,SHORTS,"4,200","2,033",998,52%
2025-06-05,F24,SKIRT,78,35,34,55%
2025-06-05,F24,SOCKS,18,8,10,55%
2025-06-05,F24,SPORT BRA,68,34,19,50%
2025-06-05,F24,SWEATER,150,90,30,40%
2025-06-05,F24,SWEATPANTS,110,50,24,55%
2025-06-05,F24,SWEATSHIRT,190,95,47,50%
2025-06-05,F24,TRACK JACKET,"1,240",614,247,50%
2025-06-05,F24,TRACK PANT,"1,500",691,305,54%
2025-06-05,F24,T-SHIRT,702,304,264,57%
2025-06-05,S24,CARDIGAN,108,33,19,69%
2025-06-05,S24,DRESS,88,27,19,69%
2025-06-05,S24,FOOTWEAR,59,53,10,10%
2025-06-05,S24,POLO,281,80,49,72%
2025-06-05,S24,SHORTS,204,59,39,71%
2025-06-05,S24,SKIRT,88,24,15,72%
2025-06-05,S24,SKORT,234,70,36,70%
2025-06-05,S24,SPORT BRA,0,0,0,#DIV/0!
2025-06-05,S24,SWEATPANTS,88,24,16,73%
2025-06-05,S24,TANK TOP,224,69,35,69%
2025-06-05,S24,TRACK JACKET,835,507,189,39%
2025-06-05,S24,TRACK PANT,625,384,128,38%
2025-06-05,S25,0,59,38,8,36%
2025-06-05,S25,CABANA SHIRT,"1,956","1,292",402,34%
2025-06-05,S25,CAMP SHIRT,264,154,45,42%
2025-06-05,S25,CREWNECK,294,207,54,30%
2025-06-05,S25,DRESS,603,336,114,44%
2025-06-05,S25,FOOTWEAR,150,105,33,30%
2025-06-05,S25,HAT,"1,118",782,239,30%
2025-06-05,S25,HOODIE,250,176,52,30%
2025-06-05,S25,JACKET,165,99,32,40%
2025-06-05,S25,PANTS,0,-84,0,#DIV/0!
2025-06-05,S25,POLO,"15,688","10,377","3,349",34%
2025-06-05,S25,SHORTS,"18,603","12,590","3,926",32%
2025-06-05,S25,SKIRT,291,94,68,68%
2025-06-05,S25,SKORT,974,577,179,41%
2025-06-05,S25,SOCKS,378,264,90,30%
2025-06-05,S25,SWEATER,"7,110","4,421","1,637",38%
2025-06-05,S25,SWEATPANTS,470,331,90,30%
2025-06-05,S25,TANK TOP,648,384,95,41%
2025-06-05,S25,TRACK JACKET,"7,635","5,072","1,566",34%
2025-06-05,S25,TRACK PANT,"5,448","3,667","1,108",33%
2025-06-05,S25,T-SHIRT,"7,096","4,738","1,269",33%
2025-06-06,CORE,ACCESSORIES,-18,-18,-5,0%
2025-06-06,CORE,HAT,126,126,21,0%
2025-06-06,CORE,SOCKS,792,783,176,1%
2025-06-06,CORE,TRACK JACKET,330,330,72,0%
2025-06-06,CORE,TRACK PANT,250,250,56,0%
2025-06-06,F22,HAT,96,0,16,100%
2025-06-06,F23,POLO,78,22,14,72%
2025-06-06,F23,TRACK PANT,235,64,48,73%
2025-06-06,F24,ACCESSORIES,168,84,39,50%
2025-06-06,F24,DRESS,510,274,95,46%
2025-06-06,F24,FOOTWEAR,-160,-113,-44,29%
2025-06-06,F24,JACKET,325,163,55,50%
2025-06-06,F24,LONG SLEEVE KNIT,595,262,131,56%
2025-06-06,F24,POLO,"3,784","2,173","1,076",43%
2025-06-06,F24,SHORTS,"2,292","1,067",573,53%
2025-06-06,F24,SKIRT,734,352,296,52%
2025-06-06,F24,SWEATER,820,402,171,51%
2025-06-06,F24,SWEATPANTS,110,55,24,50%
2025-06-06,F24,SWEATSHIRT,315,158,73,50%
2025-06-06,F24,TRACK JACKET,"2,090","1,176",421,44%
2025-06-06,F24,TRACK PANT,"1,355",666,274,51%
2025-06-06,F24,T-SHIRT,486,242,215,50%
2025-06-06,S24,DRESS,176,54,38,69%
2025-06-06,S24,FOOTWEAR,59,59,10,0%
2025-06-06,S24,POLO,68,21,12,69%
2025-06-06,S24,SHORTS,774,223,163,71%
2025-06-06,S24,SKIRT,224,67,39,70%
2025-06-06,S24,SKORT,264,78,57,70%
2025-06-06,S24,SPORT BRA,238,70,45,71%
2025-06-06,S24,TANK TOP,78,24,12,69%
2025-06-06,S24,TRACK JACKET,835,511,189,39%
2025-06-06,S24,TRACK PANT,750,472,164,37%
2025-06-06,S24,T-SHIRT,96,58,50,40%
2025-06-06,S25,0,147,86,26,42%
2025-06-06,S25,ACCESSORIES,244,168,51,31%
2025-06-06,S25,BAG,225,142,178,37%
2025-06-06,S25,CABANA SHIRT,"4,159","2,651",824,36%
2025-06-06,S25,CAMP SHIRT,88,53,15,40%
2025-06-06,S25,CREWNECK,686,407,126,41%
2025-06-06,S25,DRESS,125,75,25,40%
2025-06-06,S25,FOOTWEAR,450,285,99,37%
2025-06-06,S25,HAT,938,610,201,35%
2025-06-06,S25,HOODIE,275,183,59,34%
2025-06-06,S25,JACKET,165,89,32,46%
2025-06-06,S25,LEGGINGS,110,66,20,40%
2025-06-06,S25,LONG SLEEVE KNIT,156,110,20,29%
2025-06-06,S25,POLO,"15,446","10,377","3,239",33%
2025-06-06,S25,PULLOVER,330,223,63,32%
2025-06-06,S25,SHOES,340,226,82,34%
2025-06-06,S25,SHORTS,"18,753","12,439","3,884",34%
2025-06-06,S25,SKIRT,789,489,117,38%
2025-06-06,S25,SKORT,556,321,108,42%
2025-06-06,S25,SOCKS,72,52,18,28%
2025-06-06,S25,SWEATER,"8,465","5,250","1,946",38%
2025-06-06,S25,SWEATPANTS,714,372,144,48%
2025-06-06,S25,TANK TOP,552,314,90,43%
2025-06-06,S25,TRACK JACKET,"8,830","5,623","1,795",36%
2025-06-06,S25,TRACK PANT,"5,743","3,551","1,199",38%
2025-06-06,S25,T-SHIRT,"6,568","4,419","1,176",33%
2025-06-07,CORE,ACCESSORIES,12,18,6,-50%
2025-06-07,CORE,HAT,42,42,7,0%
2025-06-07,CORE,SOCKS,558,551,124,1%
2025-06-07,CORE,TRACK JACKET,840,812,132,3%
2025-06-07,CORE,TRACK PANT,550,539,85,2%
2025-06-07,F21,HAT,76,27,12,64%
2025-06-07,F22,HAT,192,56,32,71%
2025-06-07,F22,SHORTS,78,22,14,72%
2025-06-07,F24,0,290,276,106,5%
2025-06-07,F24,ACCESSORIES,126,59,30,53%
2025-06-07,F24,CAMP SHIRT,150,60,30,60%
2025-06-07,F24,DRESS,300,163,73,46%
2025-06-07,F24,LEGGINGS,110,55,21,50%
2025-06-07,F24,LONG SLEEVE KNIT,360,190,64,47%
2025-06-07,F24,OUTERWEAR,225,90,49,60%
2025-06-07,F24,POLO,"3,248","1,978",907,39%
2025-06-07,F24,SHORTS,"2,784","1,313",652,53%
2025-06-07,F24,SKIRT,244,122,84,50%
2025-06-07,F24,SOCKS,18,9,10,50%
2025-06-07,F24,SPORT BRA,68,34,19,50%
2025-06-07,F24,SWEATER,250,150,63,40%
2025-06-07,F24,SWEATPANTS,235,118,49,50%
2025-06-07,F24,TRACK JACKET,"1,460",738,311,49%
2025-06-07,F24,TRACK PANT,950,434,184,54%
2025-06-07,F24,T-SHIRT,755,296,236,61%
2025-06-07,S24,DRESS,301,119,79,61%
2025-06-07,S24,FOOTWEAR,585,567,142,3%
2025-06-07,S24,POLO,329,95,56,71%
2025-06-07,S24,SHORTS,607,158,116,74%
2025-06-07,S24,SKIRT,642,213,112,67%
2025-06-07,S24,SKORT,176,54,38,69%
2025-06-07,S24,SPORT BRA,288,84,42,71%
2025-06-07,S24,SWEATPANTS,88,24,16,73%
2025-06-07,S24,TANK TOP,96,29,18,70%
2025-06-07,S24,TRACK JACKET,"1,260",872,290,31%
2025-06-07,S24,TRACK PANT,"1,250",838,251,33%
2025-06-07,S24,T-SHIRT,48,29,25,40%
2025-06-07,S25,0,59,42,8,29%
2025-06-07,S25,ACCESSORIES,58,41,11,29%
2025-06-07,S25,CABANA SHIRT,"3,654","2,508",744,31%
2025-06-07,S25,CREWNECK,686,469,126,32%
2025-06-07,S25,DRESS,361,203,59,44%
2025-06-07,S25,FOOTWEAR,150,0,33,100%
2025-06-07,S25,HAT,216,149,47,31%
2025-06-07,S25,HOODIE,400,253,85,37%
2025-06-07,S25,LONG SLEEVE KNIT,370,255,50,31%
2025-06-07,S25,PANTS,135,81,27,40%
2025-06-07,S25,POLO,"14,067","9,692","3,008",31%
2025-06-07,S25,PULLOVER,110,77,21,30%
2025-06-07,S25,SHOES,170,107,41,37%
2025-06-07,S25,SHORTS,"17,703","11,637","3,731",34%
2025-06-07,S25,SKIRT,430,259,73,40%
2025-06-07,S25,SKORT,"1,358",787,281,42%
2025-06-07,S25,SOCKS,216,152,49,30%
2025-06-07,S25,SWEATER,"6,285","3,832","1,430",39%
2025-06-07,S25,SWEATPANTS,352,248,72,30%
2025-06-07,S25,SWEATSHIRT,220,154,36,30%
2025-06-07,S25,TANK TOP,"1,274",749,243,41%
2025-06-07,S25,TOWEL,48,38,26,20%
2025-06-07,S25,TRACK JACKET,"9,595","6,162","1,931",36%
2025-06-07,S25,TRACK PANT,"5,610","3,472","1,186",38%
2025-06-07,S25,T-SHIRT,"8,144","5,434","1,455",33%
2025-06-07,S25,VISOR,38,27,7,29%
2025-06-08,CORE,ACCESSORIES,18,18,5,0%
2025-06-08,CORE,SOCKS,648,621,144,4%
2025-06-08,CORE,TRACK JACKET,470,440,94,6%
2025-06-08,CORE,TRACK PANT,345,322,62,7%
2025-06-08,F24,ACCESSORIES,424,208,95,51%
2025-06-08,F24,CAMP SHIRT,450,168,92,63%
2025-06-08,F24,DRESS,250,126,70,50%
2025-06-08,F24,HOODIE,260,138,53,47%
2025-06-08,F24,JACKET,325,163,55,50%
2025-06-08,F24,LONG SLEEVE KNIT,621,281,134,55%
2025-06-08,F24,OUTERWEAR,450,180,98,60%
2025-06-08,F24,POLO,"4,918","2,846","1,511",42%
2025-06-08,F24,SHORTS,"4,781","2,168","1,160",55%
2025-06-08,F24,SKIRT,176,87,32,50%
2025-06-08,F24,SOCKS,36,17,20,53%
2025-06-08,F24,SPORT BRA,68,31,19,55%
2025-06-08,F24,SWEATER,"1,340",745,325,44%
2025-06-08,F24,SWEATSHIRT,190,95,47,50%
2025-06-08,F24,TRACK JACKET,"1,620",838,320,48%
2025-06-08,F24,TRACK PANT,"1,160",688,272,41%
2025-06-08,F24,T-SHIRT,"1,176",560,383,52%
2025-06-08,S24,CARDIGAN,216,63,38,71%
2025-06-08,S24,DRESS,88,24,19,72%
2025-06-08,S24,FOOTWEAR,177,121,30,32%
2025-06-08,S24,POLO,68,19,12,72%
2025-06-08,S24,SHORTS,734,221,151,70%
2025-06-08,S24,SKIRT,458,168,85,63%
2025-06-08,S24,SKORT,322,97,55,70%
2025-06-08,S24,SPORT BRA,222,65,37,71%
2025-06-08,S24,TANK TOP,282,85,45,70%
2025-06-08,S24,TRACK JACKET,690,379,143,45%
2025-06-08,S24,TRACK PANT,375,221,73,41%
2025-06-08,S24,T-SHIRT,96,69,30,28%
2025-06-08,S25,0,59,42,8,29%
2025-06-08,S25,ACCESSORIES,58,41,11,29%
2025-06-08,S25,CABANA SHIRT,"4,306","2,903",847,33%
2025-06-08,S25,CAMP SHIRT,176,106,30,40%
2025-06-08,S25,CREWNECK,490,262,90,46%
2025-06-08,S25,DRESS,618,364,112,41%
2025-06-08,S25,HAT,770,542,167,30%
2025-06-08,S25,HOODIE,425,289,92,32%
2025-06-08,S25,JACKET,165,99,32,40%
2025-06-08,S25,LEGGINGS,118,71,21,40%
2025-06-08,S25,LONG SLEEVE KNIT,386,240,72,38%
2025-06-08,S25,POLO,"14,798","10,009","3,186",32%
2025-06-08,S25,PULLOVER,580,407,113,30%
2025-06-08,S25,SHORTS,"22,199","15,053","4,692",32%
2025-06-08,S25,SKIRT,342,201,45,41%
2025-06-08,S25,SKORT,"1,384",809,260,42%
2025-06-08,S25,SOCKS,198,144,46,27%
2025-06-08,S25,SPORT BRA,68,37,17,46%
2025-06-08,S25,SWEATER,"10,555","6,957","2,436",34%
2025-06-08,S25,SWEATPANTS,450,230,90,49%
2025-06-08,S25,SWEATSHIRT,110,77,18,30%
2025-06-08,S25,TANK TOP,942,552,153,41%
2025-06-08,S25,TOWEL,48,48,26,0%
2025-06-08,S25,TRACK JACKET,"13,080","8,899","2,624",32%
2025-06-08,S25,TRACK PANT,"6,495","4,346","1,308",33%
2025-06-08,S25,T-SHIRT,"9,008","6,092","1,632",32%
2025-06-08,S25,VISOR,76,54,14,29%
2025-06-09,CORE,HAT,42,38,7,10%
2025-06-09,CORE,SOCKS,522,502,116,4%
2025-06-09,CORE,TRACK JACKET,"1,030","1,019",182,1%
2025-06-09,CORE,TRACK PANT,910,877,158,4%
2025-06-09,F21,HAT,38,15,6,61%
2025-06-09,F22,HAT,96,29,16,70%
2025-06-09,F23,POLO,78,24,14,69%
2025-06-09,F23,SWEATPANTS,88,22,16,75%
2025-06-09,F23,TRACK PANT,125,38,23,70%
2025-06-09,F24,ACCESSORIES,298,152,67,49%
2025-06-09,F24,BAG,110,77,31,30%
2025-06-09,F24,CAMP SHIRT,150,60,32,60%
2025-06-09,F24,DRESS,175,88,54,50%
2025-06-09,F24,LEGGINGS,110,55,21,50%
2025-06-09,F24,LONG SLEEVE KNIT,725,364,142,50%
2025-06-09,F24,POLO,"3,699","2,110",950,43%
2025-06-09,F24,SHORTS,"3,331","1,598",796,52%
2025-06-09,F24,SKIRT,-78,-35,-34,55%
2025-06-09,F24,SPORT BRA,0,34,0,#DIV/0!
2025-06-09,F24,SWEATER,-25,-48,-19,-93%
2025-06-09,F24,SWEATPANTS,321,155,61,52%
2025-06-09,F24,TRACK JACKET,"2,240","1,206",436,46%
2025-06-09,F24,TRACK PANT,"1,785",891,315,50%
2025-06-09,F24,T-SHIRT,762,364,273,52%
2025-06-09,S24,FOOTWEAR,177,165,30,7%
2025-06-09,S24,POLO,-224,-104,-54,54%
2025-06-09,S24,SHORTS,813,220,162,73%
2025-06-09,S24,SKIRT,-156,-79,-43,49%
2025-06-09,S24,TANK TOP,136,40,22,71%
2025-06-09,S24,TRACK JACKET,"1,115",719,249,36%
2025-06-09,S24,TRACK PANT,"1,125",724,246,36%
2025-06-09,S25,0,59,38,8,36%
2025-06-09,S25,ACCESSORIES,0,-18,0,#DIV/0!
2025-06-09,S25,CABANA SHIRT,"4,248","2,678",849,37%
2025-06-09,S25,CAMP SHIRT,88,48,15,46%
2025-06-09,S25,CREWNECK,98,-29,18,130%
2025-06-09,S25,DRESS,118,46,20,61%
2025-06-09,S25,FOOTWEAR,150,105,33,30%
2025-06-09,S25,HAT,796,544,167,32%
2025-06-09,S25,HOODIE,0,-95,0,#DIV/0!
2025-06-09,S25,LONG SLEEVE KNIT,58,32,10,46%
2025-06-09,S25,POLO,"10,489","6,993","2,149",33%
2025-06-09,S25,PULLOVER,110,77,21,30%
2025-06-09,S25,SHORTS,"17,810","11,757","3,695",34%
2025-06-09,S25,SKIRT,714,424,107,41%
2025-06-09,S25,SKORT,546,300,106,45%
2025-06-09,S25,SOCKS,180,122,43,32%
2025-06-09,S25,SWEATER,"9,100","6,000","2,088",34%
2025-06-09,S25,SWEATPANTS,78,-63,18,181%
2025-06-09,S25,SWEATSHIRT,110,77,18,30%
2025-06-09,S25,TANK TOP,804,478,146,41%
2025-06-09,S25,TOWEL,-48,-48,-26,0%
2025-06-09,S25,TRACK JACKET,"11,110","7,623","2,300",31%
2025-06-09,S25,TRACK PANT,"4,826","3,253","1,009",33%
2025-06-09,S25,T-SHIRT,"7,342","4,740","1,311",35%
2025-06-10,CORE,HAT,210,206,35,2%
2025-06-10,CORE,SOCKS,720,702,160,3%
2025-06-10,CORE,TRACK JACKET,"1,870","1,632",314,13%
2025-06-10,CORE,TRACK PANT,"1,460","1,273",243,13%
2025-06-10,F22,HAT,108,32,20,71%
2025-06-10,F24,ACCESSORIES,294,145,68,51%
2025-06-10,F24,CAMP SHIRT,435,188,93,57%
2025-06-10,F24,DRESS,125,68,19,46%
2025-06-10,F24,HOODIE,125,57,32,55%
2025-06-10,F24,LONG SLEEVE KNIT,390,195,76,50%
2025-06-10,F24,POLO,"3,967","2,098","1,327",47%
2025-06-10,F24,SHORTS,"3,302","1,598",776,52%
2025-06-10,F24,SKIRT,322,157,141,51%
2025-06-10,F24,SWEATPANTS,110,50,24,55%
2025-06-10,F24,TRACK JACKET,"1,010",498,197,51%
2025-06-10,F24,TRACK PANT,475,307,96,35%
2025-06-10,F24,T-SHIRT,"1,459",606,515,58%
2025-06-10,S24,FOOTWEAR,236,224,40,5%
2025-06-10,S24,POLO,213,65,37,69%
2025-06-10,S24,SHORTS,968,292,188,70%
2025-06-10,S24,SKIRT,136,40,18,71%
2025-06-10,S24,SPORT BRA,96,29,14,70%
2025-06-10,S24,TANK TOP,48,15,9,69%
2025-06-10,S24,TRACK JACKET,"1,805","1,070",397,41%
2025-06-10,S24,TRACK PANT,"1,203",870,263,28%
2025-06-10,S25,0,118,80,16,32%
2025-06-10,S25,CABANA SHIRT,"3,335","2,264",659,32%
2025-06-10,S25,CREWNECK,588,407,108,31%
2025-06-10,S25,DRESS,493,268,87,46%
2025-06-10,S25,FOOTWEAR,-150,-105,-33,30%
2025-06-10,S25,HAT,448,309,95,31%
2025-06-10,S25,HOODIE,125,88,26,30%
2025-06-10,S25,JACKET,165,99,32,40%
2025-06-10,S25,LONG SLEEVE KNIT,339,171,56,50%
2025-06-10,S25,PANTS,135,81,27,40%
2025-06-10,S25,POLO,"12,389","7,830","2,567",37%
2025-06-10,S25,PULLOVER,220,154,42,30%
2025-06-10,S25,SHORTS,"15,050","10,052","3,135",33%
2025-06-10,S25,SKIRT,375,161,54,57%
2025-06-10,S25,SKORT,692,413,130,40%
2025-06-10,S25,SOCKS,54,49,12,9%
2025-06-10,S25,SWEATER,"5,635","3,075","1,312",45%
2025-06-10,S25,SWEATPANTS,460,330,90,28%
2025-06-10,S25,TANK TOP,676,416,111,38%
2025-06-10,S25,TRACK JACKET,"9,470","5,853","1,825",38%
2025-06-10,S25,TRACK PANT,"5,828","3,575","1,096",39%
2025-06-10,S25,T-SHIRT,"6,788","4,540","1,223",33%
2025-06-11,CORE,HAT,168,168,28,0%
2025-06-11,CORE,SOCKS,684,634,152,7%
2025-06-11,CORE,TRACK JACKET,560,518,88,8%
2025-06-11,CORE,TRACK PANT,330,308,51,7%
2025-06-11,F22,HAT,48,15,8,69%
2025-06-11,F24,ACCESSORIES,252,126,57,50%
2025-06-11,F24,CAMP SHIRT,150,-6,30,104%
2025-06-11,F24,DRESS,175,88,54,50%
2025-06-11,F24,LONG SLEEVE KNIT,285,125,62,56%
2025-06-11,F24,POLO,"4,997","2,650","1,477",47%
2025-06-11,F24,SHORTS,"3,921","1,658",928,58%
2025-06-11,F24,SKIRT,487,223,227,54%
2025-06-11,F24,SWEATPANTS,110,55,24,50%
2025-06-11,F24,TRACK JACKET,680,432,127,36%
2025-06-11,F24,TRACK PANT,"1,600",874,306,45%
2025-06-11,F24,T-SHIRT,890,348,277,61%
2025-06-11,S23,SHORTS,-68,-21,-14,69%
2025-06-11,S24,DRESS,88,24,19,72%
2025-06-11,S24,FOOTWEAR,236,224,40,5%
2025-06-11,S24,POLO,68,21,12,69%
2025-06-11,S24,SHORTS,666,195,136,71%
2025-06-11,S24,SKIRT,146,45,24,69%
2025-06-11,S24,SPORT BRA,48,15,7,69%
2025-06-11,S24,TRACK JACKET,560,382,132,32%
2025-06-11,S24,TRACK PANT,500,343,111,31%
2025-06-11,S24,T-SHIRT,86,41,32,52%
2025-06-11,S25,0,118,76,16,36%
2025-06-11,S25,ACCESSORIES,68,48,13,29%
2025-06-11,S25,BAG,225,142,178,37%
2025-06-11,S25,CABANA SHIRT,"3,135","2,071",627,34%
2025-06-11,S25,CAMP SHIRT,176,85,30,52%
2025-06-11,S25,CREWNECK,686,483,126,30%
2025-06-11,S25,DRESS,125,75,23,40%
2025-06-11,S25,FOOTWEAR,450,305,99,32%
2025-06-11,S25,HAT,928,643,202,31%
2025-06-11,S25,HOODIE,150,95,33,37%
2025-06-11,S25,JACKET,165,99,32,40%
2025-06-11,S25,LONG SLEEVE KNIT,156,105,20,33%
2025-06-11,S25,PANTS,210,113,44,46%
2025-06-11,S25,POLO,"12,810","8,562","2,694",33%
2025-06-11,S25,PULLOVER,110,77,21,30%
2025-06-11,S25,SHORTS,"16,813","11,201","3,590",33%
2025-06-11,S25,SKIRT,978,471,130,52%
2025-06-11,S25,SKORT,800,379,155,53%
2025-06-11,S25,SOCKS,216,167,53,23%
2025-06-11,S25,SWEATER,"11,530","7,230","2,651",37%
2025-06-11,S25,SWEATPANTS,440,310,90,30%
2025-06-11,S25,SWEATSHIRT,220,154,36,30%
2025-06-11,S25,TANK TOP,600,348,100,42%
2025-06-11,S25,TRACK JACKET,"10,355","6,894","2,103",33%
2025-06-11,S25,TRACK PANT,"6,466","4,384","1,321",32%
2025-06-11,S25,T-SHIRT,"7,408","4,839","1,312",35%
2025-06-12,CORE,ACCESSORIES,36,18,10,50%
2025-06-12,CORE,HAT,126,84,21,33%
2025-06-12,CORE,SOCKS,522,508,116,3%
2025-06-12,CORE,TRACK JACKET,725,669,124,8%
2025-06-12,CORE,TRACK PANT,235,213,45,9%
2025-06-12,F22,HAT,48,15,8,69%
2025-06-12,F22,SHORTS,78,24,14,69%
2025-06-12,F23,SWEATPANTS,88,27,16,69%
2025-06-12,F24,0,145,145,53,0%
2025-06-12,F24,ACCESSORIES,252,126,59,50%
2025-06-12,F24,CAMP SHIRT,285,128,61,55%
2025-06-12,F24,DRESS,510,275,95,46%
2025-06-12,F24,JACKET,325,163,55,50%
2025-06-12,F24,LONG SLEEVE KNIT,443,241,82,46%
2025-06-12,F24,OUTERWEAR,225,90,49,60%
2025-06-12,F24,POLO,"4,358","2,565","1,138",41%
2025-06-12,F24,SHORTS,"3,219","1,547",716,52%
2025-06-12,F24,SKIRT,322,157,118,51%
2025-06-12,F24,SWEATER,-225,-102,-44,55%
2025-06-12,F24,SWEATPANTS,333,162,67,52%
2025-06-12,F24,SWEATSHIRT,125,57,26,55%
2025-06-12,F24,TRACK JACKET,"1,465",822,296,44%
2025-06-12,F24,TRACK PANT,720,491,155,32%
2025-06-12,F24,T-SHIRT,337,176,99,48%
2025-06-12,S24,CARDIGAN,108,30,19,73%
2025-06-12,S24,FOOTWEAR,-118,-112,-20,5%
2025-06-12,S24,POLO,125,38,20,70%
2025-06-12,S24,SHORTS,"1,233",336,247,73%
2025-06-12,S24,SKIRT,234,68,39,71%
2025-06-12,S24,SPORT BRA,64,20,15,69%
2025-06-12,S24,TRACK JACKET,280,186,60,34%
2025-06-12,S24,TRACK PANT,250,167,48,33%
2025-06-12,S25,0,-88,-88,-18,0%
2025-06-12,S25,ACCESSORIES,58,41,11,29%
2025-06-12,S25,CABANA SHIRT,"5,149","3,403","1,028",34%
2025-06-12,S25,CREWNECK,490,331,90,32%
2025-06-12,S25,DRESS,360,216,69,40%
2025-06-12,S25,FOOTWEAR,450,315,99,30%
2025-06-12,S25,HAT,706,490,153,31%
2025-06-12,S25,JACKET,165,99,32,40%
2025-06-12,S25,PANTS,0,-86,0,#DIV/0!
2025-06-12,S25,POLO,"9,843","6,627","2,042",33%
2025-06-12,S25,PULLOVER,220,154,42,30%
2025-06-12,S25,SHORTS,"18,130","11,974","3,803",34%
2025-06-12,S25,SKIRT,332,180,53,46%
2025-06-12,S25,SKORT,662,387,118,42%
2025-06-12,S25,SOCKS,270,196,64,27%
2025-06-12,S25,SWEATER,"7,185","4,482","1,629",38%
2025-06-12,S25,SWEATPANTS,176,112,36,37%
2025-06-12,S25,SWEATSHIRT,220,146,36,34%
2025-06-12,S25,TANK TOP,686,395,120,42%
2025-06-12,S25,TRACK JACKET,"7,360","4,819","1,466",35%
2025-06-12,S25,TRACK PANT,"4,790","3,228",931,33%
2025-06-12,S25,T-SHIRT,"7,722","5,110","1,419",34%
2025-06-12,S25,VISOR,38,24,7,36%
2025-06-13,CORE,ACCESSORIES,18,18,5,0%
2025-06-13,CORE,HAT,42,42,7,0%
2025-06-13,CORE,SOCKS,540,524,120,3%
2025-06-13,CORE,TRACK JACKET,890,406,160,54%
2025-06-13,CORE,TRACK PANT,595,345,118,42%
2025-06-13,F21,HAT,76,29,12,63%
2025-06-13,F22,HAT,96,30,16,69%
2025-06-13,F24,ACCESSORIES,126,59,30,53%
2025-06-13,F24,CAMP SHIRT,0,0,0,#DIV/0!
2025-06-13,F24,DRESS,225,102,84,55%
2025-06-13,F24,FOOTWEAR,480,339,132,29%
2025-06-13,F24,LEGGINGS,110,55,21,50%
2025-06-13,F24,LONG SLEEVE KNIT,353,189,66,46%
2025-06-13,F24,OUTERWEAR,225,90,49,60%
2025-06-13,F24,POLO,"3,289","1,650","1,087",50%
2025-06-13,F24,SHORTS,"2,166",962,511,56%
2025-06-13,F24,SKIRT,176,93,55,47%
2025-06-13,F24,SPORT BRA,68,34,19,50%
2025-06-13,F24,SWEATER,250,150,63,40%
2025-06-13,F24,SWEATPANTS,98,49,18,50%
2025-06-13,F24,TRACK JACKET,430,271,48,37%
2025-06-13,F24,TRACK PANT,515,162,110,69%
2025-06-13,F24,T-SHIRT,610,248,148,59%
2025-06-13,S24,DRESS,362,95,74,74%
2025-06-13,S24,FOOTWEAR,177,171,30,3%
2025-06-13,S24,SHORTS,955,285,166,70%
2025-06-13,S24,SKIRT,78,24,15,69%
2025-06-13,S24,TANK TOP,78,24,12,69%
2025-06-13,S24,TRACK JACKET,"1,385",770,295,44%
2025-06-13,S24,TRACK PANT,750,528,164,30%
2025-06-13,S24,T-SHIRT,48,26,25,46%
2025-06-13,S25,0,118,42,16,64%
2025-06-13,S25,ACCESSORIES,244,172,51,30%
2025-06-13,S25,CABANA SHIRT,"2,991","1,861",611,38%
2025-06-13,S25,CREWNECK,294,207,54,30%
2025-06-13,S25,DRESS,493,281,87,43%
2025-06-13,S25,FOOTWEAR,600,315,132,48%
2025-06-13,S25,HAT,522,324,118,38%
2025-06-13,S25,HOODIE,150,17,33,89%
2025-06-13,S25,LONG SLEEVE KNIT,285,200,24,30%
2025-06-13,S25,PANTS,690,406,142,41%
2025-06-13,S25,POLO,"10,823","7,001","2,296",35%
2025-06-13,S25,PULLOVER,550,385,105,30%
2025-06-13,S25,SHOES,170,119,41,30%
2025-06-13,S25,SHORTS,"15,809","9,998","3,311",37%
2025-06-13,S25,SKIRT,196,112,40,43%
2025-06-13,S25,SKORT,224,101,40,55%
2025-06-13,S25,SOCKS,162,109,39,32%
2025-06-13,S25,SWEATER,"8,290","5,242","1,916",37%
2025-06-13,S25,SWEATPANTS,264,186,54,30%
2025-06-13,S25,TANK TOP,310,188,63,39%
2025-06-13,S25,TRACK JACKET,"7,380","4,889","1,432",34%
2025-06-13,S25,TRACK PANT,"4,395","3,115",840,29%
2025-06-13,S25,T-SHIRT,"7,230","4,751","1,312",34%
2025-06-13,S25,VISOR,38,27,7,29%
2025-06-14,CORE,ACCESSORIES,12,18,6,-50%
2025-06-14,CORE,HAT,42,42,7,0%
2025-06-14,CORE,SOCKS,576,554,128,4%
2025-06-14,CORE,TRACK JACKET,165,149,36,10%
2025-06-14,CORE,TRACK PANT,125,113,28,10%
2025-06-14,F23,TRACK PANT,110,33,23,70%
2025-06-14,F24,0,145,16,53,89%
2025-06-14,F24,ACCESSORIES,294,143,65,51%
2025-06-14,F24,CAMP SHIRT,"1,050",402,210,62%
2025-06-14,F24,DRESS,125,57,35,55%
2025-06-14,F24,LONG SLEEVE KNIT,310,143,69,54%
2025-06-14,F24,POLO,"3,276","1,919",896,41%
2025-06-14,F24,SHORTS,"3,978","1,857",912,53%
2025-06-14,F24,TRACK JACKET,"1,030",518,196,50%
2025-06-14,F24,TRACK PANT,"1,175",595,208,49%
2025-06-14,F24,T-SHIRT,"1,032",469,367,55%
2025-06-14,S24,DRESS,176,54,38,69%
2025-06-14,S24,FOOTWEAR,204,198,56,3%
2025-06-14,S24,POLO,68,21,12,69%
2025-06-14,S24,SHORTS,738,223,143,70%
2025-06-14,S24,SKIRT,146,45,24,69%
2025-06-14,S24,SPORT BRA,48,15,7,69%
2025-06-14,S24,TRACK JACKET,840,470,196,44%
2025-06-14,S24,TRACK PANT,375,255,87,32%
2025-06-14,S25,0,-59,-42,-8,29%
2025-06-14,S25,ACCESSORIES,184,126,35,32%
2025-06-14,S25,CABANA SHIRT,"2,823","1,883",568,33%
2025-06-14,S25,CAMP SHIRT,88,53,15,40%
2025-06-14,S25,CREWNECK,588,338,108,43%
2025-06-14,S25,DRESS,250,68,46,73%
2025-06-14,S25,FOOTWEAR,150,105,33,30%
2025-06-14,S25,HAT,316,213,70,33%
2025-06-14,S25,HOODIE,450,315,99,30%
2025-06-14,S25,LONG SLEEVE KNIT,125,75,26,40%
2025-06-14,S25,PANTS,135,81,27,40%
2025-06-14,S25,POLO,"9,786","6,468","2,032",34%
2025-06-14,S25,PULLOVER,235,165,46,30%
2025-06-14,S25,SHOES,340,238,82,30%
2025-06-14,S25,SHORTS,"12,167","8,141","2,513",33%
2025-06-14,S25,SKIRT,"1,046",611,160,42%
2025-06-14,S25,SKORT,880,524,189,40%
2025-06-14,S25,SOCKS,108,82,26,24%
2025-06-14,S25,SWEATER,"7,445","4,991","1,737",33%
2025-06-14,S25,SWEATPANTS,440,248,90,44%
2025-06-14,S25,SWEATSHIRT,110,77,18,30%
2025-06-14,S25,TANK TOP,232,141,42,39%
2025-06-14,S25,TRACK JACKET,"8,975","5,794","1,687",35%
2025-06-14,S25,TRACK PANT,"6,589","4,414","1,279",33%
2025-06-14,S25,T-SHIRT,"6,736","4,543","1,228",33%
2025-06-14,S25,VISOR,38,24,7,36%
2025-06-15,CORE,HAT,42,42,7,0%
2025-06-15,CORE,SOCKS,324,304,72,6%
2025-06-15,CORE,TRACK JACKET,750,734,138,2%
2025-06-15,CORE,TRACK PANT,470,458,90,3%
2025-06-15,F22,HAT,48,15,8,69%
2025-06-15,F24,ACCESSORIES,126,59,30,53%
2025-06-15,F24,CAMP SHIRT,750,300,150,60%
2025-06-15,F24,CREWNECK,125,88,36,30%
2025-06-15,F24,HOODIE,135,81,21,40%
2025-06-15,F24,LEGGINGS,110,50,21,55%
2025-06-15,F24,LONG SLEEVE KNIT,745,341,134,54%
2025-06-15,F24,POLO,"3,450","1,892","1,110",45%
2025-06-15,F24,SHORTS,"3,534","1,677",818,53%
2025-06-15,F24,SKIRT,156,74,68,53%
2025-06-15,F24,SWEATER,360,194,65,46%
2025-06-15,F24,SWEATPANTS,348,175,68,50%
2025-06-15,F24,TRACK JACKET,780,431,184,45%
2025-06-15,F24,TRACK PANT,675,330,134,51%
2025-06-15,F24,T-SHIRT,847,405,305,52%
2025-06-15,S24,DRESS,213,99,60,53%
2025-06-15,S24,FOOTWEAR,118,112,20,5%
2025-06-15,S24,POLO,68,21,12,69%
2025-06-15,S24,SHORTS,624,181,131,71%
2025-06-15,S24,SKIRT,146,45,24,69%
2025-06-15,S24,TRACK JACKET,"1,250",744,264,40%
2025-06-15,S24,TRACK PANT,828,532,166,36%
2025-06-15,S25,0,59,25,8,57%
2025-06-15,S25,ACCESSORIES,58,41,11,29%
2025-06-15,S25,CABANA SHIRT,"3,030","2,074",607,32%
2025-06-15,S25,CAMP SHIRT,88,48,15,46%
2025-06-15,S25,CREWNECK,196,138,36,30%
2025-06-15,S25,DRESS,110,66,23,40%
2025-06-15,S25,FOOTWEAR,450,315,99,30%
2025-06-15,S25,HAT,354,270,84,24%
2025-06-15,S25,HOODIE,375,264,78,30%
2025-06-15,S25,LEGGINGS,178,107,36,40%
2025-06-15,S25,LONG SLEEVE KNIT,78,55,10,29%
2025-06-15,S25,POLO,"10,299","6,845","2,173",34%
2025-06-15,S25,PULLOVER,220,131,42,41%
2025-06-15,S25,SHORTS,"14,920","9,901","3,144",34%
2025-06-15,S25,SKIRT,58,35,11,40%
2025-06-15,S25,SKORT,976,560,194,43%
2025-06-15,S25,SOCKS,162,115,38,29%
2025-06-15,S25,SWEATER,"8,340","5,489","1,921",34%
2025-06-15,S25,SWEATPANTS,568,400,108,30%
2025-06-15,S25,TANK TOP,464,272,82,41%
2025-06-15,S25,TRACK JACKET,"10,875","7,057","2,061",35%
2025-06-15,S25,TRACK PANT,"8,005","5,421","1,554",32%
2025-06-15,S25,T-SHIRT,"7,434","4,995","1,353",33%
2025-06-16,CORE,ACCESSORIES,18,18,5,0%
2025-06-16,CORE,HAT,48,43,11,10%
2025-06-16,CORE,SOCKS,450,439,100,2%
2025-06-16,CORE,TRACK JACKET,470,181,94,62%
2025-06-16,CORE,TRACK PANT,455,346,79,24%
2025-06-16,F22,HAT,48,15,8,69%
2025-06-16,F24,0,145,145,53,0%
2025-06-16,F24,ACCESSORIES,252,122,58,52%
2025-06-16,F24,CAMP SHIRT,750,294,152,61%
2025-06-16,F24,DRESS,745,362,171,51%
2025-06-16,F24,FOOTWEAR,-160,-113,-44,29%
2025-06-16,F24,HOODIE,-135,-81,-21,40%
2025-06-16,F24,LEGGINGS,110,55,21,50%
2025-06-16,F24,LONG SLEEVE KNIT,355,191,66,46%
2025-06-16,F24,OUTERWEAR,-225,-90,-49,60%
2025-06-16,F24,POLO,"1,761","1,044",396,41%
2025-06-16,F24,SHORTS,"2,315","1,066",516,54%
2025-06-16,F24,SKIRT,479,232,196,52%
2025-06-16,F24,SPORT BRA,68,34,19,50%
2025-06-16,F24,SWEATER,135,81,21,40%
2025-06-16,F24,TRACK JACKET,815,438,174,46%
2025-06-16,F24,TRACK PANT,"1,440",803,288,44%
2025-06-16,F24,T-SHIRT,815,417,371,49%
2025-06-16,S24,CARDIGAN,0,0,0,#DIV/0!
2025-06-16,S24,DRESS,264,81,57,69%
2025-06-16,S24,FOOTWEAR,204,204,56,0%
2025-06-16,S24,POLO,-95,-95,-12,0%
2025-06-16,S24,SHORTS,718,221,133,69%
2025-06-16,S24,SKIRT,68,21,9,69%
2025-06-16,S24,SKORT,244,75,43,69%
2025-06-16,S24,SPORT BRA,64,20,15,69%
2025-06-16,S24,TANK TOP,156,48,24,69%
2025-06-16,S24,TRACK JACKET,560,411,128,27%
2025-06-16,S24,TRACK PANT,375,284,84,24%
2025-06-16,S24,T-SHIRT,96,58,50,40%
2025-06-16,S25,0,-30,-27,2,11%
2025-06-16,S25,CABANA SHIRT,"1,620","1,089",312,33%
2025-06-16,S25,CREWNECK,98,62,18,37%
2025-06-16,S25,DRESS,243,102,41,58%
2025-06-16,S25,FOOTWEAR,-150,-105,-33,30%
2025-06-16,S25,HAT,300,209,69,30%
2025-06-16,S25,HOODIE,0,0,0,#DIV/0!
2025-06-16,S25,LONG SLEEVE KNIT,78,55,10,29%
2025-06-16,S25,POLO,"6,725","4,113","1,334",39%
2025-06-16,S25,PULLOVER,220,154,42,30%
2025-06-16,S25,SHORTS,"11,218","7,484","2,347",33%
2025-06-16,S25,SKIRT,369,197,70,47%
2025-06-16,S25,SKORT,820,486,162,41%
2025-06-16,S25,SOCKS,234,161,61,31%
2025-06-16,S25,SWEATER,"4,900","3,285","1,109",33%
2025-06-16,S25,SWEATPANTS,274,187,54,32%
2025-06-16,S25,TANK TOP,300,164,46,45%
2025-06-16,S25,TRACK JACKET,"7,410","5,266","1,574",29%
2025-06-16,S25,TRACK PANT,"4,791","3,485","1,009",27%
2025-06-16,S25,T-SHIRT,"5,544","3,482","1,014",37%
2025-06-16,S25,VISOR,38,27,7,29%
2025-06-17,CORE,HAT,168,164,28,2%
2025-06-17,CORE,SOCKS,576,542,128,6%
2025-06-17,CORE,TRACK JACKET,420,312,66,26%
2025-06-17,CORE,TRACK PANT,565,469,96,17%
2025-06-17,F21,HAT,38,15,6,61%
2025-06-17,F22,HAT,108,31,20,71%
2025-06-17,F23,OUTERWEAR,175,53,40,70%
2025-06-17,F23,TRACK PANT,235,67,46,71%
2025-06-17,F24,ACCESSORIES,252,124,59,51%
2025-06-17,F24,CAMP SHIRT,150,60,30,60%
2025-06-17,F24,DRESS,695,362,152,48%
2025-06-17,F24,HOODIE,135,81,21,40%
2025-06-17,F24,LONG SLEEVE KNIT,5,11,-6,-110%
2025-06-17,F24,OUTERWEAR,-225,-81,-49,64%
2025-06-17,F24,POLO,"3,015","1,676","1,065",44%
2025-06-17,F24,SHORTS,"2,251",946,560,58%
2025-06-17,F24,SKIRT,342,167,128,51%
2025-06-17,F24,SPORT BRA,-68,-34,-19,50%
2025-06-17,F24,SWEATPANTS,-98,-49,-18,50%
2025-06-17,F24,SWEATSHIRT,-145,-102,-55,30%
2025-06-17,F24,TRACK JACKET,"2,230","1,006",427,55%
2025-06-17,F24,TRACK PANT,"1,020",430,206,58%
2025-06-17,F24,T-SHIRT,744,298,246,60%
2025-06-17,S24,DRESS,653,232,155,65%
2025-06-17,S24,FOOTWEAR,118,118,20,0%
2025-06-17,S24,POLO,329,95,56,71%
2025-06-17,S24,SHORTS,537,140,106,74%
2025-06-17,S24,SKIRT,370,112,63,70%
2025-06-17,S24,SKORT,78,22,12,72%
2025-06-17,S24,SPORT BRA,208,65,36,69%
2025-06-17,S24,TANK TOP,78,22,12,72%
2025-06-17,S24,TRACK JACKET,415,227,87,45%
2025-06-17,S24,TRACK PANT,375,255,77,32%
2025-06-17,S24,T-SHIRT,48,23,25,52%
2025-06-17,S25,ACCESSORIES,244,159,51,35%
2025-06-17,S25,ACTIVE JACKET,125,75,26,40%
2025-06-17,S25,CABANA SHIRT,"2,081","1,305",423,37%
2025-06-17,S25,CREWNECK,294,207,54,30%
2025-06-17,S25,FOOTWEAR,150,105,33,30%
2025-06-17,S25,HAT,258,179,58,31%
2025-06-17,S25,HOODIE,125,88,26,30%
2025-06-17,S25,LONG SLEEVE KNIT,252,160,40,37%
2025-06-17,S25,POLO,"9,546","6,247","1,963",35%
2025-06-17,S25,PULLOVER,440,300,84,32%
2025-06-17,S25,SHORTS,"13,855","8,653","2,905",38%
2025-06-17,S25,SKIRT,650,425,166,35%
2025-06-17,S25,SKORT,468,272,90,42%
2025-06-17,S25,SOCKS,234,174,57,26%
2025-06-17,S25,SWEATER,"5,380","3,218","1,237",40%
2025-06-17,S25,SWEATPANTS,372,248,72,33%
2025-06-17,S25,SWEATSHIRT,-110,-77,-18,30%
2025-06-17,S25,TANK TOP,194,117,39,40%
2025-06-17,S25,TRACK JACKET,"5,735","3,889","1,015",32%
2025-06-17,S25,TRACK PANT,"4,185","2,755",734,34%
2025-06-17,S25,T-SHIRT,"7,482","4,470","1,341",40%
2025-06-18,CORE,HAT,126,126,21,0%
2025-06-18,CORE,SOCKS,738,709,164,4%
2025-06-18,CORE,TRACK JACKET,305,375,58,-23%
2025-06-18,CORE,TRACK PANT,235,279,45,-19%
2025-06-18,F22,HAT,156,46,28,70%
2025-06-18,F23,TRACK PANT,220,66,44,70%
2025-06-18,F24,ACCESSORIES,588,290,138,51%
2025-06-18,F24,CAMP SHIRT,300,114,64,62%
2025-06-18,F24,DRESS,135,61,22,55%
2025-06-18,F24,HOODIE,270,162,42,40%
2025-06-18,F24,LEGGINGS,110,50,21,55%
2025-06-18,F24,LONG SLEEVE KNIT,260,85,49,67%
2025-06-18,F24,POLO,"1,921","1,003",592,48%
2025-06-18,F24,SHORTS,"3,640","1,549",881,57%
2025-06-18,F24,SKIRT,322,161,141,50%
2025-06-18,F24,SOCKS,-18,-9,-10,50%
2025-06-18,F24,SWEATER,750,450,189,40%
2025-06-18,F24,SWEATPANTS,529,143,103,73%
2025-06-18,F24,SWEATSHIRT,125,79,32,37%
2025-06-18,F24,TRACK JACKET,720,436,123,39%
2025-06-18,F24,TRACK PANT,975,524,206,46%
2025-06-18,F24,T-SHIRT,"2,351",895,816,62%
2025-06-18,S24,DRESS,213,102,60,52%
2025-06-18,S24,FOOTWEAR,118,112,20,5%
2025-06-18,S24,POLO,386,116,64,70%
2025-06-18,S24,SHORTS,"1,703",432,327,75%
2025-06-18,S24,SKIRT,428,119,66,72%
2025-06-18,S24,SPORT BRA,178,51,27,71%
2025-06-18,S24,TANK TOP,212,66,38,69%
2025-06-18,S24,TRACK JACKET,"1,565",916,335,41%
2025-06-18,S24,TRACK PANT,"1,000",611,208,39%
2025-06-18,S24,T-SHIRT,86,39,32,55%
2025-06-18,S25,ACCESSORIES,58,41,11,29%
2025-06-18,S25,CABANA SHIRT,"2,014","1,342",402,33%
2025-06-18,S25,CAMP SHIRT,88,48,15,46%
2025-06-18,S25,CREWNECK,294,207,54,30%
2025-06-18,S25,DRESS,611,360,107,41%
2025-06-18,S25,FOOTWEAR,600,410,132,32%
2025-06-18,S25,HAT,390,231,83,41%
2025-06-18,S25,HOODIE,425,79,92,81%
2025-06-18,S25,LONG SLEEVE KNIT,234,154,30,34%
2025-06-18,S25,POLO,"13,217","8,561","2,774",35%
2025-06-18,S25,PULLOVER,110,77,21,30%
2025-06-18,S25,SHORTS,"19,840","11,763","4,132",41%
2025-06-18,S25,SKIRT,156,89,4,43%
2025-06-18,S25,SKORT,692,413,130,40%
2025-06-18,S25,SOCKS,216,165,54,24%
2025-06-18,S25,SWEATER,"11,780","7,228","2,709",39%
2025-06-18,S25,SWEATPANTS,646,386,126,40%
2025-06-18,S25,SWEATSHIRT,330,231,54,30%
2025-06-18,S25,TANK TOP,204,120,24,41%
2025-06-18,S25,TOWEL,48,48,26,0%
2025-06-18,S25,TRACK JACKET,"10,745","6,402","1,964",40%
2025-06-18,S25,TRACK PANT,"5,075","2,851",985,44%
2025-06-18,S25,T-SHIRT,"10,798","6,168","1,920",43%
2025-06-19,CORE,ACCESSORIES,18,18,5,0%
2025-06-19,CORE,HAT,42,38,7,10%
2025-06-19,CORE,SOCKS,594,587,132,1%
2025-06-19,CORE,TRACK JACKET,610,594,116,3%
2025-06-19,CORE,TRACK PANT,580,455,107,22%
2025-06-19,F22,HAT,96,29,16,70%
2025-06-19,F24,ACCESSORIES,546,267,126,51%
2025-06-19,F24,CAMP SHIRT,"1,650",654,334,60%
2025-06-19,F24,DRESS,125,0,19,100%
2025-06-19,F24,LONG SLEEVE KNIT,338,164,62,52%
2025-06-19,F24,OUTERWEAR,225,90,49,60%
2025-06-19,F24,POLO,"2,314","1,274",721,45%
2025-06-19,F24,SHORTS,"5,128","2,139","1,175",58%
2025-06-19,F24,SKIRT,177,85,42,52%
2025-06-19,F24,SOCKS,36,16,20,55%
2025-06-19,F24,SWEATER,725,413,170,43%
2025-06-19,F24,SWEATPANTS,125,57,25,55%
2025-06-19,F24,SWEATSHIRT,125,57,26,55%
2025-06-19,F24,TRACK JACKET,"1,410",741,272,47%
2025-06-19,F24,TRACK PANT,"1,770","1,035",382,42%
2025-06-19,F24,T-SHIRT,"1,564",653,484,58%
2025-06-19,S24,CARDIGAN,216,66,38,69%
2025-06-19,S24,DRESS,213,92,60,57%
2025-06-19,S24,FOOTWEAR,236,236,40,0%
2025-06-19,S24,POLO,79,21,16,74%
2025-06-19,S24,SHORTS,"1,370",356,261,74%
2025-06-19,S24,SKIRT,526,152,87,71%
2025-06-19,S24,SKORT,78,22,12,72%
2025-06-19,S24,SPORT BRA,144,44,21,70%
2025-06-19,S24,TANK TOP,454,130,79,71%
2025-06-19,S24,TRACK JACKET,830,446,174,46%
2025-06-19,S24,TRACK PANT,578,358,123,38%
2025-06-19,S24,T-SHIRT,76,24,14,68%
2025-06-19,S25,0,-29,-11,-10,62%
2025-06-19,S25,ACCESSORIES,126,89,24,29%
2025-06-19,S25,BAG,150,95,89,37%
2025-06-19,S25,CABANA SHIRT,"3,403","2,182",714,36%
2025-06-19,S25,CAMP SHIRT,88,53,15,40%
2025-06-19,S25,CREWNECK,490,255,90,48%
2025-06-19,S25,DRESS,979,573,173,41%
2025-06-19,S25,FOOTWEAR,300,210,66,30%
2025-06-19,S25,HAT,722,470,155,35%
2025-06-19,S25,HOODIE,-175,-122,-40,30%
2025-06-19,S25,LEGGINGS,178,107,36,40%
2025-06-19,S25,LONG SLEEVE KNIT,339,220,56,35%
2025-06-19,S25,POLO,"12,159","8,471","2,605",30%
2025-06-19,S25,PULLOVER,220,146,42,34%
2025-06-19,S25,SHORTS,"20,970","12,258","4,385",42%
2025-06-19,S25,SKIRT,605,398,146,34%
2025-06-19,S25,SKORT,"1,102",648,214,41%
2025-06-19,S25,SOCKS,216,160,50,26%
2025-06-19,S25,SWEATER,"7,860","5,011","1,823",36%
2025-06-19,S25,SWEATPANTS,724,491,144,32%
2025-06-19,S25,TANK TOP,532,269,78,49%
2025-06-19,S25,TRACK JACKET,"10,390","7,243","1,953",30%
2025-06-19,S25,TRACK PANT,"3,598","2,514",708,30%
2025-06-19,S25,T-SHIRT,"11,796","6,618","2,106",44%
2025-06-20,CORE,HAT,84,80,14,5%
2025-06-20,CORE,SOCKS,648,634,144,2%
2025-06-20,CORE,TRACK JACKET,610,594,116,3%
2025-06-20,CORE,TRACK PANT,345,333,62,4%
2025-06-20,F21,HAT,38,15,6,61%
2025-06-20,F22,HAT,60,16,12,73%
2025-06-20,F23,TRACK PANT,125,38,23,70%
2025-06-20,F24,0,290,290,106,0%
2025-06-20,F24,ACCESSORIES,420,206,95,51%
2025-06-20,F24,BAG,110,77,31,30%
2025-06-20,F24,CAMP SHIRT,750,276,152,63%
2025-06-20,F24,DRESS,-125,-75,-19,40%
2025-06-20,F24,HOODIE,125,63,28,50%
2025-06-20,F24,JACKET,650,326,110,50%
2025-06-20,F24,LONG SLEEVE KNIT,610,281,133,54%
2025-06-20,F24,OUTERWEAR,675,307,148,55%
2025-06-20,F24,POLO,"2,560","1,407",677,45%
2025-06-20,F24,SHORTS,"3,584","1,543",836,57%
2025-06-20,F24,SKIRT,78,39,34,50%
2025-06-20,F24,SWEATER,250,150,63,40%
2025-06-20,F24,SWEATPANTS,98,49,18,50%
2025-06-20,F24,SWEATSHIRT,125,63,26,50%
2025-06-20,F24,TRACK JACKET,"1,790","1,011",340,44%
2025-06-20,F24,TRACK PANT,"2,325","1,284",449,45%
2025-06-20,F24,T-SHIRT,"1,332",527,431,60%
2025-06-20,S24,DRESS,88,27,19,69%
2025-06-20,S24,FOOTWEAR,177,118,30,33%
2025-06-20,S24,OUTERWEAR,300,90,56,70%
2025-06-20,S24,POLO,204,61,36,70%
2025-06-20,S24,SHORTS,"1,043",248,178,76%
2025-06-20,S24,SKIRT,244,73,45,70%
2025-06-20,S24,SPORT BRA,48,15,7,69%
2025-06-20,S24,TANK TOP,-78,-24,-12,69%
2025-06-20,S24,TRACK JACKET,"1,245",597,256,52%
2025-06-20,S24,TRACK PANT,875,448,165,49%
2025-06-20,S25,ACCESSORIES,126,85,24,33%
2025-06-20,S25,CABANA SHIRT,"2,181","1,383",441,37%
2025-06-20,S25,CREWNECK,294,124,54,58%
2025-06-20,S25,DRESS,236,135,36,43%
2025-06-20,S25,FOOTWEAR,150,95,33,37%
2025-06-20,S25,HAT,396,277,85,30%
2025-06-20,S25,LONG SLEEVE KNIT,136,90,20,34%
2025-06-20,S25,POLO,"10,318","6,557","2,179",36%
2025-06-20,S25,PULLOVER,110,77,21,30%
2025-06-20,S25,SHORTS,"12,508","7,355","2,585",41%
2025-06-20,S25,SKIRT,108,64,19,40%
2025-06-20,S25,SKORT,"1,212",685,254,44%
2025-06-20,S25,SOCKS,162,117,40,28%
2025-06-20,S25,SWEATER,"4,060","2,522",967,38%
2025-06-20,S25,SWEATPANTS,264,174,54,34%
2025-06-20,S25,SWEATSHIRT,0,0,0,#DIV/0!
2025-06-20,S25,TANK TOP,300,166,46,45%
2025-06-20,S25,TOWEL,48,43,26,10%
2025-06-20,S25,TRACK JACKET,"5,430","3,212","1,145",41%
2025-06-20,S25,TRACK PANT,"3,085","1,967",635,36%
2025-06-20,S25,T-SHIRT,"6,950","3,996","1,221",43%
2025-06-20,S25,VISOR,38,24,7,36%
2025-06-21,CORE,HAT,126,126,21,0%
2025-06-21,CORE,SOCKS,342,335,76,2%
2025-06-21,CORE,TRACK JACKET,635,218,130,66%
2025-06-21,CORE,TRACK PANT,360,162,73,55%
2025-06-21,F22,SHORTS,78,19,14,75%
2025-06-21,F22,TANK TOP,50,15,10,70%
2025-06-21,F23,OUTERWEAR,175,53,40,70%
2025-06-21,F23,SWEATPANTS,88,27,16,69%
2025-06-21,F23,TRACK PANT,345,104,69,70%
2025-06-21,F24,ACCESSORIES,210,105,48,50%
2025-06-21,F24,CAMP SHIRT,600,234,122,61%
2025-06-21,F24,CREWNECK,125,79,45,37%
2025-06-21,F24,DRESS,395,204,63,48%
2025-06-21,F24,LEGGINGS,330,165,63,50%
2025-06-21,F24,LONG SLEEVE KNIT,730,314,151,57%
2025-06-21,F24,OUTERWEAR,225,90,49,60%
2025-06-21,F24,POLO,"2,827","1,472",943,48%
2025-06-21,F24,SHORTS,"3,305","1,367",763,59%
2025-06-21,F24,SKIRT,156,74,68,53%
2025-06-21,F24,SPORT BRA,204,102,57,50%
2025-06-21,F24,SWEATPANTS,125,63,25,50%
2025-06-21,F24,TRACK JACKET,"1,890",948,395,50%
2025-06-21,F24,TRACK PANT,"1,685",757,319,55%
2025-06-21,F24,T-SHIRT,"1,416",566,441,60%
2025-06-21,S24,CARDIGAN,108,33,19,69%
2025-06-21,S24,DRESS,88,27,19,69%
2025-06-21,S24,FOOTWEAR,59,59,10,0%
2025-06-21,S24,POLO,68,21,12,69%
2025-06-21,S24,SHORTS,"2,047",490,393,76%
2025-06-21,S24,SKIRT,136,40,18,71%
2025-06-21,S24,SKORT,78,24,12,69%
2025-06-21,S24,SPORT BRA,112,34,22,70%
2025-06-21,S24,SWEATPANTS,88,24,16,73%
2025-06-21,S24,TANK TOP,426,127,72,70%
2025-06-21,S24,TRACK JACKET,695,433,143,38%
2025-06-21,S24,TRACK PANT,656,400,130,39%
2025-06-21,S24,T-SHIRT,162,56,46,65%
2025-06-21,S25,0,118,76,16,36%
2025-06-21,S25,ACCESSORIES,58,41,11,29%
2025-06-21,S25,CABANA SHIRT,"1,696","1,158",351,32%
2025-06-21,S25,CREWNECK,98,69,18,30%
2025-06-21,S25,DRESS,354,206,54,42%
2025-06-21,S25,FOOTWEAR,300,200,66,34%
2025-06-21,S25,HAT,574,399,128,31%
2025-06-21,S25,JACKET,165,89,32,46%
2025-06-21,S25,POLO,"6,709","4,355","1,409",35%
2025-06-21,S25,SHORTS,"9,725","5,625","2,023",42%
2025-06-21,S25,SKIRT,176,106,22,40%
2025-06-21,S25,SKORT,"1,094",637,224,42%
2025-06-21,S25,SOCKS,144,104,33,28%
2025-06-21,S25,SWEATER,"4,140","2,574",949,38%
2025-06-21,S25,TANK TOP,426,243,69,43%
2025-06-21,S25,TRACK JACKET,"8,150","5,208","1,561",36%
2025-06-21,S25,TRACK PANT,"4,490","3,090",975,31%
2025-06-21,S25,T-SHIRT,"8,604","4,892","1,573",43%
2025-06-21,S25,VISOR,76,51,14,33%
2025-06-21,SS22,T-SHIRT,46,10,12,77%
2025-06-22,CORE,HAT,168,126,28,25%
2025-06-22,CORE,SOCKS,486,457,108,6%
2025-06-22,CORE,TRACK JACKET,635,602,130,5%
2025-06-22,CORE,TRACK PANT,470,445,90,5%
2025-06-22,F22,HAT,96,29,16,70%
2025-06-22,F24,0,145,145,53,0%
2025-06-22,F24,ACCESSORIES,378,189,85,50%
2025-06-22,F24,CAMP SHIRT,"1,785",602,369,66%
2025-06-22,F24,DRESS,135,61,22,55%
2025-06-22,F24,LONG SLEEVE KNIT,490,241,88,51%
2025-06-22,F24,OUTERWEAR,225,90,49,60%
2025-06-22,F24,POLO,"3,421","1,997","1,000",42%
2025-06-22,F24,SHORTS,"5,244","2,064","1,125",61%
2025-06-22,F24,SKIRT,245,111,94,55%
2025-06-22,F24,SPORT BRA,68,34,19,50%
2025-06-22,F24,SWEATER,590,266,136,55%
2025-06-22,F24,TRACK JACKET,"1,305",651,246,50%
2025-06-22,F24,TRACK PANT,"1,835",954,332,48%
2025-06-22,F24,T-SHIRT,"1,167",499,457,57%
2025-06-22,S24,DRESS,301,129,79,57%
2025-06-22,S24,POLO,397,116,68,71%
2025-06-22,S24,SHORTS,"1,247",306,239,75%
2025-06-22,S24,SKIRT,370,114,63,69%
2025-06-22,S24,SKORT,156,46,24,71%
2025-06-22,S24,SPORT BRA,64,18,15,72%
2025-06-22,S24,SWEATER,150,36,37,76%
2025-06-22,S24,SWEATPANTS,88,24,16,73%
2025-06-22,S24,TANK TOP,78,22,12,72%
2025-06-22,S24,TRACK JACKET,"1,115",718,248,36%
2025-06-22,S24,TRACK PANT,"1,531",908,324,41%
2025-06-22,S25,ACCESSORIES,254,165,53,35%
2025-06-22,S25,CABANA SHIRT,"2,223","1,285",463,42%
2025-06-22,S25,CAMP SHIRT,264,159,45,40%
2025-06-22,S25,CREWNECK,392,269,72,31%
2025-06-22,S25,DRESS,604,356,100,41%
2025-06-22,S25,FOOTWEAR,150,105,33,30%
2025-06-22,S25,HAT,158,112,35,29%
2025-06-22,S25,HOODIE,150,105,33,30%
2025-06-22,S25,LONG SLEEVE KNIT,339,220,56,35%
2025-06-22,S25,PANTS,135,73,27,46%
2025-06-22,S25,POLO,"10,199","6,847","2,132",33%
2025-06-22,S25,PULLOVER,220,77,42,65%
2025-06-22,S25,SHORTS,"17,624","10,121","3,732",43%
2025-06-22,S25,SKIRT,504,366,134,27%
2025-06-22,S25,SKORT,"1,258",729,240,42%
2025-06-22,S25,SOCKS,108,77,27,29%
2025-06-22,S25,SWEATER,"7,110","4,323","1,628",39%
2025-06-22,S25,SWEATPANTS,352,248,72,30%
2025-06-22,S25,TANK TOP,"1,244",729,222,41%
2025-06-22,S25,TRACK JACKET,"4,825","3,337","1,061",31%
2025-06-22,S25,TRACK PANT,"3,072","2,104",662,32%
2025-06-22,S25,T-SHIRT,"7,094","3,945","1,272",44%
2025-06-23,CORE,ACCESSORIES,18,18,5,0%
2025-06-23,CORE,HAT,126,122,21,3%
2025-06-23,CORE,SOCKS,486,477,108,2%
2025-06-23,CORE,TRACK JACKET,0,0,0,#DIV/0!
2025-06-23,CORE,TRACK PANT,0,0,0,#DIV/0!
2025-06-23,F22,HAT,240,74,40,69%
2025-06-23,F23,TRACK PANT,110,33,23,70%
2025-06-23,F24,ACCESSORIES,126,61,30,52%
2025-06-23,F24,CAMP SHIRT,750,300,152,60%
2025-06-23,F24,DRESS,250,135,38,46%
2025-06-23,F24,HOODIE,250,126,56,50%
2025-06-23,F24,LONG SLEEVE KNIT,245,120,54,51%
2025-06-23,F24,OUTERWEAR,450,162,98,64%
2025-06-23,F24,POLO,"1,275",850,354,33%
2025-06-23,F24,S/S BUTTON SHIRT,-98,-42,-33,58%
2025-06-23,F24,SHORTS,"3,208","1,315",696,59%
2025-06-23,F24,SKIRT,-1,15,-10,1575%
2025-06-23,F24,SOCKS,54,25,30,53%
2025-06-23,F24,SPORT BRA,68,34,19,50%
2025-06-23,F24,SWEATSHIRT,125,63,26,50%
2025-06-23,F24,TRACK JACKET,"1,690",708,339,58%
2025-06-23,F24,TRACK PANT,950,369,197,61%
2025-06-23,F24,T-SHIRT,"1,225",472,437,61%
2025-06-23,S24,DRESS,264,78,57,70%
2025-06-23,S24,FOOTWEAR,-59,-53,-10,10%
2025-06-23,S24,POLO,443,131,72,70%
2025-06-23,S24,SHORTS,"1,047",283,192,73%
2025-06-23,S24,SKIRT,390,108,63,72%
2025-06-23,S24,SKORT,176,51,38,71%
2025-06-23,S24,SPORT BRA,222,62,37,72%
2025-06-23,S24,SWEATPANTS,88,24,16,73%
2025-06-23,S24,TANK TOP,348,101,60,71%
2025-06-23,S24,TRACK JACKET,965,506,196,48%
2025-06-23,S24,TRACK PANT,500,316,104,37%
2025-06-23,S25,0,-29,-20,-10,31%
2025-06-23,S25,ACCESSORIES,116,78,22,33%
2025-06-23,S25,CABANA SHIRT,"1,791","1,192",351,33%
2025-06-23,S25,CAMP SHIRT,0,-35,0,#DIV/0!
2025-06-23,S25,CREWNECK,294,207,54,30%
2025-06-23,S25,DRESS,493,238,91,52%
2025-06-23,S25,FOOTWEAR,150,95,33,37%
2025-06-23,S25,HAT,274,194,59,29%
2025-06-23,S25,HOODIE,125,88,26,30%
2025-06-23,S25,LONG SLEEVE KNIT,308,185,62,40%
2025-06-23,S25,PANTS,210,0,44,100%
2025-06-23,S25,POLO,"5,144","3,315",988,36%
2025-06-23,S25,PULLOVER,-110,-77,-21,30%
2025-06-23,S25,SHORTS,"11,531","6,590","2,421",43%
2025-06-23,S25,SKIRT,410,246,55,40%
2025-06-23,S25,SKORT,"1,240",674,250,46%
2025-06-23,S25,SOCKS,108,82,28,24%
2025-06-23,S25,SWEATER,"4,320","1,969",973,54%
2025-06-23,S25,SWEATPANTS,460,324,90,30%
2025-06-23,S25,TANK TOP,784,430,133,45%
2025-06-23,S25,TRACK JACKET,"4,330","2,657",891,39%
2025-06-23,S25,TRACK PANT,"1,602","1,039",437,35%
2025-06-23,S25,T-SHIRT,"6,244","3,472","1,101",44%
2025-06-24,CORE,HAT,-42,-42,-7,0%
2025-06-24,CORE,SOCKS,432,428,96,1%
2025-06-24,CORE,TRACK JACKET,-25,-53,-14,-112%
2025-06-24,CORE,TRACK PANT,-15,-37,-11,-147%
2025-06-24,F23,TRACK PANT,235,67,46,71%
2025-06-24,F24,ACCESSORIES,84,42,20,50%
2025-06-24,F24,CAMP SHIRT,435,182,93,58%
2025-06-24,F24,LONG SLEEVE KNIT,130,34,31,74%
2025-06-24,F24,POLO,"2,826","1,428",906,49%
2025-06-24,F24,SHORTS,"3,343","1,349",803,60%
2025-06-24,F24,SPORT BRA,136,68,38,50%
2025-06-24,F24,SWEATPANTS,98,49,18,50%
2025-06-24,F24,SWEATSHIRT,190,95,47,50%
2025-06-24,F24,TRACK JACKET,"1,120",454,217,59%
2025-06-24,F24,TRACK PANT,835,325,153,61%
2025-06-24,F24,T-SHIRT,714,300,245,58%
2025-06-24,S24,DRESS,528,162,114,69%
2025-06-24,S24,FOOTWEAR,-145,-145,-46,0%
2025-06-24,S24,OUTERWEAR,150,45,28,70%
2025-06-24,S24,SHORTS,676,178,133,74%
2025-06-24,S24,SKIRT,428,163,79,62%
2025-06-24,S24,SKORT,156,48,24,69%
2025-06-24,S24,SPORT BRA,304,94,50,69%
2025-06-24,S24,TANK TOP,146,45,23,69%
2025-06-24,S24,TRACK JACKET,560,233,128,58%
2025-06-24,S24,TRACK PANT,875,415,176,53%
2025-06-24,S24,T-SHIRT,96,68,30,30%
2025-06-24,S25,0,118,84,16,29%
2025-06-24,S25,ACCESSORIES,58,41,11,29%
2025-06-24,S25,BAG,225,158,178,30%
2025-06-24,S25,CABANA SHIRT,"2,266","1,329",461,41%
2025-06-24,S25,CAMP SHIRT,88,48,15,46%
2025-06-24,S25,CREWNECK,196,138,36,30%
2025-06-24,S25,DRESS,368,139,66,62%
2025-06-24,S25,FOOTWEAR,150,105,33,30%
2025-06-24,S25,HAT,374,262,82,30%
2025-06-24,S25,HOODIE,400,257,85,36%
2025-06-24,S25,LONG SLEEVE KNIT,241,138,46,43%
2025-06-24,S25,PANTS,135,81,27,40%
2025-06-24,S25,POLO,"8,651","5,718","1,782",34%
2025-06-24,S25,PULLOVER,110,8,21,93%
2025-06-24,S25,SHORTS,"15,247","8,566","3,182",44%
2025-06-24,S25,SKIRT,409,286,106,30%
2025-06-24,S25,SKORT,820,480,165,41%
2025-06-24,S25,SOCKS,126,96,30,24%
2025-06-24,S25,SWEATER,"8,030","4,905","1,861",39%
2025-06-24,S25,SWEATPANTS,88,62,18,30%
2025-06-24,S25,SWEATSHIRT,110,69,18,37%
2025-06-24,S25,TANK TOP,422,249,67,41%
2025-06-24,S25,TRACK JACKET,"3,835","2,474",823,35%
2025-06-24,S25,TRACK PANT,"3,423","2,346",763,31%
2025-06-24,S25,T-SHIRT,"8,548","4,668","1,544",45%
2025-06-25,CORE,ACCESSORIES,18,18,5,0%
2025-06-25,CORE,SOCKS,378,356,84,6%
2025-06-25,F22,HAT,144,45,24,69%
2025-06-25,F24,0,-145,-16,-53,89%
2025-06-25,F24,ACCESSORIES,378,185,89,51%
2025-06-25,F24,CAMP SHIRT,435,181,91,58%
2025-06-25,F24,DRESS,530,265,85,50%
2025-06-25,F24,LONG SLEEVE KNIT,125,0,22,100%
2025-06-25,F24,POLO,403,223,70,45%
2025-06-25,F24,S/S BUTTON SHIRT,-98,-42,-33,58%
2025-06-25,F24,SHORTS,"4,227","1,736","1,022",59%
2025-06-25,F24,SWEATER,375,183,73,51%
2025-06-25,F24,SWEATPANTS,-125,-161,-25,-29%
2025-06-25,F24,TRACK JACKET,540,271,107,50%
2025-06-25,F24,TRACK PANT,275,138,54,50%
2025-06-25,F24,T-SHIRT,"1,913",768,686,60%
2025-06-25,S24,CARDIGAN,108,30,19,73%
2025-06-25,S24,DRESS,-88,-16,-19,82%
2025-06-25,S24,FOOTWEAR,59,59,10,0%
2025-06-25,S24,POLO,204,63,36,69%
2025-06-25,S24,SHORTS,"1,766",446,330,75%
2025-06-25,S24,SKIRT,526,156,87,70%
2025-06-25,S24,SKORT,244,70,43,71%
2025-06-25,S24,SPORT BRA,334,97,59,71%
2025-06-25,S24,TANK TOP,302,91,47,70%
2025-06-25,S24,TRACK JACKET,700,490,154,30%
2025-06-25,S24,TRACK PANT,656,437,137,33%
2025-06-25,S25,0,59,42,8,29%
2025-06-25,S25,CABANA SHIRT,"1,556","1,048",324,33%
2025-06-25,S25,CREWNECK,-98,-62,-18,37%
2025-06-25,S25,DRESS,243,146,41,40%
2025-06-25,S25,FOOTWEAR,150,105,33,30%
2025-06-25,S25,HAT,258,183,58,29%
2025-06-25,S25,HOODIE,238,153,50,36%
2025-06-25,S25,LEGGINGS,68,41,16,40%
2025-06-25,S25,LONG SLEEVE KNIT,78,42,10,46%
2025-06-25,S25,POLO,"7,725","4,091","1,538",47%
2025-06-25,S25,PULLOVER,110,77,21,30%
2025-06-25,S25,SHORTS,"17,677","10,045","3,681",43%
2025-06-25,S25,SKIRT,604,364,106,40%
2025-06-25,S25,SKORT,292,206,51,30%
2025-06-25,S25,SOCKS,162,104,41,36%
2025-06-25,S25,SPORT BRA,68,41,17,40%
2025-06-25,S25,SWEATER,"4,285","1,843",969,57%
2025-06-25,S25,SWEATPANTS,0,-56,0,#DIV/0!
2025-06-25,S25,SWEATSHIRT,110,66,18,40%
2025-06-25,S25,TANK TOP,590,353,112,40%
2025-06-25,S25,TRACK JACKET,"4,465","2,661",887,40%
2025-06-25,S25,TRACK PANT,"3,140","1,872",646,40%
2025-06-25,S25,T-SHIRT,"10,482","5,703","1,902",46%
2025-06-25,SS22,T-SHIRT,46,0,12,100%
2025-06-26,CORE,HAT,42,42,7,0%
2025-06-26,CORE,SOCKS,414,383,92,7%
2025-06-26,CORE,TRACK JACKET,280,140,44,50%
2025-06-26,CORE,TRACK PANT,690,499,124,28%
2025-06-26,F22,HAT,96,30,16,69%
2025-06-26,F24,ACCESSORIES,252,122,58,52%
2025-06-26,F24,CAMP SHIRT,435,164,91,62%
2025-06-26,F24,FOOTWEAR,160,113,44,29%
2025-06-26,F24,HOODIE,285,126,54,56%
2025-06-26,F24,LEGGINGS,220,110,42,50%
2025-06-26,F24,LONG SLEEVE KNIT,227,68,38,70%
2025-06-26,F24,POLO,"1,644",812,460,51%
2025-06-26,F24,SHORTS,"2,339",955,482,59%
2025-06-26,F24,SKIRT,88,71,39,20%
2025-06-26,F24,SOCKS,-36,-15,-19,58%
2025-06-26,F24,SWEATER,700,432,193,38%
2025-06-26,F24,TRACK JACKET,"1,530",690,282,55%
2025-06-26,F24,TRACK PANT,"1,585",826,337,48%
2025-06-26,F24,T-SHIRT,404,196,166,52%
2025-06-26,S24,CARDIGAN,108,30,19,73%
2025-06-26,S24,DRESS,389,156,98,60%
2025-06-26,S24,FOOTWEAR,204,59,56,71%
2025-06-26,S24,POLO,204,61,36,70%
2025-06-26,S24,SHORTS,542,163,113,70%
2025-06-26,S24,SKIRT,302,89,54,71%
2025-06-26,S24,SKORT,78,21,12,73%
2025-06-26,S24,SPORT BRA,190,53,38,72%
2025-06-26,S24,TANK TOP,194,58,32,70%
2025-06-26,S24,TRACK JACKET,280,186,64,34%
2025-06-26,S24,TRACK PANT,563,247,101,56%
2025-06-26,S24,T-SHIRT,48,26,25,46%
2025-06-26,S25,0,118,0,16,100%
2025-06-26,S25,ACCESSORIES,18,18,4,0%
2025-06-26,S25,CABANA SHIRT,"1,158",834,257,28%
2025-06-26,S25,CAMP SHIRT,0,5,0,#DIV/0!
2025-06-26,S25,CREWNECK,196,131,36,33%
2025-06-26,S25,DRESS,941,565,174,40%
2025-06-26,S25,FOOTWEAR,150,105,33,30%
2025-06-26,S25,HAT,358,250,81,30%
2025-06-26,S25,HOODIE,900,579,189,36%
2025-06-26,S25,LEGGINGS,246,133,52,46%
2025-06-26,S25,LONG SLEEVE KNIT,78,47,10,40%
2025-06-26,S25,PANTS,135,73,27,46%
2025-06-26,S25,POLO,"9,447","6,181","1,908",35%
2025-06-26,S25,SHORTS,"14,426","9,157","3,004",37%
2025-06-26,S25,SKIRT,274,137,69,50%
2025-06-26,S25,SKORT,320,163,48,49%
2025-06-26,S25,SOCKS,180,126,43,30%
2025-06-26,S25,SPORT BRA,68,41,17,40%
2025-06-26,S25,SWEATER,"5,315","3,187","1,211",40%
2025-06-26,S25,SWEATPANTS,568,374,108,34%
2025-06-26,S25,SWEATSHIRT,110,66,18,40%
2025-06-26,S25,TANK TOP,522,294,84,44%
2025-06-26,S25,TRACK JACKET,"7,690","4,609","1,496",40%
2025-06-26,S25,TRACK PANT,"4,055","2,585",775,36%
2025-06-26,S25,T-SHIRT,"5,728","3,622",990,37%
2025-06-26,S25,VISOR,38,27,7,29%
2025-06-27,CORE,ACCESSORIES,12,3,6,76%
2025-06-27,CORE,HAT,42,42,7,0%
2025-06-27,CORE,SOCKS,486,475,108,2%
2025-06-27,CORE,TRACK JACKET,25,39,14,-56%
2025-06-27,CORE,TRACK PANT,0,11,0,#DIV/0!
2025-06-27,F22,HAT,144,29,24,80%
2025-06-27,F24,ACCESSORIES,252,126,59,50%
2025-06-27,F24,CAMP SHIRT,600,228,124,62%
2025-06-27,F24,FOOTWEAR,160,113,44,29%
2025-06-27,F24,LEGGINGS,220,105,42,53%
2025-06-27,F24,LONG SLEEVE KNIT,355,160,74,55%
2025-06-27,F24,POLO,"1,868",856,641,54%
2025-06-27,F24,SHORTS,"3,384","1,614",818,52%
2025-06-27,F24,SKIRT,177,120,65,32%
2025-06-27,F24,SPORT BRA,136,65,38,53%
2025-06-27,F24,SWEATER,225,113,44,50%
2025-06-27,F24,TRACK JACKET,965,475,189,51%
2025-06-27,F24,TRACK PANT,"1,320",671,244,49%
2025-06-27,F24,T-SHIRT,455,207,96,55%
2025-06-27,S24,CARDIGAN,108,33,19,69%
2025-06-27,S24,DRESS,176,54,38,69%
2025-06-27,S24,FOOTWEAR,-86,-126,-36,-47%
2025-06-27,S24,POLO,204,61,36,70%
2025-06-27,S24,SHORTS,"1,022",306,202,70%
2025-06-27,S24,SKIRT,380,146,82,62%
2025-06-27,S24,SKORT,88,27,19,69%
2025-06-27,S24,SPORT BRA,176,51,37,71%
2025-06-27,S24,TANK TOP,136,40,22,71%
2025-06-27,S24,TRACK JACKET,"1,555",822,321,47%
2025-06-27,S24,TRACK PANT,828,514,176,38%
2025-06-27,S25,0,29,11,10,62%
2025-06-27,S25,ACCESSORIES,146,103,28,29%
2025-06-27,S25,CABANA SHIRT,650,435,152,33%
2025-06-27,S25,CREWNECK,196,138,36,30%
2025-06-27,S25,DRESS,493,274,87,45%
2025-06-27,S25,FOOTWEAR,0,0,0,#DIV/0!
2025-06-27,S25,HAT,400,273,92,32%
2025-06-27,S25,HOODIE,150,105,33,30%
2025-06-27,S25,LEGGINGS,456,274,83,40%
2025-06-27,S25,LONG SLEEVE KNIT,183,99,36,46%
2025-06-27,S25,PANTS,-210,-126,-44,40%
2025-06-27,S25,POLO,"7,468","4,772","1,508",36%
2025-06-27,S25,PULLOVER,-110,-77,-21,30%
2025-06-27,S25,SHORTS,"10,087","6,344","2,107",37%
2025-06-27,S25,SKIRT,390,223,64,43%
2025-06-27,S25,SKORT,752,439,154,42%
2025-06-27,S25,SOCKS,144,108,34,25%
2025-06-27,S25,SPORT BRA,68,41,17,40%
2025-06-27,S25,SWEATER,"5,515","3,373","1,270",39%
2025-06-27,S25,SWEATPANTS,362,245,72,32%
2025-06-27,S25,SWEATSHIRT,550,330,90,40%
2025-06-27,S25,TANK TOP,590,349,106,41%
2025-06-27,S25,TRACK JACKET,"5,900","3,656","1,220",38%
2025-06-27,S25,TRACK PANT,"4,155","2,635",804,37%
2025-06-27,S25,T-SHIRT,"7,014","4,307","1,232",39%
2025-06-27,S25,VISOR,76,43,14,43%
2025-06-27,SS22,T-SHIRT,46,13,12,72%
2025-06-28,CORE,HAT,90,85,18,5%
2025-06-28,CORE,SOCKS,486,438,108,10%
2025-06-28,CORE,TRACK JACKET,165,149,36,10%
2025-06-28,CORE,TRACK PANT,125,113,28,10%
2025-06-28,F23,TRACK PANT,110,30,23,73%
2025-06-28,F24,0,0,-145,0,#DIV/0!
2025-06-28,F24,ACCESSORIES,504,245,115,51%
2025-06-28,F24,CAMP SHIRT,150,54,32,64%
2025-06-28,F24,DRESS,375,138,73,63%
2025-06-28,F24,FOOTWEAR,160,113,44,29%
2025-06-28,F24,HOODIE,150,75,33,50%
2025-06-28,F24,LONG SLEEVE KNIT,245,131,46,47%
2025-06-28,F24,OUTERWEAR,225,81,49,64%
2025-06-28,F24,POLO,"2,054","1,089",688,47%
2025-06-28,F24,SHORTS,"2,517","1,191",571,53%
2025-06-28,F24,SKIRT,88,44,16,50%
2025-06-28,F24,SOCKS,36,16,20,55%
2025-06-28,F24,SPORT BRA,68,34,19,50%
2025-06-28,F24,SWEATER,135,73,21,46%
2025-06-28,F24,SWEATPANTS,110,55,24,50%
2025-06-28,F24,TRACK JACKET,"1,570",756,317,52%
2025-06-28,F24,TRACK PANT,"1,000",473,207,53%
2025-06-28,F24,T-SHIRT,780,373,241,52%
2025-06-28,S24,CARDIGAN,108,33,19,69%
2025-06-28,S24,DRESS,213,102,60,52%
2025-06-28,S24,FOOTWEAR,118,118,20,0%
2025-06-28,S24,OUTERWEAR,300,79,56,74%
2025-06-28,S24,POLO,68,21,12,69%
2025-06-28,S24,SHORTS,516,154,116,70%
2025-06-28,S24,SKIRT,282,87,42,69%
2025-06-28,S24,SKORT,166,51,31,69%
2025-06-28,S24,SPORT BRA,254,79,53,69%
2025-06-28,S24,TANK TOP,126,39,21,69%
2025-06-28,S24,TRACK JACKET,840,563,188,33%
2025-06-28,S24,TRACK PANT,750,510,154,32%
2025-06-28,S25,0,323,148,62,54%
2025-06-28,S25,CABANA SHIRT,"3,554","2,181",727,39%
2025-06-28,S25,CAMP SHIRT,264,101,45,62%
2025-06-28,S25,CREWNECK,588,421,108,28%
2025-06-28,S25,DRESS,"1,228",722,231,41%
2025-06-28,S25,FOOTWEAR,150,105,33,30%
2025-06-28,S25,HAT,300,210,69,30%
2025-06-28,S25,HOODIE,125,75,26,40%
2025-06-28,S25,LONG SLEEVE KNIT,156,92,20,41%
2025-06-28,S25,PANTS,135,81,27,40%
2025-06-28,S25,POLO,"9,293","6,014","1,924",35%
2025-06-28,S25,PULLOVER,235,152,46,35%
2025-06-28,S25,SHORTS,"16,456","10,571","3,423",36%
2025-06-28,S25,SKIRT,686,401,140,42%
2025-06-28,S25,SKORT,"1,610",897,318,44%
2025-06-28,S25,SOCKS,234,162,61,31%
2025-06-28,S25,SWEATER,"3,520","2,169",812,38%
2025-06-28,S25,SWEATPANTS,626,431,126,31%
2025-06-28,S25,SWEATSHIRT,110,66,18,40%
2025-06-28,S25,TANK TOP,"1,054",589,179,44%
2025-06-28,S25,TOWEL,48,48,26,0%
2025-06-28,S25,TRACK JACKET,"7,145","4,455","1,478",38%
2025-06-28,S25,TRACK PANT,"4,389","2,683",860,39%
2025-06-28,S25,T-SHIRT,"8,986","5,736","1,609",36%
2025-06-28,S25,VISOR,38,27,7,29%
2025-06-28,SS22,T-SHIRT,46,12,12,75%
2025-06-29,CORE,HAT,84,76,14,10%
2025-06-29,CORE,SOCKS,450,434,100,4%
2025-06-29,CORE,TRACK JACKET,"1,220","1,080",232,11%
2025-06-29,CORE,TRACK PANT,610,585,129,4%
2025-06-29,F21,HAT,38,15,6,61%
2025-06-29,F22,HAT,240,75,40,69%
2025-06-29,F23,TRACK PANT,160,48,39,70%
2025-06-29,F24,ACCESSORIES,252,120,59,53%
2025-06-29,F24,CAMP SHIRT,450,180,94,60%
2025-06-29,F24,DRESS,125,75,19,40%
2025-06-29,F24,FOOTWEAR,160,113,44,29%
2025-06-29,F24,HOODIE,450,225,99,50%
2025-06-29,F24,LEGGINGS,110,55,21,50%
2025-06-29,F24,LONG SLEEVE KNIT,605,338,117,44%
2025-06-29,F24,POLO,"2,281","1,190",754,48%
2025-06-29,F24,SHORTS,"2,344","1,115",552,52%
2025-06-29,F24,SKIRT,78,62,34,20%
2025-06-29,F24,SPORT BRA,68,34,19,50%
2025-06-29,F24,SWEATER,135,78,21,42%
2025-06-29,F24,TRACK JACKET,"1,315",650,252,51%
2025-06-29,F24,TRACK PANT,"1,560",803,292,49%
2025-06-29,F24,T-SHIRT,598,273,192,54%
2025-06-29,S24,CARDIGAN,108,33,19,69%
2025-06-29,S24,FOOTWEAR,118,112,20,5%
2025-06-29,S24,POLO,272,82,48,70%
2025-06-29,S24,SHORTS,723,212,139,71%
2025-06-29,S24,SKIRT,604,179,102,70%
2025-06-29,S24,SPORT BRA,48,15,7,69%
2025-06-29,S24,TANK TOP,116,32,20,72%
2025-06-29,S24,TRACK JACKET,275,129,57,53%
2025-06-29,S24,TRACK PANT,375,205,82,45%
2025-06-29,S25,0,236,185,32,22%
2025-06-29,S25,ACCESSORIES,116,78,22,33%
2025-06-29,S25,CABANA SHIRT,"2,289","1,460",475,36%
2025-06-29,S25,CAMP SHIRT,88,53,15,40%
2025-06-29,S25,CREWNECK,588,402,108,32%
2025-06-29,S25,DRESS,368,207,66,44%
2025-06-29,S25,HAT,570,416,121,27%
2025-06-29,S25,HOODIE,300,200,66,34%
2025-06-29,S25,POLO,"8,349","5,434","1,716",35%
2025-06-29,S25,SHOES,340,226,82,34%
2025-06-29,S25,SHORTS,"13,743","9,019","2,849",34%
2025-06-29,S25,SKIRT,568,320,102,44%
2025-06-29,S25,SKORT,626,377,137,40%
2025-06-29,S25,SOCKS,198,142,50,28%
2025-06-29,S25,SWEATER,"4,555","2,922","1,047",36%
2025-06-29,S25,SWEATPANTS,362,238,72,34%
2025-06-29,S25,SWEATSHIRT,110,66,18,40%
2025-06-29,S25,TANK TOP,358,208,65,42%
2025-06-29,S25,TRACK JACKET,"7,570","4,534","1,444",40%
2025-06-29,S25,TRACK PANT,"5,535","3,372","1,109",39%
2025-06-29,S25,T-SHIRT,"7,754","5,030","1,371",35%
2025-06-30,CORE,HAT,42,42,7,0%
2025-06-30,CORE,SOCKS,540,525,120,3%
2025-06-30,CORE,TRACK JACKET,-25,-157,-14,-528%
2025-06-30,CORE,TRACK PANT,550,418,85,24%
2025-06-30,F21,HAT,38,15,6,61%
2025-06-30,F22,HAT,252,77,44,70%
2025-06-30,F24,ACCESSORIES,252,124,58,51%
2025-06-30,F24,CAMP SHIRT,"1,335",439,271,67%
2025-06-30,F24,CREWNECK,-125,-88,-36,30%
2025-06-30,F24,DRESS,125,75,19,40%
2025-06-30,F24,LEGGINGS,220,50,42,78%
2025-06-30,F24,LONG SLEEVE KNIT,338,140,63,59%
2025-06-30,F24,POLO,"1,804",847,643,53%
2025-06-30,F24,SHORTS,"2,375",840,500,65%
2025-06-30,F24,SKIRT,176,72,32,59%
2025-06-30,F24,SPORT BRA,204,60,57,71%
2025-06-30,F24,SWEATER,"1,175",494,258,58%
2025-06-30,F24,SWEATPANTS,-15,-2,-1,89%
2025-06-30,F24,TRACK JACKET,"2,385",951,465,60%
2025-06-30,F24,TRACK PANT,"2,885",978,584,66%
2025-06-30,F24,T-SHIRT,269,108,78,60%
2025-06-30,S24,DRESS,0,0,0,#DIV/0!
2025-06-30,S24,FOOTWEAR,236,230,40,3%
2025-06-30,S24,SHORTS,430,127,84,71%
2025-06-30,S24,SKORT,176,54,38,69%
2025-06-30,S24,SPORT BRA,64,20,15,69%
2025-06-30,S24,TANK TOP,136,40,22,71%
2025-06-30,S24,TRACK JACKET,955,387,188,59%
2025-06-30,S24,TRACK PANT,845,357,158,58%
2025-06-30,S25,0,0,8,0,#DIV/0!
2025-06-30,S25,ACCESSORIES,58,36,11,38%
2025-06-30,S25,BAG,375,263,267,30%
2025-06-30,S25,CABANA SHIRT,"1,389",911,279,34%
2025-06-30,S25,CREWNECK,196,131,36,33%
2025-06-30,S25,DRESS,250,143,46,43%
2025-06-30,S25,FOOTWEAR,300,200,66,34%
2025-06-30,S25,HAT,390,268,83,31%
2025-06-30,S25,HOODIE,300,210,66,30%
2025-06-30,S25,LONG SLEEVE KNIT,495,291,76,41%
2025-06-30,S25,POLO,"6,746","4,034","1,298",40%
2025-06-30,S25,PULLOVER,345,214,67,38%
2025-06-30,S25,SHOES,170,119,41,30%
2025-06-30,S25,SHORTS,"15,296","9,482","3,130",38%
2025-06-30,S25,SKIRT,-57,-65,-35,-14%
2025-06-30,S25,SKORT,820,450,165,45%
2025-06-30,S25,SOCKS,162,117,42,28%
2025-06-30,S25,SWEATER,"8,115","5,080","1,880",37%
2025-06-30,S25,SWEATPANTS,186,125,36,33%
2025-06-30,S25,TANK TOP,850,475,165,44%
2025-06-30,S25,TRACK JACKET,"1,070",139,63,87%
2025-06-30,S25,TRACK PANT,"2,075","1,031",309,50%
2025-06-30,S25,T-SHIRT,"7,562","4,831","1,347",36%
2025-06-30,S25,VISOR,38,23,7,38%
2025-07-01,CORE,HAT,294,286,49,3%
2025-07-01,CORE,SOCKS,486,467,108,4%
2025-07-01,CORE,TRACK JACKET,165,11,36,93%
2025-07-01,CORE,TRACK PANT,125,8,28,93%
2025-07-01,F21,HAT,38,11,6,72%
2025-07-01,F22,HAT,336,101,56,70%
2025-07-01,F23,TRACK PANT,98,30,17,69%
2025-07-01,F24,ACCESSORIES,588,213,137,64%
2025-07-01,F24,CAMP SHIRT,"1,905",536,393,72%
2025-07-01,F24,CARDIGAN,210,63,95,70%
2025-07-01,F24,DRESS,635,185,98,71%
2025-07-01,F24,FOOTWEAR,-160,-113,-44,29%
2025-07-01,F24,HOODIE,395,109,70,73%
2025-07-01,F24,LEGGINGS,550,160,105,71%
2025-07-01,F24,LONG SLEEVE KNIT,"1,278",273,265,79%
2025-07-01,F24,OUTERWEAR,225,61,49,73%
2025-07-01,F24,POLO,"7,215","2,389","2,408",67%
2025-07-01,F24,SHORTS,"9,212","2,892","2,175",69%
2025-07-01,F24,SKIRT,441,128,136,71%
2025-07-01,F24,SPORT BRA,204,58,57,72%
2025-07-01,F24,SWEATER,"2,090",360,423,83%
2025-07-01,F24,SWEATPANTS,529,195,103,63%
2025-07-01,F24,TRACK JACKET,"5,560","1,793","1,064",68%
2025-07-01,F24,TRACK PANT,"5,885","1,740","1,172",70%
2025-07-01,F24,T-SHIRT,"2,580",805,814,69%
2025-07-01,S24,DRESS,125,34,41,73%
2025-07-01,S24,POLO,176,40,60,77%
2025-07-01,S24,SHORTS,774,220,151,72%
2025-07-01,S24,SKIRT,146,43,37,71%
2025-07-01,S24,SKORT,78,24,12,69%
2025-07-01,S24,SPORT BRA,126,38,23,70%
2025-07-01,S24,TANK TOP,126,38,21,70%
2025-07-01,S24,TRACK JACKET,265,-220,39,183%
2025-07-01,S24,TRACK PANT,240,-157,42,165%
2025-07-01,S24,T-SHIRT,48,15,25,69%
2025-07-01,S25,0,118,84,16,29%
2025-07-01,S25,ACCESSORIES,370,256,75,31%
2025-07-01,S25,BAG,225,150,178,34%
2025-07-01,S25,CABANA SHIRT,"1,051",694,213,34%
2025-07-01,S25,CAMP SHIRT,88,53,15,40%
2025-07-01,S25,CREWNECK,686,462,126,33%
2025-07-01,S25,DRESS,228,137,41,40%
2025-07-01,S25,HAT,180,136,38,24%
2025-07-01,S25,HOODIE,100,62,19,38%
2025-07-01,S25,LEGGINGS,110,66,21,40%
2025-07-01,S25,LONG SLEEVE KNIT,203,120,36,41%
2025-07-01,S25,POLO,"7,578","4,946","1,539",35%
2025-07-01,S25,PULLOVER,110,69,21,37%
2025-07-01,S25,SHORTS,"13,766","8,703","2,851",37%
2025-07-01,S25,SKIRT,332,194,53,42%
2025-07-01,S25,SKORT,"1,434",837,279,42%
2025-07-01,S25,SOCKS,108,69,27,36%
2025-07-01,S25,SWEATER,"4,145","2,503",963,40%
2025-07-01,S25,SWEATPANTS,548,417,108,24%
2025-07-01,S25,SWEATSHIRT,0,0,0,#DIV/0!
2025-07-01,S25,TANK TOP,"1,206",716,222,41%
2025-07-01,S25,TRACK JACKET,"7,965","4,613","1,545",42%
2025-07-01,S25,TRACK PANT,"4,688","2,819",989,40%
2025-07-01,S25,T-SHIRT,"8,066","5,307","1,495",34%
2025-07-01,SS22,T-SHIRT,46,13,12,72%
2025-07-02,CORE,ACCESSORIES,18,18,5,0%
2025-07-02,CORE,SOCKS,576,560,128,3%
2025-07-02,CORE,TRACK JACKET,445,459,80,-3%
2025-07-02,CORE,TRACK PANT,235,257,45,-9%
2025-07-02,F22,HAT,96,30,16,69%
2025-07-02,F23,TRACK PANT,125,35,23,72%
2025-07-02,F24,ACCESSORIES,336,114,77,66%
2025-07-02,F24,BAG,110,77,31,30%
2025-07-02,F24,CAMP SHIRT,15,-1,-1,103%
2025-07-02,F24,DRESS,"1,260",375,320,70%
2025-07-02,F24,FOOTWEAR,140,63,27,55%
2025-07-02,F24,HAT,45,29,11,36%
2025-07-02,F24,HOODIE,950,376,162,60%
2025-07-02,F24,LEGGINGS,440,131,85,70%
2025-07-02,F24,LONG SLEEVE KNIT,"2,551",780,534,69%
2025-07-02,F24,OUTERWEAR,450,136,98,70%
2025-07-02,F24,POLO,"6,325","2,135","2,163",66%
2025-07-02,F24,SHORTS,"4,630","1,530","1,116",67%
2025-07-02,F24,SKIRT,873,287,277,67%
2025-07-02,F24,SKORT,156,89,36,43%
2025-07-02,F24,SOCKS,18,5,10,70%
2025-07-02,F24,SPORT BRA,272,86,76,69%
2025-07-02,F24,SWEATER,"2,440",734,486,70%
2025-07-02,F24,SWEATPANTS,"1,416",445,285,69%
2025-07-02,F24,SWEATSHIRT,625,185,141,70%
2025-07-02,F24,TRACK JACKET,"5,130","1,815",973,65%
2025-07-02,F24,TRACK PANT,"4,895","1,501",937,69%
2025-07-02,F24,T-SHIRT,"1,568",533,511,66%
2025-07-02,S24,CAMP SHIRT,135,41,32,70%
2025-07-02,S24,DRESS,605,162,129,73%
2025-07-02,S24,FOOTWEAR,177,177,30,0%
2025-07-02,S24,HOODIE,250,68,51,73%
2025-07-02,S24,LONG SLEEVE KNIT,110,44,19,60%
2025-07-02,S24,OUTERWEAR,160,48,32,70%
2025-07-02,S24,POLO,78,22,13,72%
2025-07-02,S24,SHORTS,418,128,78,69%
2025-07-02,S24,SKIRT,68,19,9,72%
2025-07-02,S24,SPORT BRA,48,14,7,70%
2025-07-02,S24,SWEATPANTS,88,22,16,75%
2025-07-02,S24,TANK TOP,48,15,9,69%
2025-07-02,S24,TRACK JACKET,135,41,23,70%
2025-07-02,S24,TRACK PANT,610,199,101,67%
2025-07-02,S24,T-SHIRT,172,52,28,70%
2025-07-02,S25,0,88,48,18,45%
2025-07-02,S25,CABANA SHIRT,"1,515",876,311,42%
2025-07-02,S25,CAMP SHIRT,88,48,15,46%
2025-07-02,S25,CREWNECK,0,0,0,#DIV/0!
2025-07-02,S25,FOOTWEAR,150,105,33,30%
2025-07-02,S25,HAT,770,546,167,29%
2025-07-02,S25,HOODIE,250,143,52,43%
2025-07-02,S25,JACKET,165,99,32,40%
2025-07-02,S25,LONG SLEEVE KNIT,194,116,30,40%
2025-07-02,S25,POLO,"11,361","7,213","2,105",37%
2025-07-02,S25,SHORTS,"14,078","8,983","2,847",36%
2025-07-02,S25,SKIRT,98,53,20,46%
2025-07-02,S25,SKORT,848,486,159,43%
2025-07-02,S25,SOCKS,126,84,32,33%
2025-07-02,S25,SWEATER,"4,500","2,632","1,057",42%
2025-07-02,S25,SWEATPANTS,284,183,54,36%
2025-07-02,S25,TANK TOP,502,302,86,40%
2025-07-02,S25,TRACK JACKET,"4,360","2,751",886,37%
2025-07-02,S25,TRACK PANT,"2,775","1,725",595,38%
2025-07-02,S25,T-SHIRT,"6,444","4,115","1,139",36%
2025-07-02,S25,VISOR,38,24,7,36%
2025-07-03,CORE,ACCESSORIES,18,18,5,0%
2025-07-03,CORE,HAT,84,-1,14,101%
2025-07-03,CORE,SOCKS,342,328,76,4%
2025-07-03,CORE,TRACK JACKET,865,612,146,29%
2025-07-03,CORE,TRACK PANT,345,276,62,20%
2025-07-03,F22,HAT,108,40,20,63%
2025-07-03,F22,TANK TOP,50,14,10,73%
2025-07-03,F23,SHORTS,68,19,13,72%
2025-07-03,F23,TRACK PANT,952,269,183,72%
2025-07-03,F23,T-SHIRT,42,24,7,43%
2025-07-03,F24,0,435,429,159,1%
2025-07-03,F24,ACCESSORIES,798,328,179,59%
2025-07-03,F24,BAG,110,75,31,31%
2025-07-03,F24,CAMP SHIRT,750,223,150,70%
2025-07-03,F24,CREWNECK,110,55,25,50%
2025-07-03,F24,DRESS,530,151,85,72%
2025-07-03,F24,FOOTWEAR,420,209,83,50%
2025-07-03,F24,HOODIE,"1,575",510,313,68%
2025-07-03,F24,JACKET,325,88,55,73%
2025-07-03,F24,LEGGINGS,220,68,42,69%
2025-07-03,F24,LONG SLEEVE KNIT,"1,465",429,272,71%
2025-07-03,F24,OUTERWEAR,225,68,49,70%
2025-07-03,F24,POLO,"6,434","2,190","2,334",66%
2025-07-03,F24,S/S BUTTON SHIRT,196,98,66,50%
2025-07-03,F24,SHORTS,"6,006","1,897","1,405",68%
2025-07-03,F24,SKIRT,352,104,64,71%
2025-07-03,F24,SKORT,156,85,36,46%
2025-07-03,F24,SOCKS,18,6,10,67%
2025-07-03,F24,SPORT BRA,68,24,19,65%
2025-07-03,F24,SWEATER,"3,125",932,654,70%
2025-07-03,F24,SWEATPANTS,"1,154",375,228,68%
2025-07-03,F24,SWEATSHIRT,250,71,58,72%
2025-07-03,F24,TRACK JACKET,"7,235","2,469","1,553",66%
2025-07-03,F24,TRACK PANT,"7,055","2,255","1,418",68%
2025-07-03,F24,T-SHIRT,"3,221","1,205",962,63%
2025-07-03,S23,SHORTS,68,19,14,72%
2025-07-03,S24,CAMP SHIRT,550,163,111,70%
2025-07-03,S24,CARDIGAN,216,60,38,72%
2025-07-03,S24,DRESS,"1,404",408,365,71%
2025-07-03,S24,FOOTWEAR,457,310,97,32%
2025-07-03,S24,OUTERWEAR,460,138,88,70%
2025-07-03,S24,POLO,253,74,44,71%
2025-07-03,S24,SHORTS,"3,481","1,051",666,70%
2025-07-03,S24,SKIRT,224,56,33,75%
2025-07-03,S24,SKORT,88,27,19,69%
2025-07-03,S24,SPORT BRA,270,94,44,65%
2025-07-03,S24,SWEATER,125,37,21,71%
2025-07-03,S24,SWEATPANTS,264,68,48,74%
2025-07-03,S24,TANK TOP,96,34,18,64%
2025-07-03,S24,TRACK JACKET,"1,360",524,235,61%
2025-07-03,S24,TRACK PANT,"1,505",538,306,64%
2025-07-03,S24,T-SHIRT,"1,534",441,262,71%
2025-07-03,S25,0,59,37,8,38%
2025-07-03,S25,ACCESSORIES,58,41,11,29%
2025-07-03,S25,BAG,150,95,89,37%
2025-07-03,S25,CABANA SHIRT,"1,550",922,344,41%
2025-07-03,S25,CAMP SHIRT,264,149,45,44%
2025-07-03,S25,CREWNECK,294,192,54,35%
2025-07-03,S25,DRESS,455,258,92,43%
2025-07-03,S25,FOOTWEAR,150,105,33,30%
2025-07-03,S25,HAT,458,278,104,39%
2025-07-03,S25,HOODIE,525,328,111,38%
2025-07-03,S25,LONG SLEEVE KNIT,359,210,56,41%
2025-07-03,S25,PANTS,75,48,17,36%
2025-07-03,S25,POLO,"6,890","4,451","1,475",35%
2025-07-03,S25,PULLOVER,125,68,25,46%
2025-07-03,S25,SHOES,170,119,41,30%
2025-07-03,S25,SHORTS,"12,359","7,876","2,598",36%
2025-07-03,S25,SKIRT,254,148,24,42%
2025-07-03,S25,SKORT,528,306,114,42%
2025-07-03,S25,SOCKS,108,91,24,15%
2025-07-03,S25,SWEATER,"9,275","5,790","2,125",38%
2025-07-03,S25,SWEATPANTS,284,188,54,34%
2025-07-03,S25,SWEATSHIRT,110,66,18,40%
2025-07-03,S25,TANK TOP,552,310,102,44%
2025-07-03,S25,TRACK JACKET,"6,960","4,121","1,356",41%
2025-07-03,S25,TRACK PANT,"3,428","1,918",663,44%
2025-07-03,S25,T-SHIRT,"6,612","4,219","1,183",36%
2025-07-03,SS22,HOODIE,98,29,26,70%
2025-07-03,SS22,SWEATPANTS,88,23,22,73%
2025-07-03,SS22,T-SHIRT,100,28,24,72%
2025-07-04,CORE,HAT,84,84,14,0%
2025-07-04,CORE,SOCKS,288,283,64,2%
2025-07-04,CORE,TRACK JACKET,750,686,138,9%
2025-07-04,CORE,TRACK PANT,220,220,34,0%
2025-07-04,F21,HAT,38,14,6,64%
2025-07-04,F22,HAT,48,18,8,63%
2025-07-04,F22,TANK TOP,58,20,11,66%
2025-07-04,F23,FOOTWEAR,150,41,34,73%
2025-07-04,F23,POLO,78,35,14,55%
2025-07-04,F23,TRACK PANT,213,65,41,69%
2025-07-04,F24,ACCESSORIES,832,366,181,56%
2025-07-04,F24,CAMP SHIRT,"1,335",380,271,72%
2025-07-04,F24,DRESS,250,72,38,71%
2025-07-04,F24,FOOTWEAR,420,206,83,51%
2025-07-04,F24,HOODIE,410,176,82,57%
2025-07-04,F24,LEGGINGS,770,230,147,70%
2025-07-04,F24,LONG SLEEVE KNIT,808,322,147,60%
2025-07-04,F24,OUTERWEAR,450,122,98,73%
2025-07-04,F24,POLO,"3,822","1,647","1,177",57%
2025-07-04,F24,S/S BUTTON SHIRT,490,224,165,54%
2025-07-04,F24,SHORTS,"5,322","2,023","1,214",62%
2025-07-04,F24,SKIRT,"1,208",454,361,62%
2025-07-04,F24,SKORT,78,47,18,40%
2025-07-04,F24,SPORT BRA,340,122,95,64%
2025-07-04,F24,SWEATER,"2,465",940,641,62%
2025-07-04,F24,SWEATPANTS,208,87,42,58%
2025-07-04,F24,SWEATSHIRT,315,95,73,70%
2025-07-04,F24,TRACK JACKET,"7,390","2,729","1,414",63%
2025-07-04,F24,TRACK PANT,"8,370","2,942","1,665",65%
2025-07-04,F24,T-SHIRT,"3,680","1,492","1,006",59%
2025-07-04,S23,FOOTWEAR,150,41,35,73%
2025-07-04,S23,SHORTS,68,17,12,75%
2025-07-04,S24,ACCESSORIES,105,32,52,70%
2025-07-04,S24,CAMP SHIRT,145,40,29,73%
2025-07-04,S24,DRESS,186,57,36,69%
2025-07-04,S24,FOOTWEAR,678,283,125,58%
2025-07-04,S24,POLO,504,140,90,72%
2025-07-04,S24,SHORTS,853,273,164,68%
2025-07-04,S24,SOCKS,18,16,3,9%
2025-07-04,S24,SPORT BRA,64,23,15,63%
2025-07-04,S24,SWEATER,125,38,21,70%
2025-07-04,S24,TRACK JACKET,"1,350",712,270,47%
2025-07-04,S24,TRACK PANT,"1,103",508,211,54%
2025-07-04,S24,T-SHIRT,100,63,30,37%
2025-07-04,S25,ACCESSORIES,244,172,51,30%
2025-07-04,S25,CABANA SHIRT,723,495,153,32%
2025-07-04,S25,CREWNECK,98,60,18,38%
2025-07-04,S25,DRESS,125,75,25,40%
2025-07-04,S25,HAT,158,102,35,36%
2025-07-04,S25,LONG SLEEVE KNIT,261,165,46,37%
2025-07-04,S25,POLO,"8,083","5,336","1,559",34%
2025-07-04,S25,PULLOVER,345,229,67,34%
2025-07-04,S25,SHORTS,"10,658","6,838","2,159",36%
2025-07-04,S25,SKIRT,409,233,106,43%
2025-07-04,S25,SKORT,"1,044",610,202,42%
2025-07-04,S25,SOCKS,144,106,36,26%
2025-07-04,S25,SWEATER,"3,885","2,440",887,37%
2025-07-04,S25,SWEATPANTS,88,54,18,38%
2025-07-04,S25,SWEATSHIRT,110,59,18,46%
2025-07-04,S25,TANK TOP,494,287,83,42%
2025-07-04,S25,TRACK JACKET,"4,825","2,988","1,058",38%
2025-07-04,S25,TRACK PANT,"2,125","1,439",470,32%
2025-07-04,S25,T-SHIRT,"5,642","3,598",983,36%
2025-07-05,CORE,ACCESSORIES,18,18,5,0%
2025-07-05,CORE,SOCKS,648,615,144,5%
2025-07-05,CORE,TRACK JACKET,445,431,80,3%
2025-07-05,CORE,TRACK PANT,235,224,45,5%
2025-07-05,F21,HAT,38,14,6,64%
2025-07-05,F22,HAT,48,18,8,63%
2025-07-05,F23,POLO,78,39,14,50%
2025-07-05,F23,SHORTS,68,34,13,50%
2025-07-05,F23,TRACK JACKET,395,174,71,56%
2025-07-05,F23,TRACK PANT,490,144,96,71%
2025-07-05,F24,ACCESSORIES,500,210,116,58%
2025-07-05,F24,CAMP SHIRT,750,230,152,69%
2025-07-05,F24,CREWNECK,235,91,70,61%
2025-07-05,F24,DRESS,475,144,138,70%
2025-07-05,F24,FOOTWEAR,300,169,72,44%
2025-07-05,F24,HOODIE,"1,420",606,290,57%
2025-07-05,F24,LEGGINGS,110,31,21,72%
2025-07-05,F24,LONG SLEEVE KNIT,"1,944",650,407,67%
2025-07-05,F24,OUTERWEAR,225,68,49,70%
2025-07-05,F24,POLO,"5,021","1,816","1,739",64%
2025-07-05,F24,S/S BUTTON SHIRT,392,177,132,55%
2025-07-05,F24,SHORTS,"6,234","2,179","1,491",65%
2025-07-05,F24,SKIRT,"1,207",428,396,65%
2025-07-05,F24,SKORT,234,132,54,44%
2025-07-05,F24,SWEATER,"2,735",846,644,69%
2025-07-05,F24,SWEATPANTS,"1,663",516,342,69%
2025-07-05,F24,SWEATSHIRT,"1,260",429,304,66%
2025-07-05,F24,TRACK JACKET,"5,680","2,222","1,135",61%
2025-07-05,F24,TRACK PANT,"6,980","2,581","1,382",63%
2025-07-05,F24,T-SHIRT,"3,202","1,255",890,61%
2025-07-05,S24,CAMP SHIRT,280,81,61,71%
2025-07-05,S24,CARDIGAN,108,33,19,69%
2025-07-05,S24,DRESS,88,30,19,66%
2025-07-05,S24,FOOTWEAR,818,276,153,66%
2025-07-05,S24,LONG SLEEVE KNIT,110,44,19,60%
2025-07-05,S24,OUTERWEAR,160,48,32,70%
2025-07-05,S24,POLO,836,233,167,72%
2025-07-05,S24,SHORTS,"1,074",327,210,70%
2025-07-05,S24,SKIRT,234,73,52,69%
2025-07-05,S24,SKORT,78,24,13,69%
2025-07-05,S24,SOCKS,18,18,3,0%
2025-07-05,S24,SPORT BRA,96,30,14,69%
2025-07-05,S24,SWEATER,150,45,37,70%
2025-07-05,S24,SWEATPANTS,264,69,48,74%
2025-07-05,S24,TRACK JACKET,"2,030",907,385,55%
2025-07-05,S24,TRACK PANT,"1,885",795,396,58%
2025-07-05,S24,T-SHIRT,846,254,149,70%
2025-07-05,S25,ACCESSORIES,76,59,15,22%
2025-07-05,S25,CABANA SHIRT,"2,421","1,524",503,37%
2025-07-05,S25,CAMP SHIRT,176,95,30,46%
2025-07-05,S25,CREWNECK,196,130,36,34%
2025-07-05,S25,DRESS,361,207,61,43%
2025-07-05,S25,FOOTWEAR,300,210,66,30%
2025-07-05,S25,HAT,580,395,121,32%
2025-07-05,S25,HOODIE,275,173,59,37%
2025-07-05,S25,JACKET,330,187,64,43%
2025-07-05,S25,LEGGINGS,110,61,21,45%
2025-07-05,S25,LONG SLEEVE KNIT,136,87,20,36%
2025-07-05,S25,PADDLE,116,116,21,0%
2025-07-05,S25,PANTS,210,109,44,48%
2025-07-05,S25,POLO,"10,654","6,853","2,230",36%
2025-07-05,S25,PULLOVER,110,72,21,35%
2025-07-05,S25,SHORTS,"17,468","11,157","3,672",36%
2025-07-05,S25,SKIRT,674,366,125,46%
2025-07-05,S25,SKORT,"1,398",807,298,42%
2025-07-05,S25,SOCKS,342,235,83,31%
2025-07-05,S25,SWEATER,"8,060","5,168","1,850",36%
2025-07-05,S25,SWEATPANTS,372,253,72,32%
2025-07-05,S25,TANK TOP,852,458,150,46%
2025-07-05,S25,TOWEL,48,48,26,0%
2025-07-05,S25,TRACK JACKET,"12,925","8,059","2,449",38%
2025-07-05,S25,TRACK PANT,"6,072","3,811","1,177",37%
2025-07-05,S25,T-SHIRT,"8,844","5,777","1,587",35%
2025-07-06,CORE,ACCESSORIES,18,18,5,0%
2025-07-06,CORE,HAT,42,42,7,0%
2025-07-06,CORE,SOCKS,360,344,80,4%
2025-07-06,CORE,TRACK JACKET,865,797,146,8%
2025-07-06,CORE,TRACK PANT,455,426,79,6%
2025-07-06,F21,HAT,114,42,18,63%
2025-07-06,F23,HOODIE,176,51,34,71%
2025-07-06,F23,POLO,78,35,14,56%
2025-07-06,F23,SWEATPANTS,176,57,32,68%
2025-07-06,F23,TRACK JACKET,555,255,103,54%
2025-07-06,F23,TRACK PANT,760,227,147,70%
2025-07-06,F23,T-SHIRT,68,27,12,60%
2025-07-06,F24,ACCESSORIES,416,167,98,60%
2025-07-06,F24,CAMP SHIRT,900,258,180,71%
2025-07-06,F24,CREWNECK,595,219,185,63%
2025-07-06,F24,DRESS,760,218,149,71%
2025-07-06,F24,FOOTWEAR,280,131,55,53%
2025-07-06,F24,HOODIE,860,370,165,57%
2025-07-06,F24,LEGGINGS,660,184,126,72%
2025-07-06,F24,LONG SLEEVE KNIT,"2,303",742,434,68%
2025-07-06,F24,OUTERWEAR,225,61,49,73%
2025-07-06,F24,POLO,"8,837","3,220","3,165",64%
2025-07-06,F24,S/S BUTTON SHIRT,490,239,165,51%
2025-07-06,F24,SHORTS,"7,232","2,485","1,797",66%
2025-07-06,F24,SKIRT,"2,285",716,735,69%
2025-07-06,F24,SKORT,78,47,18,40%
2025-07-06,F24,SPORT BRA,340,115,95,66%
2025-07-06,F24,SWEATER,"1,700",513,406,70%
2025-07-06,F24,SWEATPANTS,"1,193",368,242,69%
2025-07-06,F24,SWEATSHIRT,250,74,52,71%
2025-07-06,F24,TRACK JACKET,"9,105","3,067","1,792",66%
2025-07-06,F24,TRACK PANT,"8,320","2,520","1,674",70%
2025-07-06,F24,T-SHIRT,"4,512","1,706","1,592",62%
2025-07-06,S23,SHORTS,68,18,14,73%
2025-07-06,S24,CAMP SHIRT,135,41,32,70%
2025-07-06,S24,DRESS,250,76,82,70%
2025-07-06,S24,FOOTWEAR,619,314,131,49%
2025-07-06,S24,JACKET,350,95,150,73%
2025-07-06,S24,LONG SLEEVE KNIT,264,81,45,69%
2025-07-06,S24,OUTERWEAR,150,43,28,71%
2025-07-06,S24,POLO,582,174,102,70%
2025-07-06,S24,SHORTS,"1,317",398,270,70%
2025-07-06,S24,SKIRT,244,78,71,68%
2025-07-06,S24,SKORT,410,121,77,70%
2025-07-06,S24,SPORT BRA,96,29,14,70%
2025-07-06,S24,SWEATER,135,39,28,71%
2025-07-06,S24,SWEATPANTS,264,76,48,71%
2025-07-06,S24,TANK TOP,78,28,12,64%
2025-07-06,S24,TRACK JACKET,"4,415","1,523",876,66%
2025-07-06,S24,TRACK PANT,"2,720",912,494,66%
2025-07-06,S24,T-SHIRT,382,110,63,71%
2025-07-06,S25,0,59,42,8,29%
2025-07-06,S25,CABANA SHIRT,"1,280",843,277,34%
2025-07-06,S25,CAMP SHIRT,88,53,15,40%
2025-07-06,S25,CREWNECK,98,69,18,30%
2025-07-06,S25,DRESS,243,146,41,40%
2025-07-06,S25,FOOTWEAR,150,95,33,37%
2025-07-06,S25,HAT,332,223,71,33%
2025-07-06,S25,HOODIE,525,319,111,39%
2025-07-06,S25,LEGGINGS,110,61,21,45%
2025-07-06,S25,LONG SLEEVE KNIT,562,340,92,40%
2025-07-06,S25,PANTS,210,121,44,42%
2025-07-06,S25,POLO,"9,384","6,163","1,919",34%
2025-07-06,S25,SHORTS,"19,570","12,567","4,107",36%
2025-07-06,S25,SKIRT,254,142,51,44%
2025-07-06,S25,SKORT,606,347,127,43%
2025-07-06,S25,SOCKS,270,192,66,29%
2025-07-06,S25,SPORT BRA,68,36,17,47%
2025-07-06,S25,SWEATER,"5,180","3,421","1,192",34%
2025-07-06,S25,SWEATPANTS,294,187,54,36%
2025-07-06,S25,TANK TOP,348,204,68,41%
2025-07-06,S25,TRACK JACKET,"11,430","7,459","2,269",35%
2025-07-06,S25,TRACK PANT,"6,118","4,035","1,203",34%
2025-07-06,S25,T-SHIRT,"10,010","6,449","1,794",36%
2025-07-06,S25,VISOR,38,23,7,38%
2025-07-07,CORE,ACCESSORIES,12,18,6,-50%
2025-07-07,CORE,HAT,42,42,7,0%
2025-07-07,CORE,SOCKS,396,387,88,2%
2025-07-07,CORE,TRACK JACKET,280,185,44,34%
2025-07-07,CORE,TRACK PANT,565,542,96,4%
2025-07-07,F22,HAT,156,62,28,60%
2025-07-07,F23,FOOTWEAR,150,45,34,70%
2025-07-07,F23,POLO,78,39,14,50%
2025-07-07,F23,SHORTS,68,34,13,50%
2025-07-07,F23,TRACK JACKET,420,154,81,63%
2025-07-07,F23,TRACK PANT,203,62,40,69%
2025-07-07,F23,T-SHIRT,68,34,12,50%
2025-07-07,F24,ACCESSORIES,290,131,65,55%
2025-07-07,F24,BAG,110,69,31,37%
2025-07-07,F24,CAMP SHIRT,"1,335",397,273,70%
2025-07-07,F24,CREWNECK,250,76,90,70%
2025-07-07,F24,DRESS,"1,650",495,344,70%
2025-07-07,F24,FOOTWEAR,150,81,36,46%
2025-07-07,F24,HOODIE,"1,085",393,227,64%
2025-07-07,F24,LEGGINGS,550,170,105,69%
2025-07-07,F24,LONG SLEEVE KNIT,"3,519","1,214",683,65%
2025-07-07,F24,OUTERWEAR,225,68,49,70%
2025-07-07,F24,POLO,"7,213","2,179","2,592",70%
2025-07-07,F24,S/S BUTTON SHIRT,294,147,99,50%
2025-07-07,F24,SHORTS,"7,335","2,586","1,767",65%
2025-07-07,F24,SKIRT,240,103,67,57%
2025-07-07,F24,SKORT,156,94,36,40%
2025-07-07,F24,SOCKS,36,11,20,70%
2025-07-07,F24,SPORT BRA,204,75,57,63%
2025-07-07,F24,SWEATER,"1,325",414,312,69%
2025-07-07,F24,SWEATPANTS,"1,264",402,254,68%
2025-07-07,F24,SWEATSHIRT,-505,-204,-126,60%
2025-07-07,F24,TRACK JACKET,"8,345","2,878","1,744",66%
2025-07-07,F24,TRACK PANT,"7,555","2,492","1,509",67%
2025-07-07,F24,T-SHIRT,"2,382",940,634,61%
2025-07-07,S23,SHORTS,68,19,12,72%
2025-07-07,S23,TRACK PANT,250,112,54,55%
2025-07-07,S24,CAMP SHIRT,540,156,100,71%
2025-07-07,S24,DRESS,872,258,236,70%
2025-07-07,S24,FOOTWEAR,140,38,27,73%
2025-07-07,S24,LONG SLEEVE KNIT,176,52,30,70%
2025-07-07,S24,OUTERWEAR,150,42,28,72%
2025-07-07,S24,POLO,166,48,45,71%
2025-07-07,S24,SHORTS,"1,539",484,281,69%
2025-07-07,S24,SKIRT,438,143,79,67%
2025-07-07,S24,SPORT BRA,144,48,21,67%
2025-07-07,S24,SWEATPANTS,0,4,0,#DIV/0!
2025-07-07,S24,TANK TOP,174,64,30,63%
2025-07-07,S24,TRACK JACKET,"3,410","1,415",651,59%
2025-07-07,S24,TRACK PANT,"2,435",920,458,62%
2025-07-07,S24,T-SHIRT,354,106,61,70%
2025-07-07,S25,0,59,42,8,29%
2025-07-07,S25,ACCESSORIES,296,203,65,31%
2025-07-07,S25,ACTIVE JACKET,125,70,26,44%
2025-07-07,S25,BAG,150,95,89,37%
2025-07-07,S25,CABANA SHIRT,282,200,60,29%
2025-07-07,S25,CREWNECK,294,200,54,32%
2025-07-07,S25,DRESS,125,75,23,40%
2025-07-07,S25,HAT,184,121,45,34%
2025-07-07,S25,HOODIE,-150,-101,-33,33%
2025-07-07,S25,JACKET,-165,-99,-32,40%
2025-07-07,S25,LEGGINGS,-128,-67,-31,48%
2025-07-07,S25,LONG SLEEVE KNIT,428,268,60,37%
2025-07-07,S25,PANTS,135,72,27,47%
2025-07-07,S25,POLO,"5,024","3,407","1,059",32%
2025-07-07,S25,PULLOVER,-235,-165,-46,30%
2025-07-07,S25,SHOES,-170,-107,-41,37%
2025-07-07,S25,SHORTS,"5,868","3,811","1,215",35%
2025-07-07,S25,SKIRT,88,48,21,45%
2025-07-07,S25,SKORT,654,371,131,43%
2025-07-07,S25,SOCKS,126,98,30,22%
2025-07-07,S25,SWEATER,"6,765","3,833","1,566",43%
2025-07-07,S25,SWEATPANTS,-10,-7,0,30%
2025-07-07,S25,SWEATSHIRT,-110,-66,-18,40%
2025-07-07,S25,TANK TOP,426,253,67,41%
2025-07-07,S25,TOWEL,0,0,0,#DIV/0!
2025-07-07,S25,TRACK JACKET,"4,195","2,536",776,40%
2025-07-07,S25,TRACK PANT,"1,582","1,103",323,30%
2025-07-07,S25,T-SHIRT,"4,390","2,807",769,36%
2025-07-07,S25,VISOR,38,27,7,29%
2025-07-08,CORE,HAT,168,168,28,0%
2025-07-08,CORE,SOCKS,378,369,84,2%
2025-07-08,CORE,TRACK JACKET,"1,130","1,130",238,0%
2025-07-08,CORE,TRACK PANT,860,860,187,0%
2025-07-08,F21,HAT,152,60,24,61%
2025-07-08,F22,HAT,120,44,24,63%
2025-07-08,F23,HOODIE,88,24,17,72%
2025-07-08,F23,POLO,390,187,70,52%
2025-07-08,F23,SHORTS,272,133,52,51%
2025-07-08,F23,TRACK PANT,479,108,94,77%
2025-07-08,F23,T-SHIRT,68,31,12,55%
2025-07-08,F24,0,145,145,53,0%
2025-07-08,F24,ACCESSORIES,294,145,67,51%
2025-07-08,F24,CAMP SHIRT,300,86,60,72%
2025-07-08,F24,DRESS,915,231,177,75%
2025-07-08,F24,FOOTWEAR,140,76,28,46%
2025-07-08,F24,HOODIE,425,188,86,56%
2025-07-08,F24,LEGGINGS,110,34,21,69%
2025-07-08,F24,LONG SLEEVE KNIT,"1,323",473,269,64%
2025-07-08,F24,OUTERWEAR,225,68,49,70%
2025-07-08,F24,POLO,"5,123","1,996","1,966",61%
2025-07-08,F24,S/S BUTTON SHIRT,588,289,198,51%
2025-07-08,F24,SHORTS,"3,969","1,450",964,63%
2025-07-08,F24,SKIRT,245,104,94,58%
2025-07-08,F24,SKORT,234,141,54,40%
2025-07-08,F24,SOCKS,18,5,10,70%
2025-07-08,F24,SPORT BRA,136,48,38,65%
2025-07-08,F24,SWEATER,"3,100",954,684,69%
2025-07-08,F24,SWEATPANTS,345,127,74,63%
2025-07-08,F24,SWEATSHIRT,270,82,87,70%
2025-07-08,F24,TRACK JACKET,"6,540","2,538","1,239",61%
2025-07-08,F24,TRACK PANT,"5,545","1,934","1,069",65%
2025-07-08,F24,T-SHIRT,"2,624","1,086",810,59%
2025-07-08,S24,CAMP SHIRT,425,125,83,71%
2025-07-08,S24,CARDIGAN,108,30,19,73%
2025-07-08,S24,DRESS,125,34,41,73%
2025-07-08,S24,FOOTWEAR,538,238,99,56%
2025-07-08,S24,JACKET,350,105,150,70%
2025-07-08,S24,LONG SLEEVE KNIT,110,40,19,64%
2025-07-08,S24,POLO,156,46,30,71%
2025-07-08,S24,SHORTS,721,219,127,70%
2025-07-08,S24,SKIRT,88,30,15,66%
2025-07-08,S24,SKORT,78,24,13,69%
2025-07-08,S24,SWEATER,135,41,28,70%
2025-07-08,S24,TRACK JACKET,"2,325",946,445,59%
2025-07-08,S24,TRACK PANT,"1,880",875,343,53%
2025-07-08,S24,T-SHIRT,174,53,46,70%
2025-07-08,S25,0,88,48,18,45%
2025-07-08,S25,ACCESSORIES,36,36,8,0%
2025-07-08,S25,CABANA SHIRT,370,139,87,62%
2025-07-08,S25,CREWNECK,98,69,18,30%
2025-07-08,S25,DRESS,250,143,46,43%
2025-07-08,S25,FOOTWEAR,150,95,33,37%
2025-07-08,S25,HAT,564,395,119,30%
2025-07-08,S25,HOODIE,125,75,26,40%
2025-07-08,S25,JACKET,330,198,64,40%
2025-07-08,S25,LONG SLEEVE KNIT,125,0,26,100%
2025-07-08,S25,PANTS,135,0,27,100%
2025-07-08,S25,POLO,"6,090","4,077","1,238",33%
2025-07-08,S25,PULLOVER,220,154,42,30%
2025-07-08,S25,SHORTS,"7,333","4,771","1,557",35%
2025-07-08,S25,SKIRT,156,82,31,48%
2025-07-08,S25,SKORT,790,467,153,41%
2025-07-08,S25,SOCKS,144,114,35,21%
2025-07-08,S25,SPORT BRA,-68,-41,-17,40%
2025-07-08,S25,SWEATER,"3,410","1,917",797,44%
2025-07-08,S25,SWEATPANTS,98,59,18,40%
2025-07-08,S25,SWEATSHIRT,110,66,18,40%
2025-07-08,S25,TANK TOP,322,186,48,42%
2025-07-08,S25,TOWEL,48,48,26,0%
2025-07-08,S25,TRACK JACKET,"4,485","2,630",849,41%
2025-07-08,S25,TRACK PANT,"1,725",936,331,46%
2025-07-08,S25,T-SHIRT,"3,430","2,221",609,35%
2025-07-09,CORE,ACCESSORIES,12,18,6,-50%
2025-07-09,CORE,HAT,42,42,7,0%
2025-07-09,CORE,SOCKS,252,252,56,0%
2025-07-09,CORE,TRACK JACKET,140,76,22,46%
2025-07-09,CORE,TRACK PANT,235,188,45,20%
2025-07-09,F21,HAT,38,15,6,61%
2025-07-09,F22,TRACK JACKET,110,33,24,70%
2025-07-09,F23,POLO,312,145,56,54%
2025-07-09,F23,TRACK JACKET,150,41,30,73%
2025-07-09,F23,TRACK PANT,328,92,61,72%
2025-07-09,F24,0,290,290,106,0%
2025-07-09,F24,ACCESSORIES,172,67,38,61%
2025-07-09,F24,CAMP SHIRT,750,207,150,72%
2025-07-09,F24,DRESS,425,130,92,69%
2025-07-09,F24,FOOTWEAR,150,90,36,40%
2025-07-09,F24,HOODIE,225,-21,62,109%
2025-07-09,F24,LEGGINGS,110,34,21,69%
2025-07-09,F24,LONG SLEEVE KNIT,"1,056",352,206,67%
2025-07-09,F24,OUTERWEAR,225,-13,49,106%
2025-07-09,F24,POLO,"4,382","1,462","1,732",67%
2025-07-09,F24,S/S BUTTON SHIRT,196,98,66,50%
2025-07-09,F24,SHORTS,"3,907","1,392",880,64%
2025-07-09,F24,SKIRT,421,158,126,62%
2025-07-09,F24,SKORT,156,94,36,40%
2025-07-09,F24,SPORT BRA,68,24,19,65%
2025-07-09,F24,SWEATER,"1,080",339,283,69%
2025-07-09,F24,SWEATPANTS,595,167,125,72%
2025-07-09,F24,SWEATSHIRT,315,96,79,70%
2025-07-09,F24,TRACK JACKET,"7,200","2,693","1,536",63%
2025-07-09,F24,TRACK PANT,"4,910","1,658",996,66%
2025-07-09,F24,T-SHIRT,"1,650",676,428,59%
2025-07-09,S23,SHORTS,78,23,15,71%
2025-07-09,S23,TRACK PANT,100,30,20,70%
2025-07-09,S23,TRACKSUIT,178,53,26,70%
2025-07-09,S23,T-SHIRT,184,64,38,65%
2025-07-09,S24,CAMP SHIRT,540,158,114,71%
2025-07-09,S24,CARDIGAN,108,33,19,69%
2025-07-09,S24,FOOTWEAR,199,101,36,49%
2025-07-09,S24,LONG SLEEVE KNIT,176,51,30,71%
2025-07-09,S24,OUTERWEAR,160,48,32,70%
2025-07-09,S24,POLO,477,146,104,69%
2025-07-09,S24,SHORTS,541,164,80,70%
2025-07-09,S24,SKIRT,156,46,56,71%
2025-07-09,S24,SKORT,78,24,13,69%
2025-07-09,S24,SWEATPANTS,88,25,16,71%
2025-07-09,S24,TRACK JACKET,995,479,204,52%
2025-07-09,S24,TRACK PANT,"1,135",531,210,53%
2025-07-09,S25,ACCESSORIES,36,36,8,0%
2025-07-09,S25,CABANA SHIRT,895,602,196,33%
2025-07-09,S25,CREWNECK,294,200,54,32%
2025-07-09,S25,DRESS,-125,-68,-25,46%
2025-07-09,S25,FOOTWEAR,150,95,33,37%
2025-07-09,S25,HAT,116,82,24,29%
2025-07-09,S25,HOODIE,125,60,26,52%
2025-07-09,S25,JACKET,165,99,32,40%
2025-07-09,S25,LONG SLEEVE KNIT,31,35,-6,-11%
2025-07-09,S25,PANTS,135,73,27,46%
2025-07-09,S25,POLO,"4,785","3,069",992,36%
2025-07-09,S25,PULLOVER,220,154,42,30%
2025-07-09,S25,SHORTS,"8,986","5,616","1,872",38%
2025-07-09,S25,SKIRT,193,157,48,18%
2025-07-09,S25,SKORT,606,355,127,41%
2025-07-09,S25,SOCKS,72,57,19,21%
2025-07-09,S25,SWEATER,"2,325","1,668",521,28%
2025-07-09,S25,SWEATPANTS,362,239,72,34%
2025-07-09,S25,SWEATSHIRT,330,198,54,40%
2025-07-09,S25,TANK TOP,362,199,63,45%
2025-07-09,S25,TRACK JACKET,"5,100","3,037",994,40%
2025-07-09,S25,TRACK PANT,"1,240",787,230,37%
2025-07-09,S25,T-SHIRT,"4,356","2,627",776,40%
2025-07-09,S25,VISOR,38,27,7,29%
2025-07-10,CORE,SOCKS,396,382,88,4%
2025-07-10,CORE,TRACK JACKET,280,268,44,4%
2025-07-10,CORE,TRACK PANT,235,223,45,5%
2025-07-10,F21,HAT,114,44,18,62%
2025-07-10,F22,HOODIE,78,22,14,72%
2025-07-10,F22,SWEATPANTS,88,26,19,70%
2025-07-10,F22,TRACK JACKET,100,30,20,70%
2025-07-10,F22,TRACK PANT,85,26,18,69%
2025-07-10,F22,TRACKSUIT,225,113,32,50%
2025-07-10,F23,POLO,234,117,42,50%
2025-07-10,F23,SHORTS,136,68,26,50%
2025-07-10,F23,TRACK JACKET,400,129,81,68%
2025-07-10,F23,TRACK PANT,963,288,183,70%
2025-07-10,F24,0,145,145,53,0%
2025-07-10,F24,ACCESSORIES,142,43,30,70%
2025-07-10,F24,BAG,220,140,61,36%
2025-07-10,F24,CAMP SHIRT,"2,985",872,599,71%
2025-07-10,F24,CREWNECK,455,237,111,48%
2025-07-10,F24,DRESS,395,122,79,69%
2025-07-10,F24,FOOTWEAR,150,82,36,45%
2025-07-10,F24,HOODIE,"1,475",538,290,64%
2025-07-10,F24,LEGGINGS,330,102,63,69%
2025-07-10,F24,LONG SLEEVE KNIT,"3,306","1,145",652,65%
2025-07-10,F24,OUTERWEAR,675,190,147,72%
2025-07-10,F24,POLO,"8,616","3,233","3,169",62%
2025-07-10,F24,S/S BUTTON SHIRT,196,93,66,53%
2025-07-10,F24,SHORTS,"10,273","3,627","2,165",65%
2025-07-10,F24,SKIRT,498,194,150,61%
2025-07-10,F24,SKORT,156,88,36,44%
2025-07-10,F24,SPORT BRA,204,72,57,65%
2025-07-10,F24,SWEATER,"2,630",903,579,66%
2025-07-10,F24,SWEATPANTS,"1,056",363,210,66%
2025-07-10,F24,SWEATSHIRT,375,114,84,70%
2025-07-10,F24,TRACK JACKET,"8,870","2,885","1,820",67%
2025-07-10,F24,TRACK PANT,"8,745","2,968","1,743",66%
2025-07-10,F24,T-SHIRT,"2,644","1,178",917,55%
2025-07-10,S23,SHORTS,310,96,43,69%
2025-07-10,S23,TRACK JACKET,250,80,36,68%
2025-07-10,S23,T-SHIRT,132,47,23,64%
2025-07-10,S24,ACCESSORIES,105,53,52,50%
2025-07-10,S24,CAMP SHIRT,840,255,169,70%
2025-07-10,S24,CARDIGAN,108,34,19,69%
2025-07-10,S24,DRESS,186,60,36,68%
2025-07-10,S24,FOOTWEAR,258,154,46,40%
2025-07-10,S24,HOODIE,125,38,26,70%
2025-07-10,S24,LONG SLEEVE KNIT,198,71,34,64%
2025-07-10,S24,POLO,568,158,130,72%
2025-07-10,S24,SHORTS,"1,460",479,287,67%
2025-07-10,S24,SKIRT,234,77,71,67%
2025-07-10,S24,SKORT,156,42,25,73%
2025-07-10,S24,SOCKS,14,14,6,0%
2025-07-10,S24,SPORT BRA,96,40,14,58%
2025-07-10,S24,SWEATER,135,41,28,70%
2025-07-10,S24,SWEATPANTS,88,28,16,68%
2025-07-10,S24,TANK TOP,340,123,55,64%
2025-07-10,S24,TRACK JACKET,"1,515",488,232,68%
2025-07-10,S24,TRACK PANT,840,279,141,67%
2025-07-10,S24,T-SHIRT,68,21,11,69%
2025-07-10,S25,0,-147,-95,-26,35%
2025-07-10,S25,ACCESSORIES,-128,-90,-29,30%
2025-07-10,S25,BAG,110,77,50,30%
2025-07-10,S25,CABANA SHIRT,"1,728","1,098",378,36%
2025-07-10,S25,CAMP SHIRT,88,53,15,40%
2025-07-10,S25,CREWNECK,294,193,54,34%
2025-07-10,S25,DRESS,368,214,64,42%
2025-07-10,S25,HAT,264,197,60,25%
2025-07-10,S25,HOODIE,125,88,26,30%
2025-07-10,S25,LEGGINGS,178,87,36,51%
2025-07-10,S25,LONG SLEEVE KNIT,58,35,10,40%
2025-07-10,S25,PANTS,-135,-73,-27,46%
2025-07-10,S25,POLO,"4,651","3,164","1,016",32%
2025-07-10,S25,PULLOVER,110,77,21,30%
2025-07-10,S25,SHORTS,"8,764","5,497","1,828",37%
2025-07-10,S25,SKIRT,470,277,82,41%
2025-07-10,S25,SKORT,156,90,29,42%
2025-07-10,S25,SOCKS,144,114,34,21%
2025-07-10,S25,SWEATER,"4,780","3,403","1,101",29%
2025-07-10,S25,SWEATPANTS,460,311,90,32%
2025-07-10,S25,SWEATSHIRT,110,59,18,46%
2025-07-10,S25,TANK TOP,116,54,18,54%
2025-07-10,S25,TRACK JACKET,"4,145","2,279",764,45%
2025-07-10,S25,TRACK PANT,"2,828","1,818",559,36%
2025-07-10,S25,T-SHIRT,"4,486","2,881",791,36%
2025-07-11,CORE,HAT,126,122,21,3%
2025-07-11,CORE,SOCKS,270,266,60,1%
2025-07-11,CORE,TRACK JACKET,140,126,22,10%
2025-07-11,CORE,TRACK PANT,220,209,34,5%
2025-07-11,F22,HAT,90,28,14,69%
2025-07-11,F22,HOODIE,98,30,22,69%
2025-07-11,F22,TRACK JACKET,225,93,48,59%
2025-07-11,F23,OUTERWEAR,175,54,40,69%
2025-07-11,F23,POLO,78,39,14,50%
2025-07-11,F23,SHORTS,136,68,26,50%
2025-07-11,F23,TRACK PANT,213,59,41,73%
2025-07-11,F23,T-SHIRT,68,31,12,55%
2025-07-11,F24,0,-145,-145,-53,0%
2025-07-11,F24,ACCESSORIES,126,63,29,50%
2025-07-11,F24,CAMP SHIRT,885,263,181,70%
2025-07-11,F24,CREWNECK,110,50,25,55%
2025-07-11,F24,DRESS,125,40,19,68%
2025-07-11,F24,HOODIE,820,247,156,70%
2025-07-11,F24,LEGGINGS,220,68,42,69%
2025-07-11,F24,LONG SLEEVE KNIT,"1,308",413,281,68%
2025-07-11,F24,POLO,"3,423","1,350","1,234",61%
2025-07-11,F24,S/S BUTTON SHIRT,98,49,33,50%
2025-07-11,F24,SHORTS,"4,799","1,737","1,090",64%
2025-07-11,F24,SKIRT,254,92,66,64%
2025-07-11,F24,SOCKS,54,24,18,56%
2025-07-11,F24,SPORT BRA,136,51,38,63%
2025-07-11,F24,SWEATER,"1,525",448,374,71%
2025-07-11,F24,SWEATPANTS,973,230,194,76%
2025-07-11,F24,SWEATSHIRT,145,44,55,70%
2025-07-11,F24,TRACK JACKET,"7,255","2,742","1,451",62%
2025-07-11,F24,TRACK PANT,"7,495","2,567","1,502",66%
2025-07-11,F24,T-SHIRT,"1,376",588,458,57%
2025-07-11,S23,JACKET,178,54,35,70%
2025-07-11,S23,POLO,68,21,11,69%
2025-07-11,S23,TRACK PANT,100,30,20,70%
2025-07-11,S23,T-SHIRT,148,46,27,69%
2025-07-11,S24,DRESS,375,110,123,71%
2025-07-11,S24,SHORTS,489,161,94,67%
2025-07-11,S24,SKIRT,146,48,37,67%
2025-07-11,S24,SOCKS,14,14,6,0%
2025-07-11,S24,SPORT BRA,96,38,14,60%
2025-07-11,S24,TANK TOP,68,22,11,68%
2025-07-11,S24,TRACK JACKET,"1,585",612,261,61%
2025-07-11,S24,TRACK PANT,"1,245",379,203,70%
2025-07-11,S25,0,59,42,8,29%
2025-07-11,S25,ACCESSORIES,58,41,11,29%
2025-07-11,S25,BAG,110,77,50,30%
2025-07-11,S25,CABANA SHIRT,520,313,107,40%
2025-07-11,S25,CAMP SHIRT,88,53,15,40%
2025-07-11,S25,CREWNECK,294,200,54,32%
2025-07-11,S25,DRESS,375,232,73,38%
2025-07-11,S25,FOOTWEAR,300,200,66,34%
2025-07-11,S25,HAT,406,283,84,30%
2025-07-11,S25,HOODIE,125,88,26,30%
2025-07-11,S25,LEGGINGS,356,194,72,46%
2025-07-11,S25,POLO,"5,163","3,282","1,054",36%
2025-07-11,S25,PULLOVER,125,75,25,40%
2025-07-11,S25,SHOES,0,-12,0,#DIV/0!
2025-07-11,S25,SHORTS,"7,370","4,682","1,553",36%
2025-07-11,S25,SKORT,596,348,122,42%
2025-07-11,S25,SOCKS,216,166,50,23%
2025-07-11,S25,SWEATER,"4,655","2,777","1,075",40%
2025-07-11,S25,SWEATPANTS,362,249,72,31%
2025-07-11,S25,TANK TOP,68,6,14,91%
2025-07-11,S25,TRACK JACKET,"5,840","3,544","1,159",39%
2025-07-11,S25,TRACK PANT,"3,230","2,001",645,38%
2025-07-11,S25,T-SHIRT,"2,924","1,828",505,37%
2025-07-11,S25,VISOR,38,27,7,29%
2025-07-11,SS22,POLO,68,34,12,50%
2025-07-11,SS22,TRACK JACKET,125,34,28,73%
2025-07-11,SS22,TRACKSUIT,178,89,29,50%
2025-07-12,CORE,SOCKS,216,211,48,3%
2025-07-12,CORE,TRACK JACKET,700,630,110,10%
2025-07-12,CORE,TRACK PANT,440,403,68,8%
2025-07-12,F21,T-SHIRT,35,15,6,57%
2025-07-12,F22,HAT,168,62,32,63%
2025-07-12,F22,HOODIE,294,81,63,72%
2025-07-12,F22,SWEATPANTS,176,52,38,70%
2025-07-12,F23,HOODIE,88,24,17,72%
2025-07-12,F23,POLO,156,78,28,50%
2025-07-12,F23,SWEATPANTS,88,27,16,69%
2025-07-12,F23,TRACK PANT,275,79,50,71%
2025-07-12,F24,ACCESSORIES,126,63,28,50%
2025-07-12,F24,CAMP SHIRT,"1,920",561,394,71%
2025-07-12,F24,CREWNECK,110,55,25,50%
2025-07-12,F24,DRESS,135,42,22,69%
2025-07-12,F24,FOOTWEAR,310,174,80,44%
2025-07-12,F24,HOODIE,"1,090",394,198,64%
2025-07-12,F24,LEGGINGS,440,136,84,69%
2025-07-12,F24,LONG SLEEVE KNIT,"1,773",660,343,63%
2025-07-12,F24,OUTERWEAR,225,68,49,70%
2025-07-12,F24,POLO,"5,854","2,190","2,022",63%
2025-07-12,F24,S/S BUTTON SHIRT,294,147,99,50%
2025-07-12,F24,SHORTS,"8,068","2,842","1,774",65%
2025-07-12,F24,SKIRT,176,50,55,71%
2025-07-12,F24,SPORT BRA,408,146,114,64%
2025-07-12,F24,SWEATER,"2,920",999,701,66%
2025-07-12,F24,SWEATPANTS,"1,178",368,243,69%
2025-07-12,F24,SWEATSHIRT,250,76,58,70%
2025-07-12,F24,TRACK JACKET,"14,395","5,360","2,963",63%
2025-07-12,F24,TRACK PANT,"9,890","3,807","1,949",62%
2025-07-12,F24,T-SHIRT,"2,072",835,624,60%
2025-07-12,S23,SHORTS,126,37,21,71%
2025-07-12,S24,CAMP SHIRT,135,41,25,70%
2025-07-12,S24,DRESS,125,38,41,70%
2025-07-12,S24,LONG SLEEVE KNIT,286,95,49,67%
2025-07-12,S24,SHORTS,971,321,185,67%
2025-07-12,S24,SKIRT,78,24,28,69%
2025-07-12,S24,SWEATPANTS,352,105,64,70%
2025-07-12,S24,TANK TOP,68,24,11,65%
2025-07-12,S24,TRACK JACKET,"1,825",786,328,57%
2025-07-12,S24,TRACK PANT,840,309,137,63%
2025-07-12,S24,T-SHIRT,48,15,25,69%
2025-07-12,S25,ACCESSORIES,116,78,22,33%
2025-07-12,S25,CABANA SHIRT,"1,510",885,305,41%
2025-07-12,S25,CREWNECK,98,69,18,30%
2025-07-12,S25,HAT,506,350,107,31%
2025-07-12,S25,HOODIE,125,68,26,46%
2025-07-12,S25,LEGGINGS,118,66,21,44%
2025-07-12,S25,LONG SLEEVE KNIT,203,125,36,39%
2025-07-12,S25,POLO,"6,504","4,208","1,383",35%
2025-07-12,S25,SHORTS,"8,448","5,381","1,753",36%
2025-07-12,S25,SKIRT,214,71,15,67%
2025-07-12,S25,SKORT,234,141,45,40%
2025-07-12,S25,SOCKS,36,26,8,28%
2025-07-12,S25,SWEATER,"3,765","2,433",855,35%
2025-07-12,S25,SWEATPANTS,98,53,18,46%
2025-07-12,S25,TANK TOP,184,108,30,42%
2025-07-12,S25,TRACK JACKET,"3,475","2,235",677,36%
2025-07-12,S25,TRACK PANT,"2,401","1,530",468,36%
2025-07-12,S25,T-SHIRT,"4,252","2,629",775,38%
2025-07-13,CORE,ACCESSORIES,18,18,5,0%
2025-07-13,CORE,HAT,42,38,7,10%
2025-07-13,CORE,SOCKS,504,493,112,2%
2025-07-13,CORE,TRACK JACKET,445,431,80,3%
2025-07-13,CORE,TRACK PANT,110,110,17,0%
2025-07-13,F21,TRACK JACKET,175,53,30,70%
2025-07-13,F22,HAT,417,116,75,72%
2025-07-13,F22,HOODIE,98,49,20,50%
2025-07-13,F22,SKORT,50,25,11,50%
2025-07-13,F22,TRACK JACKET,138,69,31,50%
2025-07-13,F22,TRACK PANT,85,23,18,72%
2025-07-13,F23,TRACK JACKET,525,167,109,68%
2025-07-13,F23,TRACK PANT,410,112,84,73%
2025-07-13,F24,ACCESSORIES,256,106,58,59%
2025-07-13,F24,CAMP SHIRT,"1,950",600,392,69%
2025-07-13,F24,CREWNECK,565,247,145,56%
2025-07-13,F24,DRESS,500,154,76,69%
2025-07-13,F24,FOOTWEAR,140,70,27,50%
2025-07-13,F24,HOODIE,"2,145",898,431,58%
2025-07-13,F24,LEGGINGS,440,136,84,69%
2025-07-13,F24,LONG SLEEVE KNIT,"3,512","1,296",728,63%
2025-07-13,F24,OUTERWEAR,225,68,49,70%
2025-07-13,F24,POLO,"7,571","2,916","2,736",61%
2025-07-13,F24,S/S BUTTON SHIRT,392,191,132,51%
2025-07-13,F24,SHORTS,"8,316","3,065","1,850",63%
2025-07-13,F24,SKIRT,498,263,173,47%
2025-07-13,F24,SKORT,78,44,18,44%
2025-07-13,F24,SOCKS,18,6,10,67%
2025-07-13,F24,SPORT BRA,340,126,95,63%
2025-07-13,F24,SWEATER,"5,080","1,556","1,172",69%
2025-07-13,F24,SWEATPANTS,"1,761",567,360,68%
2025-07-13,F24,SWEATSHIRT,710,212,180,70%
2025-07-13,F24,TRACK JACKET,"13,770","5,182","2,769",62%
2025-07-13,F24,TRACK PANT,"12,625","4,493","2,608",64%
2025-07-13,F24,T-SHIRT,"3,535","1,365","1,171",61%
2025-07-13,S20,FOOTWEAR,220,105,92,53%
2025-07-13,S23,FOOTWEAR,59,27,11,54%
2025-07-13,S23,TRACK JACKET,425,116,80,73%
2025-07-13,S24,CAMP SHIRT,280,81,61,71%
2025-07-13,S24,DRESS,561,167,159,70%
2025-07-13,S24,FOOTWEAR,597,320,125,46%
2025-07-13,S24,LONG SLEEVE KNIT,440,135,75,69%
2025-07-13,S24,POLO,352,105,120,70%
2025-07-13,S24,SHORTS,976,319,189,67%
2025-07-13,S24,SKIRT,78,24,28,69%
2025-07-13,S24,SKORT,88,30,19,66%
2025-07-13,S24,SOCKS,28,27,12,5%
2025-07-13,S24,SPORT BRA,112,44,22,61%
2025-07-13,S24,SWEATER,150,45,37,70%
2025-07-13,S24,SWEATPANTS,264,72,48,73%
2025-07-13,S24,TRACK JACKET,"2,450","1,139",478,54%
2025-07-13,S24,TRACK PANT,"2,070",936,386,55%
2025-07-13,S24,T-SHIRT,48,14,25,72%
2025-07-13,S25,0,147,90,26,39%
2025-07-13,S25,ACCESSORIES,216,152,46,30%
2025-07-13,S25,CABANA SHIRT,"1,370",926,272,32%
2025-07-13,S25,CAMP SHIRT,88,53,15,40%
2025-07-13,S25,CREWNECK,490,331,90,32%
2025-07-13,S25,DRESS,354,142,54,60%
2025-07-13,S25,FOOTWEAR,150,0,33,100%
2025-07-13,S25,HAT,380,272,84,28%
2025-07-13,S25,HOODIE,275,183,59,34%
2025-07-13,S25,LONG SLEEVE KNIT,194,125,30,36%
2025-07-13,S25,POLO,"8,237","5,656","1,717",31%
2025-07-13,S25,PULLOVER,345,221,67,36%
2025-07-13,S25,SHORTS,"10,739","7,157","2,266",33%
2025-07-13,S25,SKORT,322,184,63,43%
2025-07-13,S25,SOCKS,180,114,42,36%
2025-07-13,S25,SPORT BRA,68,36,17,47%
2025-07-13,S25,SWEATER,"6,845","4,561","1,574",33%
2025-07-13,S25,SWEATPANTS,362,243,72,33%
2025-07-13,S25,TANK TOP,194,117,36,40%
2025-07-13,S25,TRACK JACKET,"5,340","3,636","1,050",32%
2025-07-13,S25,TRACK PANT,"2,935","1,929",595,34%
2025-07-13,S25,T-SHIRT,"5,586","3,671",996,34%
2025-07-14,CORE,HAT,6,3,4,49%
2025-07-14,CORE,SOCKS,396,363,88,8%
2025-07-14,CORE,TRACK JACKET,585,521,102,11%
2025-07-14,CORE,TRACK PANT,345,345,62,0%
2025-07-14,F21,HAT,38,15,6,61%
2025-07-14,F22,TRACK PANT,200,80,48,60%
2025-07-14,F23,HOODIE,88,24,17,72%
2025-07-14,F23,POLO,78,39,14,50%
2025-07-14,F23,SWEATPANTS,88,27,16,69%
2025-07-14,F23,TRACK JACKET,125,38,26,70%
2025-07-14,F23,TRACK PANT,125,38,21,70%
2025-07-14,F24,ACCESSORIES,168,81,42,52%
2025-07-14,F24,BAG,110,70,31,36%
2025-07-14,F24,CAMP SHIRT,765,239,153,69%
2025-07-14,F24,CREWNECK,330,160,75,52%
2025-07-14,F24,DRESS,635,196,98,69%
2025-07-14,F24,FOOTWEAR,140,68,28,51%
2025-07-14,F24,HOODIE,895,357,169,60%
2025-07-14,F24,LEGGINGS,"1,100",326,210,70%
2025-07-14,F24,LONG SLEEVE KNIT,"1,956",620,383,68%
2025-07-14,F24,OUTERWEAR,675,197,147,71%
2025-07-14,F24,POLO,"3,766","1,582","1,365",58%
2025-07-14,F24,S/S BUTTON SHIRT,98,46,33,53%
2025-07-14,F24,SHORTS,"3,664","1,348",850,63%
2025-07-14,F24,SKIRT,176,56,32,68%
2025-07-14,F24,SOCKS,18,5,10,70%
2025-07-14,F24,SPORT BRA,476,158,133,67%
2025-07-14,F24,SWEATER,"1,785",577,422,68%
2025-07-14,F24,SWEATPANTS,791,267,161,66%
2025-07-14,F24,SWEATSHIRT,565,206,137,63%
2025-07-14,F24,TRACK JACKET,"7,285","2,682","1,483",63%
2025-07-14,F24,TRACK PANT,"5,375","2,031","1,041",62%
2025-07-14,F24,T-SHIRT,724,262,163,64%
2025-07-14,F25,SHORTS,136,123,28,9%
2025-07-14,S23,SHORTS,58,18,7,69%
2025-07-14,S23,T-SHIRT,58,18,11,69%
2025-07-14,S24,BAG,175,48,60,73%
2025-07-14,S24,CAMP SHIRT,145,44,29,70%
2025-07-14,S24,FOOTWEAR,0,0,0,#DIV/0!
2025-07-14,S24,SHORTS,100,34,23,66%
2025-07-14,S24,SKIRT,88,30,15,66%
2025-07-14,S24,SKORT,156,52,25,67%
2025-07-14,S24,SOCKS,14,14,6,0%
2025-07-14,S24,SPORT BRA,48,20,7,58%
2025-07-14,S24,SWEATPANTS,176,52,32,70%
2025-07-14,S24,TANK TOP,78,28,12,64%
2025-07-14,S24,TRACK JACKET,"1,245",536,224,57%
2025-07-14,S24,TRACK PANT,875,395,167,55%
2025-07-14,S25,0,59,39,8,35%
2025-07-14,S25,ACCESSORIES,108,57,20,47%
2025-07-14,S25,CABANA SHIRT,"1,010",614,194,39%
2025-07-14,S25,CAMP SHIRT,-88,-48,-15,46%
2025-07-14,S25,CREWNECK,490,338,90,31%
2025-07-14,S25,DRESS,14,6,14,60%
2025-07-14,S25,FOOTWEAR,150,79,33,48%
2025-07-14,S25,HAT,464,270,96,42%
2025-07-14,S25,HOODIE,125,81,26,35%
2025-07-14,S25,LEGGINGS,110,58,21,47%
2025-07-14,S25,LONG SLEEVE KNIT,78,55,10,29%
2025-07-14,S25,PANTS,210,99,44,53%
2025-07-14,S25,POLO,"3,970","2,666",813,33%
2025-07-14,S25,PULLOVER,345,208,67,40%
2025-07-14,S25,SHOES,170,112,41,34%
2025-07-14,S25,SHORTS,"8,042","4,978","1,683",38%
2025-07-14,S25,SKIRT,40,18,9,55%
2025-07-14,S25,SKORT,634,361,124,43%
2025-07-14,S25,SOCKS,72,51,18,29%
2025-07-14,S25,SPORT BRA,68,34,17,50%
2025-07-14,S25,SWEATER,"5,290","3,225","1,227",39%
2025-07-14,S25,SWEATPANTS,264,180,54,32%
2025-07-14,S25,SWEATSHIRT,110,59,18,46%
2025-07-14,S25,TANK TOP,232,99,40,57%
2025-07-14,S25,TRACK JACKET,"3,965","2,279",780,43%
2025-07-14,S25,TRACK PANT,"1,154",636,247,45%
2025-07-14,S25,T-SHIRT,"3,808","2,451",688,36%
2025-07-15,CORE,HAT,126,126,21,0%
2025-07-15,CORE,SOCKS,288,272,64,5%
2025-07-15,CORE,TRACK JACKET,470,466,94,1%
2025-07-15,CORE,TRACK PANT,250,273,56,-9%
2025-07-15,F21,HAT,76,30,12,61%
2025-07-15,F22,HAT,48,18,8,63%
2025-07-15,F22,HOODIE,-98,-27,-22,72%
2025-07-15,F22,SHORTS,78,25,14,68%
2025-07-15,F23,POLO,78,39,14,50%
2025-07-15,F23,SWEATPANTS,88,29,16,67%
2025-07-15,F24,ACCESSORIES,252,119,63,53%
2025-07-15,F24,CAMP SHIRT,"1,200",372,246,69%
2025-07-15,F24,CREWNECK,235,130,61,45%
2025-07-15,F24,DRESS,"1,195",340,260,72%
2025-07-15,F24,FOOTWEAR,150,82,36,45%
2025-07-15,F24,HOODIE,830,255,153,69%
2025-07-15,F24,JACKET,325,98,55,70%
2025-07-15,F24,LONG SLEEVE KNIT,"1,057",435,314,59%
2025-07-15,F24,OUTERWEAR,225,68,49,70%
2025-07-15,F24,POLO,"2,567","1,326",777,48%
2025-07-15,F24,S/S BUTTON SHIRT,98,46,33,53%
2025-07-15,F24,SHORTS,"5,103","1,826","1,188",64%
2025-07-15,F24,SKIRT,332,147,100,56%
2025-07-15,F24,SOCKS,-36,-16,-20,55%
2025-07-15,F24,SPORT BRA,68,24,19,65%
2025-07-15,F24,SWEATER,"1,715",630,365,63%
2025-07-15,F24,SWEATPANTS,815,237,174,71%
2025-07-15,F24,SWEATSHIRT,145,44,55,70%
2025-07-15,F24,TRACK JACKET,"5,435","2,181","1,128",60%
2025-07-15,F24,TRACK PANT,"6,040","2,024","1,230",66%
2025-07-15,F24,T-SHIRT,"1,138",423,384,63%
2025-07-15,F25,HOODIE,240,240,46,0%
2025-07-15,F25,SHORTS,340,340,70,0%
2025-07-15,F25,SKORT,58,58,10,0%
2025-07-15,F25,T-SHIRT,234,228,38,3%
2025-07-15,S23,SHORTS,116,32,14,72%
2025-07-15,S24,ACCESSORIES,120,63,59,48%
2025-07-15,S24,CAMP SHIRT,135,41,25,70%
2025-07-15,S24,DRESS,88,30,19,66%
2025-07-15,S24,FOOTWEAR,145,131,46,10%
2025-07-15,S24,LONG SLEEVE KNIT,110,44,19,60%
2025-07-15,S24,POLO,213,61,50,72%
2025-07-15,S24,SHORTS,522,171,88,67%
2025-07-15,S24,SKIRT,68,23,9,66%
2025-07-15,S24,SOCKS,42,39,18,7%
2025-07-15,S24,SPORT BRA,144,57,21,60%
2025-07-15,S24,SWEATPANTS,88,0,16,100%
2025-07-15,S24,TANK TOP,116,48,20,59%
2025-07-15,S24,TRACK JACKET,"1,120",290,191,74%
2025-07-15,S24,TRACK PANT,345,115,49,67%
2025-07-15,S24,T-SHIRT,90,27,20,70%
2025-07-15,S25,0,88,46,18,48%
2025-07-15,S25,ACCESSORIES,278,198,54,29%
2025-07-15,S25,CABANA SHIRT,"2,060","1,245",438,40%
2025-07-15,S25,CAMP SHIRT,176,97,30,45%
2025-07-15,S25,CREWNECK,196,130,36,34%
2025-07-15,S25,DRESS,125,75,23,40%
2025-07-15,S25,FOOTWEAR,300,192,66,36%
2025-07-15,S25,HAT,158,106,35,33%
2025-07-15,S25,HOODIE,250,143,52,43%
2025-07-15,S25,LEGGINGS,220,113,41,49%
2025-07-15,S25,LONG SLEEVE KNIT,272,156,40,43%
2025-07-15,S25,PADDLE,58,54,10,8%
2025-07-15,S25,PANTS,135,75,27,45%
2025-07-15,S25,POLO,"7,381","4,352","1,527",41%
2025-07-15,S25,SHORTS,"11,489","6,980","2,423",39%
2025-07-15,S25,SKIRT,213,154,66,28%
2025-07-15,S25,SKORT,390,223,71,43%
2025-07-15,S25,SOCKS,36,26,9,29%
2025-07-15,S25,SWEATER,"10,305","6,227","2,359",40%
2025-07-15,S25,SWEATPANTS,372,229,72,39%
2025-07-15,S25,TANK TOP,504,287,99,43%
2025-07-15,S25,TRACK JACKET,"5,185","2,947","1,014",43%
2025-07-15,S25,TRACK PANT,"3,481","2,090",680,40%
2025-07-15,S25,T-SHIRT,"4,442","2,655",793,40%
2025-07-16,CORE,ACCESSORIES,24,36,11,-50%
2025-07-16,CORE,HAT,42,42,7,0%
2025-07-16,CORE,SOCKS,666,629,148,6%
2025-07-16,CORE,TRACK JACKET,165,165,36,0%
2025-07-16,CORE,TRACK PANT,235,209,45,11%
2025-07-16,F22,SHORTS,78,22,14,72%
2025-07-16,F22,T-SHIRT,38,19,7,50%
2025-07-16,F23,HOODIE,88,27,17,69%
2025-07-16,F23,POLO,78,39,14,50%
2025-07-16,F23,SHORTS,68,34,13,50%
2025-07-16,F24,ACCESSORIES,252,124,58,51%
2025-07-16,F24,CAMP SHIRT,"1,185",340,241,71%
2025-07-16,F24,CREWNECK,330,165,75,50%
2025-07-16,F24,DRESS,125,26,19,79%
2025-07-16,F24,HOODIE,850,350,176,59%
2025-07-16,F24,JACKET,325,98,55,70%
2025-07-16,F24,LEGGINGS,330,74,63,78%
2025-07-16,F24,LONG SLEEVE KNIT,"1,585",560,300,65%
2025-07-16,F24,OUTERWEAR,"1,175",384,235,67%
2025-07-16,F24,POLO,"4,616","1,754","1,690",62%
2025-07-16,F24,S/S BUTTON SHIRT,196,93,66,53%
2025-07-16,F24,SHORTS,"5,206","1,950","1,251",63%
2025-07-16,F24,SKIRT,99,19,31,81%
2025-07-16,F24,SKORT,78,39,18,49%
2025-07-16,F24,SPORT BRA,68,24,19,65%
2025-07-16,F24,SWEATER,"1,500",392,348,74%
2025-07-16,F24,SWEATPANTS,818,253,168,69%
2025-07-16,F24,SWEATSHIRT,250,76,58,70%
2025-07-16,F24,TRACK JACKET,"5,595","1,915","1,057",66%
2025-07-16,F24,TRACK PANT,"5,775","1,858","1,113",68%
2025-07-16,F24,T-SHIRT,"1,467",564,390,62%
2025-07-16,F25,SHORTS,204,186,42,9%
2025-07-16,F25,T-SHIRT,96,83,16,13%
2025-07-16,S23,T-SHIRT,48,15,9,69%
2025-07-16,S24,DRESS,-125,-68,-41,46%
2025-07-16,S24,FOOTWEAR,339,169,92,50%
2025-07-16,S24,LONG SLEEVE KNIT,176,51,30,71%
2025-07-16,S24,SHORTS,678,142,148,79%
2025-07-16,S24,SKIRT,78,24,28,69%
2025-07-16,S24,SKORT,156,52,25,67%
2025-07-16,S24,SWEATPANTS,176,46,32,74%
2025-07-16,S24,TANK TOP,146,45,23,70%
2025-07-16,S24,TRACK JACKET,"1,140",552,229,52%
2025-07-16,S24,TRACK PANT,"1,185",394,202,67%
2025-07-16,S24,T-SHIRT,0,1,16,#DIV/0!
2025-07-16,S25,0,59,42,8,29%
2025-07-16,S25,ACCESSORIES,246,173,54,30%
2025-07-16,S25,CABANA SHIRT,"1,870","1,153",368,38%
2025-07-16,S25,CAMP SHIRT,88,44,15,50%
2025-07-16,S25,CREWNECK,98,62,18,37%
2025-07-16,S25,DRESS,243,123,41,50%
2025-07-16,S25,HAT,406,260,84,36%
2025-07-16,S25,LONG SLEEVE KNIT,78,47,10,40%
2025-07-16,S25,POLO,"8,981","5,470","1,856",39%
2025-07-16,S25,PULLOVER,110,77,21,30%
2025-07-16,S25,SHORTS,"10,662","6,473","2,224",39%
2025-07-16,S25,SKIRT,427,268,81,37%
2025-07-16,S25,SKORT,538,184,119,66%
2025-07-16,S25,SOCKS,270,187,63,31%
2025-07-16,S25,SWEATER,"10,955","6,108","2,543",44%
2025-07-16,S25,SWEATPANTS,88,56,18,37%
2025-07-16,S25,SWEATSHIRT,330,183,54,45%
2025-07-16,S25,TANK TOP,194,101,37,48%
2025-07-16,S25,TRACK JACKET,"5,295","2,913",996,45%
2025-07-16,S25,TRACK PANT,"2,738","1,697",533,38%
2025-07-16,S25,T-SHIRT,"5,104","2,988",921,41%
2025-07-17,CORE,SOCKS,414,386,92,7%
2025-07-17,CORE,TRACK JACKET,140,60,22,57%
2025-07-17,CORE,TRACK PANT,440,322,68,27%
2025-07-17,F22,HAT,105,41,19,61%
2025-07-17,F22,TRACK JACKET,88,27,20,69%
2025-07-17,F22,T-SHIRT,42,21,8,50%
2025-07-17,F23,HOODIE,-88,-24,-17,72%
2025-07-17,F23,POLO,78,36,14,54%
2025-07-17,F23,SHORTS,68,26,13,62%
2025-07-17,F23,SWEATPANTS,-88,-27,-16,69%
2025-07-17,F23,TRACK PANT,300,57,54,81%
2025-07-17,F24,ACCESSORIES,168,70,38,58%
2025-07-17,F24,CAMP SHIRT,"1,350",396,276,71%
2025-07-17,F24,CREWNECK,110,50,25,55%
2025-07-17,F24,DRESS,375,86,73,77%
2025-07-17,F24,FOOTWEAR,140,70,27,50%
2025-07-17,F24,HOODIE,"2,195",712,454,68%
2025-07-17,F24,LEGGINGS,550,103,105,81%
2025-07-17,F24,LONG SLEEVE KNIT,"2,873",755,582,74%
2025-07-17,F24,OUTERWEAR,450,92,98,80%
2025-07-17,F24,POLO,"1,937",467,710,76%
2025-07-17,F24,S/S BUTTON SHIRT,98,38,33,61%
2025-07-17,F24,SHORTS,"3,672","1,185",811,68%
2025-07-17,F24,SKIRT,950,303,301,68%
2025-07-17,F24,SKORT,0,-11,0,#DIV/0!
2025-07-17,F24,SOCKS,18,6,10,67%
2025-07-17,F24,SPORT BRA,340,95,95,72%
2025-07-17,F24,SWEATER,"2,715",598,606,78%
2025-07-17,F24,SWEATPANTS,"1,701",459,358,73%
2025-07-17,F24,TRACK JACKET,"13,775","4,229","2,575",69%
2025-07-17,F24,TRACK PANT,"9,785","2,934","1,920",70%
2025-07-17,F24,T-SHIRT,"1,298",395,436,70%
2025-07-17,F25,HOODIE,120,120,23,0%
2025-07-17,F25,POLO,110,104,25,6%
2025-07-17,F25,SHORTS,136,136,28,0%
2025-07-17,F25,TRACK JACKET,325,303,74,7%
2025-07-17,F25,TRACK PANT,285,266,71,7%
2025-07-17,F25,T-SHIRT,150,145,23,4%
2025-07-17,S23,HAT,45,30,6,33%
2025-07-17,S23,TRACK JACKET,135,61,25,55%
2025-07-17,S24,DRESS,88,30,19,66%
2025-07-17,S24,FOOTWEAR,199,111,51,44%
2025-07-17,S24,POLO,173,63,14,63%
2025-07-17,S24,SHORTS,114,54,16,53%
2025-07-17,S24,SKIRT,400,134,95,67%
2025-07-17,S24,SKORT,166,76,31,54%
2025-07-17,S24,SPORT BRA,174,79,30,55%
2025-07-17,S24,SWEATER,150,30,37,80%
2025-07-17,S24,TANK TOP,78,16,12,79%
2025-07-17,S24,TRACK JACKET,"1,785",669,314,63%
2025-07-17,S24,TRACK PANT,"1,075",402,195,63%
2025-07-17,S25,0,29,6,10,79%
2025-07-17,S25,ACCESSORIES,98,60,18,39%
2025-07-17,S25,CABANA SHIRT,"1,245",749,244,40%
2025-07-17,S25,CAMP SHIRT,264,144,45,45%
2025-07-17,S25,CREWNECK,196,115,36,41%
2025-07-17,S25,DRESS,250,145,46,42%
2025-07-17,S25,FOOTWEAR,150,84,33,44%
2025-07-17,S25,HAT,564,352,119,38%
2025-07-17,S25,HOODIE,150,100,33,33%
2025-07-17,S25,POLO,"7,745","4,830","1,545",38%
2025-07-17,S25,PULLOVER,15,3,4,80%
2025-07-17,S25,SHORTS,"10,884","6,648","2,224",39%
2025-07-17,S25,SKIRT,485,278,92,43%
2025-07-17,S25,SKORT,"1,142",621,228,46%
2025-07-17,S25,SOCKS,216,142,49,34%
2025-07-17,S25,SPORT BRA,68,36,17,47%
2025-07-17,S25,SWEATER,"10,190","5,732","2,360",44%
2025-07-17,S25,SWEATPANTS,440,258,91,41%
2025-07-17,S25,SWEATSHIRT,220,105,36,52%
2025-07-17,S25,TANK TOP,638,355,101,44%
2025-07-17,S25,TRACK JACKET,"4,710","2,650",980,44%
2025-07-17,S25,TRACK PANT,"2,559","1,633",515,36%
2025-07-17,S25,T-SHIRT,"4,702","2,793",837,41%
2025-07-18,CORE,HAT,126,126,21,0%
2025-07-18,CORE,SOCKS,468,430,104,8%
2025-07-18,CORE,TRACK JACKET,305,149,58,51%
2025-07-18,CORE,TRACK PANT,0,-123,0,#DIV/0!
2025-07-18,F21,HAT,-38,-15,-6,61%
2025-07-18,F22,HAT,-3,15,-1,600%
2025-07-18,F23,POLO,78,40,14,49%
2025-07-18,F24,ACCESSORIES,210,148,49,29%
2025-07-18,F24,CAMP SHIRT,435,127,93,71%
2025-07-18,F24,CREWNECK,110,55,25,50%
2025-07-18,F24,DRESS,250,63,38,75%
2025-07-18,F24,HOODIE,435,129,83,70%
2025-07-18,F24,JACKET,325,66,55,80%
2025-07-18,F24,LEGGINGS,220,63,42,72%
2025-07-18,F24,LONG SLEEVE KNIT,"1,515",511,295,66%
2025-07-18,F24,OUTERWEAR,225,47,38,79%
2025-07-18,F24,POLO,"1,061",512,286,52%
2025-07-18,F24,S/S BUTTON SHIRT,196,91,66,53%
2025-07-18,F24,SHORTS,"1,288",647,270,50%
2025-07-18,F24,SKIRT,78,33,34,57%
2025-07-18,F24,SPORT BRA,68,40,19,41%
2025-07-18,F24,SWEATER,"2,475",612,576,75%
2025-07-18,F24,SWEATPANTS,348,99,68,71%
2025-07-18,F24,TRACK JACKET,"7,970","2,583","1,525",68%
2025-07-18,F24,TRACK PANT,"6,650","2,173","1,250",67%
2025-07-18,F24,T-SHIRT,541,335,194,38%
2025-07-18,F25,CABANA SHIRT,540,527,128,3%
2025-07-18,F25,HOODIE,120,120,23,0%
2025-07-18,F25,SHORTS,496,496,113,0%
2025-07-18,S23,SHORTS,68,34,13,50%
2025-07-18,S24,FOOTWEAR,59,55,10,6%
2025-07-18,S24,TRACK JACKET,"1,280",505,262,61%
2025-07-18,S24,TRACK PANT,985,377,181,62%
2025-07-18,S25,0,147,85,26,42%
2025-07-18,S25,BAG,110,69,50,37%
2025-07-18,S25,CABANA SHIRT,"1,760","1,056",350,40%
2025-07-18,S25,CAMP SHIRT,88,45,15,49%
2025-07-18,S25,CREWNECK,98,68,18,31%
2025-07-18,S25,DRESS,361,124,59,66%
2025-07-18,S25,HAT,764,490,165,36%
2025-07-18,S25,HOODIE,425,219,92,49%
2025-07-18,S25,LEGGINGS,110,61,20,45%
2025-07-18,S25,LONG SLEEVE KNIT,156,94,20,40%
2025-07-18,S25,POLO,"7,417","4,687","1,589",37%
2025-07-18,S25,PULLOVER,330,209,63,37%
2025-07-18,S25,SHORTS,"9,361","5,725","1,959",39%
2025-07-18,S25,SKIRT,-58,-27,-11,53%
2025-07-18,S25,SKORT,634,365,121,42%
2025-07-18,S25,SOCKS,126,86,29,32%
2025-07-18,S25,SWEATER,"7,815","4,468","1,790",43%
2025-07-18,S25,SWEATPANTS,98,47,18,52%
2025-07-18,S25,SWEATSHIRT,550,293,90,47%
2025-07-18,S25,TANK TOP,174,102,24,41%
2025-07-18,S25,TRACK JACKET,"5,645","3,125","1,113",45%
2025-07-18,S25,TRACK PANT,"2,706","1,262",483,53%
2025-07-18,S25,T-SHIRT,"3,284","2,047",591,38%
2025-07-19,CORE,SOCKS,324,298,72,8%
2025-07-19,CORE,TRACK JACKET,445,338,80,24%
2025-07-19,CORE,TRACK PANT,470,390,90,17%
2025-07-19,F24,0,145,132,53,9%
2025-07-19,F24,ACCESSORIES,84,51,18,39%
2025-07-19,F24,CAMP SHIRT,585,192,121,67%
2025-07-19,F24,DRESS,135,48,22,64%
2025-07-19,F24,FOOTWEAR,150,77,36,48%
2025-07-19,F24,HOODIE,450,174,91,61%
2025-07-19,F24,LONG SLEEVE KNIT,471,134,89,71%
2025-07-19,F24,POLO,"1,429",650,477,55%
2025-07-19,F24,S/S BUTTON SHIRT,294,141,99,52%
2025-07-19,F24,SHORTS,"1,721",860,396,50%
2025-07-19,F24,SWEATER,945,273,224,71%
2025-07-19,F24,SWEATPANTS,140,15,25,89%
2025-07-19,F24,TRACK JACKET,"8,980","3,169","1,787",65%
2025-07-19,F24,TRACK PANT,"6,915","2,291","1,375",67%
2025-07-19,F24,T-SHIRT,528,241,187,54%
2025-07-19,F25,CABANA SHIRT,405,392,95,3%
2025-07-19,F25,HOODIE,120,107,23,11%
2025-07-19,F25,POLO,110,94,25,14%
2025-07-19,F25,SHORTS,454,414,102,9%
2025-07-19,F25,SKORT,58,52,10,11%
2025-07-19,F25,T-SHIRT,96,87,16,10%
2025-07-19,S23,SHORTS,68,18,12,73%
2025-07-19,S24,FOOTWEAR,118,104,20,12%
2025-07-19,S24,SHORTS,403,163,77,60%
2025-07-19,S24,SKORT,78,32,13,59%
2025-07-19,S24,SWEATPANTS,-88,-28,-16,68%
2025-07-19,S24,TRACK JACKET,730,285,133,61%
2025-07-19,S24,TRACK PANT,635,307,126,52%
2025-07-19,S25,0,206,115,34,44%
2025-07-19,S25,ACCESSORIES,116,79,22,32%
2025-07-19,S25,CABANA SHIRT,885,491,182,45%
2025-07-19,S25,CAMP SHIRT,88,41,15,54%
2025-07-19,S25,DRESS,125,75,23,40%
2025-07-19,S25,FOOTWEAR,150,87,33,42%
2025-07-19,S25,HAT,174,118,36,32%
2025-07-19,S25,LEGGINGS,220,107,40,51%
2025-07-19,S25,PANTS,420,206,88,51%
2025-07-19,S25,POLO,"6,404","3,931","1,299",39%
2025-07-19,S25,PULLOVER,235,146,46,38%
2025-07-19,S25,SHORTS,"9,115","5,497","1,915",40%
2025-07-19,S25,SKIRT,58,23,11,60%
2025-07-19,S25,SKORT,586,321,120,45%
2025-07-19,S25,SOCKS,126,107,28,15%
2025-07-19,S25,SWEATER,"9,265","5,544","2,134",40%
2025-07-19,S25,SWEATPANTS,88,62,18,30%
2025-07-19,S25,TANK TOP,454,260,85,43%
2025-07-19,S25,TOWEL,96,85,52,11%
2025-07-19,S25,TRACK JACKET,"5,510","3,439","1,191",38%
2025-07-19,S25,TRACK PANT,"2,530","1,458",480,42%
2025-07-19,S25,T-SHIRT,"3,824","2,305",700,40%
2025-07-20,CORE,ACCESSORIES,18,17,5,7%
2025-07-20,CORE,HAT,168,157,28,6%
2025-07-20,CORE,SOCKS,360,336,80,7%
2025-07-20,CORE,TRACK JACKET,420,340,66,19%
2025-07-20,CORE,TRACK PANT,220,206,34,6%
2025-07-20,F21,HAT,76,46,12,39%
2025-07-20,F22,HAT,45,30,7,33%
2025-07-20,F22,HOODIE,140,38,30,73%
2025-07-20,F22,TRACK JACKET,125,55,23,56%
2025-07-20,F22,TRACKSUIT,178,54,27,70%
2025-07-20,F23,KNITWEAR,225,65,63,71%
2025-07-20,F23,TRACK PANT,125,60,23,52%
2025-07-20,F24,ACCESSORIES,432,173,98,60%
2025-07-20,F24,CAMP SHIRT,585,189,123,68%
2025-07-20,F24,CREWNECK,345,160,86,54%
2025-07-20,F24,DRESS,250,59,38,77%
2025-07-20,F24,HOODIE,"1,535",540,330,65%
2025-07-20,F24,LEGGINGS,550,165,105,70%
2025-07-20,F24,LONG SLEEVE KNIT,"1,363",464,248,66%
2025-07-20,F24,OUTERWEAR,225,74,49,67%
2025-07-20,F24,POLO,"1,548",726,516,53%
2025-07-20,F24,S/S BUTTON SHIRT,98,47,33,52%
2025-07-20,F24,SHORTS,"2,149",958,486,55%
2025-07-20,F24,SKIRT,166,90,50,46%
2025-07-20,F24,SPORT BRA,340,200,95,41%
2025-07-20,F24,SWEATER,"1,465",410,335,72%
2025-07-20,F24,SWEATPANTS,860,206,174,76%
2025-07-20,F24,SWEATSHIRT,125,56,32,55%
2025-07-20,F24,TRACK JACKET,"9,990","3,427","1,853",66%
2025-07-20,F24,TRACK PANT,"9,815","3,212","1,889",67%
2025-07-20,F24,T-SHIRT,668,297,199,56%
2025-07-20,F25,CABANA SHIRT,675,664,158,2%
2025-07-20,F25,HOODIE,120,120,23,0%
2025-07-20,F25,POLO,330,319,75,3%
2025-07-20,F25,SHORTS,844,825,197,2%
2025-07-20,F25,SWEATPANTS,98,98,18,0%
2025-07-20,F25,TRACK JACKET,465,451,104,3%
2025-07-20,F25,TRACK PANT,395,383,83,3%
2025-07-20,F25,T-SHIRT,48,48,8,0%
2025-07-20,S23,SHORTS,58,28,13,52%
2025-07-20,S23,TRACK JACKET,125,51,18,60%
2025-07-20,S24,FOOTWEAR,118,114,20,4%
2025-07-20,S24,POLO,88,32,30,64%
2025-07-20,S24,SHORTS,135,28,25,79%
2025-07-20,S24,SKORT,88,41,19,53%
2025-07-20,S24,SPORT BRA,78,36,16,54%
2025-07-20,S24,TRACK JACKET,850,350,161,59%
2025-07-20,S24,TRACK PANT,"1,260",569,285,55%
2025-07-20,S25,0,118,80,16,33%
2025-07-20,S25,ACCESSORIES,58,34,11,41%
2025-07-20,S25,BAG,260,169,139,35%
2025-07-20,S25,CABANA SHIRT,"2,020","1,261",415,38%
2025-07-20,S25,CAMP SHIRT,88,53,15,40%
2025-07-20,S25,CREWNECK,196,129,36,34%
2025-07-20,S25,DRESS,118,59,18,50%
2025-07-20,S25,HAT,696,464,144,33%
2025-07-20,S25,HOODIE,125,75,26,40%
2025-07-20,S25,LEGGINGS,466,212,93,55%
2025-07-20,S25,LONG SLEEVE KNIT,78,55,10,29%
2025-07-20,S25,POLO,"7,309","4,654","1,479",36%
2025-07-20,S25,PULLOVER,110,69,21,37%
2025-07-20,S25,SHORTS,"10,644","6,501","2,219",39%
2025-07-20,S25,SKIRT,438,230,49,48%
2025-07-20,S25,SKORT,770,428,143,44%
2025-07-20,S25,SOCKS,270,189,64,30%
2025-07-20,S25,SPORT BRA,116,53,24,54%
2025-07-20,S25,SWEATER,"8,520","5,044","1,985",41%
2025-07-20,S25,SWEATPANTS,98,59,18,40%
2025-07-20,S25,SWEATSHIRT,110,66,18,40%
2025-07-20,S25,TANK TOP,666,368,116,45%
2025-07-20,S25,TRACK JACKET,"5,655","3,371","1,095",40%
2025-07-20,S25,TRACK PANT,"3,166","1,921",656,39%
2025-07-20,S25,T-SHIRT,"4,764","3,027",847,36%
2025-07-20,S25,VISOR,38,24,7,36%
2025-07-21,CORE,ACCESSORIES,12,18,5,-50%
2025-07-21,CORE,HAT,42,42,7,0%
2025-07-21,CORE,SOCKS,234,226,52,3%
2025-07-21,CORE,TRACK JACKET,585,349,102,40%
2025-07-21,CORE,TRACK PANT,345,274,62,21%
2025-07-21,F22,TRACK JACKET,150,45,29,70%
2025-07-21,F23,POLO,78,36,14,54%
2025-07-21,F23,TRACK PANT,-110,0,-23,100%
2025-07-21,F24,ACCESSORIES,84,60,19,29%
2025-07-21,F24,CAMP SHIRT,300,116,60,61%
2025-07-21,F24,DRESS,500,116,76,77%
2025-07-21,F24,FOOTWEAR,150,81,36,46%
2025-07-21,F24,HOODIE,560,195,107,65%
2025-07-21,F24,JACKET,325,27,55,92%
2025-07-21,F24,LEGGINGS,110,27,21,75%
2025-07-21,F24,LONG SLEEVE KNIT,859,278,184,68%
2025-07-21,F24,OUTERWEAR,225,74,49,67%
2025-07-21,F24,POLO,960,434,324,55%
2025-07-21,F24,SHORTS,895,578,256,35%
2025-07-21,F24,SKIRT,244,158,84,35%
2025-07-21,F24,SPORT BRA,68,33,19,52%
2025-07-21,F24,SWEATER,425,52,89,88%
2025-07-21,F24,SWEATPANTS,220,58,50,74%
2025-07-21,F24,TRACK JACKET,"8,265","2,699","1,562",67%
2025-07-21,F24,TRACK PANT,"6,600","2,195","1,277",67%
2025-07-21,F24,T-SHIRT,376,243,135,35%
2025-07-21,F25,CABANA SHIRT,810,803,191,1%
2025-07-21,F25,POLO,376,368,92,2%
2025-07-21,F25,SHORTS,856,838,198,2%
2025-07-21,F25,SKORT,156,156,42,0%
2025-07-21,F25,TRACK JACKET,480,460,103,4%
2025-07-21,F25,TRACK PANT,260,245,53,6%
2025-07-21,S23,TRACK JACKET,110,68,25,38%
2025-07-21,S24,FOOTWEAR,177,100,30,43%
2025-07-21,S24,POLO,88,29,30,67%
2025-07-21,S24,SHORTS,78,23,14,70%
2025-07-21,S24,SKORT,-10,8,-6,181%
2025-07-21,S24,SOCKS,42,41,18,3%
2025-07-21,S24,SPORT BRA,-30,-1,-9,97%
2025-07-21,S24,TANK TOP,48,18,9,62%
2025-07-21,S24,TRACK JACKET,"1,110",380,199,66%
2025-07-21,S24,TRACK PANT,"1,045",421,195,60%
2025-07-21,S25,ACCESSORIES,58,37,11,36%
2025-07-21,S25,CABANA SHIRT,"1,573",895,298,43%
2025-07-21,S25,CAMP SHIRT,88,53,15,40%
2025-07-21,S25,CREWNECK,196,128,36,34%
2025-07-21,S25,DRESS,132,72,30,46%
2025-07-21,S25,FOOTWEAR,150,0,33,100%
2025-07-21,S25,HAT,396,277,85,30%
2025-07-21,S25,HOODIE,425,246,92,42%
2025-07-21,S25,JACKET,0,-8,0,#DIV/0!
2025-07-21,S25,LONG SLEEVE KNIT,156,84,20,46%
2025-07-21,S25,POLO,"4,039","2,633",884,35%
2025-07-21,S25,PULLOVER,235,123,46,47%
2025-07-21,S25,SHORTS,"6,248","3,674","1,314",41%
2025-07-21,S25,SKIRT,214,95,42,56%
2025-07-21,S25,SKORT,612,320,99,48%
2025-07-21,S25,SOCKS,144,99,37,31%
2025-07-21,S25,SWEATER,"10,855","6,428","2,514",41%
2025-07-21,S25,SWEATPANTS,274,165,54,40%
2025-07-21,S25,TANK TOP,706,390,115,45%
2025-07-21,S25,TRACK JACKET,"3,985","1,791",699,55%
2025-07-21,S25,TRACK PANT,"4,418","2,390",891,46%
2025-07-21,S25,T-SHIRT,"3,424","2,222",625,35%
2025-07-22,CORE,SOCKS,234,214,52,8%
2025-07-22,F21,HAT,38,23,6,41%
2025-07-22,F22,HAT,138,92,27,33%
2025-07-22,F22,T-SHIRT,22,5,4,79%
2025-07-22,F23,SHORTS,68,32,13,54%
2025-07-22,F23,TRACK PANT,125,63,22,50%
2025-07-22,F24,ACCESSORIES,168,107,42,36%
2025-07-22,F24,CAMP SHIRT,600,195,126,67%
2025-07-22,F24,CREWNECK,125,55,45,56%
2025-07-22,F24,DRESS,125,35,35,72%
2025-07-22,F24,FOOTWEAR,0,-5,0,#DIV/0!
2025-07-22,F24,HOODIE,285,21,50,93%
2025-07-22,F24,JACKET,975,195,165,80%
2025-07-22,F24,LEGGINGS,440,127,84,71%
2025-07-22,F24,LONG SLEEVE KNIT,428,108,98,75%
2025-07-22,F24,OUTERWEAR,250,75,44,70%
2025-07-22,F24,POLO,"1,139",565,390,50%
2025-07-22,F24,SHORTS,"1,487",669,353,55%
2025-07-22,F24,SKIRT,78,66,34,15%
2025-07-22,F24,SPORT BRA,136,80,38,41%
2025-07-22,F24,SWEATER,755,197,183,74%
2025-07-22,F24,SWEATPANTS,125,26,25,79%
2025-07-22,F24,TRACK JACKET,"5,805","2,025","1,135",65%
2025-07-22,F24,TRACK PANT,"5,190","1,815","1,048",65%
2025-07-22,F24,T-SHIRT,358,219,128,39%
2025-07-22,F25,CABANA SHIRT,135,125,32,8%
2025-07-22,F25,CREWNECK,68,68,14,0%
2025-07-22,F25,DRESS,135,126,31,6%
2025-07-22,F25,SHORTS,110,101,25,8%
2025-07-22,F25,SWEATPANTS,88,88,17,0%
2025-07-22,F25,TRACK JACKET,480,330,103,31%
2025-07-22,F25,TRACK PANT,385,250,76,35%
2025-07-22,F25,T-SHIRT,54,50,8,8%
2025-07-22,S23,HAT,42,30,8,29%
2025-07-22,S23,SKORT,58,18,11,69%
2025-07-22,S23,TRACK JACKET,0,-10,0,#DIV/0!
2025-07-22,S24,ACCESSORIES,210,101,105,52%
2025-07-22,S24,DRESS,150,58,57,61%
2025-07-22,S24,FOOTWEAR,467,447,122,4%
2025-07-22,S24,SHORTS,473,106,81,78%
2025-07-22,S24,SOCKS,42,39,18,7%
2025-07-22,S24,TRACK JACKET,560,147,91,74%
2025-07-22,S24,TRACK PANT,325,132,47,59%
2025-07-22,S25,0,118,79,16,33%
2025-07-22,S25,ACCESSORIES,68,48,13,29%
2025-07-22,S25,BAG,225,148,178,34%
2025-07-22,S25,CABANA SHIRT,"1,432",879,285,39%
2025-07-22,S25,CAMP SHIRT,88,47,15,46%
2025-07-22,S25,CREWNECK,294,200,54,32%
2025-07-22,S25,DRESS,448,242,87,46%
2025-07-22,S25,HAT,454,318,97,30%
2025-07-22,S25,LEGGINGS,68,34,16,50%
2025-07-22,S25,LONG SLEEVE KNIT,136,75,20,45%
2025-07-22,S25,PANTS,135,81,27,40%
2025-07-22,S25,POLO,"5,023","3,155","1,042",37%
2025-07-22,S25,SHORTS,"9,748","5,800","2,040",41%
2025-07-22,S25,SKIRT,98,59,20,40%
2025-07-22,S25,SKORT,458,257,85,44%
2025-07-22,S25,SOCKS,342,227,83,34%
2025-07-22,S25,SWEATER,"10,655","6,364","2,480",40%
2025-07-22,S25,SWEATPANTS,176,124,36,30%
2025-07-22,S25,SWEATSHIRT,330,188,54,43%
2025-07-22,S25,TANK TOP,640,362,120,44%
2025-07-22,S25,TRACK JACKET,"4,050","2,371",817,41%
2025-07-22,S25,TRACK PANT,"1,893","1,051",367,44%
2025-07-22,S25,T-SHIRT,"5,484","3,383",973,38%
2025-07-22,S25,VISOR,76,52,14,31%
2025-07-23,CORE,ACCESSORIES,12,18,6,-50%
2025-07-23,CORE,HAT,126,118,21,6%
2025-07-23,CORE,SOCKS,252,239,56,5%
2025-07-23,CORE,TRACK JACKET,700,614,110,12%
2025-07-23,CORE,TRACK PANT,330,330,51,0%
2025-07-23,F24,CAMP SHIRT,450,160,92,64%
2025-07-23,F24,CREWNECK,-110,-55,-25,50%
2025-07-23,F24,DRESS,250,57,38,77%
2025-07-23,F24,HOODIE,"1,000",359,206,64%
2025-07-23,F24,LEGGINGS,220,66,42,70%
2025-07-23,F24,LONG SLEEVE KNIT,"1,273",394,248,69%
2025-07-23,F24,POLO,969,372,362,62%
2025-07-23,F24,SHORTS,"1,826",828,419,55%
2025-07-23,F24,SKIRT,166,92,50,45%
2025-07-23,F24,SOCKS,18,20,10,-11%
2025-07-23,F24,SWEATER,-145,-44,-38,69%
2025-07-23,F24,SWEATPANTS,470,131,98,72%
2025-07-23,F24,TRACK JACKET,"6,775","2,337","1,290",66%
2025-07-23,F24,TRACK PANT,"6,530","2,070","1,267",68%
2025-07-23,F24,T-SHIRT,518,300,163,42%
2025-07-23,F25,CABANA SHIRT,810,779,192,4%
2025-07-23,F25,HOODIE,120,120,23,0%
2025-07-23,F25,SHORTS,728,703,164,3%
2025-07-23,F25,SKORT,58,58,10,0%
2025-07-23,F25,TRACK JACKET,0,0,0,#DIV/0!
2025-07-23,F25,TRACK PANT,0,0,0,#DIV/0!
2025-07-23,F25,T-SHIRT,90,88,15,2%
2025-07-23,S24,FOOTWEAR,177,160,30,10%
2025-07-23,S24,SHORTS,236,117,49,51%
2025-07-23,S24,SKIRT,146,59,37,60%
2025-07-23,S24,SKORT,78,33,12,58%
2025-07-23,S24,SOCKS,14,14,6,0%
2025-07-23,S24,TRACK JACKET,"1,450",553,274,62%
2025-07-23,S24,TRACK PANT,785,297,189,62%
2025-07-23,S25,0,59,38,8,36%
2025-07-23,S25,CABANA SHIRT,"1,478",907,304,39%
2025-07-23,S25,CREWNECK,294,180,54,39%
2025-07-23,S25,DRESS,125,69,25,45%
2025-07-23,S25,HAT,522,330,108,37%
2025-07-23,S25,HOODIE,125,78,26,38%
2025-07-23,S25,LONG SLEEVE KNIT,78,47,10,40%
2025-07-23,S25,POLO,"4,142","2,621",840,37%
2025-07-23,S25,SHORTS,"7,158","4,463","1,524",38%
2025-07-23,S25,SKIRT,156,75,31,52%
2025-07-23,S25,SKORT,870,491,184,44%
2025-07-23,S25,SOCKS,234,166,57,29%
2025-07-23,S25,SWEATER,"7,880","4,527","1,791",43%
2025-07-23,S25,SWEATPANTS,460,282,90,39%
2025-07-23,S25,TANK TOP,236,119,42,50%
2025-07-23,S25,TRACK JACKET,"4,030","2,345",787,42%
2025-07-23,S25,TRACK PANT,"2,595","1,511",511,42%
2025-07-23,S25,T-SHIRT,"3,172","1,998",582,37%
2025-07-24,CORE,HAT,174,168,32,3%
2025-07-24,CORE,SOCKS,468,436,104,7%
2025-07-24,CORE,TRACK JACKET,140,0,22,100%
2025-07-24,CORE,TRACK PANT,110,0,17,100%
2025-07-24,F22,HOODIE,-42,8,-10,120%
2025-07-24,F22,POLO,68,26,12,62%
2025-07-24,F22,TANK TOP,50,20,10,60%
2025-07-24,F22,TRACK JACKET,150,58,29,61%
2025-07-24,F22,TRACK PANT,100,45,26,55%
2025-07-24,F22,T-SHIRT,60,20,11,66%
2025-07-24,F23,SHORTS,68,28,13,59%
2025-07-24,F23,TRACK JACKET,125,45,27,64%
2025-07-24,F23,TRACK PANT,150,50,27,67%
2025-07-24,F24,ACCESSORIES,210,120,53,43%
2025-07-24,F24,BAG,110,58,31,47%
2025-07-24,F24,CAMP SHIRT,450,150,92,67%
2025-07-24,F24,CREWNECK,220,100,50,55%
2025-07-24,F24,DRESS,560,152,114,73%
2025-07-24,F24,HOODIE,"1,105",286,218,74%
2025-07-24,F24,JACKET,325,60,55,82%
2025-07-24,F24,LEGGINGS,-110,-33,-21,70%
2025-07-24,F24,LONG SLEEVE KNIT,"1,561",402,320,74%
2025-07-24,F24,OUTERWEAR,700,181,143,74%
2025-07-24,F24,POLO,"1,153",537,305,53%
2025-07-24,F24,SHORTS,"1,628",604,359,63%
2025-07-24,F24,SKORT,78,40,18,49%
2025-07-24,F24,SWEATER,"1,570",444,385,72%
2025-07-24,F24,SWEATPANTS,250,62,50,75%
2025-07-24,F24,TRACK JACKET,"8,180","2,610","1,576",68%
2025-07-24,F24,TRACK PANT,"7,090","2,190","1,359",69%
2025-07-24,F24,T-SHIRT,512,269,124,47%
2025-07-24,F25,CABANA SHIRT,"1,755","1,720",413,2%
2025-07-24,F25,CREWNECK,125,120,24,4%
2025-07-24,F25,HOODIE,150,150,29,0%
2025-07-24,F25,POLO,188,180,46,4%
2025-07-24,F25,SHORTS,"1,418","1,395",324,2%
2025-07-24,F25,SKORT,136,128,31,6%
2025-07-24,F25,TRACK JACKET,615,585,136,5%
2025-07-24,F25,TRACK PANT,545,518,119,5%
2025-07-24,F25,T-SHIRT,48,48,8,0%
2025-07-24,S23,SHORTS,78,29,15,63%
2025-07-24,S23,TRACK JACKET,150,45,36,70%
2025-07-24,S24,FOOTWEAR,118,113,20,4%
2025-07-24,S24,SHORTS,200,90,46,55%
2025-07-24,S24,SKIRT,68,24,9,65%
2025-07-24,S24,SOCKS,14,14,6,0%
2025-07-24,S24,SPORT BRA,64,24,15,63%
2025-07-24,S24,TANK TOP,48,22,9,54%
2025-07-24,S24,TRACK JACKET,"1,105",500,223,55%
2025-07-24,S24,TRACK PANT,960,396,182,59%
2025-07-24,S25,0,59,42,8,29%
2025-07-24,S25,ACCESSORIES,116,78,22,33%
2025-07-24,S25,ACTIVE JACKET,125,63,26,50%
2025-07-24,S25,CABANA SHIRT,"1,233",740,255,40%
2025-07-24,S25,CAMP SHIRT,88,53,15,40%
2025-07-24,S25,CREWNECK,196,69,36,65%
2025-07-24,S25,DRESS,250,150,48,40%
2025-07-24,S25,FOOTWEAR,-150,-95,-33,37%
2025-07-24,S25,HAT,174,112,36,35%
2025-07-24,S25,HOODIE,250,135,52,46%
2025-07-24,S25,LONG SLEEVE KNIT,156,95,20,39%
2025-07-24,S25,POLO,"4,926","3,115","1,001",37%
2025-07-24,S25,PULLOVER,110,77,21,30%
2025-07-24,S25,SHORTS,"6,382","3,656","1,337",43%
2025-07-24,S25,SKIRT,116,60,22,48%
2025-07-24,S25,SKORT,78,48,16,38%
2025-07-24,S25,SOCKS,216,157,50,27%
2025-07-24,S25,SPORT BRA,68,30,17,56%
2025-07-24,S25,SWEATER,"6,695","3,432","1,548",49%
2025-07-24,S25,SWEATPANTS,372,230,72,38%
2025-07-24,S25,SWEATSHIRT,110,54,18,51%
2025-07-24,S25,TANK TOP,28,21,1,24%
2025-07-24,S25,TRACK JACKET,"5,860","3,428","1,147",42%
2025-07-24,S25,TRACK PANT,"3,568","2,102",715,41%
2025-07-24,S25,T-SHIRT,"2,998","1,869",530,38%
2025-07-24,S25,VISOR,38,23,7,39%
2025-07-25,CORE,HAT,42,40,7,5%
2025-07-25,CORE,SOCKS,234,220,52,6%
2025-07-25,CORE,TRACK JACKET,470,468,94,1%
2025-07-25,CORE,TRACK PANT,360,348,73,3%
2025-07-25,F23,OUTERWEAR,175,54,40,69%
2025-07-25,F23,SHORTS,68,30,13,56%
2025-07-25,F24,0,145,145,53,0%
2025-07-25,F24,ACCESSORIES,168,113,38,33%
2025-07-25,F24,CAMP SHIRT,600,184,118,69%
2025-07-25,F24,CREWNECK,110,50,25,55%
2025-07-25,F24,DRESS,625,134,95,79%
2025-07-25,F24,HOODIE,450,158,91,65%
2025-07-25,F24,LEGGINGS,220,61,42,72%
2025-07-25,F24,LONG SLEEVE KNIT,"1,470",349,305,76%
2025-07-25,F24,OUTERWEAR,700,164,131,77%
2025-07-25,F24,POLO,987,358,316,64%
2025-07-25,F24,S/S BUTTON SHIRT,-98,-47,-33,52%
2025-07-25,F24,SHORTS,"1,526",648,326,58%
2025-07-25,F24,SKIRT,334,203,121,39%
2025-07-25,F24,SPORT BRA,68,32,19,52%
2025-07-25,F24,SWEATER,"1,470",215,314,85%
2025-07-25,F24,SWEATPANTS,931,218,185,77%
2025-07-25,F24,SWEATSHIRT,250,102,52,59%
2025-07-25,F24,TRACK JACKET,"13,605","3,544","2,583",74%
2025-07-25,F24,TRACK PANT,"8,380","2,342","1,624",72%
2025-07-25,F24,T-SHIRT,"1,104",495,336,55%
2025-07-25,F25,CABANA SHIRT,675,648,160,4%
2025-07-25,F25,HOODIE,270,270,52,0%
2025-07-25,F25,LONG SLEEVE KNIT,78,78,12,0%
2025-07-25,F25,POLO,110,110,25,0%
2025-07-25,F25,SHORTS,726,704,166,3%
2025-07-25,F25,SKORT,58,58,10,0%
2025-07-25,F25,SWEATPANTS,125,125,25,0%
2025-07-25,F25,TRACK JACKET,505,505,104,0%
2025-07-25,F25,TRACK PANT,415,415,81,0%
2025-07-25,F25,T-SHIRT,156,156,26,0%
2025-07-25,F25,VEST,110,110,24,0%
2025-07-25,S23,SHORTS,68,48,15,29%
2025-07-25,S23,TRACKSUIT,-178,-53,-26,70%
2025-07-25,S24,SHORTS,109,40,12,63%
2025-07-25,S24,SKIRT,78,30,28,62%
2025-07-25,S24,SKORT,78,27,12,65%
2025-07-25,S24,TANK TOP,78,18,12,77%
2025-07-25,S24,TRACK JACKET,535,104,98,81%
2025-07-25,S24,TRACK PANT,480,191,97,60%
2025-07-25,S25,0,59,0,8,100%
2025-07-25,S25,ACCESSORIES,186,111,40,40%
2025-07-25,S25,CABANA SHIRT,666,326,130,51%
2025-07-25,S25,CREWNECK,196,112,36,43%
2025-07-25,S25,DRESS,360,200,73,44%
2025-07-25,S25,HAT,338,233,73,31%
2025-07-25,S25,JACKET,165,81,32,51%
2025-07-25,S25,LEGGINGS,-178,-87,-36,51%
2025-07-25,S25,LONG SLEEVE KNIT,176,105,20,40%
2025-07-25,S25,POLO,"5,685","3,386","1,186",40%
2025-07-25,S25,PULLOVER,235,127,46,46%
2025-07-25,S25,SHORTS,"7,624","4,469","1,621",41%
2025-07-25,S25,SKIRT,98,59,20,40%
2025-07-25,S25,SKORT,536,294,101,45%
2025-07-25,S25,SOCKS,162,116,37,28%
2025-07-25,S25,SWEATER,"11,600","6,951","2,669",40%
2025-07-25,S25,SWEATPANTS,264,156,54,41%
2025-07-25,S25,TANK TOP,368,198,61,46%
2025-07-25,S25,TRACK JACKET,"4,410","2,512",889,43%
2025-07-25,S25,TRACK PANT,"2,365","1,428",487,40%
2025-07-25,S25,T-SHIRT,"4,140","2,557",732,38%
2025-07-25,S25,VISOR,38,27,7,29%
2025-07-26,CORE,ACCESSORIES,30,35,11,-17%
2025-07-26,CORE,HAT,126,81,21,36%
2025-07-26,CORE,SOCKS,288,270,64,6%
2025-07-26,CORE,TRACK JACKET,140,126,22,10%
2025-07-26,CORE,TRACK PANT,110,99,17,10%
2025-07-26,F22,HOODIE,98,46,20,53%
2025-07-26,F22,SWEATPANTS,100,40,24,60%
2025-07-26,F23,OUTERWEAR,175,49,40,72%
2025-07-26,F23,TRACK PANT,125,4,21,97%
2025-07-26,F24,0,145,145,53,0%
2025-07-26,F24,ACCESSORIES,210,134,47,36%
2025-07-26,F24,CAMP SHIRT,300,96,62,68%
2025-07-26,F24,CREWNECK,110,50,25,55%
2025-07-26,F24,DRESS,395,115,63,71%
2025-07-26,F24,HOODIE,830,265,157,68%
2025-07-26,F24,LEGGINGS,110,30,21,72%
2025-07-26,F24,LONG SLEEVE KNIT,698,227,126,68%
2025-07-26,F24,OUTERWEAR,500,128,88,74%
2025-07-26,F24,POLO,"1,472",756,493,49%
2025-07-26,F24,SHORTS,824,349,170,58%
2025-07-26,F24,SKIRT,609,343,183,44%
2025-07-26,F24,SKORT,78,44,18,44%
2025-07-26,F24,SPORT BRA,68,34,19,50%
2025-07-26,F24,SWEATER,"1,435",300,335,79%
2025-07-26,F24,SWEATPANTS,708,200,142,72%
2025-07-26,F24,SWEATSHIRT,750,324,154,57%
2025-07-26,F24,TRACK JACKET,"8,215","2,432","1,505",70%
2025-07-26,F24,TRACK PANT,"7,305","2,078","1,369",72%
2025-07-26,F24,T-SHIRT,536,209,132,61%
2025-07-26,F25,CABANA SHIRT,540,517,128,4%
2025-07-26,F25,POLO,220,204,50,7%
2025-07-26,F25,SHORTS,440,421,100,4%
2025-07-26,F25,TRACK JACKET,150,144,35,4%
2025-07-26,F25,TRACK PANT,135,129,30,4%
2025-07-26,F25,T-SHIRT,90,90,15,0%
2025-07-26,S23,SHORTS,68,20,12,71%
2025-07-26,S24,FOOTWEAR,59,57,10,4%
2025-07-26,S24,LONG SLEEVE KNIT,88,42,15,52%
2025-07-26,S24,SHORTS,270,62,43,77%
2025-07-26,S24,TANK TOP,78,20,12,74%
2025-07-26,S24,TRACK JACKET,"1,145",407,251,64%
2025-07-26,S24,TRACK PANT,725,283,138,61%
2025-07-26,S25,0,0,0,0,#DIV/0!
2025-07-26,S25,ACCESSORIES,116,77,22,33%
2025-07-26,S25,ACTIVE JACKET,125,65,26,48%
2025-07-26,S25,CABANA SHIRT,485,286,99,41%
2025-07-26,S25,CREWNECK,686,427,126,38%
2025-07-26,S25,DRESS,500,290,98,42%
2025-07-26,S25,FOOTWEAR,150,95,33,37%
2025-07-26,S25,HAT,318,258,75,19%
2025-07-26,S25,LEGGINGS,118,61,21,48%
2025-07-26,S25,LONG SLEEVE KNIT,58,35,10,40%
2025-07-26,S25,POLO,"5,588","3,585","1,182",36%
2025-07-26,S25,PULLOVER,220,146,42,34%
2025-07-26,S25,SHORTS,"7,946","4,955","1,663",38%
2025-07-26,S25,SKIRT,390,213,64,45%
2025-07-26,S25,SKORT,810,445,160,45%
2025-07-26,S25,SOCKS,252,170,60,33%
2025-07-26,S25,SWEATER,"6,280","3,689","1,453",41%
2025-07-26,S25,SWEATPANTS,352,218,72,38%
2025-07-26,S25,TANK TOP,174,99,24,43%
2025-07-26,S25,TRACK JACKET,"5,405","3,131","1,080",42%
2025-07-26,S25,TRACK PANT,"2,675","1,533",514,43%
2025-07-26,S25,T-SHIRT,"3,748","2,313",679,38%
2025-07-27,CORE,HAT,42,42,7,0%
2025-07-27,CORE,SOCKS,432,391,96,9%
2025-07-27,CORE,TRACK JACKET,775,755,152,3%
2025-07-27,CORE,TRACK PANT,705,690,135,2%
2025-07-27,F22,HAT,144,22,24,85%
2025-07-27,F22,TRACK JACKET,138,40,31,71%
2025-07-27,F23,TRACK JACKET,150,36,30,76%
2025-07-27,F23,TRACK PANT,125,34,21,73%
2025-07-27,F24,0,145,145,53,0%
2025-07-27,F24,ACCESSORIES,84,46,22,45%
2025-07-27,F24,CAMP SHIRT,570,156,122,73%
2025-07-27,F24,DRESS,895,224,155,75%
2025-07-27,F24,HOODIE,"1,130",382,211,66%
2025-07-27,F24,JACKET,325,60,55,82%
2025-07-27,F24,LONG SLEEVE KNIT,680,194,123,71%
2025-07-27,F24,OUTERWEAR,725,159,138,78%
2025-07-27,F24,POLO,"1,666",709,628,57%
2025-07-27,F24,SHORTS,"2,289","1,000",510,56%
2025-07-27,F24,SKIRT,89,46,26,48%
2025-07-27,F24,SWEATER,"1,990",504,473,75%
2025-07-27,F24,SWEATPANTS,735,163,149,78%
2025-07-27,F24,SWEATSHIRT,125,53,32,57%
2025-07-27,F24,TRACK JACKET,"9,855","2,905","1,851",71%
2025-07-27,F24,TRACK PANT,"7,115","2,086","1,383",71%
2025-07-27,F24,T-SHIRT,384,212,139,45%
2025-07-27,F25,CABANA SHIRT,270,270,63,0%
2025-07-27,F25,HOODIE,150,150,29,0%
2025-07-27,F25,LONG SLEEVE KNIT,78,78,12,0%
2025-07-27,F25,SHORTS,416,401,98,4%
2025-07-27,F25,SWEATPANTS,223,223,44,0%
2025-07-27,F25,TRACK JACKET,820,795,170,3%
2025-07-27,F25,TRACK PANT,690,669,134,3%
2025-07-27,S20,FOOTWEAR,110,64,46,42%
2025-07-27,S23,HOODIE,88,33,18,62%
2025-07-27,S24,BAG,175,86,60,51%
2025-07-27,S24,DRESS,125,54,41,57%
2025-07-27,S24,SHORTS,68,36,13,47%
2025-07-27,S24,SKIRT,78,30,28,62%
2025-07-27,S24,SOCKS,28,27,12,5%
2025-07-27,S24,TRACK JACKET,"1,450",443,261,69%
2025-07-27,S24,TRACK PANT,"1,035",325,169,69%
2025-07-27,S25,0,176,89,36,50%
2025-07-27,S25,ACCESSORIES,314,201,67,36%
2025-07-27,S25,CABANA SHIRT,"3,250","2,050",624,37%
2025-07-27,S25,CAMP SHIRT,88,48,15,45%
2025-07-27,S25,CREWNECK,196,119,36,39%
2025-07-27,S25,DRESS,750,400,148,47%
2025-07-27,S25,FOOTWEAR,450,270,98,40%
2025-07-27,S25,HAT,"1,508",982,312,35%
2025-07-27,S25,LEGGINGS,186,99,37,47%
2025-07-27,S25,LONG SLEEVE KNIT,526,320,70,39%
2025-07-27,S25,PADDLE,116,116,21,0%
2025-07-27,S25,PANTS,135,66,27,51%
2025-07-27,S25,POLO,"4,954","3,260","1,065",34%
2025-07-27,S25,SHORTS,"10,546","6,621","2,155",37%
2025-07-27,S25,SKIRT,186,100,41,46%
2025-07-27,S25,SKORT,868,468,166,46%
2025-07-27,S25,SOCKS,126,90,30,29%
2025-07-27,S25,SWEATER,"7,810","4,569","1,815",41%
2025-07-27,S25,SWEATPANTS,88,51,18,42%
2025-07-27,S25,SWEATSHIRT,110,66,18,40%
2025-07-27,S25,TANK TOP,368,208,60,44%
2025-07-27,S25,TRACK JACKET,"5,625","3,434","1,152",39%
2025-07-27,S25,TRACK PANT,"3,923","2,385",778,39%
2025-07-27,S25,T-SHIRT,"4,950","3,136",901,37%
2025-07-28,CORE,ACCESSORIES,18,18,5,0%
2025-07-28,CORE,HAT,84,80,14,5%
2025-07-28,CORE,SOCKS,180,172,40,5%
2025-07-28,CORE,TRACK JACKET,140,126,22,10%
2025-07-28,CORE,TRACK PANT,110,99,17,10%
2025-07-28,F22,HOODIE,-98,-46,-20,53%
2025-07-28,F23,POLO,156,65,28,58%
2025-07-28,F23,TRACK JACKET,150,50,30,67%
2025-07-28,F23,TRACK PANT,15,34,1,-129%
2025-07-28,F23,T-SHIRT,136,53,24,61%
2025-07-28,F24,ACCESSORIES,168,111,37,34%
2025-07-28,F24,CAMP SHIRT,450,141,92,69%
2025-07-28,F24,DRESS,625,151,143,76%
2025-07-28,F24,FOOTWEAR,-160,-92,-44,43%
2025-07-28,F24,HOODIE,"1,940",590,402,70%
2025-07-28,F24,LEGGINGS,110,32,21,71%
2025-07-28,F24,LONG SLEEVE KNIT,"1,749",488,344,72%
2025-07-28,F24,OUTERWEAR,950,231,187,76%
2025-07-28,F24,POLO,313,229,129,27%
2025-07-28,F24,SHORTS,"1,495",717,342,52%
2025-07-28,F24,SKIRT,88,34,16,61%
2025-07-28,F24,SPORT BRA,68,36,19,47%
2025-07-28,F24,SWEATER,"2,085",384,460,82%
2025-07-28,F24,SWEATPANTS,595,162,123,73%
2025-07-28,F24,TRACK JACKET,"10,005","2,923","1,860",71%
2025-07-28,F24,TRACK PANT,"6,940","2,178","1,301",69%
2025-07-28,F24,T-SHIRT,358,148,87,59%
2025-07-28,F25,CABANA SHIRT,405,378,96,7%
2025-07-28,F25,DRESS,-135,-126,-31,6%
2025-07-28,F25,HOODIE,"1,170","1,053",226,10%
2025-07-28,F25,LONG SLEEVE KNIT,78,78,12,0%
2025-07-28,F25,SHORTS,632,598,139,5%
2025-07-28,F25,SKORT,58,58,10,0%
2025-07-28,F25,SWEATPANTS,848,773,169,9%
2025-07-28,F25,TRACK JACKET,-330,-306,-68,7%
2025-07-28,F25,TRACK PANT,0,18,0,#DIV/0!
2025-07-28,F25,T-SHIRT,18,24,3,-35%
2025-07-28,S23,SHORTS,-68,-48,-15,29%
2025-07-28,S24,ACCESSORIES,-225,-124,-112,45%
2025-07-28,S24,FOOTWEAR,-150,-184,-51,-22%
2025-07-28,S24,POLO,68,30,12,56%
2025-07-28,S24,SHORTS,135,38,18,72%
2025-07-28,S24,SKIRT,146,58,37,60%
2025-07-28,S24,SOCKS,28,27,12,5%
2025-07-28,S24,SPORT BRA,48,24,7,50%
2025-07-28,S24,SWEATER,150,42,37,72%
2025-07-28,S24,TRACK JACKET,295,101,54,66%
2025-07-28,S24,TRACK PANT,-105,-29,-15,73%
2025-07-28,S25,ACCESSORIES,-76,-56,-15,26%
2025-07-28,S25,BAG,-115,-71,-128,38%
2025-07-28,S25,CABANA SHIRT,956,498,204,48%
2025-07-28,S25,CAMP SHIRT,0,4,0,#DIV/0!
2025-07-28,S25,CREWNECK,294,207,54,30%
2025-07-28,S25,DRESS,-448,-242,-87,46%
2025-07-28,S25,HAT,358,245,71,32%
2025-07-28,S25,HOODIE,150,85,33,44%
2025-07-28,S25,JACKET,165,90,32,46%
2025-07-28,S25,LEGGINGS,-288,-147,-57,49%
2025-07-28,S25,LONG SLEEVE KNIT,78,47,10,40%
2025-07-28,S25,PADDLE,-58,-54,-10,8%
2025-07-28,S25,POLO,"4,316","2,728",887,37%
2025-07-28,S25,PULLOVER,0,-8,0,#DIV/0!
2025-07-28,S25,SHORTS,"6,311","3,853","1,296",39%
2025-07-28,S25,SKORT,-292,-164,-51,44%
2025-07-28,S25,SOCKS,270,197,66,27%
2025-07-28,S25,SWEATER,"2,510","1,540",564,39%
2025-07-28,S25,SWEATPANTS,176,124,36,30%
2025-07-28,S25,SWEATSHIRT,110,66,18,40%
2025-07-28,S25,TANK TOP,-262,-154,-52,41%
2025-07-28,S25,TRACK JACKET,"5,240","3,219","1,006",39%
2025-07-28,S25,TRACK PANT,"3,093","1,735",601,44%
2025-07-28,S25,T-SHIRT,"1,958","1,214",357,38%
2025-07-28,S25,VISOR,-38,-25,-7,33%
2025-07-29,CORE,HAT,126,126,22,0%
2025-07-29,CORE,SOCKS,252,245,56,3%
2025-07-29,CORE,TRACK JACKET,470,470,94,0%
2025-07-29,CORE,TRACK PANT,220,156,34,29%
2025-07-29,F23,TRACK PANT,220,120,46,45%
2025-07-29,F24,ACCESSORIES,84,60,21,29%
2025-07-29,F24,CAMP SHIRT,285,80,61,72%
2025-07-29,F24,DRESS,125,28,19,78%
2025-07-29,F24,HOODIE,990,365,171,63%
2025-07-29,F24,LEGGINGS,220,64,42,71%
2025-07-29,F24,LONG SLEEVE KNIT,469,211,114,55%
2025-07-29,F24,POLO,"1,075",470,316,56%
2025-07-29,F24,SHORTS,957,414,225,57%
2025-07-29,F24,SKIRT,176,65,32,63%
2025-07-29,F24,SPORT BRA,68,36,19,47%
2025-07-29,F24,SWEATER,295,56,68,81%
2025-07-29,F24,SWEATPANTS,348,95,68,73%
2025-07-29,F24,SWEATSHIRT,190,58,47,69%
2025-07-29,F24,TRACK JACKET,"11,750","3,217","2,246",73%
2025-07-29,F24,TRACK PANT,"8,665","2,543","1,669",71%
2025-07-29,F24,T-SHIRT,324,198,119,39%
2025-07-29,F25,CABANA SHIRT,540,405,128,25%
2025-07-29,F25,HOODIE,240,240,46,0%
2025-07-29,F25,SHORTS,586,468,131,20%
2025-07-29,F25,SKORT,174,174,30,0%
2025-07-29,F25,SOCKS,18,18,4,0%
2025-07-29,F25,SWEATPANTS,196,196,36,0%
2025-07-29,F25,TRACK JACKET,526,510,98,3%
2025-07-29,F25,TRACK PANT,316,302,61,4%
2025-07-29,F25,T-SHIRT,420,410,71,2%
2025-07-29,F25,VEST,110,110,24,0%
2025-07-29,S24,FOOTWEAR,118,118,20,0%
2025-07-29,S24,SHORTS,135,38,18,72%
2025-07-29,S24,SKIRT,68,25,9,63%
2025-07-29,S24,SKORT,78,30,12,62%
2025-07-29,S24,SPORT BRA,48,22,7,55%
2025-07-29,S24,TANK TOP,78,20,12,74%
2025-07-29,S24,TRACK JACKET,"1,330",499,240,62%
2025-07-29,S24,TRACK PANT,890,385,159,57%
2025-07-29,S25,ACCESSORIES,146,99,28,32%
2025-07-29,S25,CABANA SHIRT,"2,010","1,286",399,36%
2025-07-29,S25,CAMP SHIRT,0,6,0,#DIV/0!
2025-07-29,S25,CREWNECK,392,126,72,68%
2025-07-29,S25,HAT,116,74,24,36%
2025-07-29,S25,HOODIE,400,268,85,33%
2025-07-29,S25,LONG SLEEVE KNIT,281,185,46,34%
2025-07-29,S25,POLO,"4,035","2,725",805,32%
2025-07-29,S25,PULLOVER,110,72,21,35%
2025-07-29,S25,SHORTS,"5,391","3,323","1,098",38%
2025-07-29,S25,SKIRT,78,47,2,40%
2025-07-29,S25,SKORT,458,276,85,40%
2025-07-29,S25,SOCKS,108,78,25,28%
2025-07-29,S25,SWEATER,"5,485","3,586","1,250",35%
2025-07-29,S25,SWEATPANTS,548,292,108,47%
2025-07-29,S25,SWEATSHIRT,220,117,36,47%
2025-07-29,S25,TANK TOP,58,35,8,40%
2025-07-29,S25,TRACK JACKET,"5,175","3,328",962,36%
2025-07-29,S25,TRACK PANT,"2,931","1,905",550,35%
2025-07-29,S25,T-SHIRT,"3,072","1,997",537,35%
2025-07-30,CORE,SOCKS,234,230,52,2%
2025-07-30,CORE,TRACK JACKET,-25,140,-14,660%
2025-07-30,CORE,TRACK PANT,-15,110,-11,833%
2025-07-30,F21,HAT,38,22,6,42%
2025-07-30,F22,HAT,-48,-18,-8,63%
2025-07-30,F22,TRACK JACKET,165,49,34,71%
2025-07-30,F22,TRACK PANT,195,80,47,59%
2025-07-30,F23,POLO,78,36,14,54%
2025-07-30,F23,TRACK JACKET,110,40,20,64%
2025-07-30,F23,TRACK PANT,125,31,21,76%
2025-07-30,F24,ACCESSORIES,84,56,18,33%
2025-07-30,F24,CAMP SHIRT,420,97,94,77%
2025-07-30,F24,DRESS,125,32,35,74%
2025-07-30,F24,FOOTWEAR,-140,-68,-28,51%
2025-07-30,F24,HOODIE,"1,335",488,261,63%
2025-07-30,F24,LEGGINGS,220,64,42,71%
2025-07-30,F24,LONG SLEEVE KNIT,468,141,89,70%
2025-07-30,F24,OUTERWEAR,450,124,98,72%
2025-07-30,F24,POLO,"1,374",628,458,54%
2025-07-30,F24,SHORTS,841,404,198,52%
2025-07-30,F24,SKIRT,255,132,76,48%
2025-07-30,F24,SPORT BRA,136,72,38,47%
2025-07-30,F24,SWEATER,"1,280",291,287,77%
2025-07-30,F24,SWEATPANTS,985,241,199,75%
2025-07-30,F24,TRACK JACKET,"8,695","2,515","1,609",71%
2025-07-30,F24,TRACK PANT,"7,240","2,170","1,361",70%
2025-07-30,F24,T-SHIRT,290,114,73,61%
2025-07-30,F25,CABANA SHIRT,-135,-135,-31,0%
2025-07-30,F25,HOODIE,150,150,29,0%
2025-07-30,F25,SHORTS,46,38,9,17%
2025-07-30,F25,SWEATPANTS,98,98,18,0%
2025-07-30,F25,TRACK JACKET,985,985,188,0%
2025-07-30,F25,TRACK PANT,840,840,157,0%
2025-07-30,F25,VEST,220,209,48,5%
2025-07-30,S20,FOOTWEAR,110,64,46,42%
2025-07-30,S23,SHORTS,156,64,30,59%
2025-07-30,S24,SOCKS,14,14,6,0%
2025-07-30,S24,SPORT BRA,48,24,7,50%
2025-07-30,S24,TRACK JACKET,980,502,222,49%
2025-07-30,S24,TRACK PANT,"1,100",506,210,54%
2025-07-30,S25,ACCESSORIES,204,140,39,31%
2025-07-30,S25,BAG,110,77,50,30%
2025-07-30,S25,CABANA SHIRT,"1,235",807,237,35%
2025-07-30,S25,CREWNECK,294,200,54,32%
2025-07-30,S25,DRESS,250,143,48,43%
2025-07-30,S25,FOOTWEAR,-150,0,-33,100%
2025-07-30,S25,HAT,174,127,36,27%
2025-07-30,S25,HOODIE,250,150,52,40%
2025-07-30,S25,LEGGINGS,220,122,41,45%
2025-07-30,S25,LONG SLEEVE KNIT,78,42,10,46%
2025-07-30,S25,PANTS,0,-121,0,#DIV/0!
2025-07-30,S25,POLO,"5,862","3,654","1,177",38%
2025-07-30,S25,SHORTS,"9,055","5,635","1,893",38%
2025-07-30,S25,SKIRT,254,139,51,45%
2025-07-30,S25,SKORT,664,347,133,48%
2025-07-30,S25,SOCKS,108,73,25,33%
2025-07-30,S25,SPORT BRA,136,36,34,74%
2025-07-30,S25,SWEATER,"7,260","4,367","1,660",40%
2025-07-30,S25,SWEATPANTS,362,233,72,36%
2025-07-30,S25,SWEATSHIRT,-110,-59,-18,46%
2025-07-30,S25,TANK TOP,708,360,132,49%
2025-07-30,S25,TRACK JACKET,"5,895","3,792","1,155",36%
2025-07-30,S25,TRACK PANT,"2,665","1,702",527,36%
2025-07-30,S25,T-SHIRT,"4,142","2,715",726,34%
2025-07-31,CORE,SOCKS,162,167,36,-3%
2025-07-31,CORE,TRACK JACKET,445,367,80,18%
2025-07-31,CORE,TRACK PANT,110,99,17,10%
2025-07-31,F21,HAT,38,22,6,42%
2025-07-31,F23,POLO,78,36,14,54%
2025-07-31,F23,TRACK PANT,98,24,17,76%
2025-07-31,F24,0,-290,-284,-106,2%
2025-07-31,F24,ACCESSORIES,172,76,38,56%
2025-07-31,F24,CAMP SHIRT,150,46,32,69%
2025-07-31,F24,CREWNECK,220,95,50,57%
2025-07-31,F24,DRESS,635,168,146,74%
2025-07-31,F24,HOODIE,"1,685",559,303,67%
2025-07-31,F24,LEGGINGS,110,32,21,71%
2025-07-31,F24,LONG SLEEVE KNIT,"1,151",356,227,69%
2025-07-31,F24,OUTERWEAR,675,166,148,75%
2025-07-31,F24,POLO,"1,338",525,495,61%
2025-07-31,F24,SHORTS,"1,134",420,250,63%
2025-07-31,F24,SKIRT,166,94,50,43%
2025-07-31,F24,SKORT,156,88,37,44%
2025-07-31,F24,SPORT BRA,68,36,19,47%
2025-07-31,F24,SWEATER,"2,340",508,540,78%
2025-07-31,F24,SWEATPANTS,"1,208",287,242,76%
2025-07-31,F24,TRACK JACKET,"13,770","3,988","2,586",71%
2025-07-31,F24,TRACK PANT,"9,465","2,801","1,788",70%
2025-07-31,F24,T-SHIRT,566,233,179,59%
2025-07-31,F25,CABANA SHIRT,-135,-135,-31,0%
2025-07-31,F25,CREWNECK,110,110,20,0%
2025-07-31,F25,HOODIE,450,450,87,0%
2025-07-31,F25,SHORTS,0,-6,0,#DIV/0!
2025-07-31,F25,SOCKS,36,34,8,5%
2025-07-31,F25,SWEATPANTS,375,375,75,0%
2025-07-31,F25,TRACK JACKET,738,738,151,0%
2025-07-31,F25,TRACK PANT,473,473,97,0%
2025-07-31,F25,T-SHIRT,48,48,8,0%
2025-07-31,S23,SHORTS,98,27,20,72%
2025-07-31,S23,T-SHIRT,42,22,7,48%
2025-07-31,S24,FOOTWEAR,59,61,10,-4%
2025-07-31,S24,LONG SLEEVE KNIT,88,42,15,52%
2025-07-31,S24,SKIRT,156,68,43,57%
2025-07-31,S24,SOCKS,14,13,6,10%
2025-07-31,S24,SWEATER,300,80,74,73%
2025-07-31,S24,TANK TOP,78,20,12,74%
2025-07-31,S24,TRACK JACKET,690,294,167,57%
2025-07-31,S24,TRACK PANT,870,364,182,58%
2025-07-31,S24,T-SHIRT,90,28,20,69%
2025-07-31,S25,ACCESSORIES,170,136,34,20%
2025-07-31,S25,CABANA SHIRT,"1,020",686,208,33%
2025-07-31,S25,CAMP SHIRT,88,53,15,40%
2025-07-31,S25,CREWNECK,294,200,54,32%
2025-07-31,S25,DRESS,235,136,46,42%
2025-07-31,S25,HAT,406,324,84,20%
2025-07-31,S25,HOODIE,300,186,66,38%
2025-07-31,S25,JACKET,165,99,32,40%
2025-07-31,S25,LEGGINGS,110,61,20,45%
2025-07-31,S25,LONG SLEEVE KNIT,125,75,26,40%
2025-07-31,S25,POLO,"3,028","2,170",648,28%
2025-07-31,S25,PULLOVER,-110,-65,-21,41%
2025-07-31,S25,SHORTS,"5,395","3,626","1,166",33%
2025-07-31,S25,SKIRT,98,53,20,46%
2025-07-31,S25,SKORT,586,348,120,41%
2025-07-31,S25,SOCKS,180,119,43,34%
2025-07-31,S25,SWEATER,"4,240","2,627",979,38%
2025-07-31,S25,SWEATPANTS,176,124,36,30%
2025-07-31,S25,TANK TOP,844,432,161,49%
2025-07-31,S25,TOWEL,-48,-41,-26,14%
2025-07-31,S25,TRACK JACKET,"2,460","1,643",534,33%
2025-07-31,S25,TRACK PANT,"2,308","1,523",485,34%
2025-07-31,S25,T-SHIRT,"3,030","1,924",533,36%
2025-08-01,CORE,HAT,84,84,14,0%
2025-08-01,CORE,SOCKS,252,247,56,2%
2025-08-01,CORE,TRACK JACKET,585,571,102,2%
2025-08-01,CORE,TRACK PANT,455,444,79,2%
2025-08-01,F22,TRACKSUIT,-178,-54,-27,70%
2025-08-01,F23,TRACK PANT,98,24,17,76%
2025-08-01,F24,ACCESSORIES,210,123,50,41%
2025-08-01,F24,CAMP SHIRT,300,100,60,67%
2025-08-01,F24,CREWNECK,110,45,25,59%
2025-08-01,F24,DRESS,375,88,57,77%
2025-08-01,F24,HOODIE,"2,170",734,441,66%
2025-08-01,F24,JACKET,-325,-66,-55,80%
2025-08-01,F24,LEGGINGS,660,189,126,71%
2025-08-01,F24,LONG SLEEVE KNIT,"1,705",418,345,75%
2025-08-01,F24,OUTERWEAR,225,62,49,72%
2025-08-01,F24,POLO,"1,235",478,422,61%
2025-08-01,F24,SHORTS,"1,042",424,219,59%
2025-08-01,F24,SKIRT,89,46,26,48%
2025-08-01,F24,SKORT,78,44,18,44%
2025-08-01,F24,SPORT BRA,272,140,76,48%
2025-08-01,F24,SWEATER,"1,670",392,380,77%
2025-08-01,F24,SWEATPANTS,"1,624",483,326,70%
2025-08-01,F24,SWEATSHIRT,125,56,32,55%
2025-08-01,F24,TRACK JACKET,"7,455","2,086","1,361",72%
2025-08-01,F24,TRACK PANT,"6,655","1,927","1,262",71%
2025-08-01,F24,T-SHIRT,746,360,213,52%
2025-08-01,F25,CABANA SHIRT,270,257,64,5%
2025-08-01,F25,CREWNECK,68,68,14,0%
2025-08-01,F25,DRESS,250,250,60,0%
2025-08-01,F25,HOODIE,-150,-150,-29,0%
2025-08-01,F25,POLO,78,78,21,0%
2025-08-01,F25,SHORTS,220,220,50,0%
2025-08-01,F25,SKORT,78,78,21,0%
2025-08-01,F25,SOCKS,36,36,8,0%
2025-08-01,F25,SWEATPANTS,-37,-37,-8,0%
2025-08-01,F25,TRACK JACKET,83,-52,12,163%
2025-08-01,F25,TRACK PANT,83,83,19,0%
2025-08-01,F25,T-SHIRT,96,86,16,10%
2025-08-01,S23,HOODIE,-88,-33,-18,62%
2025-08-01,S24,FOOTWEAR,59,59,10,0%
2025-08-01,S24,SHORTS,74,36,17,51%
2025-08-01,S24,SKIRT,78,27,28,65%
2025-08-01,S24,SOCKS,56,56,24,0%
2025-08-01,S24,SPORT BRA,64,28,15,56%
2025-08-01,S24,TRACK JACKET,"1,145",394,287,66%
2025-08-01,S24,TRACK PANT,735,326,130,56%
2025-08-01,S25,0,59,42,8,29%
2025-08-01,S25,ACCESSORIES,86,61,17,29%
2025-08-01,S25,BAG,220,139,99,37%
2025-08-01,S25,CABANA SHIRT,833,460,177,45%
2025-08-01,S25,CAMP SHIRT,88,53,15,40%
2025-08-01,S25,CREWNECK,196,131,36,33%
2025-08-01,S25,DRESS,485,279,96,43%
2025-08-01,S25,HAT,106,80,25,24%
2025-08-01,S25,HOODIE,375,251,78,33%
2025-08-01,S25,PANTS,135,81,27,40%
2025-08-01,S25,POLO,"3,009","1,896",580,37%
2025-08-01,S25,SHORTS,"2,425","1,766",492,27%
2025-08-01,S25,SKIRT,196,106,40,46%
2025-08-01,S25,SKORT,634,368,121,42%
2025-08-01,S25,SOCKS,126,87,29,31%
2025-08-01,S25,SWEATER,"5,480","3,460","1,245",37%
2025-08-01,S25,SWEATPANTS,382,253,72,34%
2025-08-01,S25,TANK TOP,-380,-204,-97,46%
2025-08-01,S25,TRACK JACKET,"4,255","2,778",834,35%
2025-08-01,S25,TRACK PANT,"2,548","1,585",521,38%
2025-08-01,S25,T-SHIRT,"3,746","2,368",648,37%
2025-08-02,CORE,SOCKS,144,144,32,0%
2025-08-02,CORE,TRACK JACKET,305,305,58,0%
2025-08-02,CORE,TRACK PANT,235,224,45,5%
2025-08-02,F22,TRACK PANT,100,40,22,60%
2025-08-02,F23,POLO,156,68,28,56%
2025-08-02,F24,ACCESSORIES,172,67,38,61%
2025-08-02,F24,CREWNECK,110,50,25,55%
2025-08-02,F24,DRESS,125,28,19,78%
2025-08-02,F24,HOODIE,"1,405",492,276,65%
2025-08-02,F24,JACKET,325,60,55,82%
2025-08-02,F24,LONG SLEEVE KNIT,730,242,131,67%
2025-08-02,F24,OUTERWEAR,"1,650",410,317,75%
2025-08-02,F24,POLO,647,296,242,54%
2025-08-02,F24,SHORTS,485,252,121,48%
2025-08-02,F24,SWEATER,"2,655",653,608,75%
2025-08-02,F24,SWEATPANTS,"1,112",359,220,68%
2025-08-02,F24,SWEATSHIRT,125,56,32,55%
2025-08-02,F24,TRACK JACKET,"8,130","2,220","1,504",73%
2025-08-02,F24,TRACK PANT,"5,925","1,828","1,144",69%
2025-08-02,F24,T-SHIRT,416,204,136,51%
2025-08-02,F25,CABANA SHIRT,405,270,96,33%
2025-08-02,F25,HOODIE,270,270,52,0%
2025-08-02,F25,SHORTS,444,437,100,2%
2025-08-02,F25,SOCKS,18,16,4,10%
2025-08-02,F25,SWEATPANTS,98,88,19,10%
2025-08-02,F25,TRACK JACKET,960,960,202,0%
2025-08-02,F25,TRACK PANT,660,660,129,0%
2025-08-02,F25,T-SHIRT,144,139,23,4%
2025-08-02,F25,VEST,110,110,24,0%
2025-08-02,S23,TRACK PANT,85,41,16,51%
2025-08-02,S24,DRESS,125,54,41,57%
2025-08-02,S24,FOOTWEAR,59,53,10,10%
2025-08-02,S24,LONG SLEEVE KNIT,88,42,15,52%
2025-08-02,S24,SHORTS,100,42,23,58%
2025-08-02,S24,SWEATPANTS,88,42,16,52%
2025-08-02,S24,TRACK JACKET,980,524,226,46%
2025-08-02,S24,TRACK PANT,"1,110",575,226,48%
2025-08-02,S25,BAG,110,77,50,30%
2025-08-02,S25,CABANA SHIRT,250,167,48,33%
2025-08-02,S25,CREWNECK,98,69,18,30%
2025-08-02,S25,HAT,174,119,36,32%
2025-08-02,S25,HOODIE,125,75,26,40%
2025-08-02,S25,JACKET,165,99,32,40%
2025-08-02,S25,POLO,"2,359","1,423",458,40%
2025-08-02,S25,SHORTS,"4,038","2,585",839,36%
2025-08-02,S25,SKORT,458,267,85,42%
2025-08-02,S25,SOCKS,54,39,14,28%
2025-08-02,S25,SWEATER,"3,795","2,370",869,38%
2025-08-02,S25,SWEATPANTS,274,183,54,33%
2025-08-02,S25,TANK TOP,242,130,38,46%
2025-08-02,S25,TRACK JACKET,"3,885","2,505",756,36%
2025-08-02,S25,TRACK PANT,"2,010","1,312",399,35%
2025-08-02,S25,T-SHIRT,"2,656","1,748",484,34%
2025-08-03,CORE,HAT,84,84,14,0%
2025-08-03,CORE,SOCKS,234,221,52,5%
2025-08-03,CORE,TRACK JACKET,750,706,138,6%
2025-08-03,CORE,TRACK PANT,470,447,90,5%
2025-08-03,F22,HAT,48,22,8,55%
2025-08-03,F22,SHORTS,68,29,13,58%
2025-08-03,F23,POLO,78,32,14,58%
2025-08-03,F23,TRACK PANT,135,52,26,61%
2025-08-03,F24,ACCESSORIES,168,106,37,37%
2025-08-03,F24,CAMP SHIRT,585,173,121,70%
2025-08-03,F24,DRESS,645,170,117,74%
2025-08-03,F24,HOODIE,"1,435",524,292,64%
2025-08-03,F24,JACKET,325,60,55,82%
2025-08-03,F24,LEGGINGS,220,61,42,72%
2025-08-03,F24,LONG SLEEVE KNIT,"1,921",500,383,74%
2025-08-03,F24,POLO,830,367,278,56%
2025-08-03,F24,SHORTS,"1,554",750,370,52%
2025-08-03,F24,SKIRT,420,219,116,48%
2025-08-03,F24,SPORT BRA,68,32,19,52%
2025-08-03,F24,SWEATER,"1,175",312,285,73%
2025-08-03,F24,SWEATPANTS,"1,166",326,235,72%
2025-08-03,F24,TRACK JACKET,"14,250","4,080","2,689",71%
2025-08-03,F24,TRACK PANT,"10,830","3,148","2,092",71%
2025-08-03,F24,T-SHIRT,572,294,148,49%
2025-08-03,F25,CABANA SHIRT,540,513,128,5%
2025-08-03,F25,CREWNECK,125,125,24,0%
2025-08-03,F25,HOODIE,300,300,58,0%
2025-08-03,F25,SHORTS,862,832,193,3%
2025-08-03,F25,SOCKS,18,16,4,10%
2025-08-03,F25,SWEATPANTS,348,348,68,0%
2025-08-03,F25,TRACK JACKET,790,758,165,4%
2025-08-03,F25,TRACK PANT,675,647,131,4%
2025-08-03,F25,T-SHIRT,48,48,8,0%
2025-08-03,F25,VEST,220,220,48,0%
2025-08-03,S23,HAT,42,28,8,33%
2025-08-03,S24,DRESS,125,54,41,57%
2025-08-03,S24,SKIRT,136,56,18,59%
2025-08-03,S24,SPORT BRA,48,24,7,50%
2025-08-03,S24,TRACK JACKET,"1,235",522,230,58%
2025-08-03,S24,TRACK PANT,"1,025",465,253,55%
2025-08-03,S25,ACCESSORIES,116,74,22,36%
2025-08-03,S25,CABANA SHIRT,505,321,109,37%
2025-08-03,S25,CAMP SHIRT,88,53,15,40%
2025-08-03,S25,CREWNECK,294,200,54,32%
2025-08-03,S25,HAT,580,385,121,34%
2025-08-03,S25,HOODIE,375,242,78,35%
2025-08-03,S25,LEGGINGS,236,119,42,50%
2025-08-03,S25,POLO,"3,894","2,709",790,30%
2025-08-03,S25,PULLOVER,220,154,42,30%
2025-08-03,S25,SHORTS,"4,795","3,210","1,012",33%
2025-08-03,S25,SKIRT,156,89,31,43%
2025-08-03,S25,SKORT,702,404,132,43%
2025-08-03,S25,SOCKS,36,31,8,14%
2025-08-03,S25,SWEATER,"6,560","4,391","1,512",33%
2025-08-03,S25,SWEATPANTS,646,432,126,33%
2025-08-03,S25,TANK TOP,242,138,38,43%
2025-08-03,S25,TRACK JACKET,"6,225","3,948","1,214",37%
2025-08-03,S25,TRACK PANT,"4,703","2,979",930,37%
2025-08-03,S25,T-SHIRT,"2,820","1,941",502,31%
2025-08-03,S25,VISOR,38,27,7,29%
2025-08-04,CORE,ACCESSORIES,36,36,11,0%
2025-08-04,CORE,HAT,42,42,7,0%
2025-08-04,CORE,SOCKS,162,157,36,3%
2025-08-04,CORE,TRACK JACKET,140,140,22,0%
2025-08-04,CORE,TRACK PANT,110,46,17,58%
2025-08-04,F23,POLO,-78,-35,-14,55%
2025-08-04,F23,TRACK PANT,135,0,26,100%
2025-08-04,F24,0,-145,-145,-53,0%
2025-08-04,F24,ACCESSORIES,-84,-28,-14,67%
2025-08-04,F24,BAG,110,70,31,36%
2025-08-04,F24,CAMP SHIRT,-150,-45,-30,70%
2025-08-04,F24,CREWNECK,125,41,45,67%
2025-08-04,F24,DRESS,500,113,92,77%
2025-08-04,F24,HOODIE,"2,140",749,409,65%
2025-08-04,F24,LEGGINGS,220,61,42,72%
2025-08-04,F24,LONG SLEEVE KNIT,950,283,177,70%
2025-08-04,F24,OUTERWEAR,900,248,196,72%
2025-08-04,F24,POLO,430,158,172,63%
2025-08-04,F24,SHORTS,433,226,99,48%
2025-08-04,F24,SKIRT,-10,26,18,360%
2025-08-04,F24,SPORT BRA,68,32,19,52%
2025-08-04,F24,SWEATER,"2,000",440,436,78%
2025-08-04,F24,SWEATPANTS,"1,401",373,284,73%
2025-08-04,F24,TRACK JACKET,"12,960","3,364","2,437",74%
2025-08-04,F24,TRACK PANT,"9,250","2,540","1,794",73%
2025-08-04,F24,T-SHIRT,282,186,68,34%
2025-08-04,F25,CABANA SHIRT,270,277,64,-2%
2025-08-04,F25,HOODIE,120,120,23,0%
2025-08-04,F25,POLO,110,110,25,0%
2025-08-04,F25,SHORTS,506,506,116,0%
2025-08-04,F25,SKORT,58,58,10,0%
2025-08-04,F25,SOCKS,18,18,4,0%
2025-08-04,F25,SWEATPANTS,223,223,43,0%
2025-08-04,F25,TRACK JACKET,330,330,68,0%
2025-08-04,F25,TRACK PANT,250,250,46,0%
2025-08-04,F25,T-SHIRT,144,140,24,3%
2025-08-04,S24,BAG,175,58,68,67%
2025-08-04,S24,POLO,-88,-11,-30,88%
2025-08-04,S24,SHORTS,156,67,26,57%
2025-08-04,S24,TANK TOP,68,26,11,62%
2025-08-04,S24,TRACK JACKET,690,322,137,53%
2025-08-04,S24,TRACK PANT,500,329,103,34%
2025-08-04,S25,0,0,-1,0,#DIV/0!
2025-08-04,S25,ACCESSORIES,128,69,29,46%
2025-08-04,S25,CABANA SHIRT,625,414,123,34%
2025-08-04,S25,CREWNECK,392,237,72,39%
2025-08-04,S25,FOOTWEAR,150,-14,33,109%
2025-08-04,S25,HAT,116,61,24,48%
2025-08-04,S25,LONG SLEEVE KNIT,156,92,20,41%
2025-08-04,S25,PANTS,-210,-103,-44,51%
2025-08-04,S25,POLO,"5,339","3,181","1,008",40%
2025-08-04,S25,SHOES,-170,-119,-41,30%
2025-08-04,S25,SHORTS,"9,200","5,441","2,040",41%
2025-08-04,S25,SKIRT,-58,-26,-11,55%
2025-08-04,S25,SKORT,858,491,164,43%
2025-08-04,S25,SOCKS,144,84,35,41%
2025-08-04,S25,SWEATER,"1,990","1,132",464,43%
2025-08-04,S25,SWEATPANTS,264,166,54,37%
2025-08-04,S25,SWEATSHIRT,220,132,36,40%
2025-08-04,S25,TANK TOP,"2,330","1,279",477,45%
2025-08-04,S25,TRACK JACKET,"6,065","3,575","1,190",41%
2025-08-04,S25,TRACK PANT,"2,990","1,729",545,42%
2025-08-04,S25,T-SHIRT,"2,832","1,698",492,40%
2025-08-05,CORE,ACCESSORIES,-12,-18,-6,-50%
2025-08-05,CORE,SOCKS,234,227,52,3%
2025-08-05,CORE,TRACK JACKET,165,165,36,0%
2025-08-05,CORE,TRACK PANT,125,125,28,0%
2025-08-05,F22,HAT,96,46,16,53%
2025-08-05,F22,HOODIE,125,36,22,71%
2025-08-05,F23,SHORTS,68,32,13,53%
2025-08-05,F24,ACCESSORIES,604,199,128,67%
2025-08-05,F24,CAMP SHIRT,570,125,122,78%
2025-08-05,F24,DRESS,925,221,216,76%
2025-08-05,F24,HOODIE,"1,580",539,298,66%
2025-08-05,F24,JACKET,-325,-60,-55,82%
2025-08-05,F24,LONG SLEEVE KNIT,618,239,123,61%
2025-08-05,F24,POLO,"1,168",462,449,60%
2025-08-05,F24,SHORTS,"1,150",454,237,61%
2025-08-05,F24,SKIRT,685,389,220,43%
2025-08-05,F24,SWEATER,"2,125",483,475,77%
2025-08-05,F24,SWEATPANTS,"1,083",251,217,77%
2025-08-05,F24,TRACK JACKET,"9,220","2,471","1,731",73%
2025-08-05,F24,TRACK PANT,"10,050","2,710","1,933",73%
2025-08-05,F24,T-SHIRT,426,226,176,47%
2025-08-05,F25,CABANA SHIRT,135,0,32,100%
2025-08-05,F25,CREWNECK,110,110,20,0%
2025-08-05,F25,DRESS,135,135,31,0%
2025-08-05,F25,SHORTS,-98,-92,-24,6%
2025-08-05,F25,SKORT,58,58,10,0%
2025-08-05,F25,SWEATPANTS,98,98,18,0%
2025-08-05,F25,TRACK JACKET,945,930,201,2%
2025-08-05,F25,TRACK PANT,935,922,198,1%
2025-08-05,F25,T-SHIRT,342,342,57,0%
2025-08-05,S20,FOOTWEAR,-110,-50,-46,55%
2025-08-05,S24,BAG,-175,-58,-68,67%
2025-08-05,S24,CARDIGAN,108,41,19,63%
2025-08-05,S24,FOOTWEAR,-59,-118,-10,-100%
2025-08-05,S24,SHORTS,156,49,27,68%
2025-08-05,S24,SKIRT,146,52,37,64%
2025-08-05,S24,SKORT,156,54,24,65%
2025-08-05,S24,SOCKS,28,28,12,0%
2025-08-05,S24,SWEATER,150,38,37,75%
2025-08-05,S24,TRACK JACKET,"1,880",738,372,61%
2025-08-05,S24,TRACK PANT,"1,125",393,197,65%
2025-08-05,S25,0,-59,-36,-8,39%
2025-08-05,S25,ACCESSORIES,174,102,33,42%
2025-08-05,S25,CABANA SHIRT,"1,368",809,286,41%
2025-08-05,S25,CAMP SHIRT,88,48,15,46%
2025-08-05,S25,CREWNECK,294,165,54,44%
2025-08-05,S25,DRESS,581,326,107,44%
2025-08-05,S25,HAT,522,292,108,44%
2025-08-05,S25,HOODIE,275,156,59,43%
2025-08-05,S25,LEGGINGS,110,61,21,45%
2025-08-05,S25,LONG SLEEVE KNIT,234,127,30,46%
2025-08-05,S25,PANTS,210,109,44,48%
2025-08-05,S25,POLO,"4,470","2,418",875,46%
2025-08-05,S25,PULLOVER,330,198,63,40%
2025-08-05,S25,SHORTS,"6,382","3,689","1,308",42%
2025-08-05,S25,SKIRT,58,27,11,53%
2025-08-05,S25,SKORT,762,437,156,43%
2025-08-05,S25,SOCKS,108,66,24,39%
2025-08-05,S25,SPORT BRA,136,72,34,47%
2025-08-05,S25,SWEATER,"8,335","4,727","1,904",43%
2025-08-05,S25,SWEATPANTS,88,48,18,46%
2025-08-05,S25,SWEATSHIRT,110,66,18,40%
2025-08-05,S25,TANK TOP,368,214,61,42%
2025-08-05,S25,TRACK JACKET,"8,950","4,934","1,732",45%
2025-08-05,S25,TRACK PANT,"5,518","3,062","1,072",45%
2025-08-05,S25,T-SHIRT,"4,614","2,623",812,43%
2025-08-06,CORE,HAT,126,113,21,10%
2025-08-06,CORE,SOCKS,234,223,52,5%
2025-08-06,CORE,TRACK JACKET,165,165,36,0%
2025-08-06,CORE,TRACK PANT,15,15,11,0%
2025-08-06,F22,JACKET,175,63,37,64%
2025-08-06,F22,TRACK JACKET,125,46,26,63%
2025-08-06,F22,TRACK PANT,-210,-90,-49,57%
2025-08-06,F23,TRACK PANT,270,99,52,63%
2025-08-06,F24,ACCESSORIES,84,49,19,41%
2025-08-06,F24,CAMP SHIRT,300,100,60,67%
2025-08-06,F24,CREWNECK,235,91,61,61%
2025-08-06,F24,DRESS,"1,300",281,243,78%
2025-08-06,F24,FOOTWEAR,-140,-66,-28,53%
2025-08-06,F24,HOODIE,995,326,190,67%
2025-08-06,F24,JACKET,325,54,55,83%
2025-08-06,F24,LEGGINGS,110,32,21,71%
2025-08-06,F24,LONG SLEEVE KNIT,"1,000",293,194,71%
2025-08-06,F24,OUTERWEAR,450,112,98,75%
2025-08-06,F24,POLO,"1,336",514,477,62%
2025-08-06,F24,SHORTS,"1,879",715,400,62%
2025-08-06,F24,SKIRT,78,54,34,31%
2025-08-06,F24,SPORT BRA,68,36,19,47%
2025-08-06,F24,SWEATER,"3,410",778,814,77%
2025-08-06,F24,SWEATPANTS,973,211,193,78%
2025-08-06,F24,SWEATSHIRT,145,42,55,71%
2025-08-06,F24,TRACK JACKET,"12,565","3,211","2,290",74%
2025-08-06,F24,TRACK PANT,"10,265","2,790","1,995",73%
2025-08-06,F24,T-SHIRT,60,30,44,50%
2025-08-06,F25,CABANA SHIRT,135,95,32,30%
2025-08-06,F25,CREWNECK,235,235,44,0%
2025-08-06,F25,DRESS,0,0,0,#DIV/0!
2025-08-06,F25,HOODIE,300,285,58,5%
2025-08-06,F25,POLO,110,110,25,0%
2025-08-06,F25,SHORTS,604,560,137,7%
2025-08-06,F25,SOCKS,36,36,8,0%
2025-08-06,F25,SWEATPANTS,446,434,86,3%
2025-08-06,F25,TRACK JACKET,"1,285","1,236",273,4%
2025-08-06,F25,TRACK PANT,"1,385","1,342",285,3%
2025-08-06,F25,T-SHIRT,258,258,42,0%
2025-08-06,F25,VEST,110,110,24,0%
2025-08-06,S23,HOODIE,88,32,18,64%
2025-08-06,S24,DRESS,88,37,19,58%
2025-08-06,S24,FOOTWEAR,236,224,40,5%
2025-08-06,S24,SHORTS,22,14,10,36%
2025-08-06,S24,SKIRT,68,22,9,67%
2025-08-06,S24,SOCKS,70,70,30,0%
2025-08-06,S24,SPORT BRA,48,19,7,60%
2025-08-06,S24,TANK TOP,68,21,11,69%
2025-08-06,S24,TRACK JACKET,"1,095",454,216,59%
2025-08-06,S24,TRACK PANT,913,410,187,55%
2025-08-06,S25,0,470,251,88,47%
2025-08-06,S25,ACCESSORIES,320,181,61,44%
2025-08-06,S25,BAG,225,122,178,46%
2025-08-06,S25,CABANA SHIRT,995,603,197,39%
2025-08-06,S25,CAMP SHIRT,0,5,0,#DIV/0!
2025-08-06,S25,CREWNECK,490,293,90,40%
2025-08-06,S25,DRESS,257,132,55,49%
2025-08-06,S25,HAT,522,298,108,43%
2025-08-06,S25,HOODIE,125,68,26,46%
2025-08-06,S25,JACKET,165,99,32,40%
2025-08-06,S25,LEGGINGS,110,55,21,50%
2025-08-06,S25,LONG SLEEVE KNIT,390,207,50,47%
2025-08-06,S25,PANTS,210,109,44,48%
2025-08-06,S25,POLO,"7,007","3,864","1,388",45%
2025-08-06,S25,PULLOVER,110,59,21,46%
2025-08-06,S25,SHORTS,"9,337","5,147","1,957",45%
2025-08-06,S25,SKIRT,558,304,103,46%
2025-08-06,S25,SKORT,430,231,91,46%
2025-08-06,S25,SOCKS,234,128,55,45%
2025-08-06,S25,SPORT BRA,184,90,41,51%
2025-08-06,S25,SWEATER,"8,850","4,447","2,066",50%
2025-08-06,S25,SWEATPANTS,714,379,145,47%
2025-08-06,S25,SWEATSHIRT,110,59,18,46%
2025-08-06,S25,TANK TOP,474,263,88,44%
2025-08-06,S25,TRACK JACKET,"12,040","6,138","2,299",49%
2025-08-06,S25,TRACK PANT,"7,788","3,916","1,532",50%
2025-08-06,S25,T-SHIRT,"5,990","3,132","1,060",48%
2025-08-07,CORE,SOCKS,126,121,28,4%
2025-08-07,CORE,TRACK JACKET,"1,335",928,240,30%
2025-08-07,CORE,TRACK PANT,705,558,135,21%
2025-08-07,F21,HAT,38,18,6,53%
2025-08-07,F22,HAT,96,28,16,71%
2025-08-07,F22,HOODIE,196,83,44,58%
2025-08-07,F22,SKORT,100,52,22,48%
2025-08-07,F22,TANK TOP,150,54,30,64%
2025-08-07,F22,TRACK JACKET,110,40,26,64%
2025-08-07,F23,HOODIE,88,44,17,50%
2025-08-07,F23,POLO,468,196,84,58%
2025-08-07,F23,SHORTS,68,28,13,59%
2025-08-07,F23,SWEATPANTS,88,46,16,48%
2025-08-07,F23,TRACK PANT,"1,148",400,220,65%
2025-08-07,F23,T-SHIRT,136,48,24,65%
2025-08-07,F24,ACCESSORIES,952,304,199,68%
2025-08-07,F24,CAMP SHIRT,"1,185",324,241,73%
2025-08-07,F24,CARDIGAN,420,108,190,74%
2025-08-07,F24,DRESS,"2,820",602,635,79%
2025-08-07,F24,HOODIE,"3,875",844,894,78%
2025-08-07,F24,JACKET,650,120,110,82%
2025-08-07,F24,LEGGINGS,"1,980",506,378,74%
2025-08-07,F24,LONG SLEEVE KNIT,"4,471","1,174",890,74%
2025-08-07,F24,OUTERWEAR,"5,665",662,"1,075",88%
2025-08-07,F24,POLO,"7,479","2,869","2,976",62%
2025-08-07,F24,SHORTS,"6,218","2,520","1,665",59%
2025-08-07,F24,SKIRT,"1,627",654,467,60%
2025-08-07,F24,SOCKS,18,18,10,0%
2025-08-07,F24,SPORT BRA,952,470,266,51%
2025-08-07,F24,SWEATER,"7,960","1,588","1,724",80%
2025-08-07,F24,SWEATPANTS,"1,981",540,407,73%
2025-08-07,F24,SWEATSHIRT,"2,325",702,603,70%
2025-08-07,F24,TRACK JACKET,"31,080","7,342","6,018",76%
2025-08-07,F24,TRACK PANT,"29,275","6,800","5,791",77%
2025-08-07,F24,T-SHIRT,"2,551","1,166",835,54%
2025-08-07,F25,CABANA SHIRT,405,405,95,0%
2025-08-07,F25,POLO,330,330,75,0%
2025-08-07,F25,SHORTS,692,692,163,0%
2025-08-07,F25,TRACK JACKET,630,630,132,0%
2025-08-07,F25,TRACK PANT,415,415,76,0%
2025-08-07,F25,T-SHIRT,48,48,8,0%
2025-08-07,S20,FOOTWEAR,550,240,230,56%
2025-08-07,S24,BAG,525,140,188,73%
2025-08-07,S24,CAMP SHIRT,135,26,25,81%
2025-08-07,S24,FOOTWEAR,118,118,20,0%
2025-08-07,S24,LONG SLEEVE KNIT,264,102,45,61%
2025-08-07,S24,POLO,440,90,150,80%
2025-08-07,S24,SHORTS,"1,618",600,326,63%
2025-08-07,S24,SKIRT,594,262,115,56%
2025-08-07,S24,SKORT,88,40,19,55%
2025-08-07,S24,SOCKS,14,14,6,0%
2025-08-07,S24,SPORT BRA,396,124,67,69%
2025-08-07,S24,SWEATER,435,106,102,76%
2025-08-07,S24,SWEATPANTS,176,72,32,59%
2025-08-07,S24,SWEATSHIRT,176,60,96,66%
2025-08-07,S24,TANK TOP,418,138,67,67%
2025-08-07,S24,TRACK JACKET,"5,205","1,714",935,67%
2025-08-07,S24,TRACK PANT,"4,650","1,634",925,65%
2025-08-07,S24,T-SHIRT,90,26,20,71%
2025-08-07,S25,0,118,61,16,48%
2025-08-07,S25,ACCESSORIES,176,92,36,48%
2025-08-07,S25,BAG,175,95,108,46%
2025-08-07,S25,CABANA SHIRT,"1,728",898,354,48%
2025-08-07,S25,CREWNECK,392,215,72,45%
2025-08-07,S25,DRESS,243,131,43,46%
2025-08-07,S25,FOOTWEAR,150,90,33,40%
2025-08-07,S25,HAT,290,158,60,46%
2025-08-07,S25,HOODIE,500,263,104,48%
2025-08-07,S25,JACKET,165,89,32,46%
2025-08-07,S25,LONG SLEEVE KNIT,272,146,40,46%
2025-08-07,S25,POLO,"6,420","3,717","1,259",42%
2025-08-07,S25,PULLOVER,220,132,42,40%
2025-08-07,S25,SHOES,170,82,41,52%
2025-08-07,S25,SHORTS,"8,820","5,009","1,854",43%
2025-08-07,S25,SKIRT,292,145,44,50%
2025-08-07,S25,SKORT,596,341,125,43%
2025-08-07,S25,SOCKS,288,165,65,43%
2025-08-07,S25,SPORT BRA,-68,-30,-17,56%
2025-08-07,S25,SWEATER,"7,625","3,944","1,772",48%
2025-08-07,S25,SWEATPANTS,558,287,108,49%
2025-08-07,S25,SWEATSHIRT,110,59,18,46%
2025-08-07,S25,TANK TOP,630,346,112,45%
2025-08-07,S25,TRACK JACKET,"13,615","6,577","2,694",52%
2025-08-07,S25,TRACK PANT,"6,426","3,057","1,273",52%
2025-08-07,S25,T-SHIRT,"4,496","2,462",799,45%
2025-08-07,SS22,T-SHIRT,92,36,24,61%
2025-08-08,CORE,HAT,42,42,7,0%
2025-08-08,CORE,SOCKS,198,189,44,5%
2025-08-08,CORE,TRACK JACKET,915,871,174,5%
2025-08-08,CORE,TRACK PANT,815,781,152,4%
2025-08-08,F21,HAT,38,18,6,53%
2025-08-08,F22,HAT,192,64,32,67%
2025-08-08,F22,HOODIE,98,39,33,60%
2025-08-08,F22,SHORTS,68,24,14,65%
2025-08-08,F23,OUTERWEAR,175,50,40,71%
2025-08-08,F23,POLO,0,0,0,#DIV/0!
2025-08-08,F23,SHORTS,136,56,26,59%
2025-08-08,F23,TRACK PANT,731,254,135,65%
2025-08-08,F23,T-SHIRT,0,0,0,#DIV/0!
2025-08-08,F24,0,-145,-132,-53,9%
2025-08-08,F24,ACCESSORIES,42,26,10,38%
2025-08-08,F24,CAMP SHIRT,"1,020",249,212,76%
2025-08-08,F24,CARDIGAN,210,54,95,74%
2025-08-08,F24,CREWNECK,125,40,36,68%
2025-08-08,F24,DRESS,"1,060",214,254,80%
2025-08-08,F24,FOOTWEAR,170,19,52,89%
2025-08-08,F24,HOODIE,"4,135","1,086",902,74%
2025-08-08,F24,LEGGINGS,770,192,147,75%
2025-08-08,F24,LONG SLEEVE KNIT,"1,564",466,293,70%
2025-08-08,F24,OUTERWEAR,"2,235",262,431,88%
2025-08-08,F24,POLO,"3,763","1,388","1,455",63%
2025-08-08,F24,S/S BUTTON SHIRT,-98,-49,-33,50%
2025-08-08,F24,SHORTS,"3,593","1,399",852,61%
2025-08-08,F24,SKIRT,685,250,174,64%
2025-08-08,F24,SPORT BRA,68,32,19,53%
2025-08-08,F24,SWEATER,"2,170",416,424,81%
2025-08-08,F24,SWEATPANTS,"2,344",564,477,76%
2025-08-08,F24,SWEATSHIRT,375,104,90,72%
2025-08-08,F24,TRACK JACKET,"18,585","4,191","3,710",77%
2025-08-08,F24,TRACK PANT,"18,430","4,259","3,690",77%
2025-08-08,F24,T-SHIRT,"1,134",490,250,57%
2025-08-08,F25,CABANA SHIRT,0,-125,0,#DIV/0!
2025-08-08,F25,CREWNECK,68,68,14,0%
2025-08-08,F25,HOODIE,120,120,23,0%
2025-08-08,F25,POLO,178,178,41,0%
2025-08-08,F25,SHORTS,500,399,112,20%
2025-08-08,F25,SOCKS,18,18,4,0%
2025-08-08,F25,SWEATPANTS,88,88,17,0%
2025-08-08,F25,TRACK JACKET,930,790,189,15%
2025-08-08,F25,TRACK PANT,800,677,165,15%
2025-08-08,F25,T-SHIRT,-48,-40,-7,18%
2025-08-08,S20,FOOTWEAR,110,44,46,60%
2025-08-08,S23,SHORTS,68,26,13,62%
2025-08-08,S23,TRACK JACKET,125,50,29,60%
2025-08-08,S24,BAG,175,40,68,77%
2025-08-08,S24,DRESS,125,46,41,63%
2025-08-08,S24,FOOTWEAR,-22,71,-21,424%
2025-08-08,S24,POLO,426,68,100,84%
2025-08-08,S24,SHORTS,544,194,105,64%
2025-08-08,S24,SKIRT,136,48,18,65%
2025-08-08,S24,SKORT,352,136,76,61%
2025-08-08,S24,SPORT BRA,456,184,85,60%
2025-08-08,S24,SWEATER,135,34,28,75%
2025-08-08,S24,TANK TOP,194,60,32,69%
2025-08-08,S24,TRACK JACKET,"3,075","1,061",593,66%
2025-08-08,S24,TRACK PANT,"1,965",784,372,60%
2025-08-08,S25,0,265,133,42,50%
2025-08-08,S25,ACCESSORIES,116,63,22,46%
2025-08-08,S25,ACTIVE JACKET,125,70,26,44%
2025-08-08,S25,CABANA SHIRT,"1,088",451,223,59%
2025-08-08,S25,CREWNECK,588,318,108,46%
2025-08-08,S25,DRESS,485,249,92,49%
2025-08-08,S25,HAT,222,139,49,37%
2025-08-08,S25,HOODIE,625,270,129,57%
2025-08-08,S25,LEGGINGS,118,66,21,44%
2025-08-08,S25,LONG SLEEVE KNIT,359,182,56,49%
2025-08-08,S25,POLO,"6,144","3,543","1,246",42%
2025-08-08,S25,PULLOVER,220,112,42,49%
2025-08-08,S25,SHORTS,"6,708","3,492","1,354",48%
2025-08-08,S25,SKORT,"1,052",572,195,46%
2025-08-08,S25,SOCKS,126,71,28,44%
2025-08-08,S25,SWEATER,"9,440","4,909","2,220",48%
2025-08-08,S25,SWEATPANTS,832,451,163,46%
2025-08-08,S25,SWEATSHIRT,0,-24,0,#DIV/0!
2025-08-08,S25,TANK TOP,328,169,36,48%
2025-08-08,S25,TRACK JACKET,"16,635","8,470","3,234",49%
2025-08-08,S25,TRACK PANT,"9,512","4,927","1,901",48%
2025-08-08,S25,T-SHIRT,"4,534","2,469",822,46%
2025-08-08,S25,VISOR,38,21,7,46%
2025-08-09,CORE,SOCKS,162,149,36,8%
2025-08-09,CORE,TRACK JACKET,"1,080","1,066",210,1%
2025-08-09,CORE,TRACK PANT,470,470,90,0%
2025-08-09,F21,HAT,76,36,12,53%
2025-08-09,F22,SHORTS,78,30,14,62%
2025-08-09,F23,POLO,312,128,56,59%
2025-08-09,F23,SHORTS,68,28,13,59%
2025-08-09,F23,TRACK PANT,620,232,116,63%
2025-08-09,F23,T-SHIRT,68,24,12,65%
2025-08-09,F24,ACCESSORIES,432,153,92,65%
2025-08-09,F24,CAMP SHIRT,435,112,91,74%
2025-08-09,F24,CREWNECK,110,34,25,69%
2025-08-09,F24,DRESS,"1,100",206,286,81%
2025-08-09,F24,HOODIE,"2,525",756,536,70%
2025-08-09,F24,JACKET,650,120,110,82%
2025-08-09,F24,LEGGINGS,550,136,105,75%
2025-08-09,F24,LONG SLEEVE KNIT,"2,108",536,437,75%
2025-08-09,F24,OUTERWEAR,900,124,176,86%
2025-08-09,F24,POLO,"2,426",916,888,62%
2025-08-09,F24,SHORTS,"2,339",873,546,63%
2025-08-09,F24,SKIRT,597,222,158,63%
2025-08-09,F24,SPORT BRA,204,102,57,50%
2025-08-09,F24,SWEATER,"3,195",628,700,80%
2025-08-09,F24,SWEATPANTS,"1,485",295,300,80%
2025-08-09,F24,SWEATSHIRT,170,56,18,67%
2025-08-09,F24,TRACK JACKET,"7,225","1,605","1,378",78%
2025-08-09,F24,TRACK PANT,"7,450","1,706","1,492",77%
2025-08-09,F24,T-SHIRT,908,396,228,56%
2025-08-09,F25,CABANA SHIRT,135,135,31,0%
2025-08-09,F25,CREWNECK,288,288,54,0%
2025-08-09,F25,HOODIE,240,240,46,0%
2025-08-09,F25,SHORTS,334,334,74,0%
2025-08-09,F25,SOCKS,18,18,4,0%
2025-08-09,F25,SWEATPANTS,382,382,71,0%
2025-08-09,F25,TRACK JACKET,"1,738","1,709",344,2%
2025-08-09,F25,TRACK PANT,"1,273","1,248",251,2%
2025-08-09,F25,T-SHIRT,192,192,32,0%
2025-08-09,S24,BAG,175,50,60,71%
2025-08-09,S24,CARDIGAN,108,45,19,58%
2025-08-09,S24,DRESS,125,46,41,63%
2025-08-09,S24,OUTERWEAR,150,56,28,63%
2025-08-09,S24,POLO,176,36,60,80%
2025-08-09,S24,SHORTS,785,300,170,62%
2025-08-09,S24,SPORT BRA,126,46,23,63%
2025-08-09,S24,SWEATER,450,102,111,77%
2025-08-09,S24,SWEATPANTS,88,34,16,61%
2025-08-09,S24,SWEATSHIRT,88,30,48,66%
2025-08-09,S24,TRACK JACKET,"1,485",506,274,66%
2025-08-09,S24,TRACK PANT,625,264,102,58%
2025-08-09,S25,0,265,137,42,48%
2025-08-09,S25,BAG,150,72,89,52%
2025-08-09,S25,CABANA SHIRT,750,452,150,40%
2025-08-09,S25,CREWNECK,294,153,54,48%
2025-08-09,S25,DRESS,250,150,50,40%
2025-08-09,S25,FOOTWEAR,150,81,33,46%
2025-08-09,S25,HAT,406,231,84,43%
2025-08-09,S25,LONG SLEEVE KNIT,281,147,46,48%
2025-08-09,S25,PANTS,210,109,44,48%
2025-08-09,S25,POLO,"3,543","2,059",723,42%
2025-08-09,S25,PULLOVER,345,120,67,65%
2025-08-09,S25,SHORTS,"5,754","3,151","1,212",45%
2025-08-09,S25,SKORT,536,248,101,54%
2025-08-09,S25,SOCKS,126,73,30,42%
2025-08-09,S25,SPORT BRA,48,19,7,60%
2025-08-09,S25,SWEATER,"6,365","3,516","1,485",45%
2025-08-09,S25,SWEATPANTS,264,138,54,48%
2025-08-09,S25,SWEATSHIRT,110,0,18,100%
2025-08-09,S25,TANK TOP,416,229,71,45%
2025-08-09,S25,TRACK JACKET,"9,045","4,844","1,830",46%
2025-08-09,S25,TRACK PANT,"5,193","2,594","1,032",50%
2025-08-09,S25,T-SHIRT,"4,230","2,347",744,45%
2025-08-09,S25,VISOR,76,44,14,43%
2025-08-10,CORE,HAT,84,80,14,5%
2025-08-10,CORE,SOCKS,216,209,48,3%
2025-08-10,CORE,TRACK JACKET,445,445,80,0%
2025-08-10,CORE,TRACK PANT,345,345,62,0%
2025-08-10,F21,HAT,76,36,12,53%
2025-08-10,F22,HAT,192,60,32,69%
2025-08-10,F22,SHORTS,60,20,13,67%
2025-08-10,F22,TANK TOP,58,20,11,66%
2025-08-10,F22,TRACK PANT,110,46,26,58%
2025-08-10,F23,POLO,78,32,14,59%
2025-08-10,F23,SHORTS,136,56,26,59%
2025-08-10,F23,TRACK PANT,135,36,26,73%
2025-08-10,F23,T-SHIRT,68,24,12,65%
2025-08-10,F24,ACCESSORIES,214,96,45,55%
2025-08-10,F24,CAMP SHIRT,870,216,182,75%
2025-08-10,F24,CARDIGAN,420,108,190,74%
2025-08-10,F24,DRESS,645,138,101,79%
2025-08-10,F24,FOOTWEAR,480,144,132,70%
2025-08-10,F24,HOODIE,"2,970",748,662,75%
2025-08-10,F24,JACKET,325,60,55,82%
2025-08-10,F24,LEGGINGS,770,194,147,75%
2025-08-10,F24,LONG SLEEVE KNIT,"2,702",628,517,77%
2025-08-10,F24,OUTERWEAR,"2,165",240,445,89%
2025-08-10,F24,POLO,"2,679",958,989,64%
2025-08-10,F24,SHORTS,"2,603","1,086",655,58%
2025-08-10,F24,SKIRT,773,278,190,64%
2025-08-10,F24,SPORT BRA,68,32,19,53%
2025-08-10,F24,SWEATER,"2,570",502,554,80%
2025-08-10,F24,SWEATPANTS,"1,223",307,243,75%
2025-08-10,F24,SWEATSHIRT,710,224,186,68%
2025-08-10,F24,TRACK JACKET,"10,490","2,445","2,085",77%
2025-08-10,F24,TRACK PANT,"10,015","2,297","2,074",77%
2025-08-10,F24,T-SHIRT,"1,810",867,640,52%
2025-08-10,F25,HOODIE,300,300,58,0%
2025-08-10,F25,POLO,68,68,16,0%
2025-08-10,F25,SHORTS,198,187,44,6%
2025-08-10,F25,SKORT,58,52,10,10%
2025-08-10,F25,SWEATPANTS,375,375,75,0%
2025-08-10,F25,TRACK JACKET,705,705,153,0%
2025-08-10,F25,TRACK PANT,875,875,190,0%
2025-08-10,F25,T-SHIRT,282,272,47,3%
2025-08-10,S23,POLO,68,19,14,72%
2025-08-10,S23,SHORTS,125,46,33,63%
2025-08-10,S24,FOOTWEAR,59,53,10,10%
2025-08-10,S24,POLO,420,100,132,76%
2025-08-10,S24,SHORTS,248,94,57,62%
2025-08-10,S24,SKIRT,78,40,15,49%
2025-08-10,S24,SKORT,88,40,19,55%
2025-08-10,S24,SPORT BRA,284,118,62,58%
2025-08-10,S24,SWEATPANTS,88,34,16,61%
2025-08-10,S24,TANK TOP,116,42,20,64%
2025-08-10,S24,TRACK JACKET,"1,260",432,235,66%
2025-08-10,S24,TRACK PANT,985,412,173,58%
2025-08-10,S25,0,147,79,26,46%
2025-08-10,S25,ACCESSORIES,174,95,33,46%
2025-08-10,S25,CABANA SHIRT,"1,250",807,243,35%
2025-08-10,S25,CREWNECK,294,168,54,43%
2025-08-10,S25,DRESS,118,71,18,40%
2025-08-10,S25,HAT,58,35,12,40%
2025-08-10,S25,HOODIE,400,207,85,48%
2025-08-10,S25,LEGGINGS,110,55,21,50%
2025-08-10,S25,LONG SLEEVE KNIT,390,221,50,43%
2025-08-10,S25,PANTS,420,218,88,48%
2025-08-10,S25,POLO,"3,902","2,332",804,40%
2025-08-10,S25,PULLOVER,110,53,21,52%
2025-08-10,S25,SHORTS,"6,238","3,569","1,303",43%
2025-08-10,S25,SKIRT,176,85,22,52%
2025-08-10,S25,SKORT,830,450,170,46%
2025-08-10,S25,SOCKS,18,10,4,45%
2025-08-10,S25,SWEATER,"1,475",836,343,43%
2025-08-10,S25,SWEATPANTS,362,198,72,45%
2025-08-10,S25,SWEATSHIRT,110,59,18,46%
2025-08-10,S25,TANK TOP,300,164,46,46%
2025-08-10,S25,TRACK JACKET,"7,575","4,213","1,476",44%
2025-08-10,S25,TRACK PANT,"4,796","2,688",960,44%
2025-08-10,S25,T-SHIRT,"4,626","2,556",831,45%
2025-08-10,S25,VISOR,38,21,7,46%
2025-08-11,CORE,HAT,42,42,7,0%
2025-08-11,CORE,SOCKS,162,160,36,1%
2025-08-11,CORE,TRACK JACKET,305,291,58,5%
2025-08-11,CORE,TRACK PANT,220,209,34,5%
2025-08-11,F21,HAT,38,18,6,53%
2025-08-11,F22,HAT,0,-6,0,#DIV/0!
2025-08-11,F22,HOODIE,-98,-34,-33,66%
2025-08-11,F22,JACKET,-175,-63,-37,64%
2025-08-11,F22,SKORT,-50,-30,-11,40%
2025-08-11,F22,TANK TOP,50,18,10,64%
2025-08-11,F23,HOODIE,88,36,17,59%
2025-08-11,F23,POLO,156,64,28,59%
2025-08-11,F23,SWEATPANTS,88,42,16,52%
2025-08-11,F23,TRACK PANT,605,228,115,62%
2025-08-11,F23,T-SHIRT,68,24,12,65%
2025-08-11,F24,ACCESSORIES,0,-4,0,#DIV/0!
2025-08-11,F24,CAMP SHIRT,570,125,122,78%
2025-08-11,F24,CARDIGAN,420,108,190,74%
2025-08-11,F24,CREWNECK,125,34,45,73%
2025-08-11,F24,DRESS,810,162,184,80%
2025-08-11,F24,HOODIE,"2,365",540,519,77%
2025-08-11,F24,JACKET,650,120,110,82%
2025-08-11,F24,LEGGINGS,330,78,63,76%
2025-08-11,F24,LONG SLEEVE KNIT,"1,667",348,320,79%
2025-08-11,F24,OUTERWEAR,"4,245",538,788,87%
2025-08-11,F24,POLO,"1,672",628,686,62%
2025-08-11,F24,SHORTS,"2,549",938,599,63%
2025-08-11,F24,SKIRT,882,308,180,65%
2025-08-11,F24,SPORT BRA,68,32,19,53%
2025-08-11,F24,SWEATER,"1,750",319,353,82%
2025-08-11,F24,SWEATPANTS,955,246,199,74%
2025-08-11,F24,SWEATSHIRT,985,252,277,74%
2025-08-11,F24,TRACK JACKET,"9,325","1,962","1,778",79%
2025-08-11,F24,TRACK PANT,"7,150","1,388","1,412",81%
2025-08-11,F24,T-SHIRT,418,140,96,67%
2025-08-11,F25,CABANA SHIRT,270,270,63,0%
2025-08-11,F25,CREWNECK,15,15,4,0%
2025-08-11,F25,DRESS,125,125,30,0%
2025-08-11,F25,POLO,110,110,25,0%
2025-08-11,F25,SHORTS,588,452,130,23%
2025-08-11,F25,SOCKS,54,54,12,0%
2025-08-11,F25,SWEATPANTS,0,0,0,#DIV/0!
2025-08-11,F25,TRACK JACKET,170,170,36,0%
2025-08-11,F25,TRACK PANT,155,155,33,0%
2025-08-11,F25,T-SHIRT,108,108,17,0%
2025-08-11,S23,HOODIE,-88,-32,-18,64%
2025-08-11,S23,TRACK JACKET,-125,-50,-29,60%
2025-08-11,S24,BAG,175,40,68,77%
2025-08-11,S24,FOOTWEAR,59,59,10,0%
2025-08-11,S24,LONG SLEEVE KNIT,176,68,30,61%
2025-08-11,S24,POLO,406,78,82,81%
2025-08-11,S24,SHORTS,450,184,88,59%
2025-08-11,S24,SKIRT,214,106,33,50%
2025-08-11,S24,SKORT,88,40,19,55%
2025-08-11,S24,SOCKS,14,14,6,0%
2025-08-11,S24,SPORT BRA,64,26,15,59%
2025-08-11,S24,TANK TOP,214,62,34,71%
2025-08-11,S24,TRACK JACKET,"2,135",724,405,66%
2025-08-11,S24,TRACK PANT,"1,170",457,200,61%
2025-08-11,S25,0,-88,-53,-18,40%
2025-08-11,S25,CABANA SHIRT,"1,235",783,237,37%
2025-08-11,S25,CAMP SHIRT,0,-5,0,#DIV/0!
2025-08-11,S25,CREWNECK,490,278,90,43%
2025-08-11,S25,DRESS,360,196,69,46%
2025-08-11,S25,FOOTWEAR,150,90,33,40%
2025-08-11,S25,HAT,290,149,60,49%
2025-08-11,S25,HOODIE,0,-33,0,#DIV/0!
2025-08-11,S25,LONG SLEEVE KNIT,272,139,40,49%
2025-08-11,S25,POLO,"5,810","3,391","1,137",42%
2025-08-11,S25,PULLOVER,220,112,42,49%
2025-08-11,S25,SHORTS,"6,622","3,671","1,351",45%
2025-08-11,S25,SKIRT,118,57,38,52%
2025-08-11,S25,SKORT,780,383,148,51%
2025-08-11,S25,SOCKS,144,98,32,32%
2025-08-11,S25,SPORT BRA,-68,-36,-17,47%
2025-08-11,S25,SWEATER,"5,645","3,043","1,314",46%
2025-08-11,S25,SWEATPANTS,626,350,126,44%
2025-08-11,S25,SWEATSHIRT,0,-1,0,#DIV/0!
2025-08-11,S25,TANK TOP,658,357,102,46%
2025-08-11,S25,TRACK JACKET,"6,350","3,331","1,232",48%
2025-08-11,S25,TRACK PANT,"4,713","2,372",913,50%
2025-08-11,S25,T-SHIRT,"3,624","1,973",619,46%
2025-08-11,S25,VISOR,38,21,7,46%
2025-08-11,SS22,T-SHIRT,46,18,12,61%
2025-08-12,CORE,HAT,126,122,21,3%
2025-08-12,CORE,SOCKS,342,322,76,6%
2025-08-12,CORE,TRACK JACKET,165,165,36,0%
2025-08-12,CORE,TRACK PANT,15,26,11,-73%
2025-08-12,F21,HAT,76,36,12,53%
2025-08-12,F22,HAT,96,24,16,75%
2025-08-12,F22,TANK TOP,100,36,20,64%
2025-08-12,F22,TRACK JACKET,165,56,34,66%
2025-08-12,F22,T-SHIRT,50,14,12,73%
2025-08-12,F23,OUTERWEAR,175,50,40,71%
2025-08-12,F23,POLO,156,64,28,59%
2025-08-12,F23,SHORTS,68,28,13,59%
2025-08-12,F23,TRACK JACKET,175,46,33,74%
2025-08-12,F23,TRACK PANT,98,10,17,90%
2025-08-12,F24,0,145,145,53,0%
2025-08-12,F24,ACCESSORIES,214,79,46,63%
2025-08-12,F24,CAMP SHIRT,"1,020",261,212,74%
2025-08-12,F24,DRESS,"1,210",242,322,80%
2025-08-12,F24,FOOTWEAR,160,48,44,70%
2025-08-12,F24,HOODIE,"2,435",406,591,83%
2025-08-12,F24,JACKET,975,180,165,82%
2025-08-12,F24,LEGGINGS,"1,100",274,210,75%
2025-08-12,F24,LONG SLEEVE KNIT,"2,923",744,589,75%
2025-08-12,F24,OUTERWEAR,"2,460",336,468,86%
2025-08-12,F24,POLO,"1,865",706,715,62%
2025-08-12,F24,SHORTS,"2,200",917,538,58%
2025-08-12,F24,SKIRT,489,206,178,58%
2025-08-12,F24,SPORT BRA,476,232,133,51%
2025-08-12,F24,SWEATER,"2,310",416,481,82%
2025-08-12,F24,SWEATPANTS,610,172,124,72%
2025-08-12,F24,SWEATSHIRT,840,224,228,73%
2025-08-12,F24,TRACK JACKET,"12,675","3,045","2,563",76%
2025-08-12,F24,TRACK PANT,"14,165","3,245","2,883",77%
2025-08-12,F24,T-SHIRT,"1,131",500,441,56%
2025-08-12,F25,CABANA SHIRT,135,135,31,0%
2025-08-12,F25,HOODIE,120,120,23,0%
2025-08-12,F25,LONG SLEEVE KNIT,78,78,12,0%
2025-08-12,F25,SHORTS,68,68,14,0%
2025-08-12,F25,SOCKS,54,52,12,3%
2025-08-12,F25,SWEATPANTS,98,98,19,0%
2025-08-12,F25,TRACK JACKET,495,495,101,0%
2025-08-12,F25,TRACK PANT,395,395,77,0%
2025-08-12,S23,CAMP SHIRT,118,22,26,81%
2025-08-12,S23,POLO,-13,4,-1,128%
2025-08-12,S24,BAG,-175,-30,-76,83%
2025-08-12,S24,DRESS,125,46,41,63%
2025-08-12,S24,POLO,562,124,124,78%
2025-08-12,S24,SHORTS,952,340,198,64%
2025-08-12,S24,SKIRT,156,70,43,55%
2025-08-12,S24,SKORT,264,96,57,64%
2025-08-12,S24,SPORT BRA,238,82,45,66%
2025-08-12,S24,TANK TOP,164,62,29,62%
2025-08-12,S24,TRACK JACKET,"1,860",659,369,65%
2025-08-12,S24,TRACK PANT,"1,500",529,278,65%
2025-08-12,S25,0,440,221,90,50%
2025-08-12,S25,ACCESSORIES,116,70,22,40%
2025-08-12,S25,CABANA SHIRT,"1,150",605,248,47%
2025-08-12,S25,CAMP SHIRT,176,95,30,46%
2025-08-12,S25,CREWNECK,196,124,36,37%
2025-08-12,S25,DRESS,360,196,71,46%
2025-08-12,S25,FOOTWEAR,150,81,33,46%
2025-08-12,S25,HAT,348,193,72,45%
2025-08-12,S25,HOODIE,425,230,92,46%
2025-08-12,S25,LONG SLEEVE KNIT,78,42,10,46%
2025-08-12,S25,PANTS,210,109,44,48%
2025-08-12,S25,POLO,"4,120","2,323",851,44%
2025-08-12,S25,PULLOVER,110,0,21,100%
2025-08-12,S25,SHORTS,"6,144","3,382","1,310",45%
2025-08-12,S25,SKIRT,176,100,22,43%
2025-08-12,S25,SKORT,362,159,80,56%
2025-08-12,S25,SOCKS,90,52,20,43%
2025-08-12,S25,SWEATER,"7,180","3,572","1,674",50%
2025-08-12,S25,SWEATPANTS,274,165,54,40%
2025-08-12,S25,TANK TOP,396,222,68,44%
2025-08-12,S25,TRACK JACKET,"10,130","5,257","2,004",48%
2025-08-12,S25,TRACK PANT,"4,406","1,998",894,55%
2025-08-12,S25,T-SHIRT,"3,168","1,609",557,49%
2025-08-12,S25,VISOR,38,21,7,46%
2025-08-12,SS22,T-SHIRT,46,18,12,61%
2025-08-13,CORE,ACCESSORIES,18,18,5,0%
2025-08-13,CORE,HAT,84,80,14,5%
2025-08-13,CORE,SOCKS,54,54,12,0%
2025-08-13,CORE,TRACK JACKET,940,926,188,1%
2025-08-13,CORE,TRACK PANT,595,459,117,23%
2025-08-13,F22,HAT,288,84,48,71%
2025-08-13,F22,SHORTS,68,18,13,74%
2025-08-13,F22,TANK TOP,58,20,11,66%
2025-08-13,F23,TRACK PANT,98,20,17,80%
2025-08-13,F24,0,145,145,53,0%
2025-08-13,F24,ACCESSORIES,348,110,72,68%
2025-08-13,F24,CAMP SHIRT,600,194,120,68%
2025-08-13,F24,CREWNECK,110,42,25,62%
2025-08-13,F24,DRESS,375,82,73,78%
2025-08-13,F24,HOODIE,"1,000",204,253,80%
2025-08-13,F24,LEGGINGS,110,28,21,75%
2025-08-13,F24,LONG SLEEVE KNIT,228,46,43,80%
2025-08-13,F24,OUTERWEAR,"1,265",264,243,79%
2025-08-13,F24,POLO,368,124,108,66%
2025-08-13,F24,SHORTS,"1,503",672,314,55%
2025-08-13,F24,SKIRT,88,28,16,68%
2025-08-13,F24,SPORT BRA,68,32,19,53%
2025-08-13,F24,SWEATER,815,191,202,77%
2025-08-13,F24,SWEATPANTS,428,154,90,64%
2025-08-13,F24,SWEATSHIRT,335,76,102,77%
2025-08-13,F24,TRACK JACKET,"6,025","1,757","1,140",71%
2025-08-13,F24,TRACK PANT,"3,930","1,118",823,72%
2025-08-13,F24,T-SHIRT,192,135,64,30%
2025-08-13,F25,CABANA SHIRT,540,540,128,0%
2025-08-13,F25,CONTOUR JACKET,270,270,58,0%
2025-08-13,F25,CROP TOP,156,156,36,0%
2025-08-13,F25,LONG SLEEVE KNIT,78,78,12,0%
2025-08-13,F25,OUTERWEAR,225,225,47,0%
2025-08-13,F25,POLO,440,330,100,25%
2025-08-13,F25,SHORTS,612,502,143,18%
2025-08-13,F25,SKORT,176,176,44,0%
2025-08-13,F25,SWEATPANTS,98,98,19,0%
2025-08-13,F25,TANK TOP,78,78,20,0%
2025-08-13,F25,TRACK JACKET,"1,800","1,639",373,9%
2025-08-13,F25,TRACK PANT,"1,565","1,553",332,1%
2025-08-13,F25,T-SHIRT,54,0,8,100%
2025-08-13,F25,VEST,-110,-110,-24,0%
2025-08-13,S24,FOOTWEAR,59,59,10,0%
2025-08-13,S24,LONG SLEEVE KNIT,88,34,15,61%
2025-08-13,S24,POLO,125,16,20,87%
2025-08-13,S24,SHORTS,213,56,32,74%
2025-08-13,S24,SKORT,88,40,19,55%
2025-08-13,S24,SWEATER,150,34,37,77%
2025-08-13,S24,TANK TOP,96,40,18,58%
2025-08-13,S24,TRACK JACKET,"1,115",429,223,62%
2025-08-13,S24,TRACK PANT,885,413,169,53%
2025-08-13,S25,0,323,158,62,51%
2025-08-13,S25,ACCESSORIES,118,71,25,40%
2025-08-13,S25,ACTIVE JACKET,250,133,52,47%
2025-08-13,S25,BAG,225,122,178,46%
2025-08-13,S25,CABANA SHIRT,661,270,134,59%
2025-08-13,S25,CREWNECK,588,310,108,47%
2025-08-13,S25,DRESS,"1,050",490,215,53%
2025-08-13,S25,FOOTWEAR,150,81,33,46%
2025-08-13,S25,HAT,290,161,60,44%
2025-08-13,S25,HOODIE,950,486,203,49%
2025-08-13,S25,LEGGINGS,236,125,42,47%
2025-08-13,S25,LONG SLEEVE KNIT,176,77,20,57%
2025-08-13,S25,POLO,"4,521","2,825",889,38%
2025-08-13,S25,PULLOVER,250,150,50,40%
2025-08-13,S25,SHORTS,"4,176","2,334",882,44%
2025-08-13,S25,SKIRT,274,153,42,44%
2025-08-13,S25,SKORT,850,409,174,52%
2025-08-13,S25,SOCKS,126,69,28,45%
2025-08-13,S25,SWEATER,"4,050","2,376",920,41%
2025-08-13,S25,SWEATPANTS,734,212,144,71%
2025-08-13,S25,SWEATSHIRT,-110,-66,-18,40%
2025-08-13,S25,TANK TOP,368,198,61,46%
2025-08-13,S25,TRACK JACKET,"10,080","5,201","1,994",48%
2025-08-13,S25,TRACK PANT,"6,510","3,254","1,279",50%
2025-08-13,S25,T-SHIRT,"4,838","2,626",850,46%
2025-08-13,S25,VISOR,38,21,7,46%
2025-08-14,CORE,HAT,42,42,7,0%
2025-08-14,CORE,SOCKS,234,232,52,1%
2025-08-14,CORE,TRACK JACKET,330,314,72,5%
2025-08-14,CORE,TRACK PANT,250,238,56,5%
2025-08-14,F22,HAT,96,42,16,56%
2025-08-14,F24,CAMP SHIRT,300,140,60,53%
2025-08-14,F24,DRESS,300,80,89,73%
2025-08-14,F24,FOOTWEAR,160,61,44,62%
2025-08-14,F24,HOODIE,410,240,82,41%
2025-08-14,F24,LEGGINGS,110,58,21,47%
2025-08-14,F24,LONG SLEEVE KNIT,338,157,62,53%
2025-08-14,F24,POLO,474,269,176,43%
2025-08-14,F24,SHORTS,748,350,155,53%
2025-08-14,F24,SKIRT,332,191,100,42%
2025-08-14,F24,SPORT BRA,68,58,19,15%
2025-08-14,F24,SWEATER,445,127,97,71%
2025-08-14,F24,SWEATPANTS,125,125,25,0%
2025-08-14,F24,TRACK JACKET,"3,020","1,023",616,66%
2025-08-14,F24,TRACK PANT,"1,180",484,232,59%
2025-08-14,F24,T-SHIRT,154,100,57,35%
2025-08-14,F25,CABANA SHIRT,135,135,32,0%
2025-08-14,F25,CREWNECK,68,68,14,0%
2025-08-14,F25,DRESS,125,125,30,0%
2025-08-14,F25,HOODIE,120,108,23,10%
2025-08-14,F25,SHORTS,-26,-118,-3,-353%
2025-08-14,F25,SWEATPANTS,186,176,35,5%
2025-08-14,F25,TRACK JACKET,"1,163","1,148",221,1%
2025-08-14,F25,TRACK PANT,"1,048","1,021",202,3%
2025-08-14,F25,T-SHIRT,48,48,8,0%
2025-08-14,S24,FOOTWEAR,118,65,20,45%
2025-08-14,S24,POLO,88,0,30,100%
2025-08-14,S24,TRACK JACKET,295,189,80,36%
2025-08-14,S24,TRACK PANT,375,203,87,46%
2025-08-14,S25,0,88,66,18,25%
2025-08-14,S25,ACCESSORIES,302,163,62,46%
2025-08-14,S25,ACTIVE JACKET,125,63,26,50%
2025-08-14,S25,BAG,175,105,108,40%
2025-08-14,S25,CABANA SHIRT,395,164,88,59%
2025-08-14,S25,CAMP SHIRT,352,212,60,40%
2025-08-14,S25,CREWNECK,98,53,18,46%
2025-08-14,S25,DRESS,-110,-61,-23,45%
2025-08-14,S25,HAT,174,98,36,44%
2025-08-14,S25,HOODIE,400,218,85,46%
2025-08-14,S25,JACKET,-165,-81,-32,51%
2025-08-14,S25,LONG SLEEVE KNIT,58,35,10,40%
2025-08-14,S25,POLO,"3,715","2,517",717,32%
2025-08-14,S25,PULLOVER,110,66,21,40%
2025-08-14,S25,SHORTS,"5,993","3,590","1,310",40%
2025-08-14,S25,SKIRT,58,42,11,28%
2025-08-14,S25,SKORT,654,363,132,44%
2025-08-14,S25,SOCKS,126,73,28,42%
2025-08-14,S25,SWEATER,"2,225","1,416",510,36%
2025-08-14,S25,SWEATPANTS,382,207,72,46%
2025-08-14,S25,SWEATSHIRT,110,66,18,40%
2025-08-14,S25,TANK TOP,"1,310",729,254,44%
2025-08-14,S25,TRACK JACKET,"6,270","3,204","1,218",49%
2025-08-14,S25,TRACK PANT,"4,269","2,205",862,48%
2025-08-14,S25,T-SHIRT,"2,182","1,216",410,44%
2025-08-14,S25,VISOR,38,18,7,52%
2025-08-15,CORE,HAT,84,84,14,0%
2025-08-15,CORE,SOCKS,216,201,48,7%
2025-08-15,CORE,TRACK JACKET,915,406,174,56%
2025-08-15,CORE,TRACK PANT,925,487,169,47%
2025-08-15,F22,HAT,144,52,24,64%
2025-08-15,F22,HOODIE,98,58,22,41%
2025-08-15,F24,0,145,145,53,0%
2025-08-15,F24,CAMP SHIRT,750,294,151,61%
2025-08-15,F24,DRESS,350,61,108,83%
2025-08-15,F24,HOODIE,510,154,121,70%
2025-08-15,F24,LONG SLEEVE KNIT,410,172,84,58%
2025-08-15,F24,POLO,485,331,215,32%
2025-08-15,F24,SHORTS,"1,858",490,366,74%
2025-08-15,F24,SKIRT,254,130,66,49%
2025-08-15,F24,SPORT BRA,136,132,38,3%
2025-08-15,F24,SWEATER,385,65,74,83%
2025-08-15,F24,SWEATPANTS,318,184,66,42%
2025-08-15,F24,SWEATSHIRT,145,42,55,71%
2025-08-15,F24,TRACK JACKET,"3,205","1,136",606,65%
2025-08-15,F24,TRACK PANT,"2,845","1,032",534,64%
2025-08-15,F24,T-SHIRT,"1,042",435,207,58%
2025-08-15,F25,CABANA SHIRT,675,514,160,24%
2025-08-15,F25,SHORTS,518,497,117,4%
2025-08-15,F25,TRACK JACKET,330,292,64,12%
2025-08-15,F25,TRACK PANT,145,145,31,0%
2025-08-15,S24,FOOTWEAR,59,59,10,0%
2025-08-15,S24,SHORTS,473,105,74,78%
2025-08-15,S24,SKIRT,-68,-25,-9,63%
2025-08-15,S24,SKORT,88,38,19,57%
2025-08-15,S24,SPORT BRA,-48,-22,-7,55%
2025-08-15,S24,SWEATER,150,0,37,100%
2025-08-15,S24,TRACK JACKET,420,220,98,48%
2025-08-15,S24,TRACK PANT,250,143,58,43%
2025-08-15,S25,0,59,32,8,45%
2025-08-15,S25,ACCESSORIES,58,35,11,40%
2025-08-15,S25,CABANA SHIRT,335,213,61,37%
2025-08-15,S25,CREWNECK,196,108,36,45%
2025-08-15,S25,DRESS,235,144,46,39%
2025-08-15,S25,HAT,290,175,60,40%
2025-08-15,S25,HOODIE,375,197,78,48%
2025-08-15,S25,LONG SLEEVE KNIT,156,120,20,23%
2025-08-15,S25,PANTS,-210,-109,-44,48%
2025-08-15,S25,POLO,"5,293","3,147","1,008",41%
2025-08-15,S25,PULLOVER,110,0,21,100%
2025-08-15,S25,SHORTS,"5,349","3,113","1,134",42%
2025-08-15,S25,SKIRT,470,222,82,53%
2025-08-15,S25,SKORT,702,407,135,42%
2025-08-15,S25,SOCKS,90,47,20,47%
2025-08-15,S25,SWEATER,"4,475","2,981","1,038",33%
2025-08-15,S25,SWEATPANTS,284,161,54,43%
2025-08-15,S25,SWEATSHIRT,110,59,18,46%
2025-08-15,S25,TANK TOP,358,213,54,41%
2025-08-15,S25,TRACK JACKET,"6,670","3,570","1,328",46%
2025-08-15,S25,TRACK PANT,"3,570","1,844",717,48%
2025-08-15,S25,T-SHIRT,"4,996","2,456",870,51%
2025-08-15,S26,T-SHIRT,65,65,18,0%
2025-08-16,CORE,HAT,84,63,15,25%
2025-08-16,CORE,SOCKS,18,18,4,0%
2025-08-16,CORE,TRACK JACKET,280,120,44,57%
2025-08-16,CORE,TRACK PANT,220,99,34,55%
2025-08-16,F22,HAT,96,40,16,58%
2025-08-16,F23,SHORTS,68,34,13,50%
2025-08-16,F24,ACCESSORIES,126,63,28,50%
2025-08-16,F24,CAMP SHIRT,285,90,61,69%
2025-08-16,F24,DRESS,300,54,89,82%
2025-08-16,F24,FOOTWEAR,320,93,88,71%
2025-08-16,F24,HOODIE,560,273,115,51%
2025-08-16,F24,LONG SLEEVE KNIT,405,108,81,73%
2025-08-16,F24,POLO,"1,544",546,534,65%
2025-08-16,F24,SHORTS,"1,843",530,438,71%
2025-08-16,F24,SKIRT,166,67,50,60%
2025-08-16,F24,SWEATER,650,127,155,80%
2025-08-16,F24,SWEATPANTS,110,42,24,62%
2025-08-16,F24,TRACK JACKET,"3,475","1,163",664,67%
2025-08-16,F24,TRACK PANT,"2,385",774,458,68%
2025-08-16,F24,T-SHIRT,288,214,123,26%
2025-08-16,F25,CABANA SHIRT,675,662,160,2%
2025-08-16,F25,CREWNECK,235,235,44,0%
2025-08-16,F25,HOODIE,150,150,29,0%
2025-08-16,F25,POLO,146,68,37,53%
2025-08-16,F25,SHORTS,408,397,92,3%
2025-08-16,F25,SKORT,0,-78,0,#DIV/0!
2025-08-16,F25,SWEATPANTS,223,223,43,0%
2025-08-16,F25,TANK TOP,58,58,15,0%
2025-08-16,F25,TRACK JACKET,"1,210","1,181",255,2%
2025-08-16,F25,TRACK PANT,"1,300","1,274",253,2%
2025-08-16,F25,T-SHIRT,174,169,35,3%
2025-08-16,S23,SHORTS,98,30,20,69%
2025-08-16,S24,SHORTS,285,101,61,64%
2025-08-16,S24,TRACK JACKET,"1,120",610,264,46%
2025-08-16,S24,TRACK PANT,750,421,164,44%
2025-08-16,S25,0,147,88,26,40%
2025-08-16,S25,ACCESSORIES,58,32,11,46%
2025-08-16,S25,ACTIVE JACKET,125,63,26,50%
2025-08-16,S25,CABANA SHIRT,"1,760","1,143",352,35%
2025-08-16,S25,CAMP SHIRT,88,42,15,52%
2025-08-16,S25,CREWNECK,784,425,144,46%
2025-08-16,S25,DRESS,125,75,23,40%
2025-08-16,S25,HAT,232,126,48,46%
2025-08-16,S25,HOODIE,625,353,130,44%
2025-08-16,S25,LEGGINGS,118,59,21,50%
2025-08-16,S25,LONG SLEEVE KNIT,624,312,80,50%
2025-08-16,S25,PADDLE,174,174,31,0%
2025-08-16,S25,PANTS,210,121,44,42%
2025-08-16,S25,POLO,"6,452","3,778","1,270",41%
2025-08-16,S25,PULLOVER,330,198,63,40%
2025-08-16,S25,SHORTS,"7,825","4,050","1,633",48%
2025-08-16,S25,SKIRT,294,159,60,46%
2025-08-16,S25,SKORT,488,258,97,47%
2025-08-16,S25,SOCKS,36,19,8,48%
2025-08-16,S25,SWEATER,"4,180","2,616",947,37%
2025-08-16,S25,SWEATPANTS,"1,194",622,235,48%
2025-08-16,S25,SWEATSHIRT,110,0,18,100%
2025-08-16,S25,TANK TOP,242,138,47,43%
2025-08-16,S25,TRACK JACKET,"5,380","2,794","1,011",48%
2025-08-16,S25,TRACK PANT,"2,851","1,389",550,51%
2025-08-16,S25,T-SHIRT,"6,266","2,395","1,116",62%
2025-08-16,S25,VISOR,38,18,7,52%
2025-08-16,S26,TRACK JACKET,195,176,30,10%
2025-08-16,S26,TRACK SHORT,155,140,29,10%
2025-08-17,CORE,HAT,84,80,14,5%
2025-08-17,CORE,SOCKS,54,48,12,11%
2025-08-17,CORE,TRACK JACKET,"1,080","1,064",210,2%
2025-08-17,CORE,TRACK PANT,720,708,146,2%
2025-08-17,F22,HAT,96,34,16,65%
2025-08-17,F23,OUTERWEAR,175,54,40,69%
2025-08-17,F23,TRACK PANT,135,38,26,72%
2025-08-17,F24,ACCESSORIES,84,32,20,61%
2025-08-17,F24,CAMP SHIRT,450,168,90,63%
2025-08-17,F24,DRESS,250,65,54,74%
2025-08-17,F24,HOODIE,150,58,33,61%
2025-08-17,F24,LEGGINGS,110,43,21,61%
2025-08-17,F24,LONG SLEEVE KNIT,706,151,141,79%
2025-08-17,F24,OUTERWEAR,450,127,99,72%
2025-08-17,F24,POLO,"1,500",712,559,53%
2025-08-17,F24,SHORTS,"1,495",585,366,61%
2025-08-17,F24,SWEATER,"1,490",341,354,77%
2025-08-17,F24,TRACK JACKET,"4,120","1,287",800,69%
2025-08-17,F24,TRACK PANT,"3,645","1,068",721,71%
2025-08-17,F24,T-SHIRT,138,96,33,30%
2025-08-17,F25,CABANA SHIRT,540,540,128,0%
2025-08-17,F25,HOODIE,150,123,29,18%
2025-08-17,F25,POLO,330,330,75,0%
2025-08-17,F25,SHORTS,812,702,189,14%
2025-08-17,F25,SKIRT,78,78,17,0%
2025-08-17,F25,SWEATPANTS,321,279,61,13%
2025-08-17,F25,TRACK JACKET,885,840,189,5%
2025-08-17,F25,TRACK PANT,780,743,160,5%
2025-08-17,F25,T-SHIRT,48,48,8,0%
2025-08-17,F25,VEST,110,110,24,0%
2025-08-17,S24,FOOTWEAR,118,118,20,0%
2025-08-17,S24,SHORTS,68,0,13,100%
2025-08-17,S24,TANK TOP,116,64,20,45%
2025-08-17,S24,TRACK JACKET,735,326,148,56%
2025-08-17,S24,TRACK PANT,525,252,102,52%
2025-08-17,S25,0,176,110,36,37%
2025-08-17,S25,BAG,225,135,178,40%
2025-08-17,S25,CABANA SHIRT,"1,610",880,321,45%
2025-08-17,S25,DRESS,478,282,89,41%
2025-08-17,S25,HAT,290,168,60,42%
2025-08-17,S25,HOODIE,125,75,26,40%
2025-08-17,S25,LEGGINGS,288,158,56,45%
2025-08-17,S25,LONG SLEEVE KNIT,156,52,20,67%
2025-08-17,S25,POLO,"4,279","2,451",842,43%
2025-08-17,S25,PULLOVER,110,66,21,40%
2025-08-17,S25,SHORTS,"6,895","3,702","1,426",46%
2025-08-17,S25,SKIRT,214,110,42,49%
2025-08-17,S25,SKORT,498,292,102,41%
2025-08-17,S25,SOCKS,108,59,25,45%
2025-08-17,S25,SWEATER,"6,210","3,769","1,431",39%
2025-08-17,S25,SWEATPANTS,186,107,36,43%
2025-08-17,S25,TANK TOP,174,94,26,46%
2025-08-17,S25,TRACK JACKET,"6,090","3,202","1,175",47%
2025-08-17,S25,TRACK PANT,"3,940","2,160",785,45%
2025-08-17,S25,T-SHIRT,"6,292","2,718","1,085",57%
2025-08-17,S26,TRACK JACKET,230,207,34,10%
2025-08-17,S26,TRACK PANT,195,176,29,10%
2025-08-17,S26,T-SHIRT,130,130,36,0%
2025-08-18,CORE,HAT,84,75,14,10%
2025-08-18,CORE,SOCKS,54,58,12,-7%
2025-08-18,CORE,TRACK JACKET,140,140,22,0%
2025-08-18,F21,HAT,76,49,12,35%
2025-08-18,F22,HAT,48,14,8,71%
2025-08-18,F23,TRACK PANT,125,46,25,63%
2025-08-18,F24,ACCESSORIES,126,62,29,51%
2025-08-18,F24,CAMP SHIRT,-150,-41,-32,72%
2025-08-18,F24,DRESS,645,179,149,72%
2025-08-18,F24,HOODIE,585,377,112,36%
2025-08-18,F24,LEGGINGS,110,37,21,66%
2025-08-18,F24,LONG SLEEVE KNIT,773,243,155,69%
2025-08-18,F24,OUTERWEAR,815,131,145,84%
2025-08-18,F24,POLO,666,215,296,68%
2025-08-18,F24,SHORTS,"1,138",285,257,75%
2025-08-18,F24,SWEATER,780,170,176,78%
2025-08-18,F24,SWEATPANTS,500,340,100,32%
2025-08-18,F24,SWEATSHIRT,125,70,26,44%
2025-08-18,F24,TRACK JACKET,"6,165","1,762","1,187",71%
2025-08-18,F24,TRACK PANT,"5,590","1,599","1,094",71%
2025-08-18,F24,T-SHIRT,408,192,79,53%
2025-08-18,F25,CABANA SHIRT,-135,-135,-32,0%
2025-08-18,F25,CROP TOP,78,78,18,0%
2025-08-18,F25,HOODIE,300,270,58,10%
2025-08-18,F25,LONG SLEEVE KNIT,78,78,12,0%
2025-08-18,F25,SHORTS,-168,-266,-34,-58%
2025-08-18,F25,SKORT,116,116,20,0%
2025-08-18,F25,SOCKS,18,18,4,0%
2025-08-18,F25,SWEATPANTS,348,323,68,7%
2025-08-18,F25,TRACK JACKET,280,389,53,-39%
2025-08-18,F25,TRACK PANT,220,303,55,-38%
2025-08-18,F25,T-SHIRT,520,467,96,10%
2025-08-18,S24,FOOTWEAR,145,145,46,0%
2025-08-18,S24,SHORTS,100,42,23,58%
2025-08-18,S24,TANK TOP,-68,-22,-11,68%
2025-08-18,S24,TRACK JACKET,700,312,158,55%
2025-08-18,S24,TRACK PANT,250,83,48,67%
2025-08-18,S25,ACCESSORIES,-18,-18,-4,0%
2025-08-18,S25,CABANA SHIRT,338,221,70,35%
2025-08-18,S25,CAMP SHIRT,176,94,30,47%
2025-08-18,S25,CREWNECK,98,69,18,30%
2025-08-18,S25,DRESS,478,276,93,42%
2025-08-18,S25,HAT,290,152,60,47%
2025-08-18,S25,HOODIE,825,318,177,61%
2025-08-18,S25,LEGGINGS,118,59,21,50%
2025-08-18,S25,LONG SLEEVE KNIT,0,-42,0,#DIV/0!
2025-08-18,S25,POLO,"2,386","1,354",468,43%
2025-08-18,S25,PULLOVER,-110,-77,-21,30%
2025-08-18,S25,SHOES,170,94,41,45%
2025-08-18,S25,SHORTS,"4,314","2,254",893,48%
2025-08-18,S25,SKIRT,88,44,21,50%
2025-08-18,S25,SKORT,604,335,112,45%
2025-08-18,S25,SOCKS,108,63,26,42%
2025-08-18,S25,SWEATER,"2,725","2,055",632,25%
2025-08-18,S25,SWEATPANTS,196,109,36,45%
2025-08-18,S25,SWEATSHIRT,-110,-30,-18,73%
2025-08-18,S25,TANK TOP,262,149,42,43%
2025-08-18,S25,TRACK JACKET,"6,910","3,897","1,371",44%
2025-08-18,S25,TRACK PANT,"4,821","2,638",939,45%
2025-08-18,S25,T-SHIRT,"2,100",746,346,64%
2025-08-18,S26,CREWNECK,165,165,29,0%
2025-08-18,S26,HAT,80,80,36,0%
2025-08-18,S26,SWEATPANTS,260,260,74,0%
2025-08-18,S26,TRACK JACKET,195,176,30,10%
2025-08-18,S26,TRACK SHORT,155,140,29,10%
2025-08-18,S26,T-SHIRT,195,195,54,0%
2025-08-19,CORE,HAT,84,84,14,0%
2025-08-19,CORE,SOCKS,126,122,28,3%
2025-08-19,CORE,TRACK JACKET,305,305,58,0%
2025-08-19,CORE,TRACK PANT,110,110,17,0%
2025-08-19,F22,HOODIE,98,58,22,41%
2025-08-19,F23,TRACK PANT,160,51,39,68%
2025-08-19,F24,ACCESSORIES,126,88,28,30%
2025-08-19,F24,CAMP SHIRT,450,157,90,65%
2025-08-19,F24,DRESS,175,27,54,84%
2025-08-19,F24,HOODIE,150,58,33,61%
2025-08-19,F24,JACKET,650,148,110,77%
2025-08-19,F24,LONG SLEEVE KNIT,346,119,68,66%
2025-08-19,F24,POLO,"1,327",468,502,65%
2025-08-19,F24,SHORTS,826,264,225,68%
2025-08-19,F24,SKIRT,254,103,66,59%
2025-08-19,F24,SOCKS,18,14,10,20%
2025-08-19,F24,SPORT BRA,68,43,19,36%
2025-08-19,F24,SWEATER,"1,340",302,325,77%
2025-08-19,F24,SWEATPANTS,223,84,43,62%
2025-08-19,F24,TRACK JACKET,"6,020","1,909","1,155",68%
2025-08-19,F24,TRACK PANT,"4,985","1,586",988,68%
2025-08-19,F24,T-SHIRT,272,88,66,68%
2025-08-19,F25,CABANA SHIRT,405,366,96,10%
2025-08-19,F25,HOODIE,150,150,29,0%
2025-08-19,F25,OUTERWEAR,225,225,47,0%
2025-08-19,F25,POLO,234,203,54,13%
2025-08-19,F25,PULLOVER,250,250,54,0%
2025-08-19,F25,SHORTS,522,480,123,8%
2025-08-19,F25,SOCKS,18,18,4,0%
2025-08-19,F25,SWEATPANTS,125,125,25,0%
2025-08-19,F25,TRACK JACKET,"1,520","1,475",312,3%
2025-08-19,F25,TRACK PANT,"1,175","1,162",234,1%
2025-08-19,F25,T-SHIRT,96,91,16,5%
2025-08-19,S23,POLO,-55,-23,-13,59%
2025-08-19,S24,FOOTWEAR,59,59,10,0%
2025-08-19,S24,SHORTS,78,27,13,65%
2025-08-19,S24,SKIRT,68,27,9,60%
2025-08-19,S24,SPORT BRA,48,27,7,43%
2025-08-19,S24,SWEATER,150,42,37,72%
2025-08-19,S24,TRACK JACKET,"1,415",611,316,57%
2025-08-19,S24,TRACK PANT,750,319,164,57%
2025-08-19,S25,0,88,58,18,34%
2025-08-19,S25,BAG,450,223,356,50%
2025-08-19,S25,CABANA SHIRT,995,566,201,43%
2025-08-19,S25,CAMP SHIRT,176,88,30,50%
2025-08-19,S25,CREWNECK,588,348,108,41%
2025-08-19,S25,DRESS,250,126,46,50%
2025-08-19,S25,HAT,232,122,48,48%
2025-08-19,S25,HOODIE,125,33,26,74%
2025-08-19,S25,PANTS,420,210,88,50%
2025-08-19,S25,POLO,"3,120","1,864",647,40%
2025-08-19,S25,PULLOVER,125,63,25,50%
2025-08-19,S25,SHOES,170,94,41,45%
2025-08-19,S25,SHORTS,"4,686","2,608",997,44%
2025-08-19,S25,SKIRT,254,125,24,51%
2025-08-19,S25,SKORT,944,508,167,46%
2025-08-19,S25,SOCKS,162,80,36,50%
2025-08-19,S25,SWEATER,"3,550","2,200",815,38%
2025-08-19,S25,SWEATPANTS,440,260,90,41%
2025-08-19,S25,TANK TOP,754,408,113,46%
2025-08-19,S25,TRACK JACKET,"10,010","4,829","1,915",52%
2025-08-19,S25,TRACK PANT,"6,119","2,836","1,202",54%
2025-08-19,S25,T-SHIRT,"3,432","1,684",606,51%
2025-08-19,S26,CREWNECK,165,165,29,0%
2025-08-19,S26,JEANS,165,165,65,0%
2025-08-19,S26,SWEATPANTS,130,130,37,0%
2025-08-19,S26,TRACK JACKET,655,655,98,0%
2025-08-19,S26,TRACK PANT,585,585,87,0%
2025-08-19,S26,TRACK SHORT,155,155,29,0%
2025-08-19,S26,T-SHIRT,65,65,18,0%
2025-08-20,CORE,ACCESSORIES,30,36,11,-20%
2025-08-20,CORE,HAT,42,42,7,0%
2025-08-20,CORE,SOCKS,108,100,24,7%
2025-08-20,CORE,TRACK JACKET,330,330,72,0%
2025-08-20,CORE,TRACK PANT,235,235,45,0%
2025-08-20,F21,HAT,38,20,6,48%
2025-08-20,F23,SHORTS,68,38,13,44%
2025-08-20,F23,SWEATPANTS,88,60,16,32%
2025-08-20,F23,TRACK PANT,260,96,47,63%
2025-08-20,F23,T-SHIRT,68,27,12,60%
2025-08-20,F24,ACCESSORIES,-42,-15,-10,64%
2025-08-20,F24,CAMP SHIRT,300,112,60,63%
2025-08-20,F24,DRESS,260,74,57,72%
2025-08-20,F24,HOODIE,645,170,137,74%
2025-08-20,F24,JACKET,325,74,55,77%
2025-08-20,F24,LONG SLEEVE KNIT,520,203,98,61%
2025-08-20,F24,OUTERWEAR,885,92,144,90%
2025-08-20,F24,POLO,"1,277",497,462,61%
2025-08-20,F24,SHORTS,495,218,129,56%
2025-08-20,F24,SKIRT,78,42,34,46%
2025-08-20,F24,SOCKS,18,18,10,0%
2025-08-20,F24,SWEATER,"1,945",403,475,79%
2025-08-20,F24,SWEATPANTS,110,42,24,62%
2025-08-20,F24,SWEATSHIRT,125,48,32,62%
2025-08-20,F24,TRACK JACKET,"8,270","2,551","1,607",69%
2025-08-20,F24,TRACK PANT,"7,480","2,192","1,420",71%
2025-08-20,F24,T-SHIRT,88,34,14,61%
2025-08-20,F25,CABANA SHIRT,270,270,64,0%
2025-08-20,F25,CREWNECK,478,478,91,0%
2025-08-20,F25,HOODIE,616,604,115,2%
2025-08-20,F25,POLO,68,68,16,0%
2025-08-20,F25,PULLOVER,250,250,54,0%
2025-08-20,F25,SHORTS,298,267,68,10%
2025-08-20,F25,SOCKS,36,36,8,0%
2025-08-20,F25,SWEATPANTS,250,250,50,0%
2025-08-20,F25,TRACK JACKET,"1,095","1,063",239,3%
2025-08-20,F25,TRACK PANT,"1,290","1,262",290,2%
2025-08-20,F25,T-SHIRT,800,777,170,3%
2025-08-20,S24,DRESS,88,60,19,32%
2025-08-20,S24,POLO,125,54,20,57%
2025-08-20,S24,SHORTS,132,34,28,74%
2025-08-20,S24,TRACK JACKET,"1,260",684,302,46%
2025-08-20,S24,TRACK PANT,"1,040",564,230,46%
2025-08-20,S24,T-SHIRT,-48,-15,-7,69%
2025-08-20,S25,0,59,0,8,101%
2025-08-20,S25,CABANA SHIRT,510,310,110,39%
2025-08-20,S25,CAMP SHIRT,88,44,15,50%
2025-08-20,S25,CREWNECK,490,260,90,47%
2025-08-20,S25,HAT,174,96,36,45%
2025-08-20,S25,HOODIE,400,187,85,53%
2025-08-20,S25,LEGGINGS,466,186,93,60%
2025-08-20,S25,LONG SLEEVE KNIT,230,102,52,56%
2025-08-20,S25,PANTS,210,105,44,50%
2025-08-20,S25,POLO,"5,113","3,074","1,043",40%
2025-08-20,S25,PULLOVER,235,93,46,61%
2025-08-20,S25,SHORTS,"6,142","3,119","1,313",49%
2025-08-20,S25,SKIRT,156,78,4,50%
2025-08-20,S25,SKORT,518,255,109,51%
2025-08-20,S25,SOCKS,36,12,8,67%
2025-08-20,S25,SPORT BRA,68,27,17,60%
2025-08-20,S25,SWEATER,"3,330","1,944",763,42%
2025-08-20,S25,SWEATPANTS,460,242,90,48%
2025-08-20,S25,SWEATSHIRT,110,44,18,60%
2025-08-20,S25,TANK TOP,342,180,60,48%
2025-08-20,S25,TRACK JACKET,"15,755","7,466","3,146",53%
2025-08-20,S25,TRACK PANT,"9,846","4,777","2,001",51%
2025-08-20,S25,T-SHIRT,"3,766","1,690",658,55%
2025-08-20,S25,VISOR,38,22,7,42%
2025-08-20,S26,BUTTON DOWN SHIRT,165,165,70,0%
2025-08-20,S26,CREWNECK,165,149,29,10%
2025-08-20,S26,JEANS,165,165,65,0%
2025-08-20,S26,SWEATPANTS,130,130,37,0%
2025-08-20,S26,T-SHIRT,65,65,18,0%
2025-08-21,CORE,SOCKS,36,28,8,23%
2025-08-21,CORE,TRACK JACKET,470,435,94,8%
2025-08-21,CORE,TRACK PANT,235,235,45,0%
2025-08-21,F22,HAT,144,42,24,71%
2025-08-21,F23,POLO,78,0,14,100%
2025-08-21,F23,SHORTS,68,38,13,44%
2025-08-21,F24,ACCESSORIES,390,131,82,66%
2025-08-21,F24,DRESS,750,180,130,76%
2025-08-21,F24,HOODIE,"1,545",450,355,71%
2025-08-21,F24,LONG SLEEVE KNIT,363,169,70,53%
2025-08-21,F24,OUTERWEAR,"1,700",216,289,87%
2025-08-21,F24,POLO,"1,263",572,461,55%
2025-08-21,F24,SHORTS,"1,034",407,281,61%
2025-08-21,F24,SKIRT,88,29,16,67%
2025-08-21,F24,SWEATER,"1,390",300,320,78%
2025-08-21,F24,SWEATPANTS,333,122,67,63%
2025-08-21,F24,TRACK JACKET,"10,070","3,038","1,902",70%
2025-08-21,F24,TRACK PANT,"7,715","2,100","1,489",73%
2025-08-21,F24,T-SHIRT,492,257,162,48%
2025-08-21,F25,CABANA SHIRT,405,405,96,0%
2025-08-21,F25,CROP TOP,78,78,18,0%
2025-08-21,F25,HOODIE,240,240,46,0%
2025-08-21,F25,LONG SLEEVE KNIT,78,70,12,10%
2025-08-21,F25,POLO,78,1,18,99%
2025-08-21,F25,SHORTS,490,405,113,17%
2025-08-21,F25,SKORT,88,88,22,0%
2025-08-21,F25,SOCKS,18,18,4,0%
2025-08-21,F25,SWEATPANTS,196,196,36,0%
2025-08-21,F25,TRACK JACKET,"1,700","1,507",362,11%
2025-08-21,F25,TRACK PANT,"1,455","1,404",310,4%
2025-08-21,F25,T-SHIRT,462,455,102,1%
2025-08-21,F25,VEST,110,110,24,0%
2025-08-21,S24,FOOTWEAR,59,59,10,0%
2025-08-21,S24,POLO,88,17,30,81%
2025-08-21,S24,SPORT BRA,64,29,15,54%
2025-08-21,S24,TRACK JACKET,"1,750",873,375,50%
2025-08-21,S24,TRACK PANT,"1,270",662,273,48%
2025-08-21,S25,0,88,52,18,41%
2025-08-21,S25,CABANA SHIRT,625,396,126,37%
2025-08-21,S25,CAMP SHIRT,0,-53,0,#DIV/0!
2025-08-21,S25,CREWNECK,784,454,144,42%
2025-08-21,S25,DRESS,368,158,66,57%
2025-08-21,S25,HAT,232,128,48,45%
2025-08-21,S25,HOODIE,613,259,128,58%
2025-08-21,S25,LEGGINGS,220,99,40,55%
2025-08-21,S25,LONG SLEEVE KNIT,553,322,86,42%
2025-08-21,S25,PANTS,210,105,44,50%
2025-08-21,S25,POLO,"4,063","2,377",832,41%
2025-08-21,S25,PULLOVER,235,106,46,55%
2025-08-21,S25,SHOES,510,282,123,45%
2025-08-21,S25,SHORTS,"5,600","3,106","1,166",45%
2025-08-21,S25,SKIRT,68,19,30,72%
2025-08-21,S25,SKORT,352,164,75,53%
2025-08-21,S25,SOCKS,234,119,53,49%
2025-08-21,S25,SWEATER,"4,950","2,903","1,155",41%
2025-08-21,S25,SWEATPANTS,998,536,198,46%
2025-08-21,S25,SWEATSHIRT,220,110,36,50%
2025-08-21,S25,TANK TOP,290,152,49,48%
2025-08-21,S25,TRACK JACKET,"16,900","8,286","3,458",51%
2025-08-21,S25,TRACK PANT,"11,147","5,468","2,264",51%
2025-08-21,S25,T-SHIRT,"4,128","1,951",708,53%
2025-08-21,S26,BUTTON DOWN SHIRT,165,165,70,0%
2025-08-21,S26,JEANS,165,165,65,0%
2025-08-21,S26,TRACK JACKET,230,230,34,0%
2025-08-21,S26,T-SHIRT,65,65,18,0%
2025-08-21,SS22,T-SHIRT,46,0,12,100%
2025-08-22,CORE,HAT,84,84,14,0%
2025-08-22,CORE,SOCKS,0,0,0,#DIV/0!
2025-08-22,CORE,TRACK JACKET,"1,130","1,114",238,1%
2025-08-22,CORE,TRACK PANT,860,848,185,1%
2025-08-22,F21,HAT,38,21,6,45%
2025-08-22,F22,HAT,144,39,24,73%
2025-08-22,F24,0,-145,-145,-53,0%
2025-08-22,F24,ACCESSORIES,42,28,9,33%
2025-08-22,F24,CAMP SHIRT,450,157,90,65%
2025-08-22,F24,DRESS,785,202,230,74%
2025-08-22,F24,HOODIE,385,90,84,77%
2025-08-22,F24,JACKET,650,133,110,80%
2025-08-22,F24,LONG SLEEVE KNIT,730,184,157,75%
2025-08-22,F24,OUTERWEAR,"1,265",261,243,79%
2025-08-22,F24,POLO,342,136,110,60%
2025-08-22,F24,SHORTS,959,367,220,62%
2025-08-22,F24,SKIRT,332,132,100,60%
2025-08-22,F24,SWEATER,"1,505",370,372,75%
2025-08-22,F24,SWEATPANTS,110,33,24,70%
2025-08-22,F24,SWEATSHIRT,-250,-74,-52,71%
2025-08-22,F24,TRACK JACKET,"8,895","2,678","1,700",70%
2025-08-22,F24,TRACK PANT,"6,655","1,898","1,349",71%
2025-08-22,F24,T-SHIRT,270,150,78,44%
2025-08-22,F25,CABANA SHIRT,540,540,128,0%
2025-08-22,F25,CROP TOP,78,70,18,10%
2025-08-22,F25,DRESS,125,125,30,0%
2025-08-22,F25,HOODIE,-150,-150,-29,0%
2025-08-22,F25,LONG SLEEVE KNIT,-78,-78,-12,0%
2025-08-22,F25,OUTERWEAR,-225,-225,-47,0%
2025-08-22,F25,POLO,156,137,36,13%
2025-08-22,F25,SHORTS,278,168,67,40%
2025-08-22,F25,SKORT,264,238,66,10%
2025-08-22,F25,SOCKS,72,63,16,13%
2025-08-22,F25,SWEATPANTS,-223,-223,-44,0%
2025-08-22,F25,TRACK JACKET,495,472,110,5%
2025-08-22,F25,TRACK PANT,415,394,99,5%
2025-08-22,F25,T-SHIRT,258,258,58,0%
2025-08-22,S24,FOOTWEAR,59,6,10,90%
2025-08-22,S24,SKORT,88,38,19,57%
2025-08-22,S24,TRACK JACKET,560,336,136,40%
2025-08-22,S24,TRACK PANT,645,343,184,47%
2025-08-22,S25,0,147,54,27,64%
2025-08-22,S25,ACCESSORIES,-118,-71,-25,40%
2025-08-22,S25,BAG,110,61,50,45%
2025-08-22,S25,CABANA SHIRT,795,494,177,38%
2025-08-22,S25,CREWNECK,686,377,126,45%
2025-08-22,S25,DRESS,250,120,48,52%
2025-08-22,S25,FOOTWEAR,0,-24,0,#DIV/0!
2025-08-22,S25,HAT,106,66,25,38%
2025-08-22,S25,HOODIE,125,57,26,54%
2025-08-22,S25,LEGGINGS,68,34,16,50%
2025-08-22,S25,LONG SLEEVE KNIT,156,104,20,33%
2025-08-22,S25,POLO,"3,683","1,991",721,46%
2025-08-22,S25,SHOES,170,85,41,50%
2025-08-22,S25,SHORTS,"4,821","2,883","1,021",40%
2025-08-22,S25,SKORT,830,403,170,51%
2025-08-22,S25,SOCKS,180,83,41,54%
2025-08-22,S25,SWEATER,"3,955","2,006",922,49%
2025-08-22,S25,SWEATPANTS,724,375,144,48%
2025-08-22,S25,SWEATSHIRT,220,99,36,55%
2025-08-22,S25,TANK TOP,416,207,62,50%
2025-08-22,S25,TRACK JACKET,"14,965","7,078","2,954",53%
2025-08-22,S25,TRACK PANT,"8,713","4,103","1,742",53%
2025-08-22,S25,T-SHIRT,"3,926","1,704",682,57%
2025-08-22,S26,BUTTON DOWN SHIRT,165,165,70,0%
2025-08-22,S26,JEANS,165,165,65,0%
2025-08-23,CORE,SOCKS,36,36,8,0%
2025-08-23,CORE,TRACK JACKET,725,689,124,5%
2025-08-23,CORE,TRACK PANT,455,427,79,6%
2025-08-23,F22,HAT,96,25,16,74%
2025-08-23,F22,HOODIE,98,58,22,41%
2025-08-23,F24,ACCESSORIES,176,44,36,75%
2025-08-23,F24,CAMP SHIRT,150,56,30,63%
2025-08-23,F24,CREWNECK,110,42,25,62%
2025-08-23,F24,DRESS,525,138,157,74%
2025-08-23,F24,HOODIE,420,234,71,44%
2025-08-23,F24,LONG SLEEVE KNIT,523,172,105,67%
2025-08-23,F24,OUTERWEAR,"1,040",195,195,81%
2025-08-23,F24,POLO,"1,073",405,436,62%
2025-08-23,F24,SHORTS,"1,100",398,248,64%
2025-08-23,F24,SKIRT,166,78,50,53%
2025-08-23,F24,SWEATER,695,156,160,78%
2025-08-23,F24,SWEATPANTS,541,289,110,47%
2025-08-23,F24,TRACK JACKET,"7,740","2,588","1,502",67%
2025-08-23,F24,TRACK PANT,"5,675","1,944","1,098",66%
2025-08-23,F24,T-SHIRT,234,118,88,50%
2025-08-23,F25,CABANA SHIRT,405,405,96,0%
2025-08-23,F25,HOODIE,300,300,58,0%
2025-08-23,F25,OUTERWEAR,325,325,70,0%
2025-08-23,F25,SHORTS,110,110,25,0%
2025-08-23,F25,SWEATPANTS,250,250,50,0%
2025-08-23,F25,TRACK JACKET,"1,035","1,020",220,1%
2025-08-23,F25,TRACK PANT,"1,015","1,002",209,1%
2025-08-23,F25,T-SHIRT,342,331,57,3%
2025-08-23,S24,FOOTWEAR,204,204,56,0%
2025-08-23,S24,POLO,88,22,30,75%
2025-08-23,S24,SHORTS,100,42,23,58%
2025-08-23,S24,SKIRT,68,34,9,50%
2025-08-23,S24,TANK TOP,78,26,12,67%
2025-08-23,S24,TRACK JACKET,840,488,196,42%
2025-08-23,S24,TRACK PANT,625,368,140,41%
2025-08-23,S25,ACCESSORIES,246,128,54,48%
2025-08-23,S25,CABANA SHIRT,510,316,107,38%
2025-08-23,S25,CAMP SHIRT,176,88,30,50%
2025-08-23,S25,CREWNECK,686,289,126,58%
2025-08-23,S25,DRESS,235,112,46,52%
2025-08-23,S25,FOOTWEAR,150,83,33,45%
2025-08-23,S25,HAT,348,181,72,48%
2025-08-23,S25,HOODIE,950,433,203,54%
2025-08-23,S25,JACKET,165,83,32,50%
2025-08-23,S25,LEGGINGS,338,149,63,56%
2025-08-23,S25,LONG SLEEVE KNIT,553,303,86,45%
2025-08-23,S25,PANTS,210,95,44,55%
2025-08-23,S25,POLO,"2,358","1,415",459,40%
2025-08-23,S25,SHORTS,"3,282","1,813",694,45%
2025-08-23,S25,SKORT,546,293,103,46%
2025-08-23,S25,SOCKS,144,73,33,49%
2025-08-23,S25,SPORT BRA,204,95,51,53%
2025-08-23,S25,SWEATER,"2,955","1,815",680,39%
2025-08-23,S25,SWEATPANTS,920,393,180,57%
2025-08-23,S25,SWEATSHIRT,220,110,36,50%
2025-08-23,S25,TANK TOP,252,128,45,49%
2025-08-23,S25,TRACK JACKET,"14,925","7,189","2,870",52%
2025-08-23,S25,TRACK PANT,"8,661","4,098","1,704",53%
2025-08-23,S25,T-SHIRT,"4,684","2,097",814,55%
2025-08-23,SS22,T-SHIRT,46,22,12,52%
2025-08-24,CORE,HAT,42,32,7,25%
2025-08-24,CORE,SOCKS,18,18,4,0%
2025-08-24,CORE,TRACK PANT,125,125,28,0%
2025-08-24,F21,HAT,38,23,6,38%
2025-08-24,F22,HAT,48,11,8,77%
2025-08-24,F22,HOODIE,-196,-107,-44,46%
2025-08-24,F22,T-SHIRT,-50,-14,-12,73%
2025-08-24,F24,0,145,131,53,10%
2025-08-24,F24,ACCESSORIES,126,57,29,54%
2025-08-24,F24,DRESS,540,138,88,74%
2025-08-24,F24,HOODIE,275,96,65,65%
2025-08-24,F24,LONG SLEEVE KNIT,833,292,174,65%
2025-08-24,F24,OUTERWEAR,225,54,38,76%
2025-08-24,F24,POLO,372,210,96,44%
2025-08-24,F24,SHORTS,475,206,109,57%
2025-08-24,F24,SKIRT,410,169,135,59%
2025-08-24,F24,SWEATER,"2,290",482,538,79%
2025-08-24,F24,SWEATPANTS,541,202,111,63%
2025-08-24,F24,SWEATSHIRT,125,53,26,57%
2025-08-24,F24,TRACK JACKET,"4,920","1,523",947,69%
2025-08-24,F24,TRACK PANT,"4,005","1,137",773,72%
2025-08-24,F24,T-SHIRT,442,228,205,48%
2025-08-24,F25,CABANA SHIRT,135,135,32,0%
2025-08-24,F25,HOODIE,600,600,116,0%
2025-08-24,F25,OUTERWEAR,325,325,70,0%
2025-08-24,F25,POLO,78,78,18,0%
2025-08-24,F25,PULLOVER,500,500,107,0%
2025-08-24,F25,SHORTS,188,188,43,0%
2025-08-24,F25,SOCKS,54,54,12,0%
2025-08-24,F25,SWEATPANTS,125,125,25,0%
2025-08-24,F25,TRACK JACKET,"1,425","1,381",320,3%
2025-08-24,F25,TRACK PANT,810,786,177,3%
2025-08-24,F25,T-SHIRT,212,164,40,23%
2025-08-24,S24,FOOTWEAR,118,112,20,5%
2025-08-24,S24,POLO,243,108,40,56%
2025-08-24,S24,SHORTS,78,0,13,100%
2025-08-24,S24,SKIRT,68,34,9,50%
2025-08-24,S24,SKORT,88,38,19,57%
2025-08-24,S24,TRACK JACKET,"1,250",602,272,52%
2025-08-24,S24,TRACK PANT,"1,000",538,217,46%
2025-08-24,S25,0,176,99,36,44%
2025-08-24,S25,ACTIVE JACKET,125,63,26,50%
2025-08-24,S25,BAG,375,207,267,45%
2025-08-24,S25,CABANA SHIRT,375,251,75,33%
2025-08-24,S25,CREWNECK,"1,078",623,198,42%
2025-08-24,S25,DRESS,250,120,46,52%
2025-08-24,S25,FOOTWEAR,150,83,33,45%
2025-08-24,S25,HAT,232,125,48,46%
2025-08-24,S25,HOODIE,750,344,156,54%
2025-08-24,S25,JACKET,165,75,32,55%
2025-08-24,S25,LEGGINGS,228,114,41,50%
2025-08-24,S25,LONG SLEEVE KNIT,234,145,30,38%
2025-08-24,S25,POLO,"2,915","1,659",580,43%
2025-08-24,S25,PULLOVER,110,55,21,50%
2025-08-24,S25,SHORTS,"2,024","1,105",425,45%
2025-08-24,S25,SKIRT,176,94,22,47%
2025-08-24,S25,SKORT,654,346,131,47%
2025-08-24,S25,SOCKS,216,102,50,53%
2025-08-24,S25,SWEATER,"5,450","3,058","1,272",44%
2025-08-24,S25,SWEATPANTS,"1,380",725,270,47%
2025-08-24,S25,TANK TOP,294,159,49,46%
2025-08-24,S25,TRACK JACKET,"15,745","7,543","3,105",52%
2025-08-24,S25,TRACK PANT,"8,583","4,179","1,708",51%
2025-08-24,S25,T-SHIRT,"2,570","1,202",446,53%
2025-08-25,CORE,SOCKS,162,157,36,3%
2025-08-25,CORE,TRACK JACKET,165,-27,36,116%
2025-08-25,CORE,TRACK PANT,250,202,56,19%
2025-08-25,F21,HAT,38,22,6,42%
2025-08-25,F22,HAT,144,38,24,74%
2025-08-25,F22,HOODIE,-196,-116,-44,41%
2025-08-25,F23,OUTERWEAR,175,60,40,66%
2025-08-25,F23,TRACK PANT,196,52,33,73%
2025-08-25,F24,ACCESSORIES,218,69,45,68%
2025-08-25,F24,CAMP SHIRT,300,92,60,69%
2025-08-25,F24,HOODIE,895,195,200,78%
2025-08-25,F24,JACKET,325,74,55,77%
2025-08-25,F24,LONG SLEEVE KNIT,563,268,114,52%
2025-08-25,F24,OUTERWEAR,450,104,87,77%
2025-08-25,F24,POLO,"3,485","1,553","1,270",55%
2025-08-25,F24,SHORTS,"1,390",652,366,53%
2025-08-25,F24,SKIRT,88,29,16,67%
2025-08-25,F24,SOCKS,90,90,48,0%
2025-08-25,F24,SWEATER,945,205,223,78%
2025-08-25,F24,SWEATPANTS,0,0,0,#DIV/0!
2025-08-25,F24,SWEATSHIRT,190,60,47,68%
2025-08-25,F24,TRACK JACKET,"6,835","1,949","1,367",71%
2025-08-25,F24,TRACK PANT,"5,565","1,518","1,085",73%
2025-08-25,F24,T-SHIRT,266,57,56,79%
2025-08-25,F25,CABANA SHIRT,-405,-405,-95,0%
2025-08-25,F25,CREWNECK,68,68,14,0%
2025-08-25,F25,HOODIE,-120,-120,-23,0%
2025-08-25,F25,LEGGINGS,0,0,0,#DIV/0!
2025-08-25,F25,POLO,146,139,34,5%
2025-08-25,F25,PULLOVER,-500,-500,-107,0%
2025-08-25,F25,SHORTS,114,114,29,0%
2025-08-25,F25,SOCKS,18,18,4,0%
2025-08-25,F25,SWEATPANTS,-10,-10,-1,0%
2025-08-25,F25,TRACK JACKET,"1,055","1,040",228,1%
2025-08-25,F25,TRACK PANT,"1,050","1,037",223,1%
2025-08-25,F25,T-SHIRT,136,136,32,0%
2025-08-25,F25,VEST,110,110,24,0%
2025-08-25,S24,POLO,352,0,121,100%
2025-08-25,S24,SHORTS,78,34,14,56%
2025-08-25,S24,TANK TOP,48,30,9,38%
2025-08-25,S24,TRACK JACKET,"3,180","1,344",651,58%
2025-08-25,S24,TRACK PANT,"1,660",746,351,55%
2025-08-25,S25,ACCESSORIES,126,64,24,50%
2025-08-25,S25,ACTIVE JACKET,125,63,26,50%
2025-08-25,S25,CABANA SHIRT,760,422,169,45%
2025-08-25,S25,CAMP SHIRT,176,73,30,59%
2025-08-25,S25,CREWNECK,"1,274",740,234,42%
2025-08-25,S25,DRESS,-213,-118,-41,45%
2025-08-25,S25,HAT,58,16,12,72%
2025-08-25,S25,HOODIE,925,429,196,54%
2025-08-25,S25,LEGGINGS,118,59,21,50%
2025-08-25,S25,LONG SLEEVE KNIT,156,96,20,38%
2025-08-25,S25,POLO,"2,413","1,291",506,46%
2025-08-25,S25,PULLOVER,330,165,63,50%
2025-08-25,S25,SHORTS,"3,581","1,986",758,45%
2025-08-25,S25,SKIRT,176,92,22,48%
2025-08-25,S25,SKORT,770,402,143,48%
2025-08-25,S25,SOCKS,522,322,121,38%
2025-08-25,S25,SPORT BRA,68,29,17,58%
2025-08-25,S25,SWEATER,825,293,201,64%
2025-08-25,S25,SWEATPANTS,"1,194",622,234,48%
2025-08-25,S25,SWEATSHIRT,220,102,36,54%
2025-08-25,S25,TANK TOP,858,460,151,46%
2025-08-25,S25,TRACK JACKET,"12,860","5,176","2,515",60%
2025-08-25,S25,TRACK PANT,"9,886","4,402","2,023",55%
2025-08-25,S25,T-SHIRT,"4,440","1,846",781,58%
2025-08-25,S25,VISOR,304,176,58,42%
2025-08-25,S26,CREWNECK,-165,-165,-29,0%
2025-08-25,S26,SWEATPANTS,-130,-130,-37,0%
2025-08-25,S26,TRACK JACKET,-230,-230,-34,0%
2025-08-25,S26,TRACK PANT,-195,-195,-29,0%
2025-08-25,S26,TRACK SHORT,0,0,0,#DIV/0!
2025-08-25,S26,T-SHIRT,130,120,36,8%
2025-08-26,CORE,HAT,84,56,14,34%
2025-08-26,CORE,SOCKS,54,38,12,30%
2025-08-26,CORE,TRACK JACKET,"1,575",997,318,37%
2025-08-26,CORE,TRACK PANT,955,590,191,38%
2025-08-26,F22,HAT,96,30,16,69%
2025-08-26,F23,TRACK PANT,125,58,25,54%
2025-08-26,F23,T-SHIRT,68,31,12,54%
2025-08-26,F24,ACCESSORIES,84,47,20,44%
2025-08-26,F24,CAMP SHIRT,-15,-17,1,-12%
2025-08-26,F24,CREWNECK,250,76,90,70%
2025-08-26,F24,DRESS,385,103,76,73%
2025-08-26,F24,HOODIE,920,223,201,76%
2025-08-26,F24,LEGGINGS,110,48,21,56%
2025-08-26,F24,LONG SLEEVE KNIT,"1,056",348,225,67%
2025-08-26,F24,OUTERWEAR,745,137,135,82%
2025-08-26,F24,POLO,"1,041",474,386,54%
2025-08-26,F24,SHORTS,736,331,189,55%
2025-08-26,F24,SKIRT,342,145,82,58%
2025-08-26,F24,SPORT BRA,68,48,19,29%
2025-08-26,F24,SWEATER,"1,545",281,383,82%
2025-08-26,F24,SWEATPANTS,125,125,25,0%
2025-08-26,F24,TRACK JACKET,"8,640","2,782","1,626",68%
2025-08-26,F24,TRACK PANT,"5,815","1,932","1,188",67%
2025-08-26,F24,T-SHIRT,355,187,130,47%
2025-08-26,F25,CREWNECK,186,176,37,5%
2025-08-26,F25,CROP TOP,78,78,18,0%
2025-08-26,F25,HOODIE,98,98,17,0%
2025-08-26,F25,OUTERWEAR,325,276,70,15%
2025-08-26,F25,SHORTS,454,454,104,0%
2025-08-26,F25,SKIRT,78,66,17,15%
2025-08-26,F25,SKORT,88,88,22,0%
2025-08-26,F25,SOCKS,18,18,4,0%
2025-08-26,F25,SWEATPANTS,186,173,35,7%
2025-08-26,F25,TRACK JACKET,"2,583","2,325",530,10%
2025-08-26,F25,TRACK PANT,"1,168","1,090",232,7%
2025-08-26,F25,T-SHIRT,168,162,34,4%
2025-08-26,S24,LONG SLEEVE KNIT,88,36,15,59%
2025-08-26,S24,SHORTS,210,70,43,67%
2025-08-26,S24,SKORT,88,38,19,57%
2025-08-26,S24,SPORT BRA,78,30,16,62%
2025-08-26,S24,TRACK JACKET,"1,450",568,294,61%
2025-08-26,S24,TRACK PANT,775,344,150,56%
2025-08-26,S25,0,59,27,8,54%
2025-08-26,S25,ACCESSORIES,104,58,21,44%
2025-08-26,S25,BAG,260,135,139,48%
2025-08-26,S25,CABANA SHIRT,375,116,75,69%
2025-08-26,S25,CAMP SHIRT,352,161,60,54%
2025-08-26,S25,CREWNECK,"1,176",627,216,47%
2025-08-26,S25,DRESS,250,126,50,50%
2025-08-26,S25,FOOTWEAR,150,71,33,53%
2025-08-26,S25,HAT,406,213,84,48%
2025-08-26,S25,HOODIE,"1,600",739,340,54%
2025-08-26,S25,JACKET,165,75,32,55%
2025-08-26,S25,LONG SLEEVE KNIT,78,31,10,60%
2025-08-26,S25,PANTS,135,68,27,50%
2025-08-26,S25,POLO,"4,093","1,875",838,54%
2025-08-26,S25,PULLOVER,15,1,4,95%
2025-08-26,S25,SHOES,170,1,41,100%
2025-08-26,S25,SHORTS,"8,116","3,696","1,801",54%
2025-08-26,S25,SKIRT,156,66,4,58%
2025-08-26,S25,SKORT,622,278,100,55%
2025-08-26,S25,SOCKS,162,77,37,52%
2025-08-26,S25,SWEATER,"2,730","1,443",638,47%
2025-08-26,S25,SWEATPANTS,"1,752",872,342,50%
2025-08-26,S25,SWEATSHIRT,660,293,108,56%
2025-08-26,S25,TANK TOP,912,430,173,53%
2025-08-26,S25,TRACK JACKET,"20,450","9,350","3,973",54%
2025-08-26,S25,TRACK PANT,"14,042","6,435","2,739",54%
2025-08-26,S25,T-SHIRT,"4,470","2,181",793,51%
2025-08-26,S25,VISOR,76,37,14,51%
2025-08-26,S26,T-SHIRT,130,130,36,0%
2025-08-27,CORE,ACCESSORIES,18,12,5,34%
2025-08-27,CORE,HAT,168,105,28,38%
2025-08-27,CORE,SOCKS,414,292,92,29%
2025-08-27,CORE,TRACK JACKET,"7,120","4,418","1,280",38%
2025-08-27,CORE,TRACK PANT,"5,410","3,416",975,37%
2025-08-27,F22,HAT,96,27,16,72%
2025-08-27,F22,TANK TOP,58,20,11,66%
2025-08-27,F23,OUTERWEAR,175,54,40,69%
2025-08-27,F23,TRACK PANT,-125,-58,-25,54%
2025-08-27,F24,0,145,145,53,0%
2025-08-27,F24,ACCESSORIES,478,140,102,71%
2025-08-27,F24,CAMP SHIRT,870,271,182,69%
2025-08-27,F24,CREWNECK,125,36,45,71%
2025-08-27,F24,DRESS,"1,315",309,315,77%
2025-08-27,F24,FOOTWEAR,160,46,44,71%
2025-08-27,F24,HOODIE,930,251,188,73%
2025-08-27,F24,JACKET,650,137,110,79%
2025-08-27,F24,LEGGINGS,220,89,42,60%
2025-08-27,F24,LONG SLEEVE KNIT,"3,567","1,178",711,67%
2025-08-27,F24,OUTERWEAR,"2,585",294,422,89%
2025-08-27,F24,POLO,"3,110","1,212","1,123",61%
2025-08-27,F24,SHORTS,"1,696",558,372,67%
2025-08-27,F24,SKIRT,342,142,82,58%
2025-08-27,F24,SWEATER,"1,240",273,291,78%
2025-08-27,F24,SWEATPANTS,419,167,79,60%
2025-08-27,F24,SWEATSHIRT,290,58,110,80%
2025-08-27,F24,TRACK JACKET,"13,615","4,295","2,589",68%
2025-08-27,F24,TRACK PANT,"10,530","3,204","2,010",70%
2025-08-27,F24,T-SHIRT,310,145,77,53%
2025-08-27,F25,CABANA SHIRT,135,135,32,0%
2025-08-27,F25,CREWNECK,296,262,57,12%
2025-08-27,F25,CROP TOP,78,70,18,10%
2025-08-27,F25,HOODIE,150,128,29,15%
2025-08-27,F25,LONG SLEEVE KNIT,78,78,12,0%
2025-08-27,F25,POLO,246,214,57,13%
2025-08-27,F25,SHORTS,78,66,19,15%
2025-08-27,F25,SKORT,88,79,22,10%
2025-08-27,F25,SOCKS,18,18,4,0%
2025-08-27,F25,SWEATPANTS,311,278,61,11%
2025-08-27,F25,TRACK JACKET,"1,830","1,649",400,10%
2025-08-27,F25,TRACK PANT,"1,670","1,501",354,10%
2025-08-27,F25,T-SHIRT,100,94,20,6%
2025-08-27,S24,BAG,175,60,60,66%
2025-08-27,S24,FOOTWEAR,322,298,76,7%
2025-08-27,S24,SHORTS,213,48,38,78%
2025-08-27,S24,TRACK JACKET,"3,135","1,437",694,54%
2025-08-27,S24,TRACK PANT,"2,400","1,227",507,49%
2025-08-27,S25,0,118,51,16,57%
2025-08-27,S25,ACCESSORIES,222,112,46,50%
2025-08-27,S25,CABANA SHIRT,875,406,174,54%
2025-08-27,S25,CAMP SHIRT,176,69,30,61%
2025-08-27,S25,CREWNECK,"1,274",727,234,43%
2025-08-27,S25,DRESS,250,126,48,50%
2025-08-27,S25,HAT,464,238,96,49%
2025-08-27,S25,HOODIE,900,423,189,53%
2025-08-27,S25,JACKET,165,71,32,57%
2025-08-27,S25,LEGGINGS,296,124,57,58%
2025-08-27,S25,LONG SLEEVE KNIT,"1,048",479,162,54%
2025-08-27,S25,POLO,"8,120","3,819","1,558",53%
2025-08-27,S25,PULLOVER,110,55,21,50%
2025-08-27,S25,SHOES,340,179,82,47%
2025-08-27,S25,SHORTS,"9,310","4,452","1,890",52%
2025-08-27,S25,SKIRT,302,133,36,56%
2025-08-27,S25,SKORT,576,291,115,50%
2025-08-27,S25,SOCKS,378,183,85,52%
2025-08-27,S25,SPORT BRA,68,34,17,50%
2025-08-27,S25,SWEATER,"3,325","1,675",778,50%
2025-08-27,S25,SWEATPANTS,"1,830",973,360,47%
2025-08-27,S25,SWEATSHIRT,660,289,108,56%
2025-08-27,S25,TANK TOP,618,311,115,50%
2025-08-27,S25,TRACK JACKET,"33,035","14,293","6,426",57%
2025-08-27,S25,TRACK PANT,"20,852","9,008","4,090",57%
2025-08-27,S25,T-SHIRT,"7,164","3,330","1,273",54%
2025-08-27,S25,VISOR,38,18,7,54%
2025-08-27,S26,BUTTON DOWN SHIRT,165,165,70,0%
2025-08-27,S26,HAT,85,85,36,0%
2025-08-27,S26,JEANS,165,165,65,0%
2025-08-27,S26,T-SHIRT,65,55,18,15%
2025-08-28,CORE,ACCESSORIES,60,40,28,33%
2025-08-28,CORE,HAT,84,60,15,29%
2025-08-28,CORE,SOCKS,162,113,36,30%
2025-08-28,CORE,TRACK JACKET,"5,150","3,127",910,39%
2025-08-28,CORE,TRACK PANT,"3,530","2,207",615,37%
2025-08-28,F22,HAT,144,36,24,75%
2025-08-28,F23,SHORTS,68,30,13,56%
2025-08-28,F24,0,-145,-145,-53,0%
2025-08-28,F24,ACCESSORIES,218,67,45,69%
2025-08-28,F24,CAMP SHIRT,285,76,61,73%
2025-08-28,F24,DRESS,725,160,213,78%
2025-08-28,F24,HOODIE,760,172,179,77%
2025-08-28,F24,JACKET,325,63,55,81%
2025-08-28,F24,LEGGINGS,440,173,84,61%
2025-08-28,F24,LONG SLEEVE KNIT,"1,644",500,331,70%
2025-08-28,F24,OUTERWEAR,"1,040",187,194,82%
2025-08-28,F24,POLO,"1,810",641,640,65%
2025-08-28,F24,SHORTS,"1,380",629,320,54%
2025-08-28,F24,SKIRT,420,188,116,55%
2025-08-28,F24,SPORT BRA,272,189,76,31%
2025-08-28,F24,SWEATER,"1,535",327,359,79%
2025-08-28,F24,SWEATPANTS,419,143,79,66%
2025-08-28,F24,TRACK JACKET,"12,995","3,758","2,579",71%
2025-08-28,F24,TRACK PANT,"10,160","2,647","1,951",74%
2025-08-28,F24,T-SHIRT,622,223,132,64%
2025-08-28,F25,CABANA SHIRT,"1,080",938,254,13%
2025-08-28,F25,CONTOUR JACKET,-270,-270,-58,0%
2025-08-28,F25,CROP TOP,-78,-78,-18,0%
2025-08-28,F25,HOODIE,150,128,29,15%
2025-08-28,F25,KNITWEAR,135,115,35,15%
2025-08-28,F25,LONG SLEEVE KNIT,78,66,12,16%
2025-08-28,F25,OUTERWEAR,325,325,70,0%
2025-08-28,F25,POLO,136,126,32,8%
2025-08-28,F25,SHORTS,298,270,69,9%
2025-08-28,F25,SKORT,0,-88,0,#DIV/0!
2025-08-28,F25,SWEATPANTS,223,189,44,15%
2025-08-28,F25,TANK TOP,-78,-78,-20,0%
2025-08-28,F25,TRACK JACKET,"2,040","1,653",422,19%
2025-08-28,F25,TRACK PANT,"1,490","1,237",292,17%
2025-08-28,F25,T-SHIRT,208,192,38,8%
2025-08-28,S24,POLO,264,53,90,80%
2025-08-28,S24,SHORTS,189,61,33,68%
2025-08-28,S24,TANK TOP,78,20,12,75%
2025-08-28,S24,TRACK JACKET,"1,400",795,327,43%
2025-08-28,S24,TRACK PANT,"1,310",653,333,50%
2025-08-28,S25,0,147,71,26,52%
2025-08-28,S25,ACCESSORIES,18,12,4,34%
2025-08-28,S25,BAG,60,7,-20,88%
2025-08-28,S25,CABANA SHIRT,915,365,203,60%
2025-08-28,S25,CAMP SHIRT,0,-9,0,#DIV/0!
2025-08-28,S25,CREWNECK,"1,176",560,216,52%
2025-08-28,S25,DRESS,140,55,23,60%
2025-08-28,S25,HAT,290,157,60,46%
2025-08-28,S25,HOODIE,"1,050",477,222,55%
2025-08-28,S25,LEGGINGS,178,89,36,50%
2025-08-28,S25,LONG SLEEVE KNIT,740,324,100,56%
2025-08-28,S25,PANTS,210,89,44,58%
2025-08-28,S25,POLO,"5,891","2,636","1,212",55%
2025-08-28,S25,PULLOVER,0,-25,0,#DIV/0!
2025-08-28,S25,SHOES,170,80,41,53%
2025-08-28,S25,SHORTS,"7,694","3,456","1,608",55%
2025-08-28,S25,SKIRT,214,99,15,54%
2025-08-28,S25,SKORT,518,190,109,63%
2025-08-28,S25,SOCKS,360,175,79,51%
2025-08-28,S25,SPORT BRA,136,58,34,58%
2025-08-28,S25,SWEATER,"4,660","2,230","1,089",52%
2025-08-28,S25,SWEATPANTS,"1,546",752,306,51%
2025-08-28,S25,SWEATSHIRT,880,366,144,58%
2025-08-28,S25,TANK TOP,280,147,43,48%
2025-08-28,S25,TRACK JACKET,"26,860","11,878","5,308",56%
2025-08-28,S25,TRACK PANT,"17,991","7,700","3,599",57%
2025-08-28,S25,T-SHIRT,"6,074","2,709","1,086",55%
2025-08-28,S25,VISOR,-38,-21,-7,46%
2025-08-28,S26,BUTTON DOWN SHIRT,330,330,140,0%
2025-08-28,S26,JEANS,165,165,65,0%
2025-08-28,S26,TRACK JACKET,230,196,34,15%
2025-08-28,S26,TRACK PANT,195,166,29,15%
2025-08-28,S26,T-SHIRT,130,130,36,0%
2025-08-29,CORE,ACCESSORIES,18,11,5,41%
2025-08-29,CORE,HAT,42,26,7,39%
2025-08-29,CORE,SOCKS,288,205,64,29%
2025-08-29,CORE,TRACK JACKET,"3,040","1,930",518,37%
2025-08-29,CORE,TRACK PANT,"2,120","1,327",345,37%
2025-08-29,F21,HAT,76,48,12,37%
2025-08-29,F22,HAT,96,28,16,70%
2025-08-29,F23,TRACK PANT,98,22,17,77%
2025-08-29,F24,ACCESSORIES,126,69,29,45%
2025-08-29,F24,CAMP SHIRT,300,106,60,65%
2025-08-29,F24,DRESS,"1,290",332,234,74%
2025-08-29,F24,HOODIE,"2,295",564,540,75%
2025-08-29,F24,JACKET,325,74,55,77%
2025-08-29,F24,LEGGINGS,110,48,21,56%
2025-08-29,F24,LONG SLEEVE KNIT,692,203,135,71%
2025-08-29,F24,OUTERWEAR,"2,615",565,506,78%
2025-08-29,F24,POLO,"1,190",503,409,58%
2025-08-29,F24,SHORTS,942,385,224,59%
2025-08-29,F24,SKIRT,332,139,100,58%
2025-08-29,F24,SWEATER,"1,815",444,413,76%
2025-08-29,F24,SWEATPANTS,235,93,50,60%
2025-08-29,F24,SWEATSHIRT,125,60,26,52%
2025-08-29,F24,TRACK JACKET,"8,305","2,540","1,673",69%
2025-08-29,F24,TRACK PANT,"6,215","1,738","1,352",72%
2025-08-29,F24,T-SHIRT,296,110,76,63%
2025-08-29,F25,CABANA SHIRT,405,392,96,3%
2025-08-29,F25,CREWNECK,110,99,20,10%
2025-08-29,F25,KNITWEAR,225,225,58,0%
2025-08-29,F25,LONG SLEEVE KNIT,78,66,12,15%
2025-08-29,F25,POLO,146,124,34,15%
2025-08-29,F25,SHORTS,574,544,131,5%
2025-08-29,F25,SWEATER,125,106,28,15%
2025-08-29,F25,SWEATPANTS,196,172,36,13%
2025-08-29,F25,TRACK JACKET,"1,305","1,404",290,-8%
2025-08-29,F25,TRACK PANT,"1,390","1,330",313,4%
2025-08-29,F25,T-SHIRT,68,61,16,10%
2025-08-29,S24,DRESS,88,60,19,32%
2025-08-29,S24,FOOTWEAR,59,59,10,0%
2025-08-29,S24,SHORTS,146,74,26,50%
2025-08-29,S24,TRACK JACKET,"1,850",863,389,53%
2025-08-29,S24,TRACK PANT,"1,510",745,294,51%
2025-08-29,S25,0,147,72,26,51%
2025-08-29,S25,ACTIVE JACKET,125,63,26,50%
2025-08-29,S25,BAG,225,105,178,53%
2025-08-29,S25,CABANA SHIRT,270,114,64,58%
2025-08-29,S25,CREWNECK,"1,568",829,288,47%
2025-08-29,S25,FOOTWEAR,150,71,33,53%
2025-08-29,S25,HAT,812,398,168,51%
2025-08-29,S25,HOODIE,900,395,189,56%
2025-08-29,S25,LEGGINGS,296,148,57,50%
2025-08-29,S25,LONG SLEEVE KNIT,350,171,50,51%
2025-08-29,S25,PANTS,345,163,71,53%
2025-08-29,S25,POLO,"4,374","2,069",862,53%
2025-08-29,S25,SHORTS,"5,692","2,618","1,253",54%
2025-08-29,S25,SKIRT,166,79,23,53%
2025-08-29,S25,SKORT,"1,556",733,348,53%
2025-08-29,S25,SOCKS,216,99,48,54%
2025-08-29,S25,SWEATER,"2,585","1,074",616,58%
2025-08-29,S25,SWEATPANTS,"1,742",816,342,53%
2025-08-29,S25,SWEATSHIRT,330,157,54,53%
2025-08-29,S25,TANK TOP,378,144,75,62%
2025-08-29,S25,TRACK JACKET,"28,215","12,545","5,435",56%
2025-08-29,S25,TRACK PANT,"12,421","5,563","2,457",55%
2025-08-29,S25,T-SHIRT,"3,636","1,647",650,55%
2025-08-29,S25,VISOR,38,22,7,42%
2025-08-29,S26,TRACK JACKET,460,426,68,8%
2025-08-29,S26,TRACK PANT,390,361,58,8%
2025-08-29,S26,T-SHIRT,130,130,36,0%
2025-08-30,CORE,HAT,126,86,21,32%
2025-08-30,CORE,SOCKS,108,83,24,24%
2025-08-30,CORE,TRACK JACKET,"4,070","2,537",700,38%
2025-08-30,CORE,TRACK PANT,"2,840","1,821",491,36%
2025-08-30,F22,HAT,96,37,16,61%
2025-08-30,F23,TRACK PANT,285,114,61,60%
2025-08-30,F24,ACCESSORIES,172,71,36,59%
2025-08-30,F24,CAMP SHIRT,300,98,60,67%
2025-08-30,F24,DRESS,125,34,35,73%
2025-08-30,F24,HOODIE,"1,330",431,283,68%
2025-08-30,F24,LONG SLEEVE KNIT,"1,296",465,249,64%
2025-08-30,F24,OUTERWEAR,"2,375",399,437,83%
2025-08-30,F24,POLO,"1,164",449,394,61%
2025-08-30,F24,SHORTS,941,345,195,63%
2025-08-30,F24,SKIRT,78,36,34,54%
2025-08-30,F24,SWEATER,"1,935",417,452,78%
2025-08-30,F24,SWEATPANTS,294,150,54,49%
2025-08-30,F24,SWEATSHIRT,190,51,47,73%
2025-08-30,F24,TRACK JACKET,"9,270","2,807","1,829",70%
2025-08-30,F24,TRACK PANT,"8,245","2,469","1,687",70%
2025-08-30,F24,T-SHIRT,106,50,34,53%
2025-08-30,F25,CABANA SHIRT,270,270,64,0%
2025-08-30,F25,CREWNECK,68,58,14,15%
2025-08-30,F25,KNITWEAR,425,361,117,15%
2025-08-30,F25,SHORTS,376,376,88,0%
2025-08-30,F25,SKORT,-88,-79,-22,10%
2025-08-30,F25,SOCKS,54,54,12,0%
2025-08-30,F25,SWEATPANTS,311,285,60,8%
2025-08-30,F25,TRACK JACKET,"1,890","1,768",391,6%
2025-08-30,F25,TRACK PANT,"1,735","1,597",367,8%
2025-08-30,F25,T-SHIRT,190,173,41,9%
2025-08-30,F25,VEST,110,94,24,15%
2025-08-30,S24,BAG,175,54,60,69%
2025-08-30,S24,POLO,88,19,30,78%
2025-08-30,S24,SHORTS,75,27,18,64%
2025-08-30,S24,TRACK JACKET,"1,445",623,297,57%
2025-08-30,S24,TRACK PANT,"1,150",542,225,53%
2025-08-30,S24,T-SHIRT,58,35,23,40%
2025-08-30,S25,0,59,32,8,46%
2025-08-30,S25,CABANA SHIRT,790,365,176,54%
2025-08-30,S25,CREWNECK,"1,862","1,003",342,46%
2025-08-30,S25,DRESS,125,50,23,60%
2025-08-30,S25,HAT,232,123,48,47%
2025-08-30,S25,HOODIE,675,315,144,53%
2025-08-30,S25,LEGGINGS,338,149,63,56%
2025-08-30,S25,LONG SLEEVE KNIT,156,65,20,59%
2025-08-30,S25,POLO,"3,910","1,771",757,55%
2025-08-30,S25,PULLOVER,360,154,71,57%
2025-08-30,S25,SHOES,170,94,41,45%
2025-08-30,S25,SHORTS,"5,258","2,382","1,095",55%
2025-08-30,S25,SKIRT,38,7,-7,81%
2025-08-30,S25,SKORT,382,167,87,56%
2025-08-30,S25,SOCKS,108,60,25,45%
2025-08-30,S25,SWEATER,"2,755","1,315",629,52%
2025-08-30,S25,SWEATPANTS,"1,330",674,270,49%
2025-08-30,S25,SWEATSHIRT,550,259,90,53%
2025-08-30,S25,TANK TOP,436,199,84,54%
2025-08-30,S25,TRACK JACKET,"22,760","10,217","4,431",55%
2025-08-30,S25,TRACK PANT,"12,613","5,786","2,483",54%
2025-08-30,S25,T-SHIRT,"4,844","2,280",864,53%
2025-08-31,CORE,HAT,168,111,28,34%
2025-08-31,CORE,SOCKS,54,38,12,30%
2025-08-31,CORE,TRACK JACKET,"8,330","5,262","1,450",37%
2025-08-31,CORE,TRACK PANT,"6,260","4,072","1,090",35%
2025-08-31,F21,HAT,76,48,12,37%
2025-08-31,F22,HAT,144,36,24,75%
2025-08-31,F24,ACCESSORIES,84,46,19,45%
2025-08-31,F24,CAMP SHIRT,150,42,30,72%
2025-08-31,F24,CREWNECK,125,34,45,73%
2025-08-31,F24,DRESS,600,151,173,75%
2025-08-31,F24,HOODIE,"2,435",580,587,76%
2025-08-31,F24,JACKET,325,74,55,77%
2025-08-31,F24,LEGGINGS,110,48,21,56%
2025-08-31,F24,LONG SLEEVE KNIT,"2,155",681,445,68%
2025-08-31,F24,OUTERWEAR,"2,530",488,475,81%
2025-08-31,F24,POLO,"1,992",933,731,53%
2025-08-31,F24,SHORTS,671,256,177,62%
2025-08-31,F24,SKIRT,704,268,128,62%
2025-08-31,F24,SPORT BRA,68,54,19,21%
2025-08-31,F24,SWEATER,"1,685",365,388,78%
2025-08-31,F24,SWEATPANTS,580,255,125,56%
2025-08-31,F24,TRACK JACKET,"12,745","4,280","2,636",66%
2025-08-31,F24,TRACK PANT,"10,165","3,086","2,069",70%
2025-08-31,F24,T-SHIRT,254,147,83,42%
2025-08-31,F25,CREWNECK,178,151,34,15%
2025-08-31,F25,HOODIE,248,233,46,6%
2025-08-31,F25,KNITWEAR,535,455,140,15%
2025-08-31,F25,SHORTS,302,290,68,4%
2025-08-31,F25,SKIRT,156,125,34,20%
2025-08-31,F25,SOCKS,18,15,4,15%
2025-08-31,F25,SWEATPANTS,311,283,60,9%
2025-08-31,F25,TRACK JACKET,"2,905","2,402",612,17%
2025-08-31,F25,TRACK PANT,"2,445","2,060",511,16%
2025-08-31,F25,T-SHIRT,146,124,35,15%
2025-08-31,F25,VEST,110,110,24,0%
2025-08-31,S24,FOOTWEAR,118,100,20,15%
2025-08-31,S24,OUTERWEAR,150,60,28,60%
2025-08-31,S24,SHORTS,168,90,36,46%
2025-08-31,S24,TRACK JACKET,"2,100","1,101",498,48%
2025-08-31,S24,TRACK PANT,"1,875",960,402,49%
2025-08-31,S25,ACCESSORIES,314,173,67,45%
2025-08-31,S25,ACTIVE JACKET,250,117,52,53%
2025-08-31,S25,BAG,150,71,89,53%
2025-08-31,S25,CABANA SHIRT,"1,045",500,235,52%
2025-08-31,S25,CAMP SHIRT,88,37,15,58%
2025-08-31,S25,CREWNECK,"1,176",658,216,44%
2025-08-31,S25,HAT,174,88,36,49%
2025-08-31,S25,HOODIE,"1,925",905,404,53%
2025-08-31,S25,JACKET,165,75,32,55%
2025-08-31,S25,LEGGINGS,414,198,78,52%
2025-08-31,S25,LONG SLEEVE KNIT,526,239,70,55%
2025-08-31,S25,PANTS,210,105,44,50%
2025-08-31,S25,POLO,"5,978","2,743","1,182",54%
2025-08-31,S25,PULLOVER,360,148,71,59%
2025-08-31,S25,SHORTS,"5,539","2,582","1,131",53%
2025-08-31,S25,SKIRT,156,84,31,46%
2025-08-31,S25,SKORT,508,235,104,54%
2025-08-31,S25,SOCKS,360,168,82,53%
2025-08-31,S25,SWEATER,"3,925","2,056",888,48%
2025-08-31,S25,SWEATPANTS,"1,704",866,324,49%
2025-08-31,S25,SWEATSHIRT,550,241,90,56%
2025-08-31,S25,TANK TOP,184,94,30,49%
2025-08-31,S25,TRACK JACKET,"33,375","15,097","6,558",55%
2025-08-31,S25,TRACK PANT,"16,716","7,756","3,298",54%
2025-08-31,S25,T-SHIRT,"4,666","2,220",816,52%
2025-08-31,S25,VISOR,76,42,14,45%
2025-09-01,CORE,ACCESSORIES,48,36,16,25%
2025-09-01,CORE,HAT,210,137,35,35%
2025-09-01,CORE,SOCKS,234,158,52,33%
2025-09-01,CORE,TRACK JACKET,"11,700","7,535","2,040",36%
2025-09-01,CORE,TRACK PANT,"8,190","5,317","1,422",35%
2025-09-01,F22,HAT,192,49,32,74%
2025-09-01,F23,TRACK PANT,135,41,26,70%
2025-09-01,F24,ACCESSORIES,340,160,75,53%
2025-09-01,F24,CAMP SHIRT,135,33,31,75%
2025-09-01,F24,DRESS,935,207,203,78%
2025-09-01,F24,HOODIE,"3,360",982,799,71%
2025-09-01,F24,JACKET,325,63,55,81%
2025-09-01,F24,LEGGINGS,110,41,21,63%
2025-09-01,F24,LONG SLEEVE KNIT,"1,932",678,387,65%
2025-09-01,F24,OUTERWEAR,"2,305",383,404,83%
2025-09-01,F24,POLO,"2,826","1,137","1,006",60%
2025-09-01,F24,SHORTS,"1,315",522,324,60%
2025-09-01,F24,SKIRT,353,148,74,58%
2025-09-01,F24,SPORT BRA,136,84,38,38%
2025-09-01,F24,SWEATER,"1,935",430,451,78%
2025-09-01,F24,SWEATPANTS,333,196,68,41%
2025-09-01,F24,SWEATSHIRT,190,51,47,73%
2025-09-01,F24,TRACK JACKET,"21,595","6,525","4,321",70%
2025-09-01,F24,TRACK PANT,"16,705","4,992","3,426",70%
2025-09-01,F24,T-SHIRT,968,505,247,48%
2025-09-01,F25,CABANA SHIRT,270,230,64,15%
2025-09-01,F25,CONTOUR JACKET,135,115,29,15%
2025-09-01,F25,CREWNECK,68,58,14,15%
2025-09-01,F25,CROP TOP,156,144,36,8%
2025-09-01,F25,HOODIE,540,479,104,11%
2025-09-01,F25,OUTERWEAR,650,618,140,5%
2025-09-01,F25,SHORTS,298,253,68,15%
2025-09-01,F25,SKORT,292,261,64,10%
2025-09-01,F25,SWEATER,98,83,22,15%
2025-09-01,F25,SWEATPANTS,311,279,60,10%
2025-09-01,F25,TRACK JACKET,"3,055","2,876",652,6%
2025-09-01,F25,TRACK PANT,"2,750","2,583",586,6%
2025-09-01,F25,T-SHIRT,116,99,24,15%
2025-09-01,S24,BAG,175,51,60,71%
2025-09-01,S24,DRESS,88,51,19,42%
2025-09-01,S24,FOOTWEAR,263,252,66,4%
2025-09-01,S24,POLO,88,19,30,78%
2025-09-01,S24,SHORTS,391,123,68,69%
2025-09-01,S24,SKIRT,78,51,15,35%
2025-09-01,S24,TANK TOP,68,27,11,61%
2025-09-01,S24,TRACK JACKET,"5,505","2,744","1,253",50%
2025-09-01,S24,TRACK PANT,"4,035","2,138",925,47%
2025-09-01,S24,T-SHIRT,58,35,23,40%
2025-09-01,S25,ACCESSORIES,216,108,46,50%
2025-09-01,S25,ACTIVE JACKET,125,54,26,57%
2025-09-01,S25,BAG,225,105,178,53%
2025-09-01,S25,CABANA SHIRT,985,457,195,54%
2025-09-01,S25,CAMP SHIRT,88,44,15,50%
2025-09-01,S25,CREWNECK,"1,666",926,306,44%
2025-09-01,S25,DRESS,125,54,25,57%
2025-09-01,S25,FOOTWEAR,150,83,33,45%
2025-09-01,S25,HAT,406,198,84,51%
2025-09-01,S25,HOODIE,"2,725","1,287",574,53%
2025-09-01,S25,JACKET,330,141,64,57%
2025-09-01,S25,LEGGINGS,330,149,60,55%
2025-09-01,S25,LONG SLEEVE KNIT,"1,313",577,186,56%
2025-09-01,S25,PANTS,420,210,88,50%
2025-09-01,S25,POLO,"8,140","3,779","1,605",54%
2025-09-01,S25,PULLOVER,455,205,88,55%
2025-09-01,S25,SHORTS,"11,024","4,978","2,304",55%
2025-09-01,S25,SKIRT,274,133,42,51%
2025-09-01,S25,SKORT,772,344,161,55%
2025-09-01,S25,SOCKS,306,135,68,56%
2025-09-01,S25,SWEATER,"5,885","2,749","1,382",53%
2025-09-01,S25,SWEATPANTS,"2,584","1,329",504,49%
2025-09-01,S25,SWEATSHIRT,880,421,144,52%
2025-09-01,S25,TANK TOP,570,261,110,54%
2025-09-01,S25,TRACK JACKET,"50,460","22,957","9,956",55%
2025-09-01,S25,TRACK PANT,"31,399","14,421","6,238",54%
2025-09-01,S25,T-SHIRT,"9,606","4,468","1,692",53%
2025-09-01,S25,VISOR,38,19,7,51%
2025-09-01,S26,TRACK JACKET,390,332,60,15%
2025-09-01,S26,TRACK SHORT,310,264,58,15%
2025-09-02,CORE,ACCESSORIES,30,22,11,27%
2025-09-02,CORE,HAT,210,141,35,33%
2025-09-02,CORE,SOCKS,144,109,32,24%
2025-09-02,CORE,TRACK JACKET,"6,590","4,054","1,096",38%
2025-09-02,CORE,TRACK PANT,"4,805","3,014",786,37%
2025-09-02,F22,HAT,240,75,40,69%
2025-09-02,F22,TRACK JACKET,165,63,34,62%
2025-09-02,F23,POLO,78,39,14,50%
2025-09-02,F23,TRACK PANT,135,41,26,70%
2025-09-02,F24,ACCESSORIES,126,65,29,48%
2025-09-02,F24,DRESS,500,131,140,74%
2025-09-02,F24,FOOTWEAR,160,58,44,64%
2025-09-02,F24,HOODIE,"3,450",733,851,79%
2025-09-02,F24,LEGGINGS,110,48,21,56%
2025-09-02,F24,LONG SLEEVE KNIT,"1,058",398,201,62%
2025-09-02,F24,OUTERWEAR,"2,080",298,368,86%
2025-09-02,F24,POLO,"1,514",600,562,60%
2025-09-02,F24,SHORTS,620,220,148,64%
2025-09-02,F24,SKIRT,88,32,16,63%
2025-09-02,F24,SPORT BRA,68,48,19,29%
2025-09-02,F24,SWEATER,995,221,218,78%
2025-09-02,F24,SWEATPANTS,791,362,160,54%
2025-09-02,F24,TRACK JACKET,"11,200","3,641","2,352",67%
2025-09-02,F24,TRACK PANT,"11,240","3,582","2,379",68%
2025-09-02,F24,T-SHIRT,96,56,40,41%
2025-09-02,F25,CABANA SHIRT,135,-135,32,200%
2025-09-02,F25,CREWNECK,110,99,20,10%
2025-09-02,F25,HOODIE,150,150,29,0%
2025-09-02,F25,KNITWEAR,260,221,70,15%
2025-09-02,F25,POLO,78,66,21,15%
2025-09-02,F25,SHORTS,24,12,10,49%
2025-09-02,F25,SKORT,136,124,31,9%
2025-09-02,F25,SOCKS,36,33,8,8%
2025-09-02,F25,SWEATER,348,296,78,15%
2025-09-02,F25,SWEATPANTS,223,213,43,4%
2025-09-02,F25,TANK TOP,116,99,30,15%
2025-09-02,F25,TRACK JACKET,982,909,230,7%
2025-09-02,F25,TRACK PANT,572,511,137,11%
2025-09-02,F25,T-SHIRT,270,246,52,9%
2025-09-02,S24,FOOTWEAR,0,-145,0,#DIV/0!
2025-09-02,S24,POLO,125,30,20,76%
2025-09-02,S24,SHORTS,-135,0,-25,100%
2025-09-02,S24,TRACK JACKET,"1,290",620,295,52%
2025-09-02,S24,TRACK PANT,905,423,187,53%
2025-09-02,S25,0,88,37,18,58%
2025-09-02,S25,ACCESSORIES,272,140,52,49%
2025-09-02,S25,ACTIVE JACKET,250,126,52,50%
2025-09-02,S25,CABANA SHIRT,-140,-73,-30,48%
2025-09-02,S25,CREWNECK,686,395,126,42%
2025-09-02,S25,DRESS,0,6,2,#DIV/0!
2025-09-02,S25,HAT,174,86,36,50%
2025-09-02,S25,HOODIE,"1,175",528,248,55%
2025-09-02,S25,JACKET,165,83,32,50%
2025-09-02,S25,LEGGINGS,118,59,21,50%
2025-09-02,S25,LONG SLEEVE KNIT,448,198,60,56%
2025-09-02,S25,PANTS,-210,-105,-44,50%
2025-09-02,S25,POLO,"5,427","2,492","1,036",54%
2025-09-02,S25,PULLOVER,330,157,63,53%
2025-09-02,S25,SHORTS,"5,531","2,466","1,130",55%
2025-09-02,S25,SKIRT,460,237,103,49%
2025-09-02,S25,SKORT,380,207,69,46%
2025-09-02,S25,SOCKS,234,128,53,46%
2025-09-02,S25,SWEATER,"1,230",189,306,85%
2025-09-02,S25,SWEATPANTS,842,419,162,50%
2025-09-02,S25,TANK TOP,164,73,29,56%
2025-09-02,S25,TRACK JACKET,"34,610","15,690","6,863",55%
2025-09-02,S25,TRACK PANT,"20,983","9,637","4,220",54%
2025-09-02,S25,T-SHIRT,"4,402","2,058",749,53%
2025-09-02,S26,TRACK JACKET,690,656,102,5%
2025-09-02,S26,TRACK PANT,195,166,29,15%
2025-09-02,S26,T-SHIRT,390,351,108,10%
2025-09-03,CORE,ACCESSORIES,12,8,6,33%
2025-09-03,CORE,HAT,84,56,14,34%
2025-09-03,CORE,SOCKS,108,81,24,25%
2025-09-03,CORE,TRACK JACKET,"2,835","1,690",516,40%
2025-09-03,CORE,TRACK PANT,"1,725","1,090",310,37%
2025-09-03,F22,HAT,48,16,8,67%
2025-09-03,F24,ACCESSORIES,130,48,28,63%
2025-09-03,F24,CREWNECK,125,42,45,66%
2025-09-03,F24,DRESS,860,189,203,78%
2025-09-03,F24,HOODIE,"1,230",419,249,66%
2025-09-03,F24,JACKET,650,141,110,78%
2025-09-03,F24,LONG SLEEVE KNIT,"1,743",620,350,64%
2025-09-03,F24,OUTERWEAR,"2,445",385,435,84%
2025-09-03,F24,POLO,"1,282",570,467,56%
2025-09-03,F24,SHORTS,769,316,195,59%
2025-09-03,F24,SKIRT,78,42,34,46%
2025-09-03,F24,SWEATER,"2,135",497,475,77%
2025-09-03,F24,SWEATPANTS,110,48,25,57%
2025-09-03,F24,TRACK JACKET,"3,995","1,254",831,69%
2025-09-03,F24,TRACK PANT,"3,995","1,298",869,68%
2025-09-03,F24,T-SHIRT,224,74,47,67%
2025-09-03,F25,CABANA SHIRT,405,405,94,0%
2025-09-03,F25,CREWNECK,110,49,20,56%
2025-09-03,F25,HOODIE,368,353,69,4%
2025-09-03,F25,KNITWEAR,735,735,199,0%
2025-09-03,F25,LONG SLEEVE KNIT,213,213,39,0%
2025-09-03,F25,POLO,422,422,98,0%
2025-09-03,F25,SHORTS,"1,068","1,058",252,1%
2025-09-03,F25,SWEATER,125,106,27,15%
2025-09-03,F25,SWEATPANTS,392,392,73,0%
2025-09-03,F25,TANK TOP,58,58,15,0%
2025-09-03,F25,TRACK JACKET,"1,865","1,426",398,24%
2025-09-03,F25,TRACK PANT,"1,598","1,343",339,16%
2025-09-03,F25,T-SHIRT,262,262,48,0%
2025-09-03,S24,DRESS,88,54,19,39%
2025-09-03,S24,FOOTWEAR,-86,-142,-36,-65%
2025-09-03,S24,TRACK JACKET,"1,120",600,260,46%
2025-09-03,S24,TRACK PANT,953,431,210,55%
2025-09-03,S24,T-SHIRT,60,19,8,68%
2025-09-03,S25,0,206,103,34,50%
2025-09-03,S25,ACCESSORIES,294,143,61,52%
2025-09-03,S25,ACTIVE JACKET,125,63,26,50%
2025-09-03,S25,BAG,150,83,89,45%
2025-09-03,S25,CABANA SHIRT,125,42,24,66%
2025-09-03,S25,CREWNECK,490,263,90,46%
2025-09-03,S25,DRESS,875,435,175,50%
2025-09-03,S25,HAT,58,32,12,45%
2025-09-03,S25,HOODIE,675,236,144,65%
2025-09-03,S25,JACKET,330,166,64,50%
2025-09-03,S25,LONG SLEEVE KNIT,662,286,90,57%
2025-09-03,S25,POLO,"3,209","1,465",666,54%
2025-09-03,S25,PULLOVER,235,110,46,53%
2025-09-03,S25,SHORTS,"3,501","1,527",727,56%
2025-09-03,S25,SKIRT,136,64,13,53%
2025-09-03,S25,SKORT,890,439,194,51%
2025-09-03,S25,SOCKS,126,60,29,53%
2025-09-03,S25,SPORT BRA,48,20,7,58%
2025-09-03,S25,SWEATER,"2,775","1,490",661,46%
2025-09-03,S25,SWEATPANTS,920,488,180,47%
2025-09-03,S25,SWEATSHIRT,880,410,144,53%
2025-09-03,S25,TANK TOP,464,242,74,48%
2025-09-03,S25,TRACK JACKET,"12,820","5,735","2,561",55%
2025-09-03,S25,TRACK PANT,"7,328","3,383","1,445",54%
2025-09-03,S25,T-SHIRT,"3,158","1,531",518,52%
2025-09-03,S26,CREWNECK,165,165,29,0%
2025-09-03,S26,JEANS,165,165,65,0%
2025-09-03,S26,T-SHIRT,65,65,18,0%
2025-09-04,CORE,SOCKS,36,33,8,8%
2025-09-04,CORE,TRACK JACKET,"1,690","1,372",326,19%
2025-09-04,CORE,TRACK PANT,"1,160",871,214,25%
2025-09-04,F24,ACCESSORIES,42,0,11,100%
2025-09-04,F24,CAMP SHIRT,150,53,30,65%
2025-09-04,F24,DRESS,260,70,57,73%
2025-09-04,F24,FOOTWEAR,160,58,44,64%
2025-09-04,F24,HOODIE,"1,900",363,474,81%
2025-09-04,F24,JACKET,325,74,55,77%
2025-09-04,F24,LEGGINGS,110,43,21,61%
2025-09-04,F24,LONG SLEEVE KNIT,"2,519",795,524,68%
2025-09-04,F24,OUTERWEAR,"1,475",174,240,88%
2025-09-04,F24,POLO,"1,766",765,747,57%
2025-09-04,F24,SHORTS,"1,418",731,362,48%
2025-09-04,F24,SKIRT,88,36,16,59%
2025-09-04,F24,SPORT BRA,68,43,19,36%
2025-09-04,F24,SWEATER,"1,585",387,354,76%
2025-09-04,F24,SWEATPANTS,125,42,25,66%
2025-09-04,F24,TRACK JACKET,"5,440","1,682","1,082",69%
2025-09-04,F24,TRACK PANT,"3,190",983,697,69%
2025-09-04,F24,T-SHIRT,88,18,11,79%
2025-09-04,F25,CABANA SHIRT,135,-20,32,115%
2025-09-04,F25,CREWNECK,178,168,34,6%
2025-09-04,F25,HOODIE,98,98,17,0%
2025-09-04,F25,KNITWEAR,450,383,116,15%
2025-09-04,F25,LONG SLEEVE KNIT,270,270,54,0%
2025-09-04,F25,POLO,42,42,9,0%
2025-09-04,F25,PULLOVER,250,250,54,0%
2025-09-04,F25,SHORTS,110,94,25,15%
2025-09-04,F25,SWEATER,473,473,103,0%
2025-09-04,F25,SWEATPANTS,88,75,17,15%
2025-09-04,F25,TRACK JACKET,"1,735","1,405",380,19%
2025-09-04,F25,TRACK PANT,"1,926","1,767",418,8%
2025-09-04,F25,T-SHIRT,300,300,62,0%
2025-09-04,S24,SPORT BRA,78,30,16,62%
2025-09-04,S24,TRACK JACKET,"1,260",632,282,50%
2025-09-04,S24,TRACK PANT,"1,275",606,256,53%
2025-09-04,S24,T-SHIRT,58,30,23,49%
2025-09-04,S25,0,235,111,44,53%
2025-09-04,S25,ACCESSORIES,126,62,24,50%
2025-09-04,S25,ACTIVE JACKET,250,113,52,55%
2025-09-04,S25,BAG,175,96,108,45%
2025-09-04,S25,CABANA SHIRT,"1,041",545,210,48%
2025-09-04,S25,CAMP SHIRT,88,40,15,55%
2025-09-04,S25,CREWNECK,392,183,72,53%
2025-09-04,S25,HAT,58,27,12,53%
2025-09-04,S25,HOODIE,963,444,199,54%
2025-09-04,S25,LEGGINGS,650,236,120,64%
2025-09-04,S25,LONG SLEEVE KNIT,408,204,60,50%
2025-09-04,S25,PADDLE,58,58,10,0%
2025-09-04,S25,PANTS,135,68,27,50%
2025-09-04,S25,POLO,"2,342","1,151",452,51%
2025-09-04,S25,SHORTS,"2,419","1,206",504,50%
2025-09-04,S25,SKIRT,254,147,51,42%
2025-09-04,S25,SKORT,322,165,63,49%
2025-09-04,S25,SOCKS,108,58,24,47%
2025-09-04,S25,SWEATER,"4,455","2,123","1,031",52%
2025-09-04,S25,SWEATPANTS,764,340,144,55%
2025-09-04,S25,SWEATSHIRT,110,55,18,50%
2025-09-04,S25,TANK TOP,164,85,27,48%
2025-09-04,S25,TRACK JACKET,"16,590","7,590","3,200",54%
2025-09-04,S25,TRACK PANT,"10,088","4,599","1,994",54%
2025-09-04,S25,T-SHIRT,"1,094",515,199,53%
2025-09-04,S26,TRACK JACKET,195,166,30,15%
2025-09-04,S26,TRACK SHORT,155,132,29,15%
2025-09-04,S26,T-SHIRT,65,55,18,15%
2025-09-05,CORE,HAT,42,42,7,0%
2025-09-05,CORE,SOCKS,36,32,8,10%
2025-09-05,CORE,TRACK JACKET,445,338,80,24%
2025-09-05,CORE,TRACK PANT,610,473,129,23%
2025-09-05,F21,HAT,76,46,12,39%
2025-09-05,F22,HAT,96,34,16,65%
2025-09-05,F23,SHORTS,68,35,13,48%
2025-09-05,F24,ACCESSORIES,134,9,27,93%
2025-09-05,F24,CREWNECK,125,42,45,66%
2025-09-05,F24,DRESS,635,157,130,75%
2025-09-05,F24,HOODIE,400,198,92,51%
2025-09-05,F24,LEGGINGS,110,41,21,63%
2025-09-05,F24,LONG SLEEVE KNIT,"1,429",464,290,68%
2025-09-05,F24,OUTERWEAR,225,70,49,69%
2025-09-05,F24,POLO,"1,133",458,396,60%
2025-09-05,F24,SHORTS,400,147,111,63%
2025-09-05,F24,SKIRT,176,69,32,61%
2025-09-05,F24,SPORT BRA,68,41,19,40%
2025-09-05,F24,SWEATER,"1,880",464,422,75%
2025-09-05,F24,SWEATPANTS,348,204,68,41%
2025-09-05,F24,TRACK JACKET,"1,960",641,405,67%
2025-09-05,F24,TRACK PANT,"2,330",851,505,63%
2025-09-05,F25,CABANA SHIRT,135,115,32,15%
2025-09-05,F25,CONTOUR JACKET,135,0,29,100%
2025-09-05,F25,CREWNECK,110,110,20,0%
2025-09-05,F25,CROP TOP,78,0,18,100%
2025-09-05,F25,OUTERWEAR,325,325,70,0%
2025-09-05,F25,PULLOVER,125,106,25,15%
2025-09-05,F25,SHORTS,110,99,25,10%
2025-09-05,F25,SKIRT,78,70,17,10%
2025-09-05,F25,SWEATER,348,348,76,0%
2025-09-05,F25,SWEATPANTS,196,196,36,0%
2025-09-05,F25,TRACK JACKET,"1,080",973,225,10%
2025-09-05,F25,TRACK PANT,"1,055",951,210,10%
2025-09-05,S24,FOOTWEAR,145,145,46,0%
2025-09-05,S24,SHORTS,163,64,29,61%
2025-09-05,S24,TANK TOP,48,25,9,48%
2025-09-05,S24,TRACK JACKET,700,396,158,43%
2025-09-05,S24,TRACK PANT,625,288,118,54%
2025-09-05,S25,BAG,110,55,50,50%
2025-09-05,S25,CABANA SHIRT,530,247,118,53%
2025-09-05,S25,CREWNECK,392,221,72,44%
2025-09-05,S25,DRESS,125,63,25,50%
2025-09-05,S25,HAT,348,192,73,45%
2025-09-05,S25,HOODIE,375,189,78,50%
2025-09-05,S25,JACKET,165,83,32,50%
2025-09-05,S25,LONG SLEEVE KNIT,495,220,76,56%
2025-09-05,S25,PANTS,210,89,44,58%
2025-09-05,S25,POLO,"3,425","1,615",695,53%
2025-09-05,S25,PULLOVER,220,102,42,54%
2025-09-05,S25,SHORTS,"3,763","1,734",812,54%
2025-09-05,S25,SKIRT,146,68,-15,54%
2025-09-05,S25,SKORT,186,93,41,50%
2025-09-05,S25,SOCKS,126,71,29,44%
2025-09-05,S25,SWEATER,"4,125","1,955",964,53%
2025-09-05,S25,SWEATPANTS,284,138,54,52%
2025-09-05,S25,SWEATSHIRT,220,96,36,56%
2025-09-05,S25,TANK TOP,398,197,81,51%
2025-09-05,S25,TRACK JACKET,"14,365","6,518","2,796",55%
2025-09-05,S25,TRACK PANT,"8,931","4,034","1,764",55%
2025-09-05,S25,T-SHIRT,"2,670","1,266",466,53%
2025-09-05,S25,VISOR,38,18,7,54%
2025-09-05,S26,T-SHIRT,65,65,18,0%
2025-09-06,CORE,HAT,42,42,7,0%
2025-09-06,CORE,SOCKS,72,66,16,9%
2025-09-06,CORE,TRACK JACKET,305,222,58,27%
2025-09-06,CORE,TRACK PANT,125,138,28,-11%
2025-09-06,F24,ACCESSORIES,126,60,30,52%
2025-09-06,F24,CAMP SHIRT,150,55,30,63%
2025-09-06,F24,DRESS,745,180,187,76%
2025-09-06,F24,HOODIE,300,208,62,31%
2025-09-06,F24,JACKET,325,76,55,77%
2025-09-06,F24,LEGGINGS,110,50,21,55%
2025-09-06,F24,LONG SLEEVE KNIT,828,318,156,62%
2025-09-06,F24,OUTERWEAR,520,117,97,78%
2025-09-06,F24,POLO,839,348,286,58%
2025-09-06,F24,SHORTS,514,169,119,67%
2025-09-06,F24,SKIRT,88,34,16,61%
2025-09-06,F24,SWEATER,150,32,29,78%
2025-09-06,F24,SWEATPANTS,98,56,18,43%
2025-09-06,F24,SWEATSHIRT,145,36,55,75%
2025-09-06,F24,TRACK JACKET,"2,600",780,503,70%
2025-09-06,F24,TRACK PANT,"1,860",524,411,72%
2025-09-06,F24,T-SHIRT,348,177,87,49%
2025-09-06,F25,CABANA SHIRT,135,122,32,10%
2025-09-06,F25,CONTOUR JACKET,-135,-115,-29,15%
2025-09-06,F25,CREWNECK,250,250,48,0%
2025-09-06,F25,CROP TOP,-78,-66,-18,15%
2025-09-06,F25,HOODIE,-150,-135,-29,10%
2025-09-06,F25,LONG SLEEVE KNIT,270,257,54,5%
2025-09-06,F25,POLO,366,366,84,0%
2025-09-06,F25,PULLOVER,125,125,27,0%
2025-09-06,F25,SHORTS,942,931,218,1%
2025-09-06,F25,SKORT,58,58,10,0%
2025-09-06,F25,SWEATER,223,223,49,0%
2025-09-06,F25,SWEATPANTS,-125,-113,-25,10%
2025-09-06,F25,TANK TOP,232,232,60,0%
2025-09-06,F25,TRACK JACKET,"2,555","2,067",542,19%
2025-09-06,F25,TRACK PANT,"1,786","1,407",370,21%
2025-09-06,F25,T-SHIRT,466,403,98,13%
2025-09-06,S24,SHORTS,75,30,18,60%
2025-09-06,S24,TRACK JACKET,"1,815",910,395,50%
2025-09-06,S24,TRACK PANT,"1,125",570,226,49%
2025-09-06,S25,ACCESSORIES,174,96,33,45%
2025-09-06,S25,CABANA SHIRT,655,321,144,51%
2025-09-06,S25,CREWNECK,490,286,90,42%
2025-09-06,S25,HAT,116,64,24,45%
2025-09-06,S25,HOODIE,900,406,189,55%
2025-09-06,S25,JACKET,165,83,32,50%
2025-09-06,S25,LEGGINGS,110,55,20,50%
2025-09-06,S25,LONG SLEEVE KNIT,350,175,50,50%
2025-09-06,S25,PANTS,210,105,44,50%
2025-09-06,S25,POLO,"3,930","1,821",747,54%
2025-09-06,S25,SHORTS,"3,632","1,657",741,54%
2025-09-06,S25,SKIRT,274,153,42,44%
2025-09-06,S25,SKORT,136,82,22,40%
2025-09-06,S25,SOCKS,162,73,37,55%
2025-09-06,S25,SWEATER,"1,485",748,358,50%
2025-09-06,S25,SWEATPANTS,842,369,162,56%
2025-09-06,S25,SWEATSHIRT,110,55,18,50%
2025-09-06,S25,TANK TOP,116,64,18,45%
2025-09-06,S25,TRACK JACKET,"16,450","7,252","3,227",56%
2025-09-06,S25,TRACK PANT,"11,038","4,773","2,148",57%
2025-09-06,S25,T-SHIRT,"3,536","1,640",602,54%
2025-09-06,S26,T-SHIRT,65,55,18,15%
2025-09-07,CORE,SOCKS,90,88,20,2%
2025-09-07,CORE,TRACK JACKET,"1,005",700,168,30%
2025-09-07,CORE,TRACK PANT,785,352,130,55%
2025-09-07,F22,HAT,48,16,8,67%
2025-09-07,F24,ACCESSORIES,348,112,74,68%
2025-09-07,F24,CAMP SHIRT,285,88,61,69%
2025-09-07,F24,DRESS,425,95,124,78%
2025-09-07,F24,HOODIE,400,178,92,56%
2025-09-07,F24,LEGGINGS,110,43,21,61%
2025-09-07,F24,LONG SLEEVE KNIT,951,328,188,65%
2025-09-07,F24,OUTERWEAR,"1,265",297,232,77%
2025-09-07,F24,POLO,"1,303",628,446,52%
2025-09-07,F24,SHORTS,406,147,92,64%
2025-09-07,F24,SKIRT,166,82,50,51%
2025-09-07,F24,SWEATER,"1,185",306,262,74%
2025-09-07,F24,SWEATPANTS,360,194,75,46%
2025-09-07,F24,SWEATSHIRT,380,112,94,71%
2025-09-07,F24,TRACK JACKET,"2,495",844,480,66%
2025-09-07,F24,TRACK PANT,"2,275",746,448,67%
2025-09-07,F24,T-SHIRT,96,46,27,52%
2025-09-07,F25,CABANA SHIRT,135,115,32,15%
2025-09-07,F25,HOODIE,368,353,69,4%
2025-09-07,F25,LONG SLEEVE KNIT,135,135,27,0%
2025-09-07,F25,OUTERWEAR,450,405,94,10%
2025-09-07,F25,POLO,281,281,65,0%
2025-09-07,F25,SHORTS,538,514,122,5%
2025-09-07,F25,SOCKS,36,36,8,0%
2025-09-07,F25,SWEATER,750,750,162,0%
2025-09-07,F25,SWEATPANTS,98,98,18,0%
2025-09-07,F25,TRACK JACKET,"2,605","2,403",569,8%
2025-09-07,F25,TRACK PANT,"1,770","1,604",390,9%
2025-09-07,F25,T-SHIRT,116,116,24,0%
2025-09-07,S24,TRACK JACKET,835,339,177,59%
2025-09-07,S24,TRACK PANT,500,272,101,46%
2025-09-07,S25,CABANA SHIRT,583,300,123,48%
2025-09-07,S25,CREWNECK,784,463,144,41%
2025-09-07,S25,DRESS,125,63,25,50%
2025-09-07,S25,HAT,58,27,12,53%
2025-09-07,S25,HOODIE,"1,150",521,241,55%
2025-09-07,S25,LONG SLEEVE KNIT,533,252,86,53%
2025-09-07,S25,PANTS,210,95,44,55%
2025-09-07,S25,POLO,"3,739","1,763",738,53%
2025-09-07,S25,PULLOVER,110,55,21,50%
2025-09-07,S25,SHORTS,"4,066","1,963",863,52%
2025-09-07,S25,SKIRT,196,106,40,46%
2025-09-07,S25,SKORT,626,307,134,51%
2025-09-07,S25,SOCKS,90,55,22,39%
2025-09-07,S25,SWEATER,"2,925","1,471",693,50%
2025-09-07,S25,SWEATPANTS,842,433,162,49%
2025-09-07,S25,SWEATSHIRT,110,55,18,50%
2025-09-07,S25,TANK TOP,126,69,23,45%
2025-09-07,S25,TRACK JACKET,"18,460","8,497","3,611",54%
2025-09-07,S25,TRACK PANT,"11,188","5,262","2,232",53%
2025-09-07,S25,T-SHIRT,"4,590","2,197",790,52%
2025-09-07,S25,VISOR,38,22,7,42%
2025-09-08,CORE,SOCKS,54,50,12,7%
2025-09-08,CORE,TRACK JACKET,115,224,8,-95%
2025-09-08,CORE,TRACK PANT,220,192,34,13%
2025-09-08,F21,HAT,38,24,6,37%
2025-09-08,F23,TRACK PANT,196,56,33,71%
2025-09-08,F24,CREWNECK,125,48,45,62%
2025-09-08,F24,HOODIE,500,95,126,81%
2025-09-08,F24,LONG SLEEVE KNIT,311,32,65,90%
2025-09-08,F24,OUTERWEAR,225,76,49,66%
2025-09-08,F24,POLO,-137,8,-125,106%
2025-09-08,F24,SHORTS,-188,-110,-52,41%
2025-09-08,F24,SKIRT,352,141,64,60%
2025-09-08,F24,SPORT BRA,68,43,19,38%
2025-09-08,F24,SWEATER,"1,040",270,223,74%
2025-09-08,F24,SWEATPANTS,220,81,49,63%
2025-09-08,F24,TRACK JACKET,"2,535",835,497,67%
2025-09-08,F24,TRACK PANT,"2,535",896,541,65%
2025-09-08,F24,T-SHIRT,176,60,28,66%
2025-09-08,F25,CABANA SHIRT,135,122,32,10%
2025-09-08,F25,HOODIE,196,196,34,0%
2025-09-08,F25,KNITWEAR,360,347,93,4%
2025-09-08,F25,LONG SLEEVE KNIT,78,70,12,10%
2025-09-08,F25,POLO,699,644,157,8%
2025-09-08,F25,SHORTS,134,135,33,-1%
2025-09-08,F25,TRACK JACKET,"1,650","1,598",356,3%
2025-09-08,F25,TRACK PANT,"1,830","1,757",397,4%
2025-09-08,F25,T-SHIRT,-68,-68,-16,0%
2025-09-08,F25,VEST,220,209,48,5%
2025-09-08,S24,TRACK JACKET,"1,260",668,294,47%
2025-09-08,S24,TRACK PANT,"1,770",912,356,48%
2025-09-08,S25,0,29,40,10,-37%
2025-09-08,S25,ACTIVE JACKET,125,0,26,100%
2025-09-08,S25,CABANA SHIRT,125,37,24,70%
2025-09-08,S25,CREWNECK,588,348,108,41%
2025-09-08,S25,DRESS,118,53,18,55%
2025-09-08,S25,HOODIE,900,434,189,52%
2025-09-08,S25,LONG SLEEVE KNIT,468,215,60,54%
2025-09-08,S25,PANTS,210,105,44,50%
2025-09-08,S25,POLO,"1,693",769,353,55%
2025-09-08,S25,SHORTS,"1,540",758,331,51%
2025-09-08,S25,SKORT,-68,-37,-11,46%
2025-09-08,S25,SOCKS,108,57,24,47%
2025-09-08,S25,SWEATER,"1,130",567,269,50%
2025-09-08,S25,SWEATPANTS,646,295,126,54%
2025-09-08,S25,SWEATSHIRT,220,110,36,50%
2025-09-08,S25,TANK TOP,68,31,14,55%
2025-09-08,S25,TRACK JACKET,"11,725","5,461","2,235",53%
2025-09-08,S25,TRACK PANT,"6,785","3,258","1,380",52%
2025-09-08,S25,T-SHIRT,"1,996",928,336,54%
2025-09-09,CORE,HAT,84,76,14,10%
2025-09-09,CORE,SOCKS,36,32,8,10%
2025-09-09,CORE,TRACK JACKET,"2,110","2,012",392,5%
2025-09-09,CORE,TRACK PANT,"1,255","1,095",220,13%
2025-09-09,F21,HAT,38,3,6,91%
2025-09-09,F22,HAT,144,51,24,65%
2025-09-09,F23,TRACK PANT,110,42,23,62%
2025-09-09,F24,ACCESSORIES,84,40,20,52%
2025-09-09,F24,CAMP SHIRT,135,41,31,69%
2025-09-09,F24,DRESS,425,108,124,75%
2025-09-09,F24,HOODIE,"1,585",487,368,69%
2025-09-09,F24,LEGGINGS,110,50,21,55%
2025-09-09,F24,LONG SLEEVE KNIT,688,202,131,71%
2025-09-09,F24,OUTERWEAR,450,127,98,72%
2025-09-09,F24,POLO,956,510,339,47%
2025-09-09,F24,SHORTS,301,88,69,71%
2025-09-09,F24,SKIRT,156,88,68,44%
2025-09-09,F24,SPORT BRA,68,56,19,18%
2025-09-09,F24,SWEATER,740,194,165,74%
2025-09-09,F24,SWEATPANTS,571,287,111,50%
2025-09-09,F24,SWEATSHIRT,375,216,78,42%
2025-09-09,F24,TRACK JACKET,"5,105","1,520","1,106",70%
2025-09-09,F24,TRACK PANT,"3,905","1,317",898,66%
2025-09-09,F24,T-SHIRT,474,207,147,56%
2025-09-09,F25,HAT,84,84,20,0%
2025-09-09,F25,HOODIE,150,150,29,0%
2025-09-09,F25,KNITWEAR,135,135,35,0%
2025-09-09,F25,POLO,203,171,46,16%
2025-09-09,F25,SOCKS,18,16,4,10%
2025-09-09,F25,SWEATER,125,125,28,0%
2025-09-09,F25,SWEATPANTS,125,125,25,0%
2025-09-09,F25,TRACK JACKET,"4,046","3,840",867,5%
2025-09-09,F25,TRACK PANT,"3,496","3,385",758,3%
2025-09-09,S24,FOOTWEAR,263,263,66,0%
2025-09-09,S24,SKIRT,68,36,9,47%
2025-09-09,S24,TRACK JACKET,"1,970","1,029",440,48%
2025-09-09,S24,TRACK PANT,"1,525",706,334,54%
2025-09-09,S24,T-SHIRT,60,19,8,69%
2025-09-09,S25,ACCESSORIES,58,32,11,45%
2025-09-09,S25,CABANA SHIRT,213,92,46,57%
2025-09-09,S25,CAMP SHIRT,352,166,60,53%
2025-09-09,S25,CREWNECK,588,267,108,55%
2025-09-09,S25,DRESS,375,161,75,57%
2025-09-09,S25,FOOTWEAR,150,75,33,50%
2025-09-09,S25,HAT,406,224,84,45%
2025-09-09,S25,HOODIE,"1,725",792,366,54%
2025-09-09,S25,LONG SLEEVE KNIT,546,226,70,59%
2025-09-09,S25,PANTS,210,0,44,100%
2025-09-09,S25,POLO,"3,625","1,618",663,55%
2025-09-09,S25,PULLOVER,110,44,21,60%
2025-09-09,S25,SHORTS,"3,760","1,599",770,57%
2025-09-09,S25,SKIRT,254,147,51,42%
2025-09-09,S25,SKORT,294,147,69,50%
2025-09-09,S25,SOCKS,198,102,45,49%
2025-09-09,S25,SWEATER,"2,590","1,194",602,54%
2025-09-09,S25,SWEATPANTS,764,307,144,60%
2025-09-09,S25,SWEATSHIRT,220,98,36,56%
2025-09-09,S25,TRACK JACKET,"23,680","10,472","4,751",56%
2025-09-09,S25,TRACK PANT,"15,518","7,255","3,027",53%
2025-09-09,S25,T-SHIRT,"3,630","1,567",632,57%
2025-09-09,S25,VISOR,38,22,7,42%
2025-09-09,S26,CREWNECK,165,128,29,23%
2025-09-09,S26,T-SHIRT,65,65,18,0%
2025-09-10,CORE,SOCKS,36,30,8,17%
2025-09-10,CORE,TRACK JACKET,635,317,130,50%
2025-09-10,CORE,TRACK PANT,485,240,101,50%
2025-09-10,F21,HAT,76,49,12,35%
2025-09-10,F23,OUTERWEAR,175,62,40,65%
2025-09-10,F23,TRACK PANT,110,62,23,44%
2025-09-10,F24,ACCESSORIES,214,78,48,64%
2025-09-10,F24,CAMP SHIRT,150,55,30,63%
2025-09-10,F24,CARDIGAN,210,54,95,74%
2025-09-10,F24,DRESS,650,150,208,77%
2025-09-10,F24,HOODIE,0,2,0,#DIV/0!
2025-09-10,F24,LONG SLEEVE KNIT,"1,073",426,219,60%
2025-09-10,F24,OUTERWEAR,"1,055",347,224,67%
2025-09-10,F24,POLO,896,408,301,55%
2025-09-10,F24,SHORTS,603,213,155,65%
2025-09-10,F24,SWEATER,940,248,189,74%
2025-09-10,F24,SWEATPANTS,431,168,86,61%
2025-09-10,F24,TRACK JACKET,"3,745","1,150",781,69%
2025-09-10,F24,TRACK PANT,"3,920","1,343",831,66%
2025-09-10,F24,T-SHIRT,178,78,40,56%
2025-09-10,F25,CABANA SHIRT,405,378,96,7%
2025-09-10,F25,CREWNECK,193,155,38,20%
2025-09-10,F25,HAT,38,30,8,21%
2025-09-10,F25,HOODIE,270,270,52,0%
2025-09-10,F25,KNITWEAR,260,260,70,0%
2025-09-10,F25,POLO,406,398,90,2%
2025-09-10,F25,SHORTS,830,764,193,8%
2025-09-10,F25,SWEATER,110,110,20,0%
2025-09-10,F25,SWEATPANTS,186,176,35,5%
2025-09-10,F25,TRACK JACKET,"3,065","2,731",674,11%
2025-09-10,F25,TRACK PANT,"2,855","2,586",631,9%
2025-09-10,F25,T-SHIRT,106,94,21,11%
2025-09-10,S24,FOOTWEAR,59,59,10,0%
2025-09-10,S24,LONG SLEEVE KNIT,88,48,15,45%
2025-09-10,S24,SHORTS,68,52,13,24%
2025-09-10,S24,SWEATPANTS,88,48,16,45%
2025-09-10,S24,TRACK JACKET,"2,380","1,312",554,45%
2025-09-10,S24,TRACK PANT,"1,750",970,386,45%
2025-09-10,S25,0,88,44,18,50%
2025-09-10,S25,ACCESSORIES,176,80,36,55%
2025-09-10,S25,CABANA SHIRT,0,-3,3,#DIV/0!
2025-09-10,S25,CAMP SHIRT,352,167,60,53%
2025-09-10,S25,CREWNECK,588,322,108,45%
2025-09-10,S25,DRESS,125,63,25,50%
2025-09-10,S25,HOODIE,988,459,206,53%
2025-09-10,S25,LEGGINGS,118,54,21,55%
2025-09-10,S25,LONG SLEEVE KNIT,651,292,96,55%
2025-09-10,S25,POLO,"3,697","1,607",727,57%
2025-09-10,S25,PULLOVER,675,283,130,58%
2025-09-10,S25,SHORTS,"3,961","1,812",840,54%
2025-09-10,S25,SKIRT,146,73,32,50%
2025-09-10,S25,SKORT,254,108,52,58%
2025-09-10,S25,SOCKS,90,42,21,53%
2025-09-10,S25,SWEATER,"3,250","1,584",778,51%
2025-09-10,S25,SWEATPANTS,744,334,144,55%
2025-09-10,S25,SWEATSHIRT,660,319,108,52%
2025-09-10,S25,TANK TOP,232,116,42,50%
2025-09-10,S25,TRACK JACKET,"22,460","10,203","4,282",55%
2025-09-10,S25,TRACK PANT,"14,639","6,854","2,824",53%
2025-09-10,S25,T-SHIRT,"3,764","1,691",653,55%
2025-09-11,CORE,ACCESSORIES,12,9,6,22%
2025-09-11,CORE,SOCKS,54,52,12,3%
2025-09-11,CORE,TRACK JACKET,"1,410","1,386",282,2%
2025-09-11,CORE,TRACK PANT,625,523,140,16%
2025-09-11,F21,HAT,38,21,6,44%
2025-09-11,F22,HAT,48,17,8,65%
2025-09-11,F23,TRACK JACKET,175,66,33,62%
2025-09-11,F23,TRACK PANT,233,63,43,73%
2025-09-11,F24,ACCESSORIES,126,55,30,56%
2025-09-11,F24,CAMP SHIRT,450,153,90,66%
2025-09-11,F24,CARDIGAN,210,53,95,75%
2025-09-11,F24,CREWNECK,125,37,45,71%
2025-09-11,F24,DRESS,310,74,76,76%
2025-09-11,F24,HOODIE,770,167,168,78%
2025-09-11,F24,JACKET,325,68,55,79%
2025-09-11,F24,LONG SLEEVE KNIT,906,291,181,68%
2025-09-11,F24,OUTERWEAR,520,124,97,76%
2025-09-11,F24,POLO,712,304,291,57%
2025-09-11,F24,SHORTS,737,240,145,67%
2025-09-11,F24,SKIRT,518,230,114,56%
2025-09-11,F24,SWEATER,"1,185",277,262,77%
2025-09-11,F24,SWEATPANTS,196,84,36,57%
2025-09-11,F24,TRACK JACKET,"5,405","1,667","1,059",69%
2025-09-11,F24,TRACK PANT,"5,255","1,767","1,069",66%
2025-09-11,F24,T-SHIRT,476,166,100,65%
2025-09-11,F25,CABANA SHIRT,540,384,128,29%
2025-09-11,F25,HAT,42,42,10,0%
2025-09-11,F25,HOODIE,150,150,29,0%
2025-09-11,F25,KNITWEAR,-145,-65,-43,55%
2025-09-11,F25,POLO,645,595,147,8%
2025-09-11,F25,SHORTS,286,298,69,-4%
2025-09-11,F25,SOCKS,18,18,4,0%
2025-09-11,F25,SWEATER,125,125,27,0%
2025-09-11,F25,SWEATPANTS,125,125,25,0%
2025-09-11,F25,TRACK JACKET,"1,530","1,504",317,2%
2025-09-11,F25,TRACK PANT,"1,960","1,925",424,2%
2025-09-11,F25,T-SHIRT,-20,-10,-8,51%
2025-09-11,S24,FOOTWEAR,462,386,117,16%
2025-09-11,S24,TRACK JACKET,"3,355","1,747",768,48%
2025-09-11,S24,TRACK PANT,"2,110","1,077",444,49%
2025-09-11,S25,0,88,44,18,50%
2025-09-11,S25,ACTIVE JACKET,125,47,26,62%
2025-09-11,S25,BAG,-150,-71,-89,53%
2025-09-11,S25,CABANA SHIRT,370,193,77,48%
2025-09-11,S25,CAMP SHIRT,88,38,15,56%
2025-09-11,S25,CREWNECK,"1,274",604,234,53%
2025-09-11,S25,DRESS,493,235,91,52%
2025-09-11,S25,FOOTWEAR,300,145,66,52%
2025-09-11,S25,HAT,58,24,12,59%
2025-09-11,S25,HOODIE,"2,225",970,470,56%
2025-09-11,S25,JACKET,330,153,64,54%
2025-09-11,S25,LEGGINGS,228,86,42,62%
2025-09-11,S25,LONG SLEEVE KNIT,896,391,120,56%
2025-09-11,S25,PANTS,345,154,71,55%
2025-09-11,S25,POLO,"2,932","1,340",555,54%
2025-09-11,S25,PULLOVER,565,212,109,63%
2025-09-11,S25,SHORTS,"4,491","2,070",929,54%
2025-09-11,S25,SKIRT,254,126,24,51%
2025-09-11,S25,SKORT,"1,164",558,250,52%
2025-09-11,S25,SOCKS,72,40,17,45%
2025-09-11,S25,SWEATER,"4,135","1,986",953,52%
2025-09-11,S25,SWEATPANTS,"1,596",708,306,56%
2025-09-11,S25,SWEATSHIRT,330,150,54,55%
2025-09-11,S25,TANK TOP,378,204,67,46%
2025-09-11,S25,TRACK JACKET,"27,220","12,460","5,369",54%
2025-09-11,S25,TRACK PANT,"16,811","7,662","3,299",54%
2025-09-11,S25,T-SHIRT,"4,414","2,047",801,54%
2025-09-11,S25,VISOR,38,22,7,42%
2025-09-11,S26,TRACK JACKET,195,195,30,0%
2025-09-11,S26,TRACK SHORT,155,155,29,0%
2025-09-12,CORE,SOCKS,72,74,16,-3%
2025-09-12,CORE,TRACK JACKET,890,644,160,28%
2025-09-12,CORE,TRACK PANT,470,360,90,23%
2025-09-12,F21,HAT,38,28,6,26%
2025-09-12,F23,TRACK PANT,150,50,27,66%
2025-09-12,F24,0,145,114,53,21%
2025-09-12,F24,ACCESSORIES,218,68,46,69%
2025-09-12,F24,CAMP SHIRT,300,93,60,69%
2025-09-12,F24,CREWNECK,125,37,45,71%
2025-09-12,F24,DRESS,375,108,105,71%
2025-09-12,F24,FOOTWEAR,160,64,44,60%
2025-09-12,F24,HOODIE,"1,575",523,371,67%
2025-09-12,F24,LONG SLEEVE KNIT,"1,688",549,342,68%
2025-09-12,F24,OUTERWEAR,815,147,134,82%
2025-09-12,F24,POLO,708,290,235,59%
2025-09-12,F24,SHORTS,830,239,173,71%
2025-09-12,F24,SKIRT,88,38,16,57%
2025-09-12,F24,SWEATER,"1,290",320,286,75%
2025-09-12,F24,SWEATPANTS,360,250,75,31%
2025-09-12,F24,TRACK JACKET,"4,180","1,297",839,69%
2025-09-12,F24,TRACK PANT,"4,345","1,405",950,68%
2025-09-12,F24,T-SHIRT,156,52,29,67%
2025-09-12,F25,CABANA SHIRT,270,242,64,10%
2025-09-12,F25,CREWNECK,220,162,40,26%
2025-09-12,F25,HAT,118,114,26,4%
2025-09-12,F25,LONG SLEEVE KNIT,270,244,54,10%
2025-09-12,F25,POLO,276,252,62,9%
2025-09-12,F25,PULLOVER,125,0,27,100%
2025-09-12,F25,SHORTS,386,347,87,10%
2025-09-12,F25,SOCKS,18,18,4,0%
2025-09-12,F25,SWEATER,125,113,27,10%
2025-09-12,F25,SWEATPANTS,98,23,18,76%
2025-09-12,F25,TRACK JACKET,"4,185","3,998",899,4%
2025-09-12,F25,TRACK PANT,"3,253","3,097",692,5%
2025-09-12,F25,T-SHIRT,258,229,57,11%
2025-09-12,S24,FOOTWEAR,59,59,10,0%
2025-09-12,S24,LONG SLEEVE KNIT,176,86,30,51%
2025-09-12,S24,POLO,88,22,30,75%
2025-09-12,S24,TRACK JACKET,"1,820",953,417,48%
2025-09-12,S24,TRACK PANT,"1,375",689,299,50%
2025-09-12,S25,ACCESSORIES,88,48,17,45%
2025-09-12,S25,ACTIVE JACKET,-125,-63,-26,50%
2025-09-12,S25,BAG,150,75,89,50%
2025-09-12,S25,CABANA SHIRT,385,211,86,45%
2025-09-12,S25,CREWNECK,980,486,180,50%
2025-09-12,S25,DRESS,125,63,25,50%
2025-09-12,S25,FOOTWEAR,150,83,33,45%
2025-09-12,S25,HOODIE,"1,825",756,385,59%
2025-09-12,S25,LEGGINGS,0,-94,0,#DIV/0!
2025-09-12,S25,LONG SLEEVE KNIT,631,313,96,50%
2025-09-12,S25,POLO,"2,592","1,120",508,57%
2025-09-12,S25,PULLOVER,220,99,42,55%
2025-09-12,S25,SHORTS,"4,796","1,889","1,018",61%
2025-09-12,S25,SKIRT,58,-10,11,117%
2025-09-12,S25,SKORT,352,157,75,55%
2025-09-12,S25,SOCKS,72,39,16,46%
2025-09-12,S25,SPORT BRA,68,31,17,55%
2025-09-12,S25,SWEATER,"1,090",497,269,54%
2025-09-12,S25,SWEATPANTS,"1,938",877,378,55%
2025-09-12,S25,TANK TOP,342,151,71,56%
2025-09-12,S25,TRACK JACKET,"23,830","10,569","4,741",56%
2025-09-12,S25,TRACK PANT,"13,893","6,265","2,805",55%
2025-09-12,S25,T-SHIRT,"4,476","1,918",763,57%
2025-09-12,S25,VISOR,38,17,7,55%
2025-09-13,CORE,HAT,42,33,7,22%
2025-09-13,CORE,SOCKS,36,34,8,5%
2025-09-13,CORE,TRACK JACKET,"1,220","1,153",232,5%
2025-09-13,CORE,TRACK PANT,955,903,191,5%
2025-09-13,F22,HAT,48,17,8,65%
2025-09-13,F23,TRACK PANT,135,54,26,60%
2025-09-13,F24,ACCESSORIES,42,34,10,19%
2025-09-13,F24,CAMP SHIRT,285,88,61,69%
2025-09-13,F24,CREWNECK,125,48,45,62%
2025-09-13,F24,DRESS,135,42,22,69%
2025-09-13,F24,HOODIE,"1,085",368,242,66%
2025-09-13,F24,JACKET,325,68,55,79%
2025-09-13,F24,LONG SLEEVE KNIT,660,314,128,52%
2025-09-13,F24,OUTERWEAR,450,105,87,77%
2025-09-13,F24,POLO,973,379,398,61%
2025-09-13,F24,SHORTS,"1,196",513,263,57%
2025-09-13,F24,SKIRT,176,60,32,66%
2025-09-13,F24,SWEATER,"1,480",359,330,76%
2025-09-13,F24,SWEATPANTS,321,148,61,54%
2025-09-13,F24,TRACK JACKET,"3,485","1,168",694,66%
2025-09-13,F24,TRACK PANT,"3,260","1,034",684,68%
2025-09-13,F24,T-SHIRT,443,264,145,40%
2025-09-13,F25,CABANA SHIRT,405,378,96,7%
2025-09-13,F25,CREWNECK,110,98,20,11%
2025-09-13,F25,HAT,118,110,26,7%
2025-09-13,F25,HOODIE,248,237,46,4%
2025-09-13,F25,POLO,349,333,81,5%
2025-09-13,F25,PULLOVER,-125,-125,-27,0%
2025-09-13,F25,SHORTS,288,266,66,8%
2025-09-13,F25,SOCKS,18,16,4,10%
2025-09-13,F25,SWEATER,125,111,27,11%
2025-09-13,F25,SWEATPANTS,98,87,18,11%
2025-09-13,F25,TANK TOP,78,59,20,25%
2025-09-13,F25,TRACK JACKET,"1,830","1,664",392,9%
2025-09-13,F25,TRACK PANT,"1,543","1,335",347,13%
2025-09-13,F25,T-SHIRT,142,142,27,0%
2025-09-13,S24,SHORTS,146,85,27,42%
2025-09-13,S24,TRACK JACKET,"2,100","1,148",482,45%
2025-09-13,S24,TRACK PANT,"1,750",951,366,46%
2025-09-13,S25,0,88,34,18,61%
2025-09-13,S25,BAG,285,142,158,50%
2025-09-13,S25,CABANA SHIRT,510,243,110,52%
2025-09-13,S25,CAMP SHIRT,88,40,15,55%
2025-09-13,S25,CREWNECK,686,334,126,51%
2025-09-13,S25,DRESS,118,47,18,60%
2025-09-13,S25,HAT,232,128,48,45%
2025-09-13,S25,HOODIE,"1,200",563,255,53%
2025-09-13,S25,LEGGINGS,118,59,21,50%
2025-09-13,S25,LONG SLEEVE KNIT,604,279,80,54%
2025-09-13,S25,POLO,"2,396","1,105",483,54%
2025-09-13,S25,SHORTS,"4,844","2,119",994,56%
2025-09-13,S25,SKIRT,116,58,22,50%
2025-09-13,S25,SKORT,558,261,123,53%
2025-09-13,S25,SOCKS,144,65,33,55%
2025-09-13,S25,SWEATER,"2,075",978,485,53%
2025-09-13,S25,SWEATPANTS,"1,116",547,216,51%
2025-09-13,S25,SWEATSHIRT,330,155,54,53%
2025-09-13,S25,TANK TOP,48,0,11,100%
2025-09-13,S25,TRACK JACKET,"21,645","9,808","4,368",55%
2025-09-13,S25,TRACK PANT,"15,971","7,471","3,184",53%
2025-09-13,S25,T-SHIRT,"3,542","1,695",613,52%
2025-09-14,CORE,HAT,42,32,7,23%
2025-09-14,CORE,SOCKS,72,68,16,6%
2025-09-14,CORE,TRACK JACKET,"1,450","1,394",248,4%
2025-09-14,CORE,TRACK PANT,"1,240","1,122",209,9%
2025-09-14,F21,HAT,76,56,12,26%
2025-09-14,F22,HAT,48,17,8,65%
2025-09-14,F24,ACCESSORIES,42,20,10,52%
2025-09-14,F24,CAMP SHIRT,300,96,60,68%
2025-09-14,F24,DRESS,645,166,149,74%
2025-09-14,F24,HOODIE,650,153,159,76%
2025-09-14,F24,LEGGINGS,-110,-43,-21,61%
2025-09-14,F24,LONG SLEEVE KNIT,826,176,166,79%
2025-09-14,F24,OUTERWEAR,520,117,97,78%
2025-09-14,F24,POLO,"1,142",464,434,59%
2025-09-14,F24,SHORTS,"1,113",359,237,68%
2025-09-14,F24,SKIRT,166,68,50,59%
2025-09-14,F24,SPORT BRA,-68,-43,-19,36%
2025-09-14,F24,SWEATER,545,138,131,75%
2025-09-14,F24,SWEATPANTS,235,99,49,58%
2025-09-14,F24,SWEATSHIRT,125,64,26,49%
2025-09-14,F24,TRACK JACKET,"2,775",838,584,70%
2025-09-14,F24,TRACK PANT,"2,795",877,614,69%
2025-09-14,F24,T-SHIRT,426,191,113,55%
2025-09-14,F25,CABANA SHIRT,810,778,192,4%
2025-09-14,F25,CREWNECK,68,68,14,0%
2025-09-14,F25,KNITWEAR,270,270,70,0%
2025-09-14,F25,POLO,178,138,41,23%
2025-09-14,F25,SHORTS,318,295,74,7%
2025-09-14,F25,SKIRT,78,78,19,0%
2025-09-14,F25,SKORT,58,58,10,0%
2025-09-14,F25,SWEATER,348,324,76,7%
2025-09-14,F25,TRACK JACKET,"2,350","2,208",519,6%
2025-09-14,F25,TRACK PANT,"1,045",918,235,12%
2025-09-14,F25,T-SHIRT,110,110,23,0%
2025-09-14,S24,FOOTWEAR,204,184,56,10%
2025-09-14,S24,POLO,176,37,60,79%
2025-09-14,S24,SHORTS,78,30,13,62%
2025-09-14,S24,TRACK JACKET,"2,230","1,155",505,48%
2025-09-14,S24,TRACK PANT,"1,500",820,321,45%
2025-09-14,S25,CABANA SHIRT,250,120,51,52%
2025-09-14,S25,CREWNECK,686,394,126,43%
2025-09-14,S25,DRESS,118,53,18,55%
2025-09-14,S25,HAT,58,29,12,50%
2025-09-14,S25,HOODIE,875,400,182,54%
2025-09-14,S25,JACKET,165,83,32,50%
2025-09-14,S25,LONG SLEEVE KNIT,974,423,130,57%
2025-09-14,S25,POLO,"3,008","1,386",599,54%
2025-09-14,S25,PULLOVER,220,99,42,55%
2025-09-14,S25,SHORTS,"3,864","1,806",815,53%
2025-09-14,S25,SKIRT,58,26,11,55%
2025-09-14,S25,SKORT,420,212,86,49%
2025-09-14,S25,SOCKS,198,92,46,53%
2025-09-14,S25,SWEATER,"1,925",922,426,52%
2025-09-14,S25,SWEATPANTS,"1,028",532,198,48%
2025-09-14,S25,SWEATSHIRT,330,105,54,68%
2025-09-14,S25,TANK TOP,194,96,37,51%
2025-09-14,S25,TRACK JACKET,"17,760","8,175","3,540",54%
2025-09-14,S25,TRACK PANT,"12,196","5,519","2,432",55%
2025-09-14,S25,T-SHIRT,"2,652","1,239",457,53%
2025-09-14,S26,BUTTON DOWN SHIRT,165,165,70,0%
2025-09-14,S26,HAT,85,85,37,0%
2025-09-14,S26,T-SHIRT,65,51,18,22%
2025-09-15,CORE,ACCESSORIES,30,24,11,19%
2025-09-15,CORE,HAT,84,84,14,0%
2025-09-15,CORE,SOCKS,54,47,12,12%
2025-09-15,CORE,TRACK JACKET,890,827,160,7%
2025-09-15,CORE,TRACK PANT,455,405,79,11%
2025-09-15,F21,HAT,76,51,12,33%
2025-09-15,F22,HAT,48,18,8,63%
2025-09-15,F24,ACCESSORIES,42,20,10,52%
2025-09-15,F24,DRESS,175,28,54,84%
2025-09-15,F24,HOODIE,925,369,212,60%
2025-09-15,F24,JACKET,325,58,55,82%
2025-09-15,F24,LONG SLEEVE KNIT,973,296,203,70%
2025-09-15,F24,OUTERWEAR,675,190,147,72%
2025-09-15,F24,POLO,"1,104",440,435,60%
2025-09-15,F24,SHORTS,515,179,113,65%
2025-09-15,F24,SKIRT,344,202,102,41%
2025-09-15,F24,SWEATER,295,87,68,71%
2025-09-15,F24,SWEATPANTS,348,183,68,47%
2025-09-15,F24,TRACK JACKET,"4,675","1,529",953,67%
2025-09-15,F24,TRACK PANT,"4,085","1,287",906,69%
2025-09-15,F24,T-SHIRT,794,394,210,50%
2025-09-15,F25,CABANA SHIRT,0,-6,0,#DIV/0!
2025-09-15,F25,CREWNECK,68,68,14,0%
2025-09-15,F25,KNITWEAR,360,297,89,18%
2025-09-15,F25,LONG SLEEVE KNIT,78,62,12,20%
2025-09-15,F25,POLO,68,52,17,23%
2025-09-15,F25,SHORTS,-36,-68,-7,-89%
2025-09-15,F25,SOCKS,18,14,4,23%
2025-09-15,F25,SWEATER,250,250,54,0%
2025-09-15,F25,SWEATPANTS,186,166,36,11%
2025-09-15,F25,TANK TOP,58,46,15,21%
2025-09-15,F25,TRACK JACKET,"3,255","2,962",705,9%
2025-09-15,F25,TRACK PANT,"3,020","2,747",669,9%
2025-09-15,F25,T-SHIRT,-122,-107,-24,12%
2025-09-15,S24,FOOTWEAR,140,61,41,56%
2025-09-15,S24,POLO,68,42,12,38%
2025-09-15,S24,SHORTS,135,22,25,84%
2025-09-15,S24,SKIRT,78,62,15,21%
2025-09-15,S24,TRACK JACKET,"3,780","1,911",843,49%
2025-09-15,S24,TRACK PANT,"3,150","1,583",742,50%
2025-09-15,S24,T-SHIRT,58,35,23,40%
2025-09-15,S25,0,59,25,8,57%
2025-09-15,S25,BAG,150,65,89,56%
2025-09-15,S25,CABANA SHIRT,270,135,64,50%
2025-09-15,S25,CAMP SHIRT,88,44,15,50%
2025-09-15,S25,CREWNECK,294,156,54,47%
2025-09-15,S25,DRESS,228,109,41,52%
2025-09-15,S25,HAT,58,29,12,50%
2025-09-15,S25,HOODIE,500,223,103,55%
2025-09-15,S25,JACKET,495,209,96,58%
2025-09-15,S25,LEGGINGS,68,34,16,50%
2025-09-15,S25,LONG SLEEVE KNIT,994,417,130,58%
2025-09-15,S25,PANTS,210,86,44,59%
2025-09-15,S25,POLO,"2,508","1,037",475,59%
2025-09-15,S25,PULLOVER,235,118,46,50%
2025-09-15,S25,SHOES,170,75,41,56%
2025-09-15,S25,SHORTS,"4,634","2,171",960,53%
2025-09-15,S25,SKIRT,78,31,2,61%
2025-09-15,S25,SKORT,616,285,132,54%
2025-09-15,S25,SOCKS,144,71,32,51%
2025-09-15,S25,SWEATER,"3,830","1,673",907,56%
2025-09-15,S25,SWEATPANTS,656,313,126,52%
2025-09-15,S25,SWEATSHIRT,330,139,54,58%
2025-09-15,S25,TANK TOP,436,223,84,49%
2025-09-15,S25,TRACK JACKET,"39,660","18,124","7,839",54%
2025-09-15,S25,TRACK PANT,"25,957","12,066","5,067",54%
2025-09-15,S25,T-SHIRT,"4,790","2,249",824,53%
2025-09-15,S26,SWEATPANTS,130,117,37,10%
2025-09-15,S26,TRACK JACKET,195,169,30,13%
2025-09-15,S26,T-SHIRT,130,130,36,0%
2025-09-15,SS22,T-SHIRT,46,21,12,54%
2025-09-16,CORE,ACCESSORIES,12,9,6,24%
2025-09-16,CORE,HAT,42,42,7,0%
2025-09-16,CORE,SOCKS,72,73,16,-1%
2025-09-16,CORE,TRACK JACKET,"1,410","1,366",282,3%
2025-09-16,CORE,TRACK PANT,955,934,191,2%
2025-09-16,F22,HAT,96,42,16,56%
2025-09-16,F23,TRACK PANT,98,25,17,74%
2025-09-16,F24,DRESS,620,141,152,77%
2025-09-16,F24,HOODIE,"1,635",307,399,81%
2025-09-16,F24,JACKET,325,76,55,77%
2025-09-16,F24,LONG SLEEVE KNIT,545,271,96,50%
2025-09-16,F24,OUTERWEAR,"1,125",320,245,72%
2025-09-16,F24,POLO,212,57,52,73%
2025-09-16,F24,SHORTS,478,246,117,49%
2025-09-16,F24,SWEATER,"2,025",505,461,75%
2025-09-16,F24,SWEATPANTS,98,56,18,43%
2025-09-16,F24,SWEATSHIRT,190,62,47,67%
2025-09-16,F24,TRACK JACKET,"6,760","2,337","1,334",65%
2025-09-16,F24,TRACK PANT,"5,930","1,863","1,287",69%
2025-09-16,F24,T-SHIRT,222,126,63,43%
2025-09-16,F25,CABANA SHIRT,270,270,64,0%
2025-09-16,F25,HAT,38,32,8,16%
2025-09-16,F25,HOODIE,660,610,127,8%
2025-09-16,F25,KNITWEAR,30,69,4,-130%
2025-09-16,F25,LONG SLEEVE KNIT,213,205,39,4%
2025-09-16,F25,OUTERWEAR,775,753,168,3%
2025-09-16,F25,POLO,321,286,69,11%
2025-09-16,F25,SHORTS,648,648,139,0%
2025-09-16,F25,SOCKS,18,14,4,22%
2025-09-16,F25,SWEATER,500,425,108,15%
2025-09-16,F25,SWEATPANTS,348,297,69,15%
2025-09-16,F25,TRACK JACKET,"6,178","5,958","1,336",4%
2025-09-16,F25,TRACK PANT,"5,073","4,865","1,110",4%
2025-09-16,F25,T-SHIRT,608,594,135,2%
2025-09-16,S24,POLO,88,22,30,75%
2025-09-16,S24,SHORTS,74,45,17,39%
2025-09-16,S24,SKORT,88,36,19,59%
2025-09-16,S24,TRACK JACKET,"1,680",832,369,50%
2025-09-16,S24,TRACK PANT,"1,250",695,275,44%
2025-09-16,S25,0,147,65,26,56%
2025-09-16,S25,ACTIVE JACKET,125,63,26,50%
2025-09-16,S25,CABANA SHIRT,468,214,101,54%
2025-09-16,S25,CAMP SHIRT,88,34,15,61%
2025-09-16,S25,CREWNECK,490,263,90,46%
2025-09-16,S25,HAT,-58,-27,-12,53%
2025-09-16,S25,HOODIE,"1,775",840,380,53%
2025-09-16,S25,JACKET,330,135,64,59%
2025-09-16,S25,LONG SLEEVE KNIT,448,218,60,51%
2025-09-16,S25,PANTS,210,105,44,50%
2025-09-16,S25,POLO,"3,840","1,666",722,57%
2025-09-16,S25,PULLOVER,110,50,21,55%
2025-09-16,S25,SHORTS,"4,782","1,960",980,59%
2025-09-16,S25,SKIRT,98,59,20,40%
2025-09-16,S25,SKORT,832,401,185,52%
2025-09-16,S25,SOCKS,216,108,49,50%
2025-09-16,S25,SWEATER,"2,735","1,235",640,55%
2025-09-16,S25,SWEATPANTS,"1,096",572,216,48%
2025-09-16,S25,SWEATSHIRT,660,288,108,56%
2025-09-16,S25,TANK TOP,400,201,79,50%
2025-09-16,S25,TRACK JACKET,"27,705","12,819","5,412",54%
2025-09-16,S25,TRACK PANT,"21,290","10,018","4,141",53%
2025-09-16,S25,T-SHIRT,"3,548","1,604",614,55%
2025-09-16,S25,VISOR,38,17,7,56%
2025-09-16,S26,HAT,80,64,36,20%
2025-09-16,S26,JEANS,165,165,65,0%
2025-09-16,S26,TRACK JACKET,195,195,30,0%
2025-09-16,S26,T-SHIRT,65,65,18,0%
2025-09-17,CORE,SOCKS,0,-4,0,#DIV/0!
2025-09-17,CORE,TRACK JACKET,"1,295","1,244",274,4%
2025-09-17,CORE,TRACK PANT,735,693,157,6%
2025-09-17,F22,HAT,48,16,8,67%
2025-09-17,F24,ACCESSORIES,130,37,28,72%
2025-09-17,F24,DRESS,570,154,149,73%
2025-09-17,F24,HOODIE,900,69,246,92%
2025-09-17,F24,LONG SLEEVE KNIT,"2,118",756,436,64%
2025-09-17,F24,OUTERWEAR,675,194,148,71%
2025-09-17,F24,POLO,294,144,89,51%
2025-09-17,F24,SHORTS,178,92,45,48%
2025-09-17,F24,SKIRT,254,63,66,75%
2025-09-17,F24,SWEATER,220,7,53,97%
2025-09-17,F24,SWEATPANTS,223,100,43,55%
2025-09-17,F24,SWEATSHIRT,145,40,55,72%
2025-09-17,F24,TRACK JACKET,"3,575","1,047",754,71%
2025-09-17,F24,TRACK PANT,"2,890",774,680,73%
2025-09-17,F24,T-SHIRT,272,118,52,56%
2025-09-17,F25,CABANA SHIRT,0,0,0,#DIV/0!
2025-09-17,F25,CREWNECK,50,50,9,0%
2025-09-17,F25,HOODIE,600,488,116,19%
2025-09-17,F25,KNITWEAR,-135,-162,-35,-20%
2025-09-17,F25,LONG SLEEVE KNIT,135,135,27,0%
2025-09-17,F25,OUTERWEAR,-325,-325,-70,0%
2025-09-17,F25,POLO,214,200,50,6%
2025-09-17,F25,SHORTS,234,226,55,3%
2025-09-17,F25,SKIRT,-78,-78,-19,0%
2025-09-17,F25,SKORT,-58,-58,-10,0%
2025-09-17,F25,SWEATER,446,410,98,8%
2025-09-17,F25,SWEATPANTS,375,363,75,3%
2025-09-17,F25,TANK TOP,58,0,15,100%
2025-09-17,F25,TRACK JACKET,"3,275","3,119",716,5%
2025-09-17,F25,TRACK PANT,"2,773","2,639",631,5%
2025-09-17,F25,T-SHIRT,58,52,13,10%
2025-09-17,S24,SKORT,88,36,19,59%
2025-09-17,S24,SPORT BRA,-64,-20,-15,69%
2025-09-17,S24,TRACK JACKET,"1,680",906,384,46%
2025-09-17,S24,TRACK PANT,"1,375",663,285,52%
2025-09-17,S25,0,59,25,8,58%
2025-09-17,S25,CABANA SHIRT,0,14,3,#DIV/0!
2025-09-17,S25,CAMP SHIRT,0,-4,0,#DIV/0!
2025-09-17,S25,CREWNECK,294,177,54,40%
2025-09-17,S25,DRESS,250,106,46,58%
2025-09-17,S25,FOOTWEAR,150,83,33,45%
2025-09-17,S25,HAT,174,89,36,49%
2025-09-17,S25,HOODIE,925,423,196,54%
2025-09-17,S25,JACKET,165,83,32,50%
2025-09-17,S25,LEGGINGS,-68,-34,-16,50%
2025-09-17,S25,LONG SLEEVE KNIT,272,122,40,55%
2025-09-17,S25,PANTS,-210,-105,-44,50%
2025-09-17,S25,POLO,"1,993",974,420,51%
2025-09-17,S25,PULLOVER,220,84,42,62%
2025-09-17,S25,SHORTS,"2,726","1,217",549,55%
2025-09-17,S25,SKIRT,186,108,21,42%
2025-09-17,S25,SKORT,244,105,47,57%
2025-09-17,S25,SOCKS,54,27,12,50%
2025-09-17,S25,SWEATER,"2,075",978,496,53%
2025-09-17,S25,SWEATPANTS,480,217,90,55%
2025-09-17,S25,SWEATSHIRT,330,160,54,52%
2025-09-17,S25,TANK TOP,136,19,30,86%
2025-09-17,S25,TRACK JACKET,"17,905","7,962","3,655",56%
2025-09-17,S25,TRACK PANT,"11,835","5,267","2,321",55%
2025-09-17,S25,T-SHIRT,"2,826","1,234",476,56%
2025-09-17,S26,SWEATPANTS,130,105,37,19%
2025-09-18,CORE,SOCKS,72,76,16,-6%
2025-09-18,CORE,TRACK JACKET,"1,385","1,132",268,18%
2025-09-18,CORE,TRACK PANT,"1,175","1,062",225,10%
2025-09-18,F23,SHORTS,68,29,13,58%
2025-09-18,F23,TRACK PANT,125,0,21,100%
2025-09-18,F24,ACCESSORIES,88,24,18,73%
2025-09-18,F24,HOODIE,"1,250",234,315,81%
2025-09-18,F24,LONG SLEEVE KNIT,312,115,60,63%
2025-09-18,F24,OUTERWEAR,450,125,100,72%
2025-09-18,F24,POLO,400,154,209,62%
2025-09-18,F24,SHORTS,370,221,105,40%
2025-09-18,F24,SKIRT,-10,-38,18,-284%
2025-09-18,F24,SWEATER,"1,430",379,335,74%
2025-09-18,F24,SWEATPANTS,348,133,68,62%
2025-09-18,F24,TRACK JACKET,"2,770",943,547,66%
2025-09-18,F24,TRACK PANT,"3,095","1,016",680,67%
2025-09-18,F24,T-SHIRT,260,153,105,41%
2025-09-18,F25,CABANA SHIRT,135,135,32,0%
2025-09-18,F25,CREWNECK,110,84,20,23%
2025-09-18,F25,HAT,38,38,8,0%
2025-09-18,F25,HOODIE,128,128,23,0%
2025-09-18,F25,KNITWEAR,225,225,58,0%
2025-09-18,F25,LONG SLEEVE KNIT,213,213,39,0%
2025-09-18,F25,OUTERWEAR,-325,-293,-70,10%
2025-09-18,F25,POLO,203,203,45,0%
2025-09-18,F25,PULLOVER,125,125,27,0%
2025-09-18,F25,SHORTS,322,322,72,0%
2025-09-18,F25,SOCKS,18,18,4,0%
2025-09-18,F25,SWEATER,473,473,105,0%
2025-09-18,F25,SWEATPANTS,98,75,18,23%
2025-09-18,F25,TRACK JACKET,"2,085","1,950",462,6%
2025-09-18,F25,TRACK PANT,"2,310","2,137",505,7%
2025-09-18,F25,T-SHIRT,248,248,52,0%
2025-09-18,S24,TRACK JACKET,"1,535",814,352,47%
2025-09-18,S24,TRACK PANT,"1,375",602,280,56%
2025-09-18,S25,0,176,84,36,53%
2025-09-18,S25,CAMP SHIRT,88,44,15,50%
2025-09-18,S25,CREWNECK,294,171,54,42%
2025-09-18,S25,HAT,58,32,12,45%
2025-09-18,S25,HOODIE,"1,275",482,267,62%
2025-09-18,S25,JACKET,330,135,64,59%
2025-09-18,S25,LEGGINGS,110,50,21,55%
2025-09-18,S25,LONG SLEEVE KNIT,526,252,70,52%
2025-09-18,S25,POLO,"2,058",902,380,56%
2025-09-18,S25,PULLOVER,110,55,21,50%
2025-09-18,S25,SHORTS,"2,906","1,270",592,56%
2025-09-18,S25,SKIRT,-78,-33,-2,58%
2025-09-18,S25,SKORT,88,44,18,50%
2025-09-18,S25,SOCKS,126,59,28,53%
2025-09-18,S25,SWEATER,"2,310","1,105",522,52%
2025-09-18,S25,SWEATPANTS,754,344,144,54%
2025-09-18,S25,SWEATSHIRT,110,55,18,50%
2025-09-18,S25,TANK TOP,-146,-57,-34,61%
2025-09-18,S25,TRACK JACKET,"17,700","8,025","3,648",55%
2025-09-18,S25,TRACK PANT,"11,617","5,116","2,342",56%
2025-09-18,S25,T-SHIRT,"3,132","1,488",544,52%
2025-09-19,CORE,SOCKS,-18,-18,-4,0%
2025-09-19,CORE,TRACK JACKET,"1,575","1,213",318,23%
2025-09-19,CORE,TRACK PANT,"1,315","1,165",264,11%
2025-09-19,F21,HAT,38,28,6,26%
2025-09-19,F22,SWEATPANTS,100,46,24,54%
2025-09-19,F24,DRESS,135,38,22,72%
2025-09-19,F24,HOODIE,250,50,63,80%
2025-09-19,F24,LEGGINGS,110,50,21,55%
2025-09-19,F24,LONG SLEEVE KNIT,35,-56,2,260%
2025-09-19,F24,OUTERWEAR,675,210,148,69%
2025-09-19,F24,POLO,373,122,169,67%
2025-09-19,F24,SHORTS,78,62,17,21%
2025-09-19,F24,SKIRT,78,44,34,44%
2025-09-19,F24,SPORT BRA,68,56,19,18%
2025-09-19,F24,SWEATER,795,199,195,75%
2025-09-19,F24,SWEATSHIRT,125,57,26,54%
2025-09-19,F24,TRACK JACKET,"1,085",50,177,95%
2025-09-19,F24,TRACK PANT,"1,580",546,301,65%
2025-09-19,F24,T-SHIRT,240,200,79,17%
2025-09-19,F25,CABANA SHIRT,135,135,32,0%
2025-09-19,F25,CROP TOP,78,62,18,20%
2025-09-19,F25,HAT,38,38,8,0%
2025-09-19,F25,HOODIE,270,243,52,10%
2025-09-19,F25,KNITWEAR,225,225,58,0%
2025-09-19,F25,POLO,146,131,35,10%
2025-09-19,F25,SHORTS,110,110,25,0%
2025-09-19,F25,SKORT,146,128,32,12%
2025-09-19,F25,SWEATER,125,125,28,0%
2025-09-19,F25,SWEATPANTS,125,102,25,18%
2025-09-19,F25,TANK TOP,-58,-46,-15,21%
2025-09-19,F25,TRACK JACKET,"2,045","2,017",458,1%
2025-09-19,F25,TRACK PANT,"1,880","1,731",419,8%
2025-09-19,F25,T-SHIRT,-422,-431,-105,-2%
2025-09-19,S24,DRESS,0,-54,0,#DIV/0!
2025-09-19,S24,TRACK JACKET,"1,810",955,396,47%
2025-09-19,S24,TRACK PANT,"1,375",765,289,44%
2025-09-19,S25,0,88,40,18,55%
2025-09-19,S25,CABANA SHIRT,380,207,85,46%
2025-09-19,S25,CREWNECK,392,230,72,41%
2025-09-19,S25,HAT,174,96,36,45%
2025-09-19,S25,HOODIE,900,433,189,52%
2025-09-19,S25,LEGGINGS,110,55,20,50%
2025-09-19,S25,LONG SLEEVE KNIT,495,244,76,51%
2025-09-19,S25,PANTS,210,105,44,50%
2025-09-19,S25,POLO,"1,089",450,193,59%
2025-09-19,S25,SHORTS,"1,616",657,336,59%
2025-09-19,S25,SKIRT,284,147,61,48%
2025-09-19,S25,SKORT,450,214,98,52%
2025-09-19,S25,SOCKS,72,37,17,48%
2025-09-19,S25,SWEATER,"1,525",751,363,51%
2025-09-19,S25,SWEATPANTS,"1,126",593,216,47%
2025-09-19,S25,TANK TOP,262,93,50,65%
2025-09-19,S25,TRACK JACKET,"15,715","7,176","3,031",54%
2025-09-19,S25,TRACK PANT,"8,583","3,589","1,652",58%
2025-09-19,S25,T-SHIRT,"2,096",979,380,53%
2025-09-20,CORE,SOCKS,36,32,8,11%
2025-09-20,CORE,TRACK JACKET,470,305,94,35%
2025-09-20,CORE,TRACK PANT,485,360,101,26%
2025-09-20,F22,HAT,48,15,8,70%
2025-09-20,F23,OUTERWEAR,175,62,40,65%
2025-09-20,F23,TRACK PANT,110,62,23,44%
2025-09-20,F23,T-SHIRT,68,30,12,56%
2025-09-20,F24,0,145,132,53,9%
2025-09-20,F24,ACCESSORIES,42,20,10,52%
2025-09-20,F24,HOODIE,650,148,159,77%
2025-09-20,F24,JACKET,325,76,55,77%
2025-09-20,F24,LONG SLEEVE KNIT,370,159,68,57%
2025-09-20,F24,OUTERWEAR,900,250,175,72%
2025-09-20,F24,POLO,382,186,123,51%
2025-09-20,F24,SHORTS,166,90,47,46%
2025-09-20,F24,SPORT BRA,68,43,19,36%
2025-09-20,F24,SWEATER,590,160,136,73%
2025-09-20,F24,SWEATPANTS,110,44,25,60%
2025-09-20,F24,SWEATSHIRT,125,56,26,55%
2025-09-20,F24,TRACK JACKET,"1,450",491,284,66%
2025-09-20,F24,TRACK PANT,810,295,164,64%
2025-09-20,F24,T-SHIRT,136,17,30,88%
2025-09-20,F25,CREWNECK,68,59,14,13%
2025-09-20,F25,LONG SLEEVE KNIT,213,213,39,0%
2025-09-20,F25,POLO,125,125,27,0%
2025-09-20,F25,SWEATPANTS,186,175,36,6%
2025-09-20,F25,TANK TOP,58,58,15,0%
2025-09-20,F25,TRACK JACKET,"1,790","1,601",394,11%
2025-09-20,F25,TRACK PANT,"1,978","1,681",436,15%
2025-09-20,F25,T-SHIRT,58,58,13,0%
2025-09-20,S24,TRACK JACKET,980,500,214,49%
2025-09-20,S24,TRACK PANT,875,447,173,49%
2025-09-20,S25,ACTIVE JACKET,125,49,26,61%
2025-09-20,S25,CREWNECK,-98,-59,-18,40%
2025-09-20,S25,FOOTWEAR,150,68,33,54%
2025-09-20,S25,HAT,116,58,24,50%
2025-09-20,S25,HOODIE,125,53,26,58%
2025-09-20,S25,JACKET,495,241,96,51%
2025-09-20,S25,LONG SLEEVE KNIT,203,102,36,50%
2025-09-20,S25,POLO,"1,502",725,287,52%
2025-09-20,S25,SHOES,170,94,41,45%
2025-09-20,S25,SHORTS,"2,290","1,031",491,55%
2025-09-20,S25,SKORT,68,45,11,34%
2025-09-20,S25,SWEATER,705,344,166,51%
2025-09-20,S25,SWEATPANTS,10,-12,0,218%
2025-09-20,S25,SWEATSHIRT,220,99,36,55%
2025-09-20,S25,TANK TOP,0,4,0,#DIV/0!
2025-09-20,S25,TRACK JACKET,"13,165","5,988","2,605",55%
2025-09-20,S25,TRACK PANT,"7,863","3,638","1,586",54%
2025-09-20,S25,T-SHIRT,"1,488",758,256,49%
2025-09-21,CORE,ACCESSORIES,12,9,6,25%
2025-09-21,CORE,SOCKS,90,87,20,4%
2025-09-21,CORE,TRACK JACKET,"1,335","1,206",240,10%
2025-09-21,CORE,TRACK PANT,815,714,152,12%
2025-09-21,F22,HAT,48,14,8,70%
2025-09-21,F24,DRESS,125,36,35,71%
2025-09-21,F24,HOODIE,250,0,63,100%
2025-09-21,F24,LONG SLEEVE KNIT,135,52,27,61%
2025-09-21,F24,OUTERWEAR,295,52,48,82%
2025-09-21,F24,POLO,78,35,21,55%
2025-09-21,F24,SHORTS,95,34,17,64%
2025-09-21,F24,TRACK JACKET,930,262,194,72%
2025-09-21,F24,TRACK PANT,695,267,144,62%
2025-09-21,F25,HOODIE,316,292,57,7%
2025-09-21,F25,OUTERWEAR,775,730,172,6%
2025-09-21,F25,POLO,234,218,55,7%
2025-09-21,F25,SHORTS,380,372,87,2%
2025-09-21,F25,SOCKS,18,18,4,0%
2025-09-21,F25,SWEATER,110,84,20,24%
2025-09-21,F25,SWEATPANTS,125,113,25,10%
2025-09-21,F25,TRACK JACKET,"3,515","3,122",779,11%
2025-09-21,F25,TRACK PANT,"2,815","2,472",642,12%
2025-09-21,F25,T-SHIRT,408,408,99,0%
2025-09-21,S24,TRACK JACKET,"1,400",792,328,43%
2025-09-21,S24,TRACK PANT,"1,250",707,275,43%
2025-09-21,S24,T-SHIRT,58,35,23,40%
2025-09-21,S25,0,176,84,36,53%
2025-09-21,S25,ACCESSORIES,118,65,25,45%
2025-09-21,S25,BAG,150,62,89,58%
2025-09-21,S25,CREWNECK,490,281,90,43%
2025-09-21,S25,FOOTWEAR,150,75,33,50%
2025-09-21,S25,HAT,174,87,36,50%
2025-09-21,S25,HOODIE,"1,025",485,215,53%
2025-09-21,S25,LONG SLEEVE KNIT,234,100,30,57%
2025-09-21,S25,PADDLE,116,104,21,10%
2025-09-21,S25,PANTS,210,82,44,61%
2025-09-21,S25,POLO,"1,326",634,259,52%
2025-09-21,S25,SHOES,340,141,82,59%
2025-09-21,S25,SHORTS,"1,964",948,405,52%
2025-09-21,S25,SOCKS,126,64,28,49%
2025-09-21,S25,SWEATER,845,468,193,45%
2025-09-21,S25,SWEATPANTS,862,425,162,51%
2025-09-21,S25,SWEATSHIRT,220,97,36,56%
2025-09-21,S25,TANK TOP,260,130,59,50%
2025-09-21,S25,TRACK JACKET,"12,320","5,688","2,454",54%
2025-09-21,S25,TRACK PANT,"8,089","3,845","1,625",52%
2025-09-21,S25,T-SHIRT,"1,766",804,316,54%
2025-09-21,S26,CREWNECK,165,165,29,0%
2025-09-21,S26,HAT,85,85,37,0%
2025-09-21,S26,SWEATPANTS,130,130,37,0%
2025-09-22,CORE,HAT,42,38,7,10%
2025-09-22,CORE,SOCKS,18,16,4,10%
2025-09-22,CORE,TRACK JACKET,470,289,94,39%
2025-09-22,CORE,TRACK PANT,360,98,73,73%
2025-09-22,F21,HAT,38,28,6,26%
2025-09-22,F22,SWEATPANTS,-100,-46,-24,54%
2025-09-22,F23,OUTERWEAR,175,62,40,65%
2025-09-22,F24,ACCESSORIES,126,72,30,43%
2025-09-22,F24,DRESS,175,36,54,79%
2025-09-22,F24,HOODIE,500,100,126,80%
2025-09-22,F24,LONG SLEEVE KNIT,118,36,24,69%
2025-09-22,F24,OUTERWEAR,520,94,86,82%
2025-09-22,F24,POLO,617,322,211,48%
2025-09-22,F24,SKIRT,176,76,32,57%
2025-09-22,F24,SWEATER,885,224,204,75%
2025-09-22,F24,SWEATPANTS,110,37,25,66%
2025-09-22,F24,TRACK JACKET,"2,625","1,048",534,60%
2025-09-22,F24,TRACK PANT,"1,610",669,335,58%
2025-09-22,F24,T-SHIRT,68,33,15,51%
2025-09-22,F25,CABANA SHIRT,405,270,96,33%
2025-09-22,F25,CONTOUR JACKET,-135,0,-29,100%
2025-09-22,F25,CROP TOP,-78,0,-18,100%
2025-09-22,F25,HAT,42,42,10,0%
2025-09-22,F25,HOODIE,150,150,29,0%
2025-09-22,F25,KNITWEAR,-225,-225,-58,0%
2025-09-22,F25,SHORTS,298,180,69,40%
2025-09-22,F25,SKORT,-30,-17,-12,44%
2025-09-22,F25,SWEATPANTS,125,125,25,0%
2025-09-22,F25,TRACK JACKET,"2,605","2,548",549,2%
2025-09-22,F25,TRACK PANT,"1,633","1,376",355,16%
2025-09-22,F25,T-SHIRT,514,508,117,1%
2025-09-22,S24,SHORTS,270,52,50,81%
2025-09-22,S24,TRACK JACKET,560,304,124,46%
2025-09-22,S24,TRACK PANT,625,326,130,48%
2025-09-22,S25,0,176,88,36,50%
2025-09-22,S25,CABANA SHIRT,115,70,21,39%
2025-09-22,S25,CREWNECK,98,73,18,26%
2025-09-22,S25,DRESS,125,63,25,50%
2025-09-22,S25,HAT,116,64,24,45%
2025-09-22,S25,HOODIE,250,137,52,45%
2025-09-22,S25,JACKET,165,88,32,47%
2025-09-22,S25,LONG SLEEVE KNIT,125,63,26,50%
2025-09-22,S25,POLO,890,407,136,54%
2025-09-22,S25,PULLOVER,110,55,21,50%
2025-09-22,S25,SHORTS,"1,086",547,209,50%
2025-09-22,S25,SKIRT,-78,-39,-2,50%
2025-09-22,S25,SKORT,362,188,80,48%
2025-09-22,S25,SOCKS,36,18,8,50%
2025-09-22,S25,SWEATER,50,-8,14,116%
2025-09-22,S25,SWEATPANTS,196,111,36,44%
2025-09-22,S25,SWEATSHIRT,110,55,18,50%
2025-09-22,S25,TANK TOP,10,17,-3,-67%
2025-09-22,S25,TRACK JACKET,"10,665","4,552","2,069",57%
2025-09-22,S25,TRACK PANT,"7,184","3,189","1,453",56%
2025-09-22,S25,T-SHIRT,"1,810",903,302,50%
2025-09-23,CORE,HAT,168,128,29,24%
2025-09-23,CORE,SOCKS,18,16,4,10%
2025-09-23,CORE,TRACK JACKET,"1,740","1,404",354,19%
2025-09-23,CORE,TRACK PANT,"1,190",970,236,18%
2025-09-23,F22,HAT,96,30,16,69%
2025-09-23,F23,SHORTS,68,37,13,45%
2025-09-23,F24,ACCESSORIES,88,18,18,80%
2025-09-23,F24,CAMP SHIRT,150,55,30,63%
2025-09-23,F24,DRESS,"1,270",283,360,78%
2025-09-23,F24,HOODIE,"1,070",259,230,76%
2025-09-23,F24,LEGGINGS,110,50,21,55%
2025-09-23,F24,LONG SLEEVE KNIT,"1,350",521,256,61%
2025-09-23,F24,OUTERWEAR,225,72,49,68%
2025-09-23,F24,POLO,"1,019",381,421,63%
2025-09-23,F24,SHORTS,934,318,216,66%
2025-09-23,F24,SWEATER,590,174,136,71%
2025-09-23,F24,SWEATPANTS,208,66,43,68%
2025-09-23,F24,SWEATSHIRT,335,92,102,73%
2025-09-23,F24,TRACK JACKET,"4,835","1,874","1,103",61%
2025-09-23,F24,TRACK PANT,"3,895","1,309",798,66%
2025-09-23,F24,T-SHIRT,496,201,120,60%
2025-09-23,F25,CABANA SHIRT,405,223,96,45%
2025-09-23,F25,CROP TOP,146,127,34,13%
2025-09-23,F25,HAT,152,152,32,0%
2025-09-23,F25,HOODIE,660,558,127,15%
2025-09-23,F25,KNITWEAR,845,665,218,21%
2025-09-23,F25,LONG SLEEVE KNIT,348,275,66,21%
2025-09-23,F25,POLO,78,78,19,0%
2025-09-23,F25,SHORTS,580,455,129,22%
2025-09-23,F25,SKIRT,78,62,17,20%
2025-09-23,F25,SKORT,88,66,22,25%
2025-09-23,F25,SOCKS,18,14,4,25%
2025-09-23,F25,SWEATER,375,375,82,0%
2025-09-23,F25,SWEATPANTS,321,147,63,54%
2025-09-23,F25,TRACK JACKET,"5,335","4,293","1,166",20%
2025-09-23,F25,TRACK PANT,"3,417","2,683",739,21%
2025-09-23,F25,T-SHIRT,164,128,32,22%
2025-09-23,S24,SHORTS,135,20,25,86%
2025-09-23,S24,TANK TOP,68,33,11,51%
2025-09-23,S24,TRACK JACKET,"1,260",644,282,49%
2025-09-23,S24,TRACK PANT,"1,125",590,224,48%
2025-09-23,S25,0,176,77,36,56%
2025-09-23,S25,ACTIVE JACKET,125,63,26,50%
2025-09-23,S25,CABANA SHIRT,135,68,32,50%
2025-09-23,S25,CAMP SHIRT,176,70,30,60%
2025-09-23,S25,CREWNECK,"1,176",602,216,49%
2025-09-23,S25,DRESS,243,109,43,55%
2025-09-23,S25,HAT,58,32,12,45%
2025-09-23,S25,HOODIE,900,415,189,54%
2025-09-23,S25,LONG SLEEVE KNIT,448,206,60,54%
2025-09-23,S25,PANTS,-210,-89,-44,58%
2025-09-23,S25,POLO,"3,351","1,484",649,56%
2025-09-23,S25,PULLOVER,345,102,67,70%
2025-09-23,S25,SHORTS,"4,244","1,898",905,55%
2025-09-23,S25,SKIRT,78,39,2,50%
2025-09-23,S25,SKORT,616,268,131,56%
2025-09-23,S25,SOCKS,126,65,30,48%
2025-09-23,S25,SWEATER,"3,265","1,416",777,57%
2025-09-23,S25,SWEATPANTS,"1,732",869,343,50%
2025-09-23,S25,SWEATSHIRT,660,275,108,58%
2025-09-23,S25,TANK TOP,252,111,44,56%
2025-09-23,S25,TRACK JACKET,"34,030","15,122","6,650",56%
2025-09-23,S25,TRACK PANT,"18,439","8,238","3,708",55%
2025-09-23,S25,T-SHIRT,"3,462","1,473",590,57%
2025-09-23,S26,HAT,85,85,37,0%
2025-09-23,S26,T-SHIRT,65,59,18,10%
2025-09-24,CORE,ACCESSORIES,30,23,11,25%
2025-09-24,CORE,HAT,126,105,22,17%
2025-09-24,CORE,SOCKS,18,18,4,0%
2025-09-24,CORE,TRACK JACKET,"2,415","2,316",450,4%
2025-09-24,CORE,TRACK PANT,"1,785","1,495",354,16%
2025-09-24,F22,HAT,48,22,8,54%
2025-09-24,F24,0,-145,-114,-53,21%
2025-09-24,F24,ACCESSORIES,172,64,38,63%
2025-09-24,F24,CAMP SHIRT,300,82,60,73%
2025-09-24,F24,DRESS,260,59,57,78%
2025-09-24,F24,HOODIE,"1,450",604,332,58%
2025-09-24,F24,LEGGINGS,220,88,42,60%
2025-09-24,F24,LONG SLEEVE KNIT,"1,391",459,291,67%
2025-09-24,F24,OUTERWEAR,"1,350",364,273,73%
2025-09-24,F24,POLO,"1,519",645,567,58%
2025-09-24,F24,SHORTS,602,178,119,70%
2025-09-24,F24,SWEATER,"2,460",616,578,75%
2025-09-24,F24,SWEATPANTS,500,251,100,50%
2025-09-24,F24,SWEATSHIRT,125,54,26,57%
2025-09-24,F24,TRACK JACKET,"5,130","1,473","1,067",71%
2025-09-24,F24,TRACK PANT,"5,295","1,667","1,069",69%
2025-09-24,F24,T-SHIRT,312,112,50,64%
2025-09-24,F25,CABANA SHIRT,135,209,32,-55%
2025-09-24,F25,CONTOUR JACKET,135,101,29,25%
2025-09-24,F25,CREWNECK,220,198,40,10%
2025-09-24,F25,CROP TOP,234,168,54,28%
2025-09-24,F25,HAT,80,71,18,12%
2025-09-24,F25,HOODIE,698,674,133,4%
2025-09-24,F25,KNITWEAR,300,235,82,22%
2025-09-24,F25,OUTERWEAR,325,244,70,25%
2025-09-24,F25,POLO,582,492,130,15%
2025-09-24,F25,SHORTS,512,390,119,24%
2025-09-24,F25,SKORT,352,260,88,26%
2025-09-24,F25,SOCKS,72,54,16,25%
2025-09-24,F25,SWEATER,223,223,49,0%
2025-09-24,F25,SWEATPANTS,250,273,50,-9%
2025-09-24,F25,TANK TOP,212,173,55,18%
2025-09-24,F25,TRACK JACKET,"7,915","6,969","1,720",12%
2025-09-24,F25,TRACK PANT,"5,625","5,062","1,229",10%
2025-09-24,F25,T-SHIRT,558,432,108,23%
2025-09-24,S24,TRACK JACKET,"1,840",902,413,51%
2025-09-24,S24,TRACK PANT,"1,375",637,294,54%
2025-09-24,S25,0,235,103,44,56%
2025-09-24,S25,BAG,150,62,89,59%
2025-09-24,S25,CABANA SHIRT,-20,-82,-16,-310%
2025-09-24,S25,CREWNECK,686,384,126,44%
2025-09-24,S25,DRESS,250,113,46,55%
2025-09-24,S25,HAT,58,26,12,56%
2025-09-24,S25,HOODIE,"3,975","1,549",833,61%
2025-09-24,S25,JACKET,330,145,64,56%
2025-09-24,S25,LEGGINGS,354,118,63,67%
2025-09-24,S25,LONG SLEEVE KNIT,845,357,126,58%
2025-09-24,S25,POLO,"3,814","1,586",754,58%
2025-09-24,S25,PULLOVER,345,167,67,52%
2025-09-24,S25,SHORTS,"5,352","2,328","1,104",57%
2025-09-24,S25,SKIRT,58,26,11,55%
2025-09-24,S25,SKORT,410,115,81,72%
2025-09-24,S25,SOCKS,126,67,29,47%
2025-09-24,S25,SWEATER,"1,845",859,424,53%
2025-09-24,S25,SWEATPANTS,"2,900","1,130",541,61%
2025-09-24,S25,SWEATSHIRT,330,143,54,57%
2025-09-24,S25,TANK TOP,362,147,70,59%
2025-09-24,S25,TRACK JACKET,"31,975","13,813","6,333",57%
2025-09-24,S25,TRACK PANT,"19,218","8,218","3,802",57%
2025-09-24,S25,T-SHIRT,"5,552","2,131",968,62%
2025-09-24,S26,T-SHIRT,65,49,18,25%
2025-09-25,CORE,ACCESSORIES,12,9,6,25%
2025-09-25,CORE,HAT,84,84,14,0%
2025-09-25,CORE,SOCKS,54,44,12,18%
2025-09-25,CORE,TRACK JACKET,"3,430","2,747",680,20%
2025-09-25,CORE,TRACK PANT,"2,020","1,677",399,17%
2025-09-25,F21,HAT,38,28,6,26%
2025-09-25,F22,HAT,48,16,8,67%
2025-09-25,F23,SHORTS,68,28,13,59%
2025-09-25,F23,TRACK PANT,-98,-25,-17,74%
2025-09-25,F24,ACCESSORIES,176,40,36,78%
2025-09-25,F24,CAMP SHIRT,135,37,31,73%
2025-09-25,F24,DRESS,695,155,168,78%
2025-09-25,F24,HOODIE,925,358,216,61%
2025-09-25,F24,LEGGINGS,440,180,84,59%
2025-09-25,F24,LONG SLEEVE KNIT,530,220,108,58%
2025-09-25,F24,OUTERWEAR,745,166,135,78%
2025-09-25,F24,POLO,424,180,177,57%
2025-09-25,F24,SHORTS,467,157,104,66%
2025-09-25,F24,SKIRT,88,47,39,47%
2025-09-25,F24,SPORT BRA,68,45,19,34%
2025-09-25,F24,SWEATER,"1,875",501,432,73%
2025-09-25,F24,SWEATPANTS,502,202,97,60%
2025-09-25,F24,SWEATSHIRT,145,40,55,72%
2025-09-25,F24,TRACK JACKET,"3,105",925,614,70%
2025-09-25,F24,TRACK PANT,"3,705","1,308",753,65%
2025-09-25,F24,T-SHIRT,154,84,42,45%
2025-09-25,F25,CABANA SHIRT,270,236,64,13%
2025-09-25,F25,CONTOUR JACKET,270,257,58,5%
2025-09-25,F25,CROP TOP,156,148,36,5%
2025-09-25,F25,DRESS,125,94,27,25%
2025-09-25,F25,HOODIE,570,495,110,13%
2025-09-25,F25,KNITWEAR,225,225,58,0%
2025-09-25,F25,LONG SLEEVE KNIT,78,78,12,0%
2025-09-25,F25,POLO,110,110,25,0%
2025-09-25,F25,PULLOVER,125,94,25,25%
2025-09-25,F25,SHORTS,386,359,88,7%
2025-09-25,F25,SKORT,176,167,44,5%
2025-09-25,F25,SWEATER,375,344,81,8%
2025-09-25,F25,SWEATPANTS,348,317,69,9%
2025-09-25,F25,TRACK JACKET,"12,435","10,680","2,732",14%
2025-09-25,F25,TRACK PANT,"11,205","9,581","2,501",14%
2025-09-25,F25,T-SHIRT,54,41,8,25%
2025-09-25,S24,TRACK JACKET,"2,380","1,115",542,53%
2025-09-25,S24,TRACK PANT,"1,750",811,371,54%
2025-09-25,S25,0,176,35,36,80%
2025-09-25,S25,ACCESSORIES,58,24,11,59%
2025-09-25,S25,ACTIVE JACKET,125,47,26,62%
2025-09-25,S25,CABANA SHIRT,546,245,115,55%
2025-09-25,S25,CAMP SHIRT,-88,-37,-15,58%
2025-09-25,S25,CREWNECK,686,416,126,39%
2025-09-25,S25,DRESS,368,98,66,73%
2025-09-25,S25,HAT,58,26,12,56%
2025-09-25,S25,HOODIE,"1,863",894,388,52%
2025-09-25,S25,JACKET,495,228,96,54%
2025-09-25,S25,LONG SLEEVE KNIT,776,303,122,61%
2025-09-25,S25,POLO,"2,585","1,133",514,56%
2025-09-25,S25,PULLOVER,110,50,21,55%
2025-09-25,S25,SHORTS,"4,762","2,145",962,55%
2025-09-25,S25,SKIRT,450,212,64,53%
2025-09-25,S25,SKORT,616,289,132,53%
2025-09-25,S25,SWEATER,"2,740","1,260",645,54%
2025-09-25,S25,SWEATPANTS,"1,234",629,234,49%
2025-09-25,S25,SWEATSHIRT,110,55,18,50%
2025-09-25,S25,TANK TOP,142,68,25,52%
2025-09-25,S25,TRACK JACKET,"32,615","14,630","6,378",55%
2025-09-25,S25,TRACK PANT,"19,701","8,317","3,866",58%
2025-09-25,S25,T-SHIRT,"3,950","1,803",666,54%
2025-09-26,CORE,HAT,42,42,7,0%
2025-09-26,CORE,SOCKS,36,31,8,15%
2025-09-26,CORE,TRACK JACKET,"2,085","1,811",378,13%
2025-09-26,CORE,TRACK PANT,"1,975","1,704",366,14%
2025-09-26,F21,HAT,38,28,6,26%
2025-09-26,F22,HAT,48,12,8,75%
2025-09-26,F23,OUTERWEAR,175,62,40,65%
2025-09-26,F23,TRACK PANT,110,62,23,44%
2025-09-26,F24,CAMP SHIRT,150,41,30,73%
2025-09-26,F24,CARDIGAN,210,53,95,75%
2025-09-26,F24,DRESS,425,99,124,77%
2025-09-26,F24,HOODIE,650,228,155,65%
2025-09-26,F24,LEGGINGS,220,80,42,64%
2025-09-26,F24,LONG SLEEVE KNIT,267,134,47,50%
2025-09-26,F24,OUTERWEAR,900,245,174,73%
2025-09-26,F24,POLO,601,195,188,68%
2025-09-26,F24,SHORTS,78,31,20,60%
2025-09-26,F24,SPORT BRA,136,90,38,34%
2025-09-26,F24,SWEATER,"1,480",404,330,73%
2025-09-26,F24,SWEATPANTS,223,181,43,19%
2025-09-26,F24,TRACK JACKET,"2,230",919,446,59%
2025-09-26,F24,TRACK PANT,"1,860",582,393,69%
2025-09-26,F24,T-SHIRT,48,32,18,34%
2025-09-26,F25,CABANA SHIRT,0,0,0,#DIV/0!
2025-09-26,F25,CREWNECK,125,100,24,20%
2025-09-26,F25,DRESS,125,94,27,25%
2025-09-26,F25,HOODIE,150,113,29,25%
2025-09-26,F25,LONG SLEEVE KNIT,213,186,39,13%
2025-09-26,F25,POLO,68,51,16,25%
2025-09-26,F25,SHORTS,78,62,17,20%
2025-09-26,F25,SKIRT,78,16,17,80%
2025-09-26,F25,SWEATER,375,313,82,17%
2025-09-26,F25,SWEATPANTS,419,280,81,33%
2025-09-26,F25,TRACK JACKET,"5,545","4,701","1,245",15%
2025-09-26,F25,TRACK PANT,"3,908","3,190",877,18%
2025-09-26,F25,T-SHIRT,164,145,34,12%
2025-09-26,S24,DRESS,125,53,41,58%
2025-09-26,S24,FOOTWEAR,59,59,10,0%
2025-09-26,S24,TRACK JACKET,"2,660","1,200",614,55%
2025-09-26,S24,TRACK PANT,"2,250","1,016",487,55%
2025-09-26,S25,0,235,120,44,49%
2025-09-26,S25,ACCESSORIES,342,151,70,56%
2025-09-26,S25,ACTIVE JACKET,125,47,26,62%
2025-09-26,S25,CABANA SHIRT,260,126,59,52%
2025-09-26,S25,CAMP SHIRT,88,44,15,50%
2025-09-26,S25,CREWNECK,686,407,126,41%
2025-09-26,S25,DRESS,250,101,50,60%
2025-09-26,S25,FOOTWEAR,150,83,33,45%
2025-09-26,S25,HOODIE,"1,500",694,312,54%
2025-09-26,S25,LEGGINGS,618,276,117,55%
2025-09-26,S25,LONG SLEEVE KNIT,858,394,110,54%
2025-09-26,S25,POLO,"2,294",963,443,58%
2025-09-26,S25,PULLOVER,455,225,88,50%
2025-09-26,S25,SHOES,340,188,82,45%
2025-09-26,S25,SHORTS,"3,651","1,566",794,57%
2025-09-26,S25,SKORT,400,209,79,48%
2025-09-26,S25,SOCKS,90,46,20,49%
2025-09-26,S25,SWEATER,"3,565","1,389",849,61%
2025-09-26,S25,SWEATPANTS,"1,430",599,270,58%
2025-09-26,S25,SWEATSHIRT,330,143,54,57%
2025-09-26,S25,TANK TOP,320,150,60,53%
2025-09-26,S25,TRACK JACKET,"23,175","10,420","4,602",55%
2025-09-26,S25,TRACK PANT,"16,794","7,008","3,343",58%
2025-09-26,S25,T-SHIRT,"3,294","1,500",568,54%
2025-09-26,S25,VISOR,38,22,7,42%
2025-09-26,S26,BUTTON DOWN SHIRT,165,124,70,25%
2025-09-26,S26,JEANS,165,124,65,25%
2025-09-27,CORE,SOCKS,36,32,8,10%
2025-09-27,CORE,TRACK JACKET,"1,855","1,206",362,35%
2025-09-27,CORE,TRACK PANT,"1,190",910,236,24%
2025-09-27,F22,HAT,96,42,16,56%
2025-09-27,F24,DRESS,435,114,111,74%
2025-09-27,F24,LONG SLEEVE KNIT,680,299,144,56%
2025-09-27,F24,OUTERWEAR,745,170,135,77%
2025-09-27,F24,POLO,810,340,326,58%
2025-09-27,F24,SHORTS,543,248,142,54%
2025-09-27,F24,SKIRT,420,163,116,61%
2025-09-27,F24,SWEATER,"1,180",299,272,75%
2025-09-27,F24,SWEATPANTS,98,44,18,55%
2025-09-27,F24,TRACK JACKET,"2,360",678,496,71%
2025-09-27,F24,TRACK PANT,"1,075",385,198,64%
2025-09-27,F24,T-SHIRT,552,225,128,59%
2025-09-27,F25,CABANA SHIRT,135,0,32,100%
2025-09-27,F25,CREWNECK,68,68,14,0%
2025-09-27,F25,HAT,38,34,8,10%
2025-09-27,F25,HOODIE,150,113,29,25%
2025-09-27,F25,KNITWEAR,435,330,104,24%
2025-09-27,F25,LONG SLEEVE KNIT,78,78,12,0%
2025-09-27,F25,OUTERWEAR,325,325,70,0%
2025-09-27,F25,POLO,78,59,18,25%
2025-09-27,F25,SHORTS,422,375,95,11%
2025-09-27,F25,SWEATER,794,729,174,8%
2025-09-27,F25,SWEATPANTS,125,94,25,25%
2025-09-27,F25,TRACK JACKET,"4,695","3,759","1,036",20%
2025-09-27,F25,TRACK PANT,"3,840","3,196",854,17%
2025-09-27,F25,T-SHIRT,136,124,34,9%
2025-09-27,S24,FOOTWEAR,59,53,10,10%
2025-09-27,S24,SKORT,88,30,19,66%
2025-09-27,S24,TRACK JACKET,"2,800","1,158",637,59%
2025-09-27,S24,TRACK PANT,"2,125",885,439,58%
2025-09-27,S25,0,235,103,44,56%
2025-09-27,S25,BAG,150,83,89,45%
2025-09-27,S25,CABANA SHIRT,308,165,61,46%
2025-09-27,S25,CAMP SHIRT,88,35,15,60%
2025-09-27,S25,CREWNECK,588,268,108,54%
2025-09-27,S25,DRESS,250,95,50,62%
2025-09-27,S25,FOOTWEAR,150,83,33,45%
2025-09-27,S25,HAT,58,29,12,50%
2025-09-27,S25,HOODIE,"1,450",657,307,55%
2025-09-27,S25,JACKET,330,149,64,55%
2025-09-27,S25,LONG SLEEVE KNIT,339,130,56,62%
2025-09-27,S25,PANTS,210,84,44,60%
2025-09-27,S25,POLO,"2,990","1,252",521,58%
2025-09-27,S25,SHORTS,"5,298","2,191","1,098",59%
2025-09-27,S25,SKIRT,176,78,22,55%
2025-09-27,S25,SKORT,646,265,144,59%
2025-09-27,S25,SOCKS,162,79,37,51%
2025-09-27,S25,SPORT BRA,68,27,17,60%
2025-09-27,S25,SWEATER,"2,710","1,241",622,54%
2025-09-27,S25,SWEATPANTS,"1,224",531,234,57%
2025-09-27,S25,SWEATSHIRT,550,275,90,50%
2025-09-27,S25,TANK TOP,126,61,22,52%
2025-09-27,S25,TRACK JACKET,"21,655","8,918","4,178",59%
2025-09-27,S25,TRACK PANT,"11,997","5,004","2,365",58%
2025-09-27,S25,T-SHIRT,"4,344","1,862",762,57%
2025-09-27,S26,CREWNECK,165,132,29,20%
2025-09-27,S26,HAT,170,149,73,13%
2025-09-27,S26,T-SHIRT,65,65,18,0%
2025-09-28,CORE,SOCKS,72,39,16,46%
2025-09-28,CORE,TRACK JACKET,"2,160","1,697",420,21%
2025-09-28,CORE,TRACK PANT,"1,550","1,303",309,16%
2025-09-28,F21,HAT,38,21,6,45%
2025-09-28,F24,ACCESSORIES,264,55,55,79%
2025-09-28,F24,DRESS,125,36,35,71%
2025-09-28,F24,LEGGINGS,110,45,21,59%
2025-09-28,F24,LONG SLEEVE KNIT,523,203,111,61%
2025-09-28,F24,OUTERWEAR,225,72,49,68%
2025-09-28,F24,POLO,311,107,121,66%
2025-09-28,F24,SHORTS,469,163,113,65%
2025-09-28,F24,SPORT BRA,136,80,38,42%
2025-09-28,F24,SWEATSHIRT,-190,-62,-47,67%
2025-09-28,F24,TRACK JACKET,"1,510",513,291,66%
2025-09-28,F24,TRACK PANT,"2,465",800,463,68%
2025-09-28,F24,T-SHIRT,350,152,83,57%
2025-09-28,F25,CREWNECK,235,182,44,23%
2025-09-28,F25,HAT,118,110,26,6%
2025-09-28,F25,HOODIE,248,248,46,0%
2025-09-28,F25,KNITWEAR,175,175,47,0%
2025-09-28,F25,LONG SLEEVE KNIT,78,78,12,0%
2025-09-28,F25,POLO,318,318,70,0%
2025-09-28,F25,SHORTS,344,297,79,14%
2025-09-28,F25,SWEATER,696,636,152,9%
2025-09-28,F25,SWEATPANTS,223,223,44,0%
2025-09-28,F25,TRACK JACKET,"5,590","4,932","1,214",12%
2025-09-28,F25,TRACK PANT,"5,043","4,419","1,114",12%
2025-09-28,F25,T-SHIRT,68,51,16,25%
2025-09-28,F25,VEST,110,83,24,25%
2025-09-28,S24,DRESS,125,50,41,60%
2025-09-28,S24,SHORTS,100,34,23,66%
2025-09-28,S24,SPORT BRA,48,27,7,44%
2025-09-28,S24,TRACK JACKET,980,497,222,49%
2025-09-28,S24,TRACK PANT,"1,000",506,200,49%
2025-09-28,S25,0,88,40,18,55%
2025-09-28,S25,CABANA SHIRT,505,262,109,48%
2025-09-28,S25,CREWNECK,490,260,90,47%
2025-09-28,S25,FOOTWEAR,150,83,33,45%
2025-09-28,S25,HAT,116,64,24,45%
2025-09-28,S25,HOODIE,"1,050",469,222,55%
2025-09-28,S25,JACKET,165,80,32,51%
2025-09-28,S25,LONG SLEEVE KNIT,370,169,50,54%
2025-09-28,S25,PANTS,135,61,27,55%
2025-09-28,S25,POLO,"1,981",951,376,52%
2025-09-28,S25,SHORTS,"3,192","1,429",668,55%
2025-09-28,S25,SKORT,196,74,46,63%
2025-09-28,S25,SOCKS,54,28,13,48%
2025-09-28,S25,SWEATER,"1,695",735,367,57%
2025-09-28,S25,SWEATPANTS,930,454,180,51%
2025-09-28,S25,SWEATSHIRT,550,250,90,55%
2025-09-28,S25,TANK TOP,164,74,36,55%
2025-09-28,S25,TRACK JACKET,"21,715","9,651","4,437",56%
2025-09-28,S25,TRACK PANT,"13,533","5,815","2,732",57%
2025-09-28,S25,T-SHIRT,"3,578","1,624",618,55%
2025-09-28,S26,TRACK JACKET,-195,-166,-30,15%
2025-09-28,S26,TRACK SHORT,-155,-132,-29,15%
2025-09-28,S26,T-SHIRT,65,65,18,0%
2025-09-29,CORE,HAT,84,74,14,13%
2025-09-29,CORE,SOCKS,90,55,20,39%
2025-09-29,CORE,TRACK JACKET,"1,220","1,018",232,17%
2025-09-29,CORE,TRACK PANT,470,440,90,6%
2025-09-29,F21,HAT,38,28,6,26%
2025-09-29,F22,HAT,96,28,16,71%
2025-09-29,F24,0,145,145,53,0%
2025-09-29,F24,ACCESSORIES,260,83,56,68%
2025-09-29,F24,CAMP SHIRT,-135,-33,-31,75%
2025-09-29,F24,HOODIE,0,-11,0,#DIV/0!
2025-09-29,F24,JACKET,650,152,110,77%
2025-09-29,F24,LEGGINGS,-110,-40,-21,64%
2025-09-29,F24,LONG SLEEVE KNIT,481,138,95,71%
2025-09-29,F24,OUTERWEAR,520,97,97,81%
2025-09-29,F24,POLO,496,219,203,56%
2025-09-29,F24,SHORTS,"1,101",385,203,65%
2025-09-29,F24,SKIRT,430,147,98,66%
2025-09-29,F24,SWEATER,"1,475",407,340,72%
2025-09-29,F24,SWEATPANTS,0,-9,0,#DIV/0!
2025-09-29,F24,TRACK JACKET,"1,605",549,327,66%
2025-09-29,F24,TRACK PANT,"1,900",588,405,69%
2025-09-29,F24,T-SHIRT,192,108,73,44%
2025-09-29,F25,CABANA SHIRT,135,108,31,20%
2025-09-29,F25,CREWNECK,178,151,34,15%
2025-09-29,F25,HAT,76,57,16,25%
2025-09-29,F25,KNITWEAR,525,394,128,25%
2025-09-29,F25,LONG SLEEVE KNIT,21,2,-3,93%
2025-09-29,F25,POLO,274,198,62,28%
2025-09-29,F25,PULLOVER,0,-50,0,#DIV/0!
2025-09-29,F25,SHORTS,32,21,6,34%
2025-09-29,F25,SKIRT,78,59,17,25%
2025-09-29,F25,SOCKS,18,14,4,25%
2025-09-29,F25,SWEATER,98,49,22,50%
2025-09-29,F25,SWEATPANTS,284,235,54,17%
2025-09-29,F25,TRACK JACKET,"3,145","2,476",695,21%
2025-09-29,F25,TRACK PANT,"2,109","1,490",469,29%
2025-09-29,F25,T-SHIRT,68,61,16,10%
2025-09-29,S24,SHORTS,540,138,70,74%
2025-09-29,S24,TRACK JACKET,"1,540",774,358,50%
2025-09-29,S24,TRACK PANT,875,428,183,51%
2025-09-29,S25,0,88,33,18,63%
2025-09-29,S25,ACCESSORIES,244,101,49,59%
2025-09-29,S25,BAG,260,108,139,58%
2025-09-29,S25,CABANA SHIRT,260,126,59,52%
2025-09-29,S25,CAMP SHIRT,88,44,15,50%
2025-09-29,S25,CREWNECK,980,510,180,48%
2025-09-29,S25,DRESS,493,186,91,62%
2025-09-29,S25,FOOTWEAR,150,62,33,59%
2025-09-29,S25,HAT,116,56,24,52%
2025-09-29,S25,HOODIE,"1,888",816,395,57%
2025-09-29,S25,JACKET,330,125,64,62%
2025-09-29,S25,LEGGINGS,288,111,56,62%
2025-09-29,S25,LONG SLEEVE KNIT,281,125,46,55%
2025-09-29,S25,PANTS,135,51,27,62%
2025-09-29,S25,POLO,"3,694","1,558",712,58%
2025-09-29,S25,PULLOVER,235,102,46,56%
2025-09-29,S25,SHOES,170,71,41,59%
2025-09-29,S25,SHORTS,"7,341","2,955","1,515",60%
2025-09-29,S25,SKIRT,176,66,42,63%
2025-09-29,S25,SKORT,606,265,126,56%
2025-09-29,S25,SOCKS,162,77,37,53%
2025-09-29,S25,SPORT BRA,68,34,17,50%
2025-09-29,S25,SWEATER,"1,245",519,285,58%
2025-09-29,S25,SWEATPANTS,"1,772",825,343,53%
2025-09-29,S25,SWEATSHIRT,990,457,162,54%
2025-09-29,S25,TANK TOP,56,37,6,35%
2025-09-29,S25,TRACK JACKET,"25,065","10,564","4,909",58%
2025-09-29,S25,TRACK PANT,"14,198","6,057","2,797",57%
2025-09-29,S25,T-SHIRT,"8,560","3,537","1,478",59%
2025-09-29,S25,VISOR,38,17,7,57%
2025-09-29,S26,HAT,80,60,36,25%
2025-09-30,CORE,ACCESSORIES,30,23,11,25%
2025-09-30,CORE,SOCKS,54,49,12,10%
2025-09-30,CORE,TRACK JACKET,"1,525","1,344",290,12%
2025-09-30,CORE,TRACK PANT,"1,425","1,128",281,21%
2025-09-30,F21,HAT,38,21,6,45%
2025-09-30,F24,ACCESSORIES,306,74,64,76%
2025-09-30,F24,DRESS,125,29,35,77%
2025-09-30,F24,HOODIE,550,323,121,41%
2025-09-30,F24,LONG SLEEVE KNIT,820,253,177,69%
2025-09-30,F24,OUTERWEAR,"1,420",250,260,82%
2025-09-30,F24,POLO,855,325,345,62%
2025-09-30,F24,SHORTS,231,101,66,56%
2025-09-30,F24,SWEATER,"1,180",303,272,74%
2025-09-30,F24,SWEATPANTS,250,250,50,0%
2025-09-30,F24,TRACK JACKET,"2,585",783,536,70%
2025-09-30,F24,TRACK PANT,"2,100",806,427,62%
2025-09-30,F24,T-SHIRT,202,105,78,48%
2025-09-30,F25,CABANA SHIRT,135,135,32,0%
2025-09-30,F25,CREWNECK,68,54,14,20%
2025-09-30,F25,HOODIE,150,61,29,60%
2025-09-30,F25,LONG SLEEVE KNIT,135,0,27,100%
2025-09-30,F25,POLO,125,125,27,0%
2025-09-30,F25,SWEATER,125,100,27,20%
2025-09-30,F25,SWEATPANTS,338,320,67,5%
2025-09-30,F25,TRACK JACKET,"10,275","8,510","2,259",17%
2025-09-30,F25,TRACK PANT,"7,728","6,293","1,742",19%
2025-09-30,F25,T-SHIRT,166,161,29,3%
2025-09-30,S24,TRACK JACKET,"1,540",696,350,55%
2025-09-30,S24,TRACK PANT,"1,125",479,236,57%
2025-09-30,S25,0,-88,-44,-18,50%
2025-09-30,S25,CABANA SHIRT,473,213,99,55%
2025-09-30,S25,CAMP SHIRT,176,68,30,61%
2025-09-30,S25,CREWNECK,686,381,126,45%
2025-09-30,S25,DRESS,110,55,23,50%
2025-09-30,S25,FOOTWEAR,450,249,99,45%
2025-09-30,S25,HOODIE,650,223,137,66%
2025-09-30,S25,LEGGINGS,68,26,16,63%
2025-09-30,S25,LONG SLEEVE KNIT,370,138,50,63%
2025-09-30,S25,PANTS,210,84,44,60%
2025-09-30,S25,POLO,"1,886",709,350,62%
2025-09-30,S25,PULLOVER,110,41,21,63%
2025-09-30,S25,SHORTS,"1,742",721,365,59%
2025-09-30,S25,SKIRT,78,35,2,55%
2025-09-30,S25,SKORT,88,23,18,74%
2025-09-30,S25,SOCKS,126,59,31,53%
2025-09-30,S25,SWEATER,895,348,210,61%
2025-09-30,S25,SWEATPANTS,568,212,108,63%
2025-09-30,S25,SWEATSHIRT,330,165,54,50%
2025-09-30,S25,TANK TOP,300,103,57,66%
2025-09-30,S25,TRACK JACKET,"27,820","11,620","5,378",58%
2025-09-30,S25,TRACK PANT,"14,054","5,893","2,773",58%
2025-09-30,S25,T-SHIRT,"1,620",751,258,54%
2025-09-30,S26,CREWNECK,165,165,29,0%
2025-09-30,S26,TRACK JACKET,195,146,30,25%
2025-09-30,S26,TRACK SHORT,155,116,29,25%
2025-10-01,CORE,HAT,42,42,7,0%
2025-10-01,CORE,SOCKS,18,14,4,20%
2025-10-01,CORE,TRACK JACKET,"2,440","1,837",464,25%
2025-10-01,CORE,TRACK PANT,"1,645","1,195",315,27%
2025-10-01,F22,HAT,48,14,8,70%
2025-10-01,F24,ACCESSORIES,130,44,28,67%
2025-10-01,F24,CAMP SHIRT,150,55,30,63%
2025-10-01,F24,DRESS,135,42,22,69%
2025-10-01,F24,HOODIE,150,149,29,1%
2025-10-01,F24,JACKET,325,57,55,82%
2025-10-01,F24,LEGGINGS,110,38,21,66%
2025-10-01,F24,LONG SLEEVE KNIT,"1,265",520,268,59%
2025-10-01,F24,OUTERWEAR,745,178,146,76%
2025-10-01,F24,POLO,677,351,217,48%
2025-10-01,F24,SHORTS,788,313,144,60%
2025-10-01,F24,SKIRT,88,29,16,68%
2025-10-01,F24,SPORT BRA,68,38,19,45%
2025-10-01,F24,SWEATER,"1,180",301,272,75%
2025-10-01,F24,SWEATPANTS,235,160,50,32%
2025-10-01,F24,TRACK JACKET,"2,865",770,684,73%
2025-10-01,F24,TRACK PANT,"1,095",256,230,77%
2025-10-01,F24,T-SHIRT,184,72,38,61%
2025-10-01,F25,CABANA SHIRT,405,371,95,8%
2025-10-01,F25,CREWNECK,421,392,81,7%
2025-10-01,F25,CROP TOP,78,78,18,0%
2025-10-01,F25,HAT,38,38,8,0%
2025-10-01,F25,HOODIE,594,557,109,6%
2025-10-01,F25,KNITWEAR,800,688,220,14%
2025-10-01,F25,OUTERWEAR,325,244,70,25%
2025-10-01,F25,POLO,244,207,56,15%
2025-10-01,F25,SHORTS,156,156,36,0%
2025-10-01,F25,SKIRT,78,62,17,20%
2025-10-01,F25,SKORT,88,88,22,0%
2025-10-01,F25,SWEATER,946,847,206,11%
2025-10-01,F25,SWEATPANTS,436,331,85,24%
2025-10-01,F25,TRACK JACKET,"8,395","6,913","1,858",18%
2025-10-01,F25,TRACK PANT,"7,148","5,900","1,589",17%
2025-10-01,F25,T-SHIRT,364,353,63,3%
2025-10-01,S23,CAMP SHIRT,118,26,26,78%
2025-10-01,S24,FOOTWEAR,290,276,92,5%
2025-10-01,S24,SHORTS,135,23,25,83%
2025-10-01,S24,SKORT,88,30,19,66%
2025-10-01,S24,SPORT BRA,48,27,7,44%
2025-10-01,S24,TRACK JACKET,"1,960","1,040",460,47%
2025-10-01,S24,TRACK PANT,"1,385",702,301,49%
2025-10-01,S25,0,88,44,18,50%
2025-10-01,S25,ACCESSORIES,68,38,13,44%
2025-10-01,S25,CABANA SHIRT,410,174,94,58%
2025-10-01,S25,CAMP SHIRT,176,66,30,63%
2025-10-01,S25,CREWNECK,588,325,108,45%
2025-10-01,S25,DRESS,118,53,18,55%
2025-10-01,S25,HOODIE,"2,875","1,207",625,58%
2025-10-01,S25,LONG SLEEVE KNIT,651,299,96,54%
2025-10-01,S25,POLO,"1,794",758,319,58%
2025-10-01,S25,PULLOVER,0,2,0,#DIV/0!
2025-10-01,S25,SHOES,170,71,41,59%
2025-10-01,S25,SHORTS,"4,310","1,784",923,59%
2025-10-01,S25,SKIRT,232,77,44,67%
2025-10-01,S25,SKORT,"1,106",443,243,60%
2025-10-01,S25,SOCKS,90,52,20,42%
2025-10-01,S25,SWEATER,"2,145",963,491,55%
2025-10-01,S25,SWEATPANTS,930,488,180,48%
2025-10-01,S25,SWEATSHIRT,330,165,54,50%
2025-10-01,S25,TANK TOP,330,124,67,63%
2025-10-01,S25,TRACK JACKET,"29,175","12,659","5,729",57%
2025-10-01,S25,TRACK PANT,"18,394","8,056","3,695",56%
2025-10-01,S25,T-SHIRT,"3,768","1,568",635,58%
2025-10-01,S26,CREWNECK,165,165,29,0%
2025-10-01,S26,HAT,80,80,36,0%
2025-10-01,S26,TRACK JACKET,195,146,30,25%
2025-10-02,CORE,HAT,42,42,7,0%
2025-10-02,CORE,SOCKS,54,35,12,35%
2025-10-02,CORE,TRACK JACKET,"1,715","1,341",340,22%
2025-10-02,CORE,TRACK PANT,"1,205",936,247,22%
2025-10-02,F22,HAT,192,58,32,70%
2025-10-02,F23,TRACK PANT,275,73,48,74%
2025-10-02,F24,0,0,-145,0,#DIV/0!
2025-10-02,F24,ACCESSORIES,-42,-16,-10,61%
2025-10-02,F24,CAMP SHIRT,150,36,30,76%
2025-10-02,F24,DRESS,300,53,89,82%
2025-10-02,F24,HOODIE,"1,150",281,281,76%
2025-10-02,F24,LEGGINGS,110,33,21,70%
2025-10-02,F24,LONG SLEEVE KNIT,773,223,149,71%
2025-10-02,F24,OUTERWEAR,"1,125",224,212,80%
2025-10-02,F24,POLO,856,379,288,56%
2025-10-02,F24,SHORTS,47,-47,10,200%
2025-10-02,F24,SKIRT,78,11,34,86%
2025-10-02,F24,SWEATER,"1,430",274,335,81%
2025-10-02,F24,SWEATPANTS,446,160,86,64%
2025-10-02,F24,SWEATSHIRT,145,26,55,82%
2025-10-02,F24,TRACK JACKET,"5,070","1,368","1,177",73%
2025-10-02,F24,TRACK PANT,"2,865",813,628,72%
2025-10-02,F24,T-SHIRT,250,181,108,28%
2025-10-02,F25,CABANA SHIRT,135,0,31,100%
2025-10-02,F25,CREWNECK,125,125,24,0%
2025-10-02,F25,CROP TOP,78,78,18,0%
2025-10-02,F25,DRESS,125,100,27,20%
2025-10-02,F25,HOODIE,810,723,156,11%
2025-10-02,F25,KNITWEAR,225,225,58,0%
2025-10-02,F25,LONG SLEEVE KNIT,-57,-18,-15,69%
2025-10-02,F25,OUTERWEAR,225,225,47,0%
2025-10-02,F25,POLO,629,629,139,0%
2025-10-02,F25,PULLOVER,125,94,27,25%
2025-10-02,F25,SHORTS,198,88,46,56%
2025-10-02,F25,SKORT,88,88,22,0%
2025-10-02,F25,SOCKS,18,14,4,25%
2025-10-02,F25,SWEATER,250,250,54,0%
2025-10-02,F25,SWEATPANTS,544,507,105,7%
2025-10-02,F25,TRACK JACKET,"4,553","4,099","1,003",10%
2025-10-02,F25,TRACK PANT,"2,690","2,440",600,9%
2025-10-02,F25,T-SHIRT,48,48,8,0%
2025-10-02,S24,DRESS,165,81,44,51%
2025-10-02,S24,SHORTS,85,24,15,72%
2025-10-02,S24,TRACK JACKET,"2,240","1,168",492,48%
2025-10-02,S24,TRACK PANT,"1,900",932,376,51%
2025-10-02,S25,0,88,31,18,65%
2025-10-02,S25,ACCESSORIES,68,48,13,29%
2025-10-02,S25,BAG,110,46,50,58%
2025-10-02,S25,CABANA SHIRT,125,66,24,47%
2025-10-02,S25,CREWNECK,196,109,36,44%
2025-10-02,S25,DRESS,250,122,48,51%
2025-10-02,S25,FOOTWEAR,150,63,33,58%
2025-10-02,S25,HAT,-58,-32,-12,45%
2025-10-02,S25,HOODIE,"1,263",687,264,46%
2025-10-02,S25,LEGGINGS,-50,-30,-5,41%
2025-10-02,S25,LONG SLEEVE KNIT,89,24,4,73%
2025-10-02,S25,PANTS,210,98,44,53%
2025-10-02,S25,POLO,"3,165","1,132",597,64%
2025-10-02,S25,PULLOVER,110,55,21,50%
2025-10-02,S25,SHOES,-170,-94,-41,45%
2025-10-02,S25,SHORTS,"3,454","1,415",735,59%
2025-10-02,S25,SKORT,98,60,23,39%
2025-10-02,S25,SOCKS,18,7,5,62%
2025-10-02,S25,SWEATER,950,429,229,55%
2025-10-02,S25,SWEATPANTS,862,486,163,44%
2025-10-02,S25,SWEATSHIRT,220,92,36,58%
2025-10-02,S25,TANK TOP,126,80,22,36%
2025-10-02,S25,TRACK JACKET,"13,975","7,631","2,715",45%
2025-10-02,S25,TRACK PANT,"9,375","5,269","1,774",44%
2025-10-02,S25,T-SHIRT,"2,462",837,412,66%
2025-10-03,CORE,ACCESSORIES,30,30,11,0%
2025-10-03,CORE,HAT,42,42,7,0%
2025-10-03,CORE,SOCKS,108,74,24,32%
2025-10-03,CORE,TRACK JACKET,750,580,138,23%
2025-10-03,CORE,TRACK PANT,910,770,158,15%
2025-10-03,F22,HAT,192,54,32,72%
2025-10-03,F22,TANK TOP,50,15,10,71%
2025-10-03,F23,TRACK PANT,125,36,21,71%
2025-10-03,F23,T-SHIRT,68,21,12,69%
2025-10-03,F24,ACCESSORIES,700,142,146,80%
2025-10-03,F24,CAMP SHIRT,135,27,31,80%
2025-10-03,F24,CARDIGAN,210,47,95,78%
2025-10-03,F24,DRESS,"1,050",218,215,79%
2025-10-03,F24,HOODIE,"1,675",386,405,77%
2025-10-03,F24,JACKET,325,51,55,84%
2025-10-03,F24,LEGGINGS,220,89,42,59%
2025-10-03,F24,LONG SLEEVE KNIT,"1,894",550,376,71%
2025-10-03,F24,OUTERWEAR,"1,575",362,310,77%
2025-10-03,F24,POLO,"2,331",822,869,65%
2025-10-03,F24,SHORTS,937,313,243,67%
2025-10-03,F24,SKIRT,88,25,16,72%
2025-10-03,F24,SPORT BRA,272,150,76,45%
2025-10-03,F24,SWEATER,840,200,199,76%
2025-10-03,F24,SWEATPANTS,"1,014",418,203,59%
2025-10-03,F24,SWEATSHIRT,500,193,104,61%
2025-10-03,F24,TRACK JACKET,"7,690","1,829","1,656",76%
2025-10-03,F24,TRACK PANT,"6,445","1,711","1,330",73%
2025-10-03,F24,T-SHIRT,668,225,145,66%
2025-10-03,F25,CABANA SHIRT,405,405,96,0%
2025-10-03,F25,CREWNECK,125,125,24,0%
2025-10-03,F25,CROP TOP,156,156,36,0%
2025-10-03,F25,DRESS,125,125,27,0%
2025-10-03,F25,HAT,76,72,16,5%
2025-10-03,F25,HOODIE,270,270,52,0%
2025-10-03,F25,KNITWEAR,900,844,250,6%
2025-10-03,F25,PULLOVER,125,125,25,0%
2025-10-03,F25,SHORTS,496,474,111,4%
2025-10-03,F25,SKORT,234,234,54,0%
2025-10-03,F25,SOCKS,36,36,8,0%
2025-10-03,F25,SWEATER,27,27,6,0%
2025-10-03,F25,SWEATPANTS,223,223,43,0%
2025-10-03,F25,TRACK JACKET,"4,605","4,253","1,021",8%
2025-10-03,F25,TRACK PANT,"4,110","3,876",900,6%
2025-10-03,F25,T-SHIRT,286,269,57,6%
2025-10-03,F25,VEST,110,110,24,0%
2025-10-03,S24,SHORTS,346,110,72,68%
2025-10-03,S24,SPORT BRA,48,23,7,52%
2025-10-03,S24,TANK TOP,68,21,11,69%
2025-10-03,S24,TRACK JACKET,"3,540","1,674",792,53%
2025-10-03,S24,TRACK PANT,"2,510","1,150",481,54%
2025-10-03,S25,0,206,94,34,54%
2025-10-03,S25,ACCESSORIES,146,63,28,57%
2025-10-03,S25,CABANA SHIRT,446,197,102,56%
2025-10-03,S25,CAMP SHIRT,176,92,30,48%
2025-10-03,S25,CREWNECK,294,187,54,36%
2025-10-03,S25,DRESS,110,46,23,58%
2025-10-03,S25,FOOTWEAR,150,63,33,58%
2025-10-03,S25,HAT,116,58,24,50%
2025-10-03,S25,HOODIE,825,539,177,35%
2025-10-03,S25,JACKET,330,151,64,54%
2025-10-03,S25,LEGGINGS,110,46,20,58%
2025-10-03,S25,LONG SLEEVE KNIT,720,346,100,52%
2025-10-03,S25,PADDLE,116,87,21,25%
2025-10-03,S25,POLO,"3,869","1,473",697,62%
2025-10-03,S25,PULLOVER,375,185,75,51%
2025-10-03,S25,SHOES,170,71,41,58%
2025-10-03,S25,SHORTS,"6,534","2,632","1,370",60%
2025-10-03,S25,SKORT,666,349,151,48%
2025-10-03,S25,SOCKS,90,43,22,52%
2025-10-03,S25,SWEATER,"3,900","1,627",900,58%
2025-10-03,S25,SWEATPANTS,470,316,90,33%
2025-10-03,S25,SWEATSHIRT,330,152,54,54%
2025-10-03,S25,TANK TOP,126,64,32,49%
2025-10-03,S25,TRACK JACKET,"27,185","14,045","5,329",48%
2025-10-03,S25,TRACK PANT,"13,621","7,301","2,586",46%
2025-10-03,S25,T-SHIRT,"9,618","3,895","1,654",59%
2025-10-03,S25,VISOR,38,17,7,56%
2025-10-04,CORE,HAT,126,122,21,3%
2025-10-04,CORE,SOCKS,36,36,8,0%
2025-10-04,CORE,TRACK JACKET,"1,055","1,082",196,-3%
2025-10-04,CORE,TRACK PANT,720,740,146,-3%
2025-10-04,F21,HAT,304,170,48,44%
2025-10-04,F22,HAT,96,22,16,77%
2025-10-04,F22,TRACK JACKET,165,51,34,69%
2025-10-04,F23,SHORTS,68,34,13,50%
2025-10-04,F24,ACCESSORIES,704,118,144,83%
2025-10-04,F24,CAMP SHIRT,-135,-27,-31,80%
2025-10-04,F24,DRESS,600,118,189,80%
2025-10-04,F24,HOODIE,"2,400",958,556,60%
2025-10-04,F24,JACKET,325,51,55,84%
2025-10-04,F24,LEGGINGS,330,113,63,66%
2025-10-04,F24,LONG SLEEVE KNIT,"1,470",381,300,74%
2025-10-04,F24,OUTERWEAR,"1,870",400,382,79%
2025-10-04,F24,POLO,"1,901",619,758,67%
2025-10-04,F24,SHORTS,312,144,82,54%
2025-10-04,F24,SPORT BRA,68,47,19,31%
2025-10-04,F24,SWEATER,"1,475",287,340,81%
2025-10-04,F24,SWEATPANTS,919,530,179,42%
2025-10-04,F24,SWEATSHIRT,630,200,146,68%
2025-10-04,F24,TRACK JACKET,"5,435","1,484","1,236",73%
2025-10-04,F24,TRACK PANT,"4,910","1,353","1,012",72%
2025-10-04,F24,T-SHIRT,522,214,133,59%
2025-10-04,F25,CABANA SHIRT,0,14,0,#DIV/0!
2025-10-04,F25,CREWNECK,125,113,24,10%
2025-10-04,F25,HAT,114,103,24,10%
2025-10-04,F25,HOODIE,300,285,58,5%
2025-10-04,F25,KNITWEAR,165,165,39,0%
2025-10-04,F25,LONG SLEEVE KNIT,213,213,39,0%
2025-10-04,F25,POLO,321,301,69,6%
2025-10-04,F25,PULLOVER,125,125,27,0%
2025-10-04,F25,SHORTS,548,433,125,21%
2025-10-04,F25,SOCKS,18,8,4,56%
2025-10-04,F25,SWEATER,348,336,76,4%
2025-10-04,F25,SWEATPANTS,321,290,63,10%
2025-10-04,F25,TANK TOP,116,104,30,10%
2025-10-04,F25,TRACK JACKET,"5,040","4,978","1,093",1%
2025-10-04,F25,TRACK PANT,"3,908","3,859",855,1%
2025-10-04,F25,T-SHIRT,436,436,96,0%
2025-10-04,S24,POLO,68,27,12,60%
2025-10-04,S24,SHORTS,338,93,70,72%
2025-10-04,S24,TRACK JACKET,"4,640","1,967","1,049",58%
2025-10-04,S24,TRACK PANT,"3,775","1,599",781,58%
2025-10-04,S25,0,88,31,18,65%
2025-10-04,S25,ACCESSORIES,176,70,36,60%
2025-10-04,S25,ACTIVE JACKET,125,39,26,68%
2025-10-04,S25,CABANA SHIRT,345,163,69,53%
2025-10-04,S25,CAMP SHIRT,88,31,15,65%
2025-10-04,S25,CREWNECK,392,232,72,41%
2025-10-04,S25,DRESS,125,44,23,65%
2025-10-04,S25,FOOTWEAR,300,105,66,65%
2025-10-04,S25,HAT,116,71,24,39%
2025-10-04,S25,HOODIE,"2,639","1,068",563,60%
2025-10-04,S25,JACKET,330,126,64,62%
2025-10-04,S25,LEGGINGS,228,83,42,63%
2025-10-04,S25,LONG SLEEVE KNIT,720,269,100,63%
2025-10-04,S25,POLO,"3,485","1,339",634,62%
2025-10-04,S25,PULLOVER,625,228,125,64%
2025-10-04,S25,SHOES,510,204,123,60%
2025-10-04,S25,SHORTS,"5,948","2,213","1,219",63%
2025-10-04,S25,SKIRT,196,78,40,60%
2025-10-04,S25,SKORT,634,266,121,58%
2025-10-04,S25,SOCKS,90,48,20,47%
2025-10-04,S25,SPORT BRA,68,29,17,57%
2025-10-04,S25,SWEATER,"2,175","1,147",520,47%
2025-10-04,S25,SWEATPANTS,"1,048",557,198,47%
2025-10-04,S25,SWEATSHIRT,440,173,72,61%
2025-10-04,S25,TANK TOP,494,208,91,58%
2025-10-04,S25,TRACK JACKET,"45,675","18,178","8,816",60%
2025-10-04,S25,TRACK PANT,"29,927","12,295","5,780",59%
2025-10-04,S25,T-SHIRT,"6,900","2,663","1,185",61%
2025-10-04,S25,VISOR,38,13,7,65%
2025-10-05,CORE,SOCKS,108,92,24,15%
2025-10-05,CORE,TRACK JACKET,"1,385","1,204",268,13%
2025-10-05,CORE,TRACK PANT,720,708,146,2%
2025-10-05,F21,HAT,38,25,6,34%
2025-10-05,F22,HAT,144,32,24,78%
2025-10-05,F24,ACCESSORIES,"1,228",231,257,81%
2025-10-05,F24,CAMP SHIRT,420,90,92,79%
2025-10-05,F24,DRESS,995,170,257,83%
2025-10-05,F24,HOODIE,"1,550",479,373,69%
2025-10-05,F24,JACKET,650,102,110,84%
2025-10-05,F24,LEGGINGS,110,47,21,57%
2025-10-05,F24,LONG SLEEVE KNIT,"2,301",564,460,75%
2025-10-05,F24,OUTERWEAR,"1,265",238,232,81%
2025-10-05,F24,POLO,"1,849",690,663,63%
2025-10-05,F24,SHORTS,"1,406",380,309,73%
2025-10-05,F24,SKIRT,353,132,97,63%
2025-10-05,F24,SPORT BRA,68,33,19,52%
2025-10-05,F24,SWEATPANTS,583,345,117,41%
2025-10-05,F24,SWEATSHIRT,270,74,81,73%
2025-10-05,F24,TRACK JACKET,"4,740","1,084","1,001",77%
2025-10-05,F24,TRACK PANT,"5,065","1,090","1,064",78%
2025-10-05,F24,T-SHIRT,542,204,147,62%
2025-10-05,F25,CABANA SHIRT,675,662,158,2%
2025-10-05,F25,CREWNECK,504,504,99,0%
2025-10-05,F25,HOODIE,450,435,87,3%
2025-10-05,F25,KNITWEAR,875,875,221,0%
2025-10-05,F25,LONG SLEEVE KNIT,405,365,81,10%
2025-10-05,F25,POLO,68,61,16,10%
2025-10-05,F25,SHORTS,440,429,100,3%
2025-10-05,F25,SKIRT,78,70,17,10%
2025-10-05,F25,SOCKS,36,36,8,0%
2025-10-05,F25,SWEATER,250,250,54,0%
2025-10-05,F25,SWEATPANTS,676,651,134,4%
2025-10-05,F25,TRACK JACKET,"5,465","4,627","1,193",15%
2025-10-05,F25,TRACK PANT,"3,665","3,334",806,9%
2025-10-05,F25,T-SHIRT,102,102,16,0%
2025-10-05,S24,TRACK JACKET,"3,490","1,510",784,57%
2025-10-05,S24,TRACK PANT,"2,875","1,304",616,55%
2025-10-05,S25,0,88,31,18,65%
2025-10-05,S25,ACCESSORIES,344,120,75,65%
2025-10-05,S25,BAG,110,39,50,65%
2025-10-05,S25,CABANA SHIRT,"1,025",430,225,58%
2025-10-05,S25,CAMP SHIRT,88,31,15,65%
2025-10-05,S25,CREWNECK,588,259,108,56%
2025-10-05,S25,FOOTWEAR,450,158,99,65%
2025-10-05,S25,HOODIE,"2,813","1,106",600,61%
2025-10-05,S25,JACKET,660,230,128,65%
2025-10-05,S25,LEGGINGS,220,110,40,50%
2025-10-05,S25,LONG SLEEVE KNIT,611,226,96,63%
2025-10-05,S25,PANTS,345,121,71,65%
2025-10-05,S25,POLO,"5,051","1,920",961,62%
2025-10-05,S25,PULLOVER,705,221,138,69%
2025-10-05,S25,SHOES,170,60,41,65%
2025-10-05,S25,SHORTS,"6,269","2,524","1,300",60%
2025-10-05,S25,SKIRT,156,55,31,65%
2025-10-05,S25,SKORT,"1,390",496,308,64%
2025-10-05,S25,SOCKS,90,37,21,59%
2025-10-05,S25,SWEATER,"2,095",936,480,55%
2025-10-05,S25,SWEATPANTS,"1,048",401,198,62%
2025-10-05,S25,SWEATSHIRT,660,188,108,72%
2025-10-05,S25,TANK TOP,620,221,117,64%
2025-10-05,S25,TRACK JACKET,"46,175","17,908","8,799",61%
2025-10-05,S25,TRACK PANT,"28,501","11,389","5,568",60%
2025-10-05,S25,T-SHIRT,"8,680","3,282","1,486",62%
2025-10-05,S25,VISOR,38,13,7,65%
2025-10-05,S26,T-SHIRT,65,65,18,0%
2025-10-06,CORE,SOCKS,72,61,16,15%
2025-10-06,CORE,TRACK JACKET,520,532,122,-2%
2025-10-06,CORE,TRACK PANT,625,600,140,4%
2025-10-06,F21,HAT,38,18,6,54%
2025-10-06,F22,HAT,240,68,40,72%
2025-10-06,F23,TRACK PANT,98,18,17,82%
2025-10-06,F23,T-SHIRT,68,21,12,69%
2025-10-06,F24,0,-145,-145,-53,0%
2025-10-06,F24,ACCESSORIES,"1,052",228,221,78%
2025-10-06,F24,CAMP SHIRT,135,27,31,80%
2025-10-06,F24,CARDIGAN,210,47,95,78%
2025-10-06,F24,DRESS,650,92,197,86%
2025-10-06,F24,HOODIE,"1,150",282,281,76%
2025-10-06,F24,JACKET,325,51,55,84%
2025-10-06,F24,LEGGINGS,110,33,21,70%
2025-10-06,F24,LONG SLEEVE KNIT,"1,601",373,351,77%
2025-10-06,F24,OUTERWEAR,"1,125",293,246,74%
2025-10-06,F24,POLO,800,257,322,68%
2025-10-06,F24,SHORTS,"1,239",462,311,63%
2025-10-06,F24,SKIRT,254,78,66,69%
2025-10-06,F24,SWEATER,295,71,68,76%
2025-10-06,F24,SWEATPANTS,348,129,68,63%
2025-10-06,F24,SWEATSHIRT,395,143,107,64%
2025-10-06,F24,TRACK JACKET,"3,700",875,872,76%
2025-10-06,F24,TRACK PANT,"1,595",336,367,79%
2025-10-06,F24,T-SHIRT,840,376,255,55%
2025-10-06,F25,CABANA SHIRT,0,0,0,#DIV/0!
2025-10-06,F25,CREWNECK,68,68,14,0%
2025-10-06,F25,DRESS,125,125,27,0%
2025-10-06,F25,HOODIE,"1,020",960,197,6%
2025-10-06,F25,KNITWEAR,385,385,105,0%
2025-10-06,F25,POLO,125,125,27,0%
2025-10-06,F25,SHORTS,0,0,0,#DIV/0!
2025-10-06,F25,SOCKS,18,18,4,0%
2025-10-06,F25,SWEATER,98,-90,22,191%
2025-10-06,F25,SWEATPANTS,811,761,160,6%
2025-10-06,F25,TRACK JACKET,"4,685","4,401","1,003",6%
2025-10-06,F25,TRACK PANT,"4,485","4,350",974,3%
2025-10-06,F25,T-SHIRT,636,582,115,8%
2025-10-06,S24,BAG,350,81,128,77%
2025-10-06,S24,SHORTS,136,83,26,39%
2025-10-06,S24,SKORT,88,26,19,71%
2025-10-06,S24,TRACK JACKET,"2,800","1,197",644,57%
2025-10-06,S24,TRACK PANT,"2,500","1,045",518,58%
2025-10-06,S25,0,59,30,8,50%
2025-10-06,S25,ACCESSORIES,452,158,96,65%
2025-10-06,S25,CABANA SHIRT,635,272,137,57%
2025-10-06,S25,CREWNECK,392,147,72,63%
2025-10-06,S25,DRESS,125,44,25,65%
2025-10-06,S25,HAT,58,35,12,40%
2025-10-06,S25,HOODIE,"1,300",457,283,65%
2025-10-06,S25,JACKET,-165,-62,-32,62%
2025-10-06,S25,LEGGINGS,236,106,42,55%
2025-10-06,S25,LONG SLEEVE KNIT,914,375,130,59%
2025-10-06,S25,PANTS,210,74,44,65%
2025-10-06,S25,POLO,"3,584","1,282",655,64%
2025-10-06,S25,SHOES,510,230,123,55%
2025-10-06,S25,SHORTS,"5,499","1,900","1,164",65%
2025-10-06,S25,SKIRT,244,85,25,65%
2025-10-06,S25,SKORT,900,328,196,64%
2025-10-06,S25,SOCKS,126,59,30,53%
2025-10-06,S25,SWEATER,"2,070",855,484,59%
2025-10-06,S25,SWEATPANTS,186,32,35,83%
2025-10-06,S25,SWEATSHIRT,550,203,90,63%
2025-10-06,S25,TANK TOP,620,227,124,63%
2025-10-06,S25,TRACK JACKET,"31,795","12,672","6,050",60%
2025-10-06,S25,TRACK PANT,"18,332","7,404","3,573",60%
2025-10-06,S25,T-SHIRT,"5,152","1,957",885,62%
2025-10-06,S25,VISOR,38,13,7,65%
2025-10-07,CORE,ACCESSORIES,30,30,11,0%
2025-10-07,CORE,HAT,42,42,7,0%
2025-10-07,CORE,SOCKS,162,157,36,3%
2025-10-07,CORE,TRACK JACKET,"1,880","1,756",376,7%
2025-10-07,CORE,TRACK PANT,"1,315","1,231",264,6%
2025-10-07,F21,HAT,38,18,6,54%
2025-10-07,F22,HAT,96,22,16,77%
2025-10-07,F23,SHORTS,68,34,13,50%
2025-10-07,F23,TRACK PANT,125,37,23,70%
2025-10-07,F24,ACCESSORIES,394,74,82,81%
2025-10-07,F24,CAMP SHIRT,300,73,60,76%
2025-10-07,F24,DRESS,785,157,230,80%
2025-10-07,F24,HOODIE,850,511,183,40%
2025-10-07,F24,LONG SLEEVE KNIT,"1,374",395,289,71%
2025-10-07,F24,OUTERWEAR,"2,700",583,555,78%
2025-10-07,F24,POLO,"1,281",395,487,69%
2025-10-07,F24,SHORTS,647,196,132,70%
2025-10-07,F24,SKIRT,264,91,48,66%
2025-10-07,F24,SWEATER,295,30,68,90%
2025-10-07,F24,SWEATPANTS,928,460,192,50%
2025-10-07,F24,SWEATSHIRT,665,217,188,67%
2025-10-07,F24,TRACK JACKET,"4,095","1,274",891,69%
2025-10-07,F24,TRACK PANT,"2,995",975,601,67%
2025-10-07,F24,T-SHIRT,300,97,53,68%
2025-10-07,F25,CABANA SHIRT,135,135,32,0%
2025-10-07,F25,HAT,0,0,0,#DIV/0!
2025-10-07,F25,HOODIE,300,300,58,0%
2025-10-07,F25,LONG SLEEVE KNIT,213,213,39,0%
2025-10-07,F25,OUTERWEAR,325,293,70,10%
2025-10-07,F25,POLO,204,197,48,3%
2025-10-07,F25,SHORTS,110,110,25,0%
2025-10-07,F25,SWEATER,571,571,125,0%
2025-10-07,F25,SWEATPANTS,321,321,62,0%
2025-10-07,F25,TANK TOP,58,58,15,0%
2025-10-07,F25,TRACK JACKET,"2,585","2,496",542,3%
2025-10-07,F25,TRACK PANT,"2,968","2,866",633,3%
2025-10-07,F25,T-SHIRT,406,400,89,1%
2025-10-07,S23,TRACK JACKET,250,126,36,50%
2025-10-07,S23,TRACK PANT,170,86,32,49%
2025-10-07,S24,FOOTWEAR,145,102,46,30%
2025-10-07,S24,SHORTS,303,118,54,61%
2025-10-07,S24,SPORT BRA,0,0,0,#DIV/0!
2025-10-07,S24,TRACK JACKET,"2,975","1,275",677,57%
2025-10-07,S24,TRACK PANT,"2,385","1,035",507,57%
2025-10-07,S25,ACCESSORIES,118,41,25,65%
2025-10-07,S25,BAG,175,61,108,65%
2025-10-07,S25,CABANA SHIRT,270,115,64,58%
2025-10-07,S25,CAMP SHIRT,176,62,30,65%
2025-10-07,S25,HAT,116,49,24,58%
2025-10-07,S25,HOODIE,550,171,118,69%
2025-10-07,S25,JACKET,165,74,32,55%
2025-10-07,S25,LEGGINGS,220,94,42,58%
2025-10-07,S25,LONG SLEEVE KNIT,506,208,70,59%
2025-10-07,S25,POLO,"3,087","1,242",560,60%
2025-10-07,S25,PULLOVER,375,105,75,72%
2025-10-07,S25,SHORTS,"5,950","2,338","1,238",61%
2025-10-07,S25,SKIRT,78,39,2,50%
2025-10-07,S25,SKORT,204,92,33,55%
2025-10-07,S25,SOCKS,54,23,12,58%
2025-10-07,S25,SPORT BRA,68,34,17,50%
2025-10-07,S25,SWEATER,"3,640","1,426",845,61%
2025-10-07,S25,SWEATPANTS,196,31,36,84%
2025-10-07,S25,SWEATSHIRT,880,277,144,69%
2025-10-07,S25,TANK TOP,580,231,118,60%
2025-10-07,S25,TRACK JACKET,"35,970","14,265","6,889",60%
2025-10-07,S25,TRACK PANT,"20,809","8,207","3,968",61%
2025-10-07,S25,T-SHIRT,"4,788","1,926",831,60%
2025-10-07,S26,BOMBER JACKET,260,260,97,0%
2025-10-07,S26,CREWNECK,165,165,29,0%
2025-10-07,S26,TRACK JACKET,195,195,30,0%
2025-10-07,S26,T-SHIRT,65,65,18,0%
2025-10-08,CORE,ACCESSORIES,12,12,6,0%
2025-10-08,CORE,SOCKS,18,13,4,30%
2025-10-08,CORE,TRACK JACKET,"1,755","1,692",306,4%
2025-10-08,CORE,TRACK PANT,"1,160","1,112",214,4%
2025-10-08,F21,HAT,38,18,6,54%
2025-10-08,F22,HAT,48,13,8,72%
2025-10-08,F22,TANK TOP,116,37,22,68%
2025-10-08,F23,OUTERWEAR,175,53,40,70%
2025-10-08,F24,0,580,306,212,47%
2025-10-08,F24,ACCESSORIES,436,90,94,79%
2025-10-08,F24,CAMP SHIRT,135,38,31,72%
2025-10-08,F24,DRESS,840,173,177,79%
2025-10-08,F24,HOODIE,375,62,91,84%
2025-10-08,F24,JACKET,325,51,55,84%
2025-10-08,F24,LEGGINGS,550,165,105,70%
2025-10-08,F24,LONG SLEEVE KNIT,931,224,203,76%
2025-10-08,F24,OUTERWEAR,"1,800",319,383,82%
2025-10-08,F24,POLO,"2,124",764,811,64%
2025-10-08,F24,SHORTS,"1,429",504,419,65%
2025-10-08,F24,SKIRT,254,88,66,65%
2025-10-08,F24,SPORT BRA,68,33,19,52%
2025-10-08,F24,SWEATER,295,84,68,72%
2025-10-08,F24,SWEATPANTS,886,369,183,58%
2025-10-08,F24,SWEATSHIRT,270,81,81,70%
2025-10-08,F24,TRACK JACKET,"2,595",670,515,74%
2025-10-08,F24,TRACK PANT,"2,710",667,563,75%
2025-10-08,F24,T-SHIRT,260,112,111,57%
2025-10-08,F25,CABANA SHIRT,270,270,63,0%
2025-10-08,F25,CREWNECK,110,110,20,0%
2025-10-08,F25,DRESS,125,113,27,10%
2025-10-08,F25,HAT,84,84,20,0%
2025-10-08,F25,HOODIE,"1,164","1,124",219,3%
2025-10-08,F25,KNITWEAR,165,165,39,0%
2025-10-08,F25,POLO,535,535,122,0%
2025-10-08,F25,SHORTS,444,444,102,0%
2025-10-08,F25,SKIRT,156,156,38,0%
2025-10-08,F25,SKORT,58,52,10,10%
2025-10-08,F25,SOCKS,18,18,4,0%
2025-10-08,F25,SWEATER,98,98,22,0%
2025-10-08,F25,SWEATPANTS,723,698,143,3%
2025-10-08,F25,TRACK JACKET,"2,205","2,275",505,-3%
2025-10-08,F25,TRACK PANT,"2,715","2,552",594,6%
2025-10-08,F25,T-SHIRT,326,313,71,4%
2025-10-08,S23,TRACK JACKET,125,63,18,50%
2025-10-08,S23,TRACK PANT,170,73,32,57%
2025-10-08,S24,BAG,350,63,120,82%
2025-10-08,S24,FOOTWEAR,145,92,46,37%
2025-10-08,S24,TRACK JACKET,"3,685","1,433",801,61%
2025-10-08,S24,TRACK PANT,"2,250",973,457,57%
2025-10-08,S25,0,0,-2,0,#DIV/0!
2025-10-08,S25,ACCESSORIES,118,25,25,79%
2025-10-08,S25,ACTIVE JACKET,125,51,26,59%
2025-10-08,S25,BAG,110,55,50,50%
2025-10-08,S25,CABANA SHIRT,150,100,35,34%
2025-10-08,S25,CAMP SHIRT,88,31,15,65%
2025-10-08,S25,CREWNECK,98,53,18,46%
2025-10-08,S25,DRESS,235,64,50,73%
2025-10-08,S25,HAT,232,108,48,54%
2025-10-08,S25,HOODIE,525,190,111,64%
2025-10-08,S25,LEGGINGS,228,86,42,62%
2025-10-08,S25,LONG SLEEVE KNIT,805,279,126,65%
2025-10-08,S25,PANTS,135,47,27,65%
2025-10-08,S25,POLO,"2,012",803,400,60%
2025-10-08,S25,PULLOVER,345,129,67,63%
2025-10-08,S25,SHORTS,"4,751","1,885",985,60%
2025-10-08,S25,SKIRT,78,27,2,65%
2025-10-08,S25,SKORT,332,107,67,68%
2025-10-08,S25,SOCKS,144,69,33,52%
2025-10-08,S25,SWEATER,"2,330",971,553,58%
2025-10-08,S25,SWEATPANTS,108,38,18,65%
2025-10-08,S25,SWEATSHIRT,440,168,72,62%
2025-10-08,S25,TANK TOP,388,153,76,61%
2025-10-08,S25,TRACK JACKET,"27,990","11,068","5,505",60%
2025-10-08,S25,TRACK PANT,"18,207","7,426","3,535",59%
2025-10-08,S25,T-SHIRT,"3,178","1,180",538,63%
2025-10-08,S25,VISOR,76,33,14,57%
2025-10-08,S26,HAT,80,80,36,0%
2025-10-08,S26,TRACK JACKET,195,195,30,0%
2025-10-08,S26,TRACK SHORT,155,155,29,0%
2025-10-09,CORE,HAT,42,42,7,0%
2025-10-09,CORE,TRACK JACKET,"1,295","1,118",274,14%
2025-10-09,CORE,TRACK PANT,845,724,174,14%
2025-10-09,F21,HAT,76,43,12,44%
2025-10-09,F22,HAT,144,47,24,67%
2025-10-09,F22,HOODIE,0,0,0,#DIV/0!
2025-10-09,F23,TRACK PANT,250,82,42,67%
2025-10-09,F24,0,870,449,318,48%
2025-10-09,F24,ACCESSORIES,264,48,54,82%
2025-10-09,F24,CAMP SHIRT,150,36,30,76%
2025-10-09,F24,DRESS,965,215,212,78%
2025-10-09,F24,HOODIE,"1,050",508,243,52%
2025-10-09,F24,JACKET,325,51,55,84%
2025-10-09,F24,LEGGINGS,110,33,21,70%
2025-10-09,F24,LONG SLEEVE KNIT,"1,825",397,370,78%
2025-10-09,F24,OUTERWEAR,"2,390",514,489,79%
2025-10-09,F24,POLO,"3,156","1,212","1,157",62%
2025-10-09,F24,SHORTS,815,350,241,57%
2025-10-09,F24,SKIRT,177,73,42,59%
2025-10-09,F24,SWEATER,295,55,68,81%
2025-10-09,F24,SWEATPANTS,928,376,191,60%
2025-10-09,F24,SWEATSHIRT,270,74,81,73%
2025-10-09,F24,TRACK JACKET,"5,235","1,291","1,054",75%
2025-10-09,F24,TRACK PANT,"3,375",861,697,74%
2025-10-09,F24,T-SHIRT,406,185,130,54%
2025-10-09,F25,CABANA SHIRT,540,527,127,3%
2025-10-09,F25,CREWNECK,42,42,6,0%
2025-10-09,F25,HAT,118,118,26,0%
2025-10-09,F25,HOODIE,196,98,34,50%
2025-10-09,F25,KNITWEAR,405,405,105,0%
2025-10-09,F25,LONG SLEEVE KNIT,78,78,12,0%
2025-10-09,F25,POLO,78,0,19,100%
2025-10-09,F25,SHORTS,398,387,91,3%
2025-10-09,F25,SKORT,174,174,30,0%
2025-10-09,F25,SOCKS,36,36,8,0%
2025-10-09,F25,SWEATER,321,321,71,0%
2025-10-09,F25,SWEATPANTS,196,196,37,0%
2025-10-09,F25,TANK TOP,78,78,20,0%
2025-10-09,F25,TRACK JACKET,"6,248","6,218","1,383",0%
2025-10-09,F25,TRACK PANT,"5,328","5,302","1,197",0%
2025-10-09,F25,T-SHIRT,-264,-264,-72,0%
2025-10-09,S23,TRACK JACKET,125,44,18,65%
2025-10-09,S23,TRACK PANT,170,73,32,57%
2025-10-09,S24,OUTERWEAR,150,51,28,66%
2025-10-09,S24,SHORTS,229,81,56,65%
2025-10-09,S24,TANK TOP,78,22,12,72%
2025-10-09,S24,TRACK JACKET,"3,640","1,525",820,58%
2025-10-09,S24,TRACK PANT,"2,875","1,159",587,60%
2025-10-09,S25,0,88,31,18,65%
2025-10-09,S25,ACCESSORIES,176,62,36,65%
2025-10-09,S25,ACTIVE JACKET,125,56,26,55%
2025-10-09,S25,CABANA SHIRT,561,250,119,56%
2025-10-09,S25,CREWNECK,98,35,18,64%
2025-10-09,S25,DRESS,0,-1,-2,#DIV/0!
2025-10-09,S25,FOOTWEAR,300,128,66,58%
2025-10-09,S25,HAT,58,35,12,40%
2025-10-09,S25,HOODIE,"2,150",895,467,58%
2025-10-09,S25,JACKET,330,126,64,62%
2025-10-09,S25,LONG SLEEVE KNIT,930,397,152,57%
2025-10-09,S25,POLO,"2,344","1,000",423,57%
2025-10-09,S25,PULLOVER,470,162,92,66%
2025-10-09,S25,SHOES,340,119,82,65%
2025-10-09,S25,SHORTS,"5,327","2,070","1,096",61%
2025-10-09,S25,SKIRT,88,31,21,65%
2025-10-09,S25,SKORT,802,301,173,63%
2025-10-09,S25,SOCKS,126,62,29,51%
2025-10-09,S25,SPORT BRA,184,64,41,65%
2025-10-09,S25,SWEATER,"2,280","1,057",532,54%
2025-10-09,S25,SWEATPANTS,852,342,162,60%
2025-10-09,S25,SWEATSHIRT,220,84,36,62%
2025-10-09,S25,TANK TOP,362,147,74,59%
2025-10-09,S25,TRACK JACKET,"40,895","15,958","7,859",61%
2025-10-09,S25,TRACK PANT,"24,360","9,640","4,736",60%
2025-10-09,S25,T-SHIRT,"4,420","1,732",750,61%
2025-10-09,S26,T-SHIRT,195,195,54,0%
2025-10-10,CORE,ACCESSORIES,30,30,11,0%
2025-10-10,CORE,HAT,42,42,7,0%
2025-10-10,CORE,SOCKS,90,63,20,30%
2025-10-10,CORE,TRACK JACKET,915,"1,027",174,-12%
2025-10-10,CORE,TRACK PANT,690,774,124,-12%
2025-10-10,F21,HAT,190,95,30,50%
2025-10-10,F22,HAT,144,32,24,78%
2025-10-10,F24,0,725,326,265,55%
2025-10-10,F24,ACCESSORIES,788,148,164,81%
2025-10-10,F24,CAMP SHIRT,450,109,90,76%
2025-10-10,F24,CARDIGAN,630,116,285,82%
2025-10-10,F24,DRESS,700,97,216,86%
2025-10-10,F24,HOODIE,975,447,215,54%
2025-10-10,F24,JACKET,"1,300",197,220,85%
2025-10-10,F24,LONG SLEEVE KNIT,"2,741",699,567,75%
2025-10-10,F24,OUTERWEAR,"2,995",565,593,81%
2025-10-10,F24,POLO,"10,702","3,162","4,156",70%
2025-10-10,F24,SHORTS,"2,915","1,077",833,63%
2025-10-10,F24,SKIRT,177,-9,42,105%
2025-10-10,F24,SPORT BRA,68,33,19,52%
2025-10-10,F24,SWEATER,590,106,136,82%
2025-10-10,F24,SWEATPANTS,348,195,68,44%
2025-10-10,F24,SWEATSHIRT,840,198,222,76%
2025-10-10,F24,TRACK JACKET,"3,770",835,798,78%
2025-10-10,F24,TRACK PANT,"3,030",767,597,75%
2025-10-10,F24,T-SHIRT,"1,012",340,358,66%
2025-10-10,F25,CABANA SHIRT,270,243,63,10%
2025-10-10,F25,CREWNECK,118,106,23,10%
2025-10-10,F25,CROP TOP,0,0,0,#DIV/0!
2025-10-10,F25,HAT,76,76,16,0%
2025-10-10,F25,HOODIE,346,331,63,4%
2025-10-10,F25,LEGGINGS,110,110,24,0%
2025-10-10,F25,LONG SLEEVE KNIT,135,122,27,10%
2025-10-10,F25,OUTERWEAR,225,225,51,0%
2025-10-10,F25,POLO,115,108,24,6%
2025-10-10,F25,SHORTS,444,422,100,5%
2025-10-10,F25,SKIRT,78,78,17,0%
2025-10-10,F25,SKORT,0,0,0,#DIV/0!
2025-10-10,F25,SOCKS,54,54,12,0%
2025-10-10,F25,SPORT BRA,68,68,19,0%
2025-10-10,F25,SWEATER,529,529,113,0%
2025-10-10,F25,SWEATPANTS,321,309,61,4%
2025-10-10,F25,TANK TOP,58,58,15,0%
2025-10-10,F25,TRACK JACKET,"3,855","3,583",844,7%
2025-10-10,F25,TRACK PANT,"3,278","3,023",730,8%
2025-10-10,F25,T-SHIRT,388,382,88,1%
2025-10-10,F25,VEST,220,220,48,0%
2025-10-10,S23,TRACK JACKET,125,44,18,65%
2025-10-10,S23,TRACK PANT,85,30,16,65%
2025-10-10,S24,BAG,-175,-36,-68,79%
2025-10-10,S24,DRESS,165,119,44,28%
2025-10-10,S24,FOOTWEAR,145,76,46,47%
2025-10-10,S24,POLO,118,37,20,69%
2025-10-10,S24,SHORTS,68,34,13,50%
2025-10-10,S24,SKIRT,78,41,15,47%
2025-10-10,S24,SPORT BRA,78,17,16,78%
2025-10-10,S24,TRACK JACKET,"4,635","1,812","1,050",61%
2025-10-10,S24,TRACK PANT,"3,250","1,227",682,62%
2025-10-10,S25,0,235,82,44,65%
2025-10-10,S25,ACCESSORIES,304,106,63,65%
2025-10-10,S25,BAG,175,61,108,65%
2025-10-10,S25,CABANA SHIRT,755,287,163,62%
2025-10-10,S25,CREWNECK,490,206,90,58%
2025-10-10,S25,DRESS,978,342,187,65%
2025-10-10,S25,HOODIE,"2,988","1,101",640,63%
2025-10-10,S25,JACKET,165,28,32,83%
2025-10-10,S25,LEGGINGS,"1,330",462,264,65%
2025-10-10,S25,LONG SLEEVE KNIT,"1,099",376,156,66%
2025-10-10,S25,PANTS,555,194,115,65%
2025-10-10,S25,POLO,"4,105","1,378",735,66%
2025-10-10,S25,PULLOVER,360,109,71,70%
2025-10-10,S25,SHOES,170,60,41,65%
2025-10-10,S25,SHORTS,"6,557","2,331","1,338",64%
2025-10-10,S25,SKIRT,58,20,11,65%
2025-10-10,S25,SKORT,734,257,162,65%
2025-10-10,S25,SOCKS,180,69,43,62%
2025-10-10,S25,SPORT BRA,136,48,34,65%
2025-10-10,S25,SWEATER,"1,895",658,429,65%
2025-10-10,S25,SWEATPANTS,"1,528",589,289,61%
2025-10-10,S25,SWEATSHIRT,"1,430",450,234,69%
2025-10-10,S25,TANK TOP,358,125,66,65%
2025-10-10,S25,TRACK JACKET,"48,660","16,553","9,283",66%
2025-10-10,S25,TRACK PANT,"29,470","10,465","5,626",64%
2025-10-10,S25,T-SHIRT,"6,082","1,965","1,045",68%
2025-10-10,S26,T-SHIRT,65,65,18,0%
2025-10-11,CORE,ACCESSORIES,18,18,5,0%
2025-10-11,CORE,HAT,126,122,21,3%
2025-10-11,CORE,SOCKS,90,74,20,18%
2025-10-11,CORE,TRACK JACKET,"1,600","1,372",332,14%
2025-10-11,CORE,TRACK PANT,"1,080","1,044",219,3%
2025-10-11,F21,HAT,190,88,30,54%
2025-10-11,F22,HAT,384,85,64,78%
2025-10-11,F24,0,580,262,212,55%
2025-10-11,F24,ACCESSORIES,914,190,194,79%
2025-10-11,F24,CAMP SHIRT,150,36,30,76%
2025-10-11,F24,CARDIGAN,420,97,190,77%
2025-10-11,F24,DRESS,445,82,98,82%
2025-10-11,F24,HOODIE,"2,825",775,682,73%
2025-10-11,F24,JACKET,"1,625",256,275,84%
2025-10-11,F24,LEGGINGS,440,132,84,70%
2025-10-11,F24,LONG SLEEVE KNIT,"1,899",522,385,73%
2025-10-11,F24,OUTERWEAR,"6,945","1,264","1,373",82%
2025-10-11,F24,POLO,"5,169","1,453","1,959",72%
2025-10-11,F24,SHORTS,"1,667",628,455,62%
2025-10-11,F24,SKIRT,519,185,147,64%
2025-10-11,F24,SWEATER,295,55,68,81%
2025-10-11,F24,SWEATPANTS,723,197,143,73%
2025-10-11,F24,SWEATSHIRT,375,145,78,61%
2025-10-11,F24,TRACK JACKET,"7,920","1,962","1,687",75%
2025-10-11,F24,TRACK PANT,"6,515","1,571","1,443",76%
2025-10-11,F24,T-SHIRT,607,209,227,66%
2025-10-11,F25,CABANA SHIRT,675,662,158,2%
2025-10-11,F25,CREWNECK,250,238,48,5%
2025-10-11,F25,HAT,38,34,8,10%
2025-10-11,F25,HOODIE,240,228,46,5%
2025-10-11,F25,KNITWEAR,-225,-169,-76,25%
2025-10-11,F25,LONG SLEEVE KNIT,213,200,39,6%
2025-10-11,F25,OUTERWEAR,225,225,47,0%
2025-10-11,F25,POLO,348,338,75,3%
2025-10-11,F25,SHORTS,420,435,95,-4%
2025-10-11,F25,SKORT,58,58,10,0%
2025-10-11,F25,SOCKS,18,18,4,0%
2025-10-11,F25,SWEATER,223,223,50,0%
2025-10-11,F25,SWEATPANTS,321,321,62,0%
2025-10-11,F25,TANK TOP,58,52,15,10%
2025-10-11,F25,TRACK JACKET,"3,185","2,940",687,8%
2025-10-11,F25,TRACK PANT,"2,323","2,397",498,-3%
2025-10-11,F25,T-SHIRT,334,351,67,-5%
2025-10-11,F25,VEST,110,110,24,0%
2025-10-11,S23,TRACK JACKET,375,132,54,65%
2025-10-11,S23,TRACK PANT,255,90,48,65%
2025-10-11,S24,FOOTWEAR,494,244,148,51%
2025-10-11,S24,SHORTS,200,55,46,73%
2025-10-11,S24,TRACK JACKET,"6,790","2,578","1,501",62%
2025-10-11,S24,TRACK PANT,"4,625","1,825",953,61%
2025-10-11,S25,0,88,31,18,65%
2025-10-11,S25,ACCESSORIES,362,127,74,65%
2025-10-11,S25,ACTIVE JACKET,625,197,130,68%
2025-10-11,S25,BAG,285,100,158,65%
2025-10-11,S25,CABANA SHIRT,"1,513",582,338,62%
2025-10-11,S25,CAMP SHIRT,176,62,30,65%
2025-10-11,S25,CREWNECK,588,247,108,58%
2025-10-11,S25,DRESS,125,44,23,65%
2025-10-11,S25,HAT,116,49,24,58%
2025-10-11,S25,HOODIE,"3,601","1,279",777,64%
2025-10-11,S25,JACKET,"1,155",364,224,68%
2025-10-11,S25,LEGGINGS,626,215,117,66%
2025-10-11,S25,LONG SLEEVE KNIT,934,327,130,65%
2025-10-11,S25,PADDLE,-116,-87,-21,25%
2025-10-11,S25,PANTS,"1,260",441,264,65%
2025-10-11,S25,POLO,"7,086","2,507","1,292",65%
2025-10-11,S25,PULLOVER,830,256,163,69%
2025-10-11,S25,SHOES,170,60,41,65%
2025-10-11,S25,SHORTS,"9,461","3,388","1,920",64%
2025-10-11,S25,SKORT,"1,164",407,250,65%
2025-10-11,S25,SOCKS,108,41,26,63%
2025-10-11,S25,SWEATER,"3,140","1,099",740,65%
2025-10-11,S25,SWEATPANTS,"1,048",413,198,61%
2025-10-11,S25,SWEATSHIRT,880,277,144,69%
2025-10-11,S25,TANK TOP,"1,014",355,209,65%
2025-10-11,S25,TRACK JACKET,"83,970","29,298","16,101",65%
2025-10-11,S25,TRACK PANT,"49,860","17,691","9,749",65%
2025-10-11,S25,T-SHIRT,"8,662","3,073","1,496",65%
2025-10-11,S25,VISOR,38,13,7,65%
2025-10-11,S26,T-SHIRT,130,130,36,0%
2025-10-12,CORE,SOCKS,108,76,24,30%
2025-10-12,CORE,TRACK JACKET,"1,435","1,386",296,3%
2025-10-12,CORE,TRACK PANT,875,713,196,19%
2025-10-12,F21,HAT,152,70,24,54%
2025-10-12,F22,HAT,240,54,40,78%
2025-10-12,F23,OUTERWEAR,175,41,40,76%
2025-10-12,F23,TRACK PANT,260,78,50,70%
2025-10-12,F24,0,145,109,53,25%
2025-10-12,F24,ACCESSORIES,390,84,84,78%
2025-10-12,F24,CARDIGAN,210,48,95,77%
2025-10-12,F24,DRESS,705,132,155,81%
2025-10-12,F24,HOODIE,"1,075",545,241,49%
2025-10-12,F24,JACKET,650,102,110,84%
2025-10-12,F24,LEGGINGS,440,132,84,70%
2025-10-12,F24,LONG SLEEVE KNIT,"1,166",324,230,72%
2025-10-12,F24,OUTERWEAR,"2,320",420,446,82%
2025-10-12,F24,POLO,"1,544",650,625,58%
2025-10-12,F24,SHORTS,"1,462",366,457,75%
2025-10-12,F24,SKIRT,344,153,125,56%
2025-10-12,F24,SPORT BRA,272,144,76,47%
2025-10-12,F24,SWEATER,-295,-84,-68,72%
2025-10-12,F24,SWEATPANTS,848,440,168,48%
2025-10-12,F24,SWEATSHIRT,500,193,104,61%
2025-10-12,F24,TRACK JACKET,"4,505","1,051",951,77%
2025-10-12,F24,TRACK PANT,"3,035",798,644,74%
2025-10-12,F24,T-SHIRT,472,186,157,61%
2025-10-12,F25,CREWNECK,186,76,37,59%
2025-10-12,F25,HAT,38,34,8,11%
2025-10-12,F25,HOODIE,698,573,133,18%
2025-10-12,F25,LONG SLEEVE KNIT,156,148,24,5%
2025-10-12,F25,POLO,125,125,27,0%
2025-10-12,F25,SHORTS,78,10,18,87%
2025-10-12,F25,SOCKS,54,54,12,0%
2025-10-12,F25,SWEATER,250,238,54,5%
2025-10-12,F25,SWEATPANTS,659,547,130,17%
2025-10-12,F25,TANK TOP,58,58,15,0%
2025-10-12,F25,TRACK JACKET,"4,970","4,674","1,103",6%
2025-10-12,F25,TRACK PANT,"4,740","4,463","1,062",6%
2025-10-12,F25,T-SHIRT,108,108,18,0%
2025-10-12,F25,VEST,110,0,24,100%
2025-10-12,S23,TRACK JACKET,125,44,18,65%
2025-10-12,S23,TRACK PANT,170,60,32,65%
2025-10-12,S24,FOOTWEAR,145,0,46,100%
2025-10-12,S24,OUTERWEAR,150,51,28,66%
2025-10-12,S24,SHORTS,68,49,13,28%
2025-10-12,S24,SKORT,88,26,19,71%
2025-10-12,S24,SPORT BRA,78,20,16,74%
2025-10-12,S24,TANK TOP,78,15,12,80%
2025-10-12,S24,TRACK JACKET,"3,205","1,094",705,66%
2025-10-12,S24,TRACK PANT,"1,875",681,388,64%
2025-10-12,S25,0,88,31,18,65%
2025-10-12,S25,ACCESSORIES,68,24,13,65%
2025-10-12,S25,ACTIVE JACKET,250,79,52,68%
2025-10-12,S25,BAG,285,100,158,65%
2025-10-12,S25,CABANA SHIRT,233,73,56,69%
2025-10-12,S25,CAMP SHIRT,176,62,30,65%
2025-10-12,S25,CREWNECK,98,16,18,84%
2025-10-12,S25,DRESS,-125,-44,-25,65%
2025-10-12,S25,HOODIE,"2,551",926,546,64%
2025-10-12,S25,JACKET,660,208,128,68%
2025-10-12,S25,LEGGINGS,474,162,93,66%
2025-10-12,S25,LONG SLEEVE KNIT,814,285,132,65%
2025-10-12,S25,PANTS,210,74,44,65%
2025-10-12,S25,POLO,"3,202","1,105",600,65%
2025-10-12,S25,PULLOVER,360,109,71,70%
2025-10-12,S25,SHOES,170,60,41,65%
2025-10-12,S25,SHORTS,"4,630","1,623",935,65%
2025-10-12,S25,SKIRT,254,89,24,65%
2025-10-12,S25,SKORT,156,55,29,65%
2025-10-12,S25,SOCKS,72,25,19,65%
2025-10-12,S25,SWEATER,"1,500",439,353,71%
2025-10-12,S25,SWEATPANTS,774,278,144,64%
2025-10-12,S25,SWEATSHIRT,"1,540",485,252,69%
2025-10-12,S25,TANK TOP,116,41,18,65%
2025-10-12,S25,TRACK JACKET,"50,320","17,453","9,623",65%
2025-10-12,S25,TRACK PANT,"30,439","10,573","5,937",65%
2025-10-12,S25,T-SHIRT,"6,244","2,245","1,085",64%
2025-10-12,S25,VISOR,38,13,7,65%
2025-10-12,S26,T-SHIRT,65,65,18,0%
2025-10-13,CORE,TRACK JACKET,"1,055","1,096",196,-4%
2025-10-13,CORE,TRACK PANT,815,846,152,-4%
2025-10-13,F21,HAT,38,18,6,54%
2025-10-13,F22,HAT,288,71,48,75%
2025-10-13,F24,0,145,76,53,47%
2025-10-13,F24,ACCESSORIES,394,72,82,82%
2025-10-13,F24,CAMP SHIRT,435,99,91,77%
2025-10-13,F24,CARDIGAN,210,48,95,77%
2025-10-13,F24,DRESS,135,27,22,80%
2025-10-13,F24,HOODIE,700,468,150,33%
2025-10-13,F24,LEGGINGS,110,33,21,70%
2025-10-13,F24,LONG SLEEVE KNIT,"1,800",437,396,76%
2025-10-13,F24,OUTERWEAR,"2,250",463,481,79%
2025-10-13,F24,POLO,"3,008",905,"1,141",70%
2025-10-13,F24,SHORTS,"1,964",670,535,66%
2025-10-13,F24,SKIRT,587,201,176,66%
2025-10-13,F24,SPORT BRA,136,66,38,52%
2025-10-13,F24,SWEATPANTS,375,195,75,48%
2025-10-13,F24,SWEATSHIRT,315,90,73,72%
2025-10-13,F24,TRACK JACKET,"5,055","1,099","1,096",78%
2025-10-13,F24,TRACK PANT,"2,690",672,550,75%
2025-10-13,F24,T-SHIRT,828,169,338,80%
2025-10-13,F25,CABANA SHIRT,135,135,31,0%
2025-10-13,F25,CREWNECK,220,220,40,0%
2025-10-13,F25,HAT,156,156,34,0%
2025-10-13,F25,HOODIE,848,808,162,5%
2025-10-13,F25,KNITWEAR,395,395,105,0%
2025-10-13,F25,LONG SLEEVE KNIT,135,135,27,0%
2025-10-13,F25,OUTERWEAR,450,450,98,0%
2025-10-13,F25,POLO,515,515,121,0%
2025-10-13,F25,SHORTS,188,188,43,0%
2025-10-13,F25,SOCKS,18,18,4,0%
2025-10-13,F25,SWEATER,485,473,101,3%
2025-10-13,F25,SWEATPANTS,696,684,136,2%
2025-10-13,F25,TANK TOP,78,78,20,0%
2025-10-13,F25,TRACK JACKET,"5,035","4,987","1,082",1%
2025-10-13,F25,TRACK PANT,"4,248","4,072",930,4%
2025-10-13,S23,TRACK PANT,85,30,16,65%
2025-10-13,S24,BAG,"1,050",414,361,61%
2025-10-13,S24,SHORTS,213,37,39,83%
2025-10-13,S24,TANK TOP,48,18,9,62%
2025-10-13,S24,TRACK JACKET,"3,960","1,500",857,62%
2025-10-13,S24,TRACK PANT,"3,500","1,320",694,62%
2025-10-13,S25,ACCESSORIES,58,20,11,65%
2025-10-13,S25,ACTIVE JACKET,750,236,156,68%
2025-10-13,S25,CABANA SHIRT,828,208,177,75%
2025-10-13,S25,CREWNECK,294,123,54,58%
2025-10-13,S25,DRESS,125,44,25,65%
2025-10-13,S25,HAT,58,24,12,58%
2025-10-13,S25,HOODIE,275,105,59,62%
2025-10-13,S25,JACKET,330,104,64,68%
2025-10-13,S25,LEGGINGS,590,186,105,69%
2025-10-13,S25,LONG SLEEVE KNIT,"1,008",326,162,68%
2025-10-13,S25,PANTS,210,74,44,65%
2025-10-13,S25,POLO,"2,844","1,020",517,64%
2025-10-13,S25,PULLOVER,485,144,96,70%
2025-10-13,S25,SHORTS,"5,676","1,979","1,178",65%
2025-10-13,S25,SKIRT,458,130,67,72%
2025-10-13,S25,SKORT,782,274,166,65%
2025-10-13,S25,SOCKS,54,39,13,29%
2025-10-13,S25,SWEATER,"2,715",991,636,64%
2025-10-13,S25,SWEATPANTS,98,38,18,62%
2025-10-13,S25,SWEATSHIRT,770,243,126,69%
2025-10-13,S25,TANK TOP,662,232,124,65%
2025-10-13,S25,TRACK JACKET,"32,495","11,530","6,174",65%
2025-10-13,S25,TRACK PANT,"19,255","6,702","3,724",65%
2025-10-13,S25,T-SHIRT,"5,306","1,903",930,64%
2025-10-13,S26,HAT,85,85,37,0%
2025-10-14,CORE,ACCESSORIES,12,12,6,0%
2025-10-14,CORE,HAT,42,42,7,0%
2025-10-14,CORE,SOCKS,54,43,12,20%
2025-10-14,CORE,TRACK JACKET,"1,805","1,597",334,12%
2025-10-14,CORE,TRACK PANT,"1,160","1,095",214,6%
2025-10-14,F21,HAT,190,100,30,47%
2025-10-14,F24,0,290,218,106,25%
2025-10-14,F24,ACCESSORIES,520,115,112,78%
2025-10-14,F24,CARDIGAN,210,69,95,67%
2025-10-14,F24,DRESS,770,127,184,84%
2025-10-14,F24,HOODIE,700,483,150,31%
2025-10-14,F24,LEGGINGS,110,33,21,70%
2025-10-14,F24,LONG SLEEVE KNIT,"1,898",503,396,73%
2025-10-14,F24,OUTERWEAR,970,164,185,83%
2025-10-14,F24,POLO,"2,433",767,914,68%
2025-10-14,F24,SHORTS,"1,317",431,355,67%
2025-10-14,F24,SKIRT,"1,429",561,415,61%
2025-10-14,F24,SPORT BRA,68,33,19,52%
2025-10-14,F24,SWEATPANTS,556,369,111,34%
2025-10-14,F24,SWEATSHIRT,695,172,167,75%
2025-10-14,F24,TRACK JACKET,"5,485","1,288","1,198",77%
2025-10-14,F24,TRACK PANT,"3,370",870,666,74%
2025-10-14,F24,T-SHIRT,"1,308",355,500,73%
2025-10-14,F25,CABANA SHIRT,135,135,32,0%
2025-10-14,F25,HAT,414,414,81,0%
2025-10-14,F25,HOODIE,570,570,110,0%
2025-10-14,F25,LONG SLEEVE KNIT,78,78,12,0%
2025-10-14,F25,POLO,68,68,16,0%
2025-10-14,F25,SHORTS,246,246,55,0%
2025-10-14,F25,SWEATPANTS,446,446,87,0%
2025-10-14,F25,TRACK JACKET,"3,565","3,091",784,13%
2025-10-14,F25,TRACK PANT,"3,355","2,969",740,12%
2025-10-14,F25,T-SHIRT,-258,-258,-35,0%
2025-10-14,S24,SHORTS,100,27,23,73%
2025-10-14,S24,TRACK JACKET,"2,660","1,147",618,57%
2025-10-14,S24,TRACK PANT,"1,750",666,386,62%
2025-10-14,S25,0,176,75,36,58%
2025-10-14,S25,ACTIVE JACKET,750,236,156,68%
2025-10-14,S25,CABANA SHIRT,235,91,48,61%
2025-10-14,S25,CAMP SHIRT,88,31,15,65%
2025-10-14,S25,DRESS,250,88,50,65%
2025-10-14,S25,HOODIE,"1,538",556,333,64%
2025-10-14,S25,JACKET,165,42,32,75%
2025-10-14,S25,LEGGINGS,928,300,168,68%
2025-10-14,S25,LONG SLEEVE KNIT,"1,420",567,200,60%
2025-10-14,S25,PANTS,555,194,115,65%
2025-10-14,S25,POLO,"3,938","1,454",713,63%
2025-10-14,S25,PULLOVER,470,147,92,69%
2025-10-14,S25,SHOES,510,145,123,72%
2025-10-14,S25,SHORTS,"3,564","1,353",754,62%
2025-10-14,S25,SKIRT,-78,-35,-2,55%
2025-10-14,S25,SKORT,684,239,143,65%
2025-10-14,S25,SOCKS,54,19,13,65%
2025-10-14,S25,SPORT BRA,68,24,17,65%
2025-10-14,S25,SWEATER,"3,125","1,214",743,61%
2025-10-14,S25,SWEATPANTS,98,1,18,99%
2025-10-14,S25,SWEATSHIRT,550,173,90,69%
2025-10-14,S25,TANK TOP,708,248,124,65%
2025-10-14,S25,TRACK JACKET,"27,245","9,909","5,271",64%
2025-10-14,S25,TRACK PANT,"16,045","6,022","3,157",62%
2025-10-14,S25,T-SHIRT,"2,248",871,381,61%
2025-10-14,S26,T-SHIRT,65,65,18,0%
2025-10-15,CORE,HAT,0,-4,0,#DIV/0!
2025-10-15,CORE,SOCKS,36,31,8,15%
2025-10-15,CORE,TRACK JACKET,"2,935","2,674",572,9%
2025-10-15,CORE,TRACK PANT,"1,910","1,719",382,10%
2025-10-15,F21,HAT,228,105,36,54%
2025-10-15,F22,HAT,192,57,32,70%
2025-10-15,F22,TANK TOP,50,21,10,58%
2025-10-15,F23,OUTERWEAR,175,41,40,76%
2025-10-15,F24,0,290,109,106,62%
2025-10-15,F24,ACCESSORIES,"1,408",265,292,81%
2025-10-15,F24,CAMP SHIRT,150,52,30,65%
2025-10-15,F24,CARDIGAN,210,48,95,77%
2025-10-15,F24,HOODIE,"1,200",521,276,57%
2025-10-15,F24,JACKET,975,183,166,81%
2025-10-15,F24,LEGGINGS,440,188,84,57%
2025-10-15,F24,LONG SLEEVE KNIT,"1,871",564,380,70%
2025-10-15,F24,OUTERWEAR,900,197,176,78%
2025-10-15,F24,POLO,994,401,326,60%
2025-10-15,F24,SHORTS,729,270,196,63%
2025-10-15,F24,SKIRT,264,74,48,72%
2025-10-15,F24,SPORT BRA,136,100,38,26%
2025-10-15,F24,SWEATER,295,55,68,81%
2025-10-15,F24,SWEATPANTS,696,465,136,33%
2025-10-15,F24,SWEATSHIRT,125,69,26,45%
2025-10-15,F24,TRACK JACKET,"4,705","1,245",952,74%
2025-10-15,F24,TRACK PANT,"3,225",873,680,73%
2025-10-15,F24,T-SHIRT,550,148,188,73%
2025-10-15,F25,CABANA SHIRT,270,233,64,14%
2025-10-15,F25,DRESS,125,125,27,0%
2025-10-15,F25,HAT,38,38,8,0%
2025-10-15,F25,HOODIE,600,450,116,25%
2025-10-15,F25,KNITWEAR,175,175,47,0%
2025-10-15,F25,LONG SLEEVE KNIT,483,448,93,7%
2025-10-15,F25,POLO,417,346,97,17%
2025-10-15,F25,SHORTS,288,258,66,11%
2025-10-15,F25,SKORT,88,67,22,24%
2025-10-15,F25,SOCKS,18,13,4,28%
2025-10-15,F25,SWEATER,669,635,150,5%
2025-10-15,F25,SWEATPANTS,348,338,69,3%
2025-10-15,F25,TRACK JACKET,"8,003","6,694","1,735",16%
2025-10-15,F25,TRACK PANT,"5,854","4,821","1,275",18%
2025-10-15,F25,T-SHIRT,42,32,7,24%
2025-10-15,S23,TRACK JACKET,250,107,36,57%
2025-10-15,S23,TRACK PANT,170,73,32,57%
2025-10-15,S24,FOOTWEAR,145,76,46,47%
2025-10-15,S24,SKIRT,78,27,28,65%
2025-10-15,S24,SPORT BRA,48,23,7,52%
2025-10-15,S24,TRACK JACKET,"3,080","1,544",708,50%
2025-10-15,S24,TRACK PANT,"2,670","1,168",579,56%
2025-10-15,S25,0,-29,-19,-10,35%
2025-10-15,S25,ACCESSORIES,196,79,42,60%
2025-10-15,S25,ACTIVE JACKET,250,96,52,62%
2025-10-15,S25,CABANA SHIRT,-260,-122,-57,53%
2025-10-15,S25,CAMP SHIRT,88,31,15,65%
2025-10-15,S25,CREWNECK,490,253,90,48%
2025-10-15,S25,DRESS,250,93,46,63%
2025-10-15,S25,HOODIE,"1,688",662,366,61%
2025-10-15,S25,JACKET,330,126,64,62%
2025-10-15,S25,LEGGINGS,338,114,61,66%
2025-10-15,S25,LONG SLEEVE KNIT,408,155,60,62%
2025-10-15,S25,PANTS,420,147,88,65%
2025-10-15,S25,POLO,"2,713","1,065",512,61%
2025-10-15,S25,PULLOVER,690,222,134,68%
2025-10-15,S25,SHOES,-170,-60,-41,65%
2025-10-15,S25,SHORTS,"2,769","1,180",594,57%
2025-10-15,S25,SKIRT,-88,-33,-21,63%
2025-10-15,S25,SKORT,430,161,90,63%
2025-10-15,S25,SOCKS,36,15,9,58%
2025-10-15,S25,SWEATER,"1,330",531,322,60%
2025-10-15,S25,SWEATPANTS,264,153,54,42%
2025-10-15,S25,SWEATSHIRT,220,69,36,69%
2025-10-15,S25,TANK TOP,484,196,96,60%
2025-10-15,S25,TRACK JACKET,"32,675","13,038","6,311",60%
2025-10-15,S25,TRACK PANT,"20,082","7,836","3,917",61%
2025-10-15,S25,T-SHIRT,"2,770","1,131",484,59%
2025-10-15,S26,CREWNECK,165,165,29,0%
2025-10-15,S26,SWEATPANTS,130,130,37,0%
2025-10-16,CORE,SOCKS,108,103,24,5%
2025-10-16,CORE,TRACK JACKET,"1,335","1,236",240,7%
2025-10-16,CORE,TRACK PANT,"1,425","1,337",281,6%
2025-10-16,F22,HAT,48,19,8,60%
2025-10-16,F24,ACCESSORIES,172,32,38,82%
2025-10-16,F24,HOODIE,800,351,184,56%
2025-10-16,F24,JACKET,325,51,55,84%
2025-10-16,F24,LONG SLEEVE KNIT,898,241,186,73%
2025-10-16,F24,OUTERWEAR,520,74,99,86%
2025-10-16,F24,POLO,"1,200",417,532,65%
2025-10-16,F24,SHORTS,584,309,177,47%
2025-10-16,F24,SWEATPANTS,348,226,68,35%
2025-10-16,F24,SWEATSHIRT,125,62,26,50%
2025-10-16,F24,TRACK JACKET,"3,905",928,872,76%
2025-10-16,F24,TRACK PANT,"1,990",737,412,63%
2025-10-16,F24,T-SHIRT,472,145,162,69%
2025-10-16,F25,CABANA SHIRT,0,-35,-1,#DIV/0!
2025-10-16,F25,CREWNECK,243,219,47,10%
2025-10-16,F25,DRESS,125,125,27,0%
2025-10-16,F25,HAT,76,76,16,0%
2025-10-16,F25,HOODIE,316,304,57,4%
2025-10-16,F25,LONG SLEEVE KNIT,135,95,27,30%
2025-10-16,F25,POLO,369,316,83,14%
2025-10-16,F25,SHORTS,308,265,69,14%
2025-10-16,F25,SWEATER,277,302,60,-9%
2025-10-16,F25,SWEATPANTS,71,61,13,14%
2025-10-16,F25,TANK TOP,58,58,15,0%
2025-10-16,F25,TRACK JACKET,"4,845","4,590","1,056",5%
2025-10-16,F25,TRACK PANT,"3,648","3,286",788,10%
2025-10-16,F25,T-SHIRT,102,89,17,13%
2025-10-16,S24,FOOTWEAR,929,386,286,58%
2025-10-16,S24,SKORT,88,37,19,58%
2025-10-16,S24,SPORT BRA,78,29,16,63%
2025-10-16,S24,TRACK JACKET,"1,820",830,414,54%
2025-10-16,S24,TRACK PANT,"1,250",600,258,52%
2025-10-16,S25,0,352,154,72,56%
2025-10-16,S25,CABANA SHIRT,15,14,6,7%
2025-10-16,S25,CAMP SHIRT,352,123,60,65%
2025-10-16,S25,CREWNECK,392,202,72,48%
2025-10-16,S25,HOODIE,"1,550",629,335,59%
2025-10-16,S25,JACKET,165,52,32,68%
2025-10-16,S25,LEGGINGS,178,62,36,65%
2025-10-16,S25,LONG SLEEVE KNIT,183,87,36,52%
2025-10-16,S25,POLO,"1,761",663,308,62%
2025-10-16,S25,PULLOVER,-125,-35,-25,72%
2025-10-16,S25,SHOES,170,60,41,65%
2025-10-16,S25,SHORTS,"3,384","1,404",678,59%
2025-10-16,S25,SKIRT,58,44,11,25%
2025-10-16,S25,SKORT,322,133,63,59%
2025-10-16,S25,SOCKS,72,38,17,48%
2025-10-16,S25,SWEATER,"1,780",788,424,56%
2025-10-16,S25,SWEATPANTS,284,131,54,54%
2025-10-16,S25,SWEATSHIRT,110,35,18,69%
2025-10-16,S25,TANK TOP,116,58,16,50%
2025-10-16,S25,TRACK JACKET,"31,650","12,359","6,105",61%
2025-10-16,S25,TRACK PANT,"17,319","6,536","3,330",62%
2025-10-16,S25,T-SHIRT,"2,420","1,006",417,58%
2025-10-17,CORE,HAT,84,80,14,5%
2025-10-17,CORE,SOCKS,36,36,8,0%
2025-10-17,CORE,TRACK JACKET,"1,335","1,029",240,23%
2025-10-17,CORE,TRACK PANT,"1,175",706,225,40%
2025-10-17,F21,HAT,76,50,12,34%
2025-10-17,F22,HAT,144,31,24,78%
2025-10-17,F24,ACCESSORIES,302,80,66,74%
2025-10-17,F24,CAMP SHIRT,300,88,60,71%
2025-10-17,F24,CARDIGAN,210,0,95,100%
2025-10-17,F24,DRESS,310,74,76,76%
2025-10-17,F24,HOODIE,550,306,121,44%
2025-10-17,F24,LEGGINGS,110,39,21,65%
2025-10-17,F24,LONG SLEEVE KNIT,"1,142",313,228,73%
2025-10-17,F24,OUTERWEAR,295,49,48,83%
2025-10-17,F24,POLO,"2,099",798,709,62%
2025-10-17,F24,SHORTS,"1,554",561,421,64%
2025-10-17,F24,SKIRT,519,179,124,65%
2025-10-17,F24,SPORT BRA,68,47,19,31%
2025-10-17,F24,SWEATER,295,71,68,76%
2025-10-17,F24,SWEATPANTS,821,398,161,52%
2025-10-17,F24,SWEATSHIRT,125,62,26,50%
2025-10-17,F24,TRACK JACKET,"1,825",523,456,71%
2025-10-17,F24,TRACK PANT,"2,730",795,572,71%
2025-10-17,F24,T-SHIRT,240,63,103,74%
2025-10-17,F25,CABANA SHIRT,0,-36,0,#DIV/0!
2025-10-17,F25,CONTOUR JACKET,135,112,29,17%
2025-10-17,F25,CREWNECK,314,291,62,7%
2025-10-17,F25,CROP TOP,-156,-156,-36,0%
2025-10-17,F25,DRESS,135,112,31,17%
2025-10-17,F25,HAT,76,68,16,10%
2025-10-17,F25,HOODIE,-14,-18,-7,-27%
2025-10-17,F25,KNITWEAR,-40,-76,-12,-91%
2025-10-17,F25,LEGGINGS,220,220,48,0%
2025-10-17,F25,LONG SLEEVE KNIT,135,109,27,19%
2025-10-17,F25,POLO,250,217,54,13%
2025-10-17,F25,PULLOVER,125,104,25,17%
2025-10-17,F25,SHORTS,-84,-84,-22,0%
2025-10-17,F25,SKORT,88,73,22,17%
2025-10-17,F25,SWEATER,250,250,54,0%
2025-10-17,F25,SWEATPANTS,44,-16,4,135%
2025-10-17,F25,TRACK JACKET,"4,906","4,463","1,085",9%
2025-10-17,F25,TRACK PANT,"4,973","4,352","1,094",12%
2025-10-17,F25,T-SHIRT,156,118,32,24%
2025-10-17,F25,VEST,-110,-110,-24,0%
2025-10-17,S23,TRACK JACKET,125,63,18,50%
2025-10-17,S23,TRACK PANT,85,43,16,49%
2025-10-17,S24,TRACK JACKET,"1,140",557,263,51%
2025-10-17,S24,TRACK PANT,"1,125",542,245,52%
2025-10-17,S25,0,59,21,8,64%
2025-10-17,S25,ACTIVE JACKET,125,41,26,67%
2025-10-17,S25,CABANA SHIRT,260,125,59,52%
2025-10-17,S25,CAMP SHIRT,88,44,15,50%
2025-10-17,S25,CREWNECK,196,100,36,49%
2025-10-17,S25,DRESS,125,56,23,55%
2025-10-17,S25,FOOTWEAR,-150,-63,-33,58%
2025-10-17,S25,HOODIE,175,60,40,66%
2025-10-17,S25,JACKET,165,59,32,64%
2025-10-17,S25,LEGGINGS,118,37,21,68%
2025-10-17,S25,LONG SLEEVE KNIT,651,276,96,58%
2025-10-17,S25,POLO,"2,237","1,098",426,51%
2025-10-17,S25,PULLOVER,235,100,46,57%
2025-10-17,S25,SHOES,170,60,41,65%
2025-10-17,S25,SHORTS,"3,980","1,790",852,55%
2025-10-17,S25,SKORT,244,118,47,52%
2025-10-17,S25,SOCKS,126,47,30,63%
2025-10-17,S25,SWEATER,"1,420",518,338,64%
2025-10-17,S25,SWEATPANTS,362,172,72,52%
2025-10-17,S25,SWEATSHIRT,770,338,126,56%
2025-10-17,S25,TANK TOP,194,78,36,60%
2025-10-17,S25,TRACK JACKET,"15,370","6,434","2,938",58%
2025-10-17,S25,TRACK PANT,"11,379","4,885","2,233",57%
2025-10-17,S25,T-SHIRT,"3,664","1,585",634,57%
2025-10-17,S25,VISOR,38,17,7,55%
2025-10-17,S26,T-SHIRT,0,-65,0,#DIV/0!
2025-10-18,CORE,HAT,42,42,7,0%
2025-10-18,CORE,SOCKS,90,79,20,12%
2025-10-18,CORE,TRACK JACKET,"2,515","2,225",506,12%
2025-10-18,CORE,TRACK PANT,"1,565","1,344",320,14%
2025-10-18,F21,HAT,38,25,6,34%
2025-10-18,F23,TRACK PANT,160,67,39,58%
2025-10-18,F24,ACCESSORIES,176,31,36,82%
2025-10-18,F24,CARDIGAN,210,0,95,100%
2025-10-18,F24,DRESS,750,141,257,81%
2025-10-18,F24,HOODIE,700,443,150,37%
2025-10-18,F24,LONG SLEEVE KNIT,"1,661",567,351,66%
2025-10-18,F24,OUTERWEAR,675,164,126,76%
2025-10-18,F24,POLO,600,211,320,65%
2025-10-18,F24,SHORTS,427,162,128,62%
2025-10-18,F24,SKIRT,342,146,82,57%
2025-10-18,F24,SPORT BRA,68,42,19,38%
2025-10-18,F24,SWEATPANTS,571,302,111,47%
2025-10-18,F24,SWEATSHIRT,440,182,99,59%
2025-10-18,F24,TRACK JACKET,"2,660",877,605,67%
2025-10-18,F24,TRACK PANT,"1,045",398,225,62%
2025-10-18,F24,T-SHIRT,423,195,199,54%
2025-10-18,F25,CABANA SHIRT,405,345,95,15%
2025-10-18,F25,HOODIE,300,259,58,14%
2025-10-18,F25,LEGGINGS,118,118,25,0%
2025-10-18,F25,LONG SLEEVE KNIT,135,135,27,0%
2025-10-18,F25,OUTERWEAR,225,225,47,0%
2025-10-18,F25,POLO,568,446,131,21%
2025-10-18,F25,SHORTS,506,428,118,15%
2025-10-18,F25,SPORT BRA,48,48,8,0%
2025-10-18,F25,SWEATER,750,675,164,10%
2025-10-18,F25,SWEATPANTS,446,412,87,8%
2025-10-18,F25,TRACK JACKET,"4,135","3,656",897,12%
2025-10-18,F25,TRACK PANT,"4,103","3,582",891,13%
2025-10-18,F25,T-SHIRT,268,151,48,44%
2025-10-18,S24,SHORTS,135,39,25,71%
2025-10-18,S24,SPORT BRA,96,66,14,31%
2025-10-18,S24,TRACK JACKET,"1,400",661,316,53%
2025-10-18,S24,TRACK PANT,"1,000",469,212,53%
2025-10-18,S25,0,88,32,18,64%
2025-10-18,S25,ACCESSORIES,58,20,11,65%
2025-10-18,S25,ACTIVE JACKET,125,51,26,60%
2025-10-18,S25,CABANA SHIRT,593,240,131,60%
2025-10-18,S25,CREWNECK,98,59,18,40%
2025-10-18,S25,HOODIE,925,443,196,52%
2025-10-18,S25,JACKET,165,74,32,55%
2025-10-18,S25,POLO,"2,595","1,149",506,56%
2025-10-18,S25,PULLOVER,110,55,21,50%
2025-10-18,S25,SHOES,170,60,41,65%
2025-10-18,S25,SHORTS,"2,685","1,166",559,57%
2025-10-18,S25,SKIRT,98,35,20,64%
2025-10-18,S25,SKORT,606,284,127,53%
2025-10-18,S25,SOCKS,180,97,46,46%
2025-10-18,S25,SWEATER,"1,040",435,232,58%
2025-10-18,S25,SWEATPANTS,676,376,126,44%
2025-10-18,S25,SWEATSHIRT,550,243,90,56%
2025-10-18,S25,TANK TOP,164,79,37,52%
2025-10-18,S25,TRACK JACKET,"17,655","7,695","3,414",56%
2025-10-18,S25,TRACK PANT,"11,164","4,944","2,159",56%
2025-10-18,S25,T-SHIRT,"3,458","1,550",594,55%
2025-10-18,S26,BOMBER JACKET,260,220,97,15%
2025-10-18,S26,BUTTON DOWN SHIRT,165,165,70,0%
2025-10-18,S26,HAT,165,153,73,8%
2025-10-18,S26,SWEATPANTS,130,110,37,15%
2025-10-18,S26,T-SHIRT,65,65,18,0%
2025-10-19,CORE,ACCESSORIES,54,54,22,0%
2025-10-19,CORE,HAT,126,126,21,0%
2025-10-19,CORE,SOCKS,36,26,8,28%
2025-10-19,CORE,TRACK JACKET,"2,110","1,735",392,18%
2025-10-19,CORE,TRACK PANT,"1,880","1,613",360,14%
2025-10-19,F21,HAT,76,50,12,34%
2025-10-19,F22,HAT,48,19,8,60%
2025-10-19,F24,ACCESSORIES,482,135,100,72%
2025-10-19,F24,CAMP SHIRT,150,37,30,75%
2025-10-19,F24,CARDIGAN,210,69,95,67%
2025-10-19,F24,DRESS,525,141,173,73%
2025-10-19,F24,HOODIE,600,546,116,9%
2025-10-19,F24,LEGGINGS,110,42,21,62%
2025-10-19,F24,LONG SLEEVE KNIT,753,238,154,68%
2025-10-19,F24,OUTERWEAR,295,49,48,83%
2025-10-19,F24,POLO,"1,004",335,404,67%
2025-10-19,F24,SHORTS,597,149,139,75%
2025-10-19,F24,SKIRT,78,41,34,47%
2025-10-19,F24,SPORT BRA,68,48,19,30%
2025-10-19,F24,SWEATER,295,79,68,73%
2025-10-19,F24,SWEATPANTS,446,328,86,26%
2025-10-19,F24,TRACK JACKET,"1,730",538,348,69%
2025-10-19,F24,TRACK PANT,"1,320",406,278,69%
2025-10-19,F24,T-SHIRT,260,114,100,56%
2025-10-19,F25,CABANA SHIRT,405,341,94,16%
2025-10-19,F25,CREWNECK,246,217,48,12%
2025-10-19,F25,HAT,164,170,38,-3%
2025-10-19,F25,HOODIE,420,336,81,20%
2025-10-19,F25,KNITWEAR,370,345,90,7%
2025-10-19,F25,LONG SLEEVE KNIT,618,618,120,0%
2025-10-19,F25,OUTERWEAR,225,203,51,10%
2025-10-19,F25,POLO,513,443,117,14%
2025-10-19,F25,PULLOVER,0,25,0,#DIV/0!
2025-10-19,F25,SHORTS,494,404,117,18%
2025-10-19,F25,SWEATER,473,338,105,29%
2025-10-19,F25,SWEATPANTS,507,420,97,17%
2025-10-19,F25,TRACK JACKET,"9,293","8,422","2,034",9%
2025-10-19,F25,TRACK PANT,"8,635","7,732","1,914",10%
2025-10-19,F25,T-SHIRT,58,44,13,25%
2025-10-19,S24,FOOTWEAR,59,47,10,21%
2025-10-19,S24,POLO,-118,-37,-20,69%
2025-10-19,S24,SHORTS,78,22,13,72%
2025-10-19,S24,SKORT,88,37,19,58%
2025-10-19,S24,TANK TOP,68,22,11,68%
2025-10-19,S24,TRACK JACKET,975,494,219,49%
2025-10-19,S24,TRACK PANT,625,342,128,45%
2025-10-19,S25,ACCESSORIES,-70,-20,-15,71%
2025-10-19,S25,ACTIVE JACKET,250,99,52,60%
2025-10-19,S25,BAG,110,39,50,64%
2025-10-19,S25,CABANA SHIRT,250,143,51,43%
2025-10-19,S25,CREWNECK,98,59,18,40%
2025-10-19,S25,DRESS,125,45,23,64%
2025-10-19,S25,HOODIE,425,196,92,54%
2025-10-19,S25,JACKET,660,297,128,55%
2025-10-19,S25,LEGGINGS,118,40,21,66%
2025-10-19,S25,LONG SLEEVE KNIT,526,263,70,50%
2025-10-19,S25,PANTS,210,105,44,50%
2025-10-19,S25,POLO,"1,822",858,344,53%
2025-10-19,S25,PULLOVER,360,131,71,64%
2025-10-19,S25,SHORTS,"3,871","1,784",816,54%
2025-10-19,S25,SKORT,362,176,80,51%
2025-10-19,S25,SOCKS,126,57,31,55%
2025-10-19,S25,SWEATER,490,231,105,53%
2025-10-19,S25,SWEATPANTS,98,39,18,61%
2025-10-19,S25,SWEATSHIRT,220,99,36,55%
2025-10-19,S25,TANK TOP,504,245,99,51%
2025-10-19,S25,TRACK JACKET,"23,690","10,200","4,609",57%
2025-10-19,S25,TRACK PANT,"14,417","6,530","2,851",55%
2025-10-19,S25,T-SHIRT,"3,368","1,569",599,53%
2025-10-19,S26,BOMBER JACKET,260,185,97,29%
2025-10-19,S26,T-SHIRT,65,49,18,25%
2025-10-20,CORE,HAT,-42,-38,-7,10%
2025-10-20,CORE,SOCKS,90,81,20,10%
2025-10-20,CORE,TRACK JACKET,"1,880","1,671",376,11%
2025-10-20,CORE,TRACK PANT,"1,690","1,503",349,11%
2025-10-20,F22,HAT,48,9,8,81%
2025-10-20,F24,0,870,327,318,62%
2025-10-20,F24,ACCESSORIES,-264,-65,-56,75%
2025-10-20,F24,DRESS,125,33,35,74%
2025-10-20,F24,HOODIE,150,150,29,0%
2025-10-20,F24,JACKET,325,70,55,79%
2025-10-20,F24,LEGGINGS,110,33,21,70%
2025-10-20,F24,LONG SLEEVE KNIT,535,223,106,58%
2025-10-20,F24,OUTERWEAR,225,63,50,72%
2025-10-20,F24,POLO,929,265,321,71%
2025-10-20,F24,SHORTS,583,188,154,68%
2025-10-20,F24,SKIRT,78,30,34,61%
2025-10-20,F24,SPORT BRA,68,25,19,63%
2025-10-20,F24,SWEATPANTS,223,178,43,20%
2025-10-20,F24,TRACK JACKET,"1,950",574,394,71%
2025-10-20,F24,TRACK PANT,850,273,150,68%
2025-10-20,F24,T-SHIRT,386,258,126,33%
2025-10-20,F25,CABANA SHIRT,405,405,94,0%
2025-10-20,F25,HAT,38,28,8,25%
2025-10-20,F25,HOODIE,450,409,87,9%
2025-10-20,F25,LONG SLEEVE KNIT,348,314,66,10%
2025-10-20,F25,OUTERWEAR,450,384,98,15%
2025-10-20,F25,POLO,141,141,35,0%
2025-10-20,F25,SHORTS,110,110,24,0%
2025-10-20,F25,SKORT,58,58,10,0%
2025-10-20,F25,SWEATER,723,523,158,28%
2025-10-20,F25,SWEATPANTS,473,439,94,7%
2025-10-20,F25,TRACK JACKET,"7,965","6,661","1,736",16%
2025-10-20,F25,TRACK PANT,"6,562","5,439","1,423",17%
2025-10-20,F25,T-SHIRT,102,90,17,12%
2025-10-20,F25,VEST,110,110,24,0%
2025-10-20,S23,TRACK PANT,85,43,16,49%
2025-10-20,S24,FOOTWEAR,118,46,20,61%
2025-10-20,S24,SHORTS,135,17,25,87%
2025-10-20,S24,TRACK JACKET,"1,960","1,011",448,48%
2025-10-20,S24,TRACK PANT,"2,025","1,079",422,47%
2025-10-20,S25,ACCESSORIES,126,54,24,57%
2025-10-20,S25,ACTIVE JACKET,125,56,26,55%
2025-10-20,S25,CABANA SHIRT,150,93,38,38%
2025-10-20,S25,CREWNECK,196,86,36,56%
2025-10-20,S25,DRESS,250,93,48,63%
2025-10-20,S25,HOODIE,"1,188",604,253,49%
2025-10-20,S25,JACKET,495,223,96,55%
2025-10-20,S25,LONG SLEEVE KNIT,312,91,40,71%
2025-10-20,S25,PANTS,345,141,71,59%
2025-10-20,S25,POLO,119,69,26,42%
2025-10-20,S25,PULLOVER,-110,-55,-21,50%
2025-10-20,S25,SHORTS,975,408,209,58%
2025-10-20,S25,SKIRT,-98,-49,-20,50%
2025-10-20,S25,SKORT,-98,-44,-23,55%
2025-10-20,S25,SOCKS,18,6,5,64%
2025-10-20,S25,SWEATER,"1,005",522,224,48%
2025-10-20,S25,SWEATPANTS,382,203,72,47%
2025-10-20,S25,SWEATSHIRT,0,-2,0,#DIV/0!
2025-10-20,S25,TANK TOP,126,54,22,57%
2025-10-20,S25,TRACK JACKET,"17,890","7,897","3,513",56%
2025-10-20,S25,TRACK PANT,"11,455","5,291","2,299",54%
2025-10-20,S25,T-SHIRT,"1,280",547,217,57%
2025-10-21,CORE,SOCKS,18,18,4,0%
2025-10-21,CORE,TRACK JACKET,"1,460","1,128",310,23%
2025-10-21,CORE,TRACK PANT,750,499,168,34%
2025-10-21,F23,TRACK PANT,98,25,17,74%
2025-10-21,F24,0,145,0,53,100%
2025-10-21,F24,ACCESSORIES,88,22,18,76%
2025-10-21,F24,CARDIGAN,210,69,95,67%
2025-10-21,F24,DRESS,"1,370",286,398,79%
2025-10-21,F24,HOODIE,550,293,121,47%
2025-10-21,F24,LEGGINGS,110,47,21,57%
2025-10-21,F24,LONG SLEEVE KNIT,"2,073",613,419,70%
2025-10-21,F24,OUTERWEAR,520,107,98,79%
2025-10-21,F24,POLO,662,244,261,63%
2025-10-21,F24,SHORTS,749,152,216,80%
2025-10-21,F24,SKIRT,430,204,189,53%
2025-10-21,F24,SWEATPANTS,-125,-125,-25,0%
2025-10-21,F24,SWEATSHIRT,190,44,47,77%
2025-10-21,F24,TRACK JACKET,"2,215",673,456,70%
2025-10-21,F24,TRACK PANT,"1,245",391,276,69%
2025-10-21,F24,T-SHIRT,240,91,97,62%
2025-10-21,F25,CREWNECK,246,246,48,0%
2025-10-21,F25,HAT,38,38,8,0%
2025-10-21,F25,HOODIE,750,683,145,9%
2025-10-21,F25,KNITWEAR,175,0,43,100%
2025-10-21,F25,LONG SLEEVE KNIT,213,213,39,0%
2025-10-21,F25,OUTERWEAR,325,325,70,0%
2025-10-21,F25,POLO,98,84,21,14%
2025-10-21,F25,SHORTS,146,127,33,13%
2025-10-21,F25,SKORT,58,58,10,0%
2025-10-21,F25,SOCKS,18,18,4,0%
2025-10-21,F25,SWEATER,0,0,-1,#DIV/0!
2025-10-21,F25,SWEATPANTS,"1,095","1,025",215,6%
2025-10-21,F25,TRACK JACKET,"7,705","6,332","1,695",18%
2025-10-21,F25,TRACK PANT,"5,763","4,847","1,273",16%
2025-10-21,F25,T-SHIRT,48,48,8,0%
2025-10-21,F25,VEST,110,99,24,10%
2025-10-21,S24,FOOTWEAR,435,109,138,75%
2025-10-21,S24,TRACK JACKET,"1,120",616,260,45%
2025-10-21,S24,TRACK PANT,"1,125",599,234,47%
2025-10-21,S25,ACCESSORIES,352,0,68,100%
2025-10-21,S25,BAG,700,350,433,50%
2025-10-21,S25,CABANA SHIRT,213,112,43,48%
2025-10-21,S25,CREWNECK,490,282,90,42%
2025-10-21,S25,DRESS,110,40,23,64%
2025-10-21,S25,HAT,-116,-49,-24,58%
2025-10-21,S25,HOODIE,825,427,177,48%
2025-10-21,S25,JACKET,165,61,32,63%
2025-10-21,S25,LEGGINGS,0,-46,0,#DIV/0!
2025-10-21,S25,LONG SLEEVE KNIT,156,40,20,74%
2025-10-21,S25,POLO,888,402,167,55%
2025-10-21,S25,PULLOVER,110,55,21,50%
2025-10-21,S25,SHORTS,"2,374",995,495,58%
2025-10-21,S25,SKIRT,156,0,4,100%
2025-10-21,S25,SKORT,254,26,52,90%
2025-10-21,S25,SWEATER,"1,535",693,381,55%
2025-10-21,S25,SWEATPANTS,98,70,18,29%
2025-10-21,S25,SWEATSHIRT,440,196,72,56%
2025-10-21,S25,TANK TOP,330,134,65,59%
2025-10-21,S25,TRACK JACKET,"15,460","6,772","2,938",56%
2025-10-21,S25,TRACK PANT,"9,586","4,399","1,858",54%
2025-10-21,S25,T-SHIRT,"1,368",523,239,62%
2025-10-21,S25,VISOR,38,19,7,50%
2025-10-21,S26,T-SHIRT,65,65,18,0%
2025-10-21,SS22,T-SHIRT,46,13,12,72%
2025-10-22,CORE,HAT,42,37,7,13%
2025-10-22,CORE,SOCKS,18,14,4,22%
2025-10-22,CORE,TRACK JACKET,"2,325","1,849",456,20%
2025-10-22,CORE,TRACK PANT,"1,675","1,216",337,27%
2025-10-22,F21,HAT,38,25,6,34%
2025-10-22,F24,ACCESSORIES,218,56,46,74%
2025-10-22,F24,CAMP SHIRT,150,36,30,76%
2025-10-22,F24,DRESS,425,85,124,80%
2025-10-22,F24,HOODIE,550,294,121,47%
2025-10-22,F24,JACKET,975,185,165,81%
2025-10-22,F24,LONG SLEEVE KNIT,"1,121",378,218,66%
2025-10-22,F24,OUTERWEAR,225,51,50,77%
2025-10-22,F24,POLO,"1,385",496,475,64%
2025-10-22,F24,SHORTS,156,-2,36,102%
2025-10-22,F24,SKIRT,88,25,16,71%
2025-10-22,F24,SWEATPANTS,321,186,61,42%
2025-10-22,F24,TRACK JACKET,"2,525",695,528,72%
2025-10-22,F24,TRACK PANT,"1,155",327,241,72%
2025-10-22,F24,T-SHIRT,309,136,114,56%
2025-10-22,F25,CABANA SHIRT,135,81,32,40%
2025-10-22,F25,CREWNECK,288,288,54,0%
2025-10-22,F25,HAT,80,68,18,15%
2025-10-22,F25,HOODIE,856,767,161,10%
2025-10-22,F25,LONG SLEEVE KNIT,348,329,66,5%
2025-10-22,F25,POLO,196,168,42,14%
2025-10-22,F25,SHORTS,110,66,26,40%
2025-10-22,F25,SKORT,-58,-58,-10,0%
2025-10-22,F25,SWEATER,544,518,121,5%
2025-10-22,F25,SWEATPANTS,936,870,178,7%
2025-10-22,F25,TRACK JACKET,"4,573","3,643","1,023",20%
2025-10-22,F25,TRACK PANT,"4,361","3,156",957,28%
2025-10-22,F25,T-SHIRT,68,68,16,0%
2025-10-22,S24,DRESS,176,112,38,36%
2025-10-22,S24,FOOTWEAR,177,177,30,0%
2025-10-22,S24,SHORTS,74,47,17,36%
2025-10-22,S24,SKIRT,68,30,9,56%
2025-10-22,S24,SKORT,-88,-37,-19,58%
2025-10-22,S24,SPORT BRA,64,28,15,56%
2025-10-22,S24,SWEATER,150,39,37,74%
2025-10-22,S24,TANK TOP,68,30,11,56%
2025-10-22,S24,TRACK JACKET,700,390,162,44%
2025-10-22,S24,TRACK PANT,625,341,130,45%
2025-10-22,S25,ACCESSORIES,264,0,51,100%
2025-10-22,S25,CABANA SHIRT,110,55,21,50%
2025-10-22,S25,CREWNECK,196,118,36,40%
2025-10-22,S25,DRESS,125,0,25,100%
2025-10-22,S25,HOODIE,250,136,52,46%
2025-10-22,S25,JACKET,330,134,64,59%
2025-10-22,S25,LEGGINGS,68,24,16,65%
2025-10-22,S25,LONG SLEEVE KNIT,370,161,50,57%
2025-10-22,S25,PANTS,555,259,115,53%
2025-10-22,S25,POLO,913,468,189,49%
2025-10-22,S25,PULLOVER,455,185,88,59%
2025-10-22,S25,SHORTS,"1,324",571,287,57%
2025-10-22,S25,SKIRT,244,124,79,49%
2025-10-22,S25,SKORT,420,190,86,55%
2025-10-22,S25,SOCKS,144,71,34,51%
2025-10-22,S25,SWEATER,380,190,91,50%
2025-10-22,S25,SWEATPANTS,480,233,90,52%
2025-10-22,S25,SWEATSHIRT,550,243,90,56%
2025-10-22,S25,TANK TOP,698,315,131,55%
2025-10-22,S25,TRACK JACKET,"11,860","5,005","2,373",58%
2025-10-22,S25,TRACK PANT,"6,576","2,407","1,312",63%
2025-10-22,S25,T-SHIRT,"1,158",553,184,52%
2025-10-22,S26,ACCESSORIES,130,130,60,0%
2025-10-22,S26,HAT,85,85,37,0%
2025-10-23,CORE,HAT,42,42,7,0%
2025-10-23,CORE,SOCKS,108,106,24,2%
2025-10-23,CORE,TRACK JACKET,"2,920","2,331",620,20%
2025-10-23,CORE,TRACK PANT,"2,800","2,220",589,21%
2025-10-23,F21,HAT,38,25,6,34%
2025-10-23,F22,HAT,48,6,8,87%
2025-10-23,F23,TRACK PANT,150,53,27,65%
2025-10-23,F24,ACCESSORIES,42,19,10,55%
2025-10-23,F24,DRESS,175,31,54,82%
2025-10-23,F24,HOODIE,650,230,155,65%
2025-10-23,F24,JACKET,325,52,55,84%
2025-10-23,F24,LEGGINGS,110,42,21,62%
2025-10-23,F24,LONG SLEEVE KNIT,966,368,181,62%
2025-10-23,F24,OUTERWEAR,520,87,86,83%
2025-10-23,F24,POLO,609,296,223,51%
2025-10-23,F24,SHORTS,486,39,154,92%
2025-10-23,F24,SKIRT,442,151,123,66%
2025-10-23,F24,SWEATER,-295,-82,-68,72%
2025-10-23,F24,SWEATPANTS,375,212,75,43%
2025-10-23,F24,TRACK JACKET,"2,060",749,415,64%
2025-10-23,F24,TRACK PANT,"1,820",660,382,64%
2025-10-23,F24,T-SHIRT,174,42,46,76%
2025-10-23,F25,CABANA SHIRT,270,270,63,0%
2025-10-23,F25,HAT,160,156,36,3%
2025-10-23,F25,HOODIE,502,420,99,16%
2025-10-23,F25,LONG SLEEVE KNIT,291,249,51,15%
2025-10-23,F25,OUTERWEAR,225,0,51,100%
2025-10-23,F25,POLO,"1,218","1,050",271,14%
2025-10-23,F25,PULLOVER,125,125,27,0%
2025-10-23,F25,SHORTS,586,478,131,19%
2025-10-23,F25,SKIRT,-78,-78,-17,0%
2025-10-23,F25,SWEATER,473,459,105,3%
2025-10-23,F25,SWEATPANTS,500,324,100,35%
2025-10-23,F25,TRACK JACKET,"7,180","6,121","1,578",15%
2025-10-23,F25,TRACK PANT,"6,141","5,221","1,341",15%
2025-10-23,F25,T-SHIRT,58,58,13,0%
2025-10-23,S23,TRACK PANT,85,43,16,49%
2025-10-23,S24,TRACK JACKET,410,183,80,55%
2025-10-23,S24,TRACK PANT,250,143,53,43%
2025-10-23,S25,0,176,84,36,52%
2025-10-23,S25,ACCESSORIES,352,0,68,100%
2025-10-23,S25,CABANA SHIRT,110,55,21,50%
2025-10-23,S25,DRESS,110,50,23,55%
2025-10-23,S25,HAT,58,35,12,40%
2025-10-23,S25,HOODIE,951,475,197,50%
2025-10-23,S25,JACKET,165,85,32,48%
2025-10-23,S25,LEGGINGS,68,31,16,55%
2025-10-23,S25,LONG SLEEVE KNIT,"1,032",446,140,57%
2025-10-23,S25,PANTS,135,68,27,50%
2025-10-23,S25,POLO,845,397,160,53%
2025-10-23,S25,PULLOVER,250,100,50,60%
2025-10-23,S25,SHORTS,"1,046",472,217,55%
2025-10-23,S25,SKIRT,98,49,20,50%
2025-10-23,S25,SKORT,302,117,56,61%
2025-10-23,S25,SOCKS,108,54,27,50%
2025-10-23,S25,SWEATER,865,443,198,49%
2025-10-23,S25,SWEATPANTS,480,236,90,51%
2025-10-23,S25,SWEATSHIRT,440,179,72,59%
2025-10-23,S25,TANK TOP,174,71,24,59%
2025-10-23,S25,TRACK JACKET,"19,085","8,645","3,709",55%
2025-10-23,S25,TRACK PANT,"11,096","4,890","2,159",56%
2025-10-23,S25,T-SHIRT,"2,190",975,360,55%
2025-10-23,S25,VISOR,38,17,7,55%
2025-10-24,CORE,HAT,84,72,14,14%
2025-10-24,CORE,SOCKS,54,52,12,3%
2025-10-24,CORE,TRACK JACKET,"4,065","3,205",810,21%
2025-10-24,CORE,TRACK PANT,"1,925","1,549",393,20%
2025-10-24,F21,HAT,114,73,18,36%
2025-10-24,F22,HAT,48,17,8,64%
2025-10-24,F23,SHORTS,68,34,13,50%
2025-10-24,F24,ACCESSORIES,306,77,64,75%
2025-10-24,F24,CAMP SHIRT,0,16,0,#DIV/0!
2025-10-24,F24,CARDIGAN,210,69,95,67%
2025-10-24,F24,HOODIE,150,109,29,27%
2025-10-24,F24,JACKET,325,73,55,78%
2025-10-24,F24,LONG SLEEVE KNIT,"1,053",390,218,63%
2025-10-24,F24,OUTERWEAR,295,49,48,83%
2025-10-24,F24,POLO,998,343,341,66%
2025-10-24,F24,SHORTS,184,118,62,36%
2025-10-24,F24,SPORT BRA,68,47,19,31%
2025-10-24,F24,SWEATPANTS,446,238,86,47%
2025-10-24,F24,TRACK JACKET,"1,450",432,287,70%
2025-10-24,F24,TRACK PANT,860,299,202,65%
2025-10-24,F24,T-SHIRT,182,122,89,33%
2025-10-24,F25,CABANA SHIRT,135,122,32,10%
2025-10-24,F25,CREWNECK,371,339,72,9%
2025-10-24,F25,HAT,114,114,24,0%
2025-10-24,F25,HOODIE,750,717,145,4%
2025-10-24,F25,KNITWEAR,135,135,35,0%
2025-10-24,F25,LONG SLEEVE KNIT,369,356,63,4%
2025-10-24,F25,OUTERWEAR,275,275,64,0%
2025-10-24,F25,POLO,193,83,43,57%
2025-10-24,F25,PULLOVER,125,125,27,0%
2025-10-24,F25,SHORTS,156,176,36,-13%
2025-10-24,F25,SKORT,58,52,10,10%
2025-10-24,F25,SWEATER,348,339,76,3%
2025-10-24,F25,SWEATPANTS,524,480,102,8%
2025-10-24,F25,TANK TOP,58,45,15,22%
2025-10-24,F25,TRACK JACKET,"9,258","7,739","2,033",16%
2025-10-24,F25,TRACK PANT,"7,321","6,243","1,618",15%
2025-10-24,F25,T-SHIRT,98,125,13,-27%
2025-10-24,S24,FOOTWEAR,-145,-145,-46,0%
2025-10-24,S24,TRACK JACKET,705,286,138,59%
2025-10-24,S24,TRACK PANT,500,107,96,79%
2025-10-24,S25,0,88,44,18,50%
2025-10-24,S25,ACCESSORIES,"1,212",119,234,90%
2025-10-24,S25,ACTIVE JACKET,125,42,26,66%
2025-10-24,S25,BAG,110,55,50,50%
2025-10-24,S25,CABANA SHIRT,135,51,32,62%
2025-10-24,S25,CAMP SHIRT,88,40,15,55%
2025-10-24,S25,CREWNECK,196,118,36,40%
2025-10-24,S25,DRESS,125,63,23,50%
2025-10-24,S25,HOODIE,"1,425",571,309,60%
2025-10-24,S25,LEGGINGS,-110,-55,-21,50%
2025-10-24,S25,LONG SLEEVE KNIT,390,158,50,60%
2025-10-24,S25,POLO,"2,645","1,273",493,52%
2025-10-24,S25,PULLOVER,235,100,46,58%
2025-10-24,S25,SHOES,170,85,41,50%
2025-10-24,S25,SHORTS,"2,242","1,039",466,54%
2025-10-24,S25,SKIRT,88,44,21,50%
2025-10-24,S25,SKORT,68,31,11,55%
2025-10-24,S25,SOCKS,18,6,4,65%
2025-10-24,S25,SPORT BRA,68,31,17,55%
2025-10-24,S25,SWEATER,"1,035",408,257,61%
2025-10-24,S25,SWEATPANTS,372,185,72,50%
2025-10-24,S25,SWEATSHIRT,660,223,108,66%
2025-10-24,S25,TANK TOP,498,246,91,51%
2025-10-24,S25,TRACK JACKET,"15,610","5,973","3,055",62%
2025-10-24,S25,TRACK PANT,"10,999","4,443","2,190",60%
2025-10-24,S25,T-SHIRT,"1,888",912,302,52%
2025-10-24,S25,VISOR,38,19,7,50%
2025-10-24,S26,HAT,80,80,36,0%
2025-10-24,S26,T-SHIRT,130,130,36,0%
2025-10-25,CORE,ACCESSORIES,12,9,6,28%
2025-10-25,CORE,SOCKS,36,26,8,28%
2025-10-25,CORE,TRACK JACKET,"2,235","1,991",462,11%
2025-10-25,CORE,TRACK PANT,"1,690","1,457",348,14%
2025-10-25,F23,TRACK PANT,150,38,27,75%
2025-10-25,F24,0,145,109,53,25%
2025-10-25,F24,ACCESSORIES,214,69,48,68%
2025-10-25,F24,DRESS,385,88,92,77%
2025-10-25,F24,HOODIE,850,571,179,33%
2025-10-25,F24,JACKET,-325,-73,-55,78%
2025-10-25,F24,LEGGINGS,110,42,21,62%
2025-10-25,F24,LONG SLEEVE KNIT,"1,005",351,209,65%
2025-10-25,F24,OUTERWEAR,450,101,88,78%
2025-10-25,F24,POLO,323,201,103,38%
2025-10-25,F24,SHORTS,546,65,153,88%
2025-10-25,F24,SKIRT,89,43,26,52%
2025-10-25,F24,SWEATPANTS,500,394,100,21%
2025-10-25,F24,SWEATSHIRT,125,62,26,50%
2025-10-25,F24,TRACK JACKET,"2,370",701,535,70%
2025-10-25,F24,TRACK PANT,"1,095",418,218,62%
2025-10-25,F24,T-SHIRT,144,104,50,28%
2025-10-25,F25,CABANA SHIRT,135,135,32,0%
2025-10-25,F25,CREWNECK,-68,-68,-14,0%
2025-10-25,F25,HOODIE,570,500,110,12%
2025-10-25,F25,KNITWEAR,270,270,70,0%
2025-10-25,F25,LEGGINGS,118,118,25,0%
2025-10-25,F25,LONG SLEEVE KNIT,696,541,132,22%
2025-10-25,F25,POLO,437,437,98,0%
2025-10-25,F25,PULLOVER,250,226,54,10%
2025-10-25,F25,SHORTS,188,188,44,0%
2025-10-25,F25,SWEATER,223,136,51,39%
2025-10-25,F25,SWEATPANTS,892,737,175,17%
2025-10-25,F25,TRACK JACKET,"6,278","5,279","1,389",16%
2025-10-25,F25,TRACK PANT,"5,710","4,682","1,278",18%
2025-10-25,F25,T-SHIRT,238,233,43,2%
2025-10-25,S24,FOOTWEAR,-231,-23,-82,90%
2025-10-25,S24,SHORTS,178,60,37,66%
2025-10-25,S24,TRACK JACKET,"1,120",471,260,58%
2025-10-25,S24,TRACK PANT,750,285,159,62%
2025-10-25,S25,0,88,44,18,50%
2025-10-25,S25,ACCESSORIES,526,131,101,75%
2025-10-25,S25,CABANA SHIRT,125,75,27,40%
2025-10-25,S25,CREWNECK,98,47,18,52%
2025-10-25,S25,DRESS,-125,-44,-25,65%
2025-10-25,S25,HOODIE,525,264,111,50%
2025-10-25,S25,JACKET,165,61,32,63%
2025-10-25,S25,LEGGINGS,118,48,21,59%
2025-10-25,S25,LONG SLEEVE KNIT,390,174,50,55%
2025-10-25,S25,PANTS,210,95,44,55%
2025-10-25,S25,POLO,800,382,144,52%
2025-10-25,S25,PULLOVER,125,36,25,72%
2025-10-25,S25,SHORTS,"1,256",610,262,51%
2025-10-25,S25,SKORT,-128,-29,-35,78%
2025-10-25,S25,SOCKS,18,8,4,55%
2025-10-25,S25,SPORT BRA,68,31,17,55%
2025-10-25,S25,SWEATER,"1,625",677,369,58%
2025-10-25,S25,SWEATPANTS,196,82,36,58%
2025-10-25,S25,SWEATSHIRT,440,185,72,58%
2025-10-25,S25,TANK TOP,58,29,8,50%
2025-10-25,S25,TRACK JACKET,"20,870","9,274","4,105",56%
2025-10-25,S25,TRACK PANT,"12,556","5,385","2,486",57%
2025-10-25,S25,T-SHIRT,"1,450",691,255,52%
2025-10-25,S25,VISOR,38,13,7,65%
2025-10-26,CORE,ACCESSORIES,12,12,6,0%
2025-10-26,CORE,SOCKS,54,44,12,19%
2025-10-26,CORE,TRACK JACKET,"4,385","4,049",820,8%
2025-10-26,CORE,TRACK PANT,"3,150","2,865",591,9%
2025-10-26,F21,HAT,114,70,18,38%
2025-10-26,F22,HAT,96,38,16,60%
2025-10-26,F24,0,435,161,159,63%
2025-10-26,F24,ACCESSORIES,176,38,36,79%
2025-10-26,F24,CAMP SHIRT,135,34,31,75%
2025-10-26,F24,CARDIGAN,630,193,285,69%
2025-10-26,F24,DRESS,125,33,35,74%
2025-10-26,F24,HOODIE,800,394,184,51%
2025-10-26,F24,JACKET,325,73,55,78%
2025-10-26,F24,LONG SLEEVE KNIT,"1,092",348,224,68%
2025-10-26,F24,OUTERWEAR,450,120,100,73%
2025-10-26,F24,POLO,"2,068",657,786,68%
2025-10-26,F24,SHORTS,865,220,243,75%
2025-10-26,F24,SKIRT,88,32,16,64%
2025-10-26,F24,SWEATPANTS,654,321,129,51%
2025-10-26,F24,SWEATSHIRT,125,62,26,50%
2025-10-26,F24,TRACK JACKET,"2,730","1,053",622,61%
2025-10-26,F24,TRACK PANT,"1,615",649,354,60%
2025-10-26,F24,T-SHIRT,232,41,72,82%
2025-10-26,F25,CREWNECK,110,110,20,0%
2025-10-26,F25,HAT,228,207,48,9%
2025-10-26,F25,HOODIE,900,819,174,9%
2025-10-26,F25,KNITWEAR,450,382,134,15%
2025-10-26,F25,LONG SLEEVE KNIT,135,96,27,29%
2025-10-26,F25,OUTERWEAR,-225,-225,-47,0%
2025-10-26,F25,POLO,657,623,149,5%
2025-10-26,F25,PULLOVER,125,125,27,0%
2025-10-26,F25,SHORTS,488,457,113,6%
2025-10-26,F25,SPORT BRA,48,48,8,0%
2025-10-26,F25,SWEATER,"1,267","1,222",279,4%
2025-10-26,F25,SWEATPANTS,598,521,119,13%
2025-10-26,F25,TRACK JACKET,"6,810","5,982","1,491",12%
2025-10-26,F25,TRACK PANT,"5,618","4,876","1,240",13%
2025-10-26,F25,T-SHIRT,400,318,88,21%
2025-10-26,S24,SKIRT,68,33,9,51%
2025-10-26,S24,SKORT,88,37,19,58%
2025-10-26,S24,SPORT BRA,48,33,7,31%
2025-10-26,S24,TANK TOP,48,19,9,61%
2025-10-26,S24,TRACK JACKET,"1,535",824,350,46%
2025-10-26,S24,TRACK PANT,"1,490",654,352,56%
2025-10-26,S25,0,88,40,18,55%
2025-10-26,S25,ACCESSORIES,352,0,68,100%
2025-10-26,S25,ACTIVE JACKET,125,48,26,62%
2025-10-26,S25,BAG,110,55,50,50%
2025-10-26,S25,CABANA SHIRT,135,55,32,60%
2025-10-26,S25,HAT,58,35,12,40%
2025-10-26,S25,HOODIE,213,96,43,55%
2025-10-26,S25,JACKET,495,203,96,59%
2025-10-26,S25,LEGGINGS,110,55,20,50%
2025-10-26,S25,LONG SLEEVE KNIT,370,171,50,54%
2025-10-26,S25,PANTS,630,292,132,54%
2025-10-26,S25,POLO,"1,538",697,305,55%
2025-10-26,S25,PULLOVER,235,100,46,58%
2025-10-26,S25,SHORTS,"3,997","1,775",833,56%
2025-10-26,S25,SKORT,68,31,11,55%
2025-10-26,S25,SOCKS,18,8,4,55%
2025-10-26,S25,SWEATER,"2,185",951,511,56%
2025-10-26,S25,SWEATSHIRT,440,198,72,55%
2025-10-26,S25,TANK TOP,300,144,47,52%
2025-10-26,S25,TRACK JACKET,"28,380","12,786","5,571",55%
2025-10-26,S25,TRACK PANT,"18,017","8,291","3,555",54%
2025-10-26,S25,T-SHIRT,"3,032","1,483",533,51%
2025-10-27,CORE,ACCESSORIES,12,10,6,20%
2025-10-27,CORE,HAT,42,42,7,0%
2025-10-27,CORE,SOCKS,54,46,12,14%
2025-10-27,CORE,TRACK JACKET,"2,220","1,776",510,20%
2025-10-27,CORE,TRACK PANT,"1,500","1,094",336,27%
2025-10-27,F21,HAT,76,50,12,34%
2025-10-27,F22,HAT,48,15,8,68%
2025-10-27,F24,0,290,109,106,62%
2025-10-27,F24,ACCESSORIES,42,0,10,100%
2025-10-27,F24,DRESS,445,106,98,76%
2025-10-27,F24,LONG SLEEVE KNIT,663,140,134,79%
2025-10-27,F24,OUTERWEAR,450,88,88,80%
2025-10-27,F24,POLO,346,111,144,68%
2025-10-27,F24,SHORTS,682,273,174,60%
2025-10-27,F24,SKIRT,88,35,16,60%
2025-10-27,F24,TRACK JACKET,"1,420",479,281,66%
2025-10-27,F24,TRACK PANT,"1,065",353,224,67%
2025-10-27,F24,T-SHIRT,240,39,117,84%
2025-10-27,F25,CABANA SHIRT,270,270,64,0%
2025-10-27,F25,CREWNECK,125,113,24,10%
2025-10-27,F25,CROP TOP,68,68,16,0%
2025-10-27,F25,DRESS,125,92,27,26%
2025-10-27,F25,HAT,38,30,8,21%
2025-10-27,F25,HOODIE,548,504,104,8%
2025-10-27,F25,KNITWEAR,720,644,212,11%
2025-10-27,F25,LONG SLEEVE KNIT,483,454,93,6%
2025-10-27,F25,OUTERWEAR,-225,-203,-51,10%
2025-10-27,F25,POLO,146,146,34,0%
2025-10-27,F25,SHORTS,542,542,126,0%
2025-10-27,F25,SKORT,58,58,10,0%
2025-10-27,F25,SWEATPANTS,223,194,44,13%
2025-10-27,F25,TANK TOP,-58,-58,-15,0%
2025-10-27,F25,TRACK JACKET,"5,770","4,939","1,266",14%
2025-10-27,F25,TRACK PANT,"5,521","4,583","1,197",17%
2025-10-27,F25,T-SHIRT,260,238,50,8%
2025-10-27,S24,FOOTWEAR,59,42,10,29%
2025-10-27,S24,SHORTS,168,72,36,57%
2025-10-27,S24,TRACK JACKET,0,33,-4,#DIV/0!
2025-10-27,S24,TRACK PANT,370,241,100,35%
2025-10-27,S25,ACCESSORIES,234,29,45,88%
2025-10-27,S25,BAG,260,170,139,35%
2025-10-27,S25,CABANA SHIRT,125,71,27,43%
2025-10-27,S25,HAT,58,25,12,58%
2025-10-27,S25,HOODIE,"1,126",562,237,50%
2025-10-27,S25,JACKET,660,276,128,58%
2025-10-27,S25,LEGGINGS,288,109,56,62%
2025-10-27,S25,LONG SLEEVE KNIT,448,186,60,58%
2025-10-27,S25,PANTS,345,89,71,74%
2025-10-27,S25,POLO,"1,082",458,195,58%
2025-10-27,S25,PULLOVER,125,41,25,67%
2025-10-27,S25,SHOES,170,77,41,55%
2025-10-27,S25,SHORTS,"1,732",775,367,55%
2025-10-27,S25,SKIRT,166,73,23,56%
2025-10-27,S25,SKORT,-68,-31,-11,55%
2025-10-27,S25,SOCKS,36,24,9,33%
2025-10-27,S25,SWEATER,735,355,170,52%
2025-10-27,S25,SWEATPANTS,392,208,72,47%
2025-10-27,S25,SWEATSHIRT,880,312,144,65%
2025-10-27,S25,TANK TOP,110,44,19,60%
2025-10-27,S25,TRACK JACKET,"21,675","8,989","4,220",59%
2025-10-27,S25,TRACK PANT,"12,713","5,364","2,548",58%
2025-10-27,S25,T-SHIRT,"2,098",919,360,56%
2025-10-27,S26,CREWNECK,330,330,58,0%
2025-10-27,S26,T-SHIRT,65,48,18,27%
2025-10-28,CORE,TRACK JACKET,"1,665","1,187",312,29%
2025-10-28,CORE,TRACK PANT,"1,520","1,265",287,17%
2025-10-28,F21,HAT,38,25,6,34%
2025-10-28,F23,POLO,78,43,14,45%
2025-10-28,F23,TRACK PANT,98,23,17,77%
2025-10-28,F24,0,290,0,106,100%
2025-10-28,F24,ACCESSORIES,176,37,36,79%
2025-10-28,F24,CARDIGAN,420,138,189,67%
2025-10-28,F24,DRESS,650,33,197,95%
2025-10-28,F24,HOODIE,"1,100",666,242,39%
2025-10-28,F24,LONG SLEEVE KNIT,831,200,178,76%
2025-10-28,F24,OUTERWEAR,225,48,38,79%
2025-10-28,F24,POLO,771,324,268,58%
2025-10-28,F24,SHORTS,974,259,301,73%
2025-10-28,F24,SKIRT,88,35,16,60%
2025-10-28,F24,SWEATPANTS,125,31,25,75%
2025-10-28,F24,TRACK JACKET,"2,535",883,540,65%
2025-10-28,F24,TRACK PANT,"1,505",508,318,66%
2025-10-28,F24,T-SHIRT,300,52,97,83%
2025-10-28,F25,CABANA SHIRT,135,122,32,10%
2025-10-28,F25,DRESS,125,113,27,10%
2025-10-28,F25,HAT,76,68,16,11%
2025-10-28,F25,HOODIE,"1,268","1,161",243,8%
2025-10-28,F25,LEGGINGS,118,118,25,0%
2025-10-28,F25,LONG SLEEVE KNIT,213,112,39,47%
2025-10-28,F25,OUTERWEAR,450,450,102,0%
2025-10-28,F25,POLO,572,467,127,18%
2025-10-28,F25,SHORTS,380,353,89,7%
2025-10-28,F25,SKIRT,78,60,19,23%
2025-10-28,F25,SOCKS,18,13,4,28%
2025-10-28,F25,SWEATER,125,27,27,78%
2025-10-28,F25,SWEATPANTS,848,748,169,12%
2025-10-28,F25,TRACK JACKET,"7,815","6,746","1,733",14%
2025-10-28,F25,TRACK PANT,"7,038","5,842","1,570",17%
2025-10-28,F25,T-SHIRT,380,322,92,15%
2025-10-28,F25,VEST,0,0,0,#DIV/0!
2025-10-28,S24,FOOTWEAR,285,220,87,23%
2025-10-28,S24,TRACK JACKET,"1,270",574,282,55%
2025-10-28,S24,TRACK PANT,875,381,179,56%
2025-10-28,S25,0,88,39,18,56%
2025-10-28,S25,ACCESSORIES,382,131,76,66%
2025-10-28,S25,ACTIVE JACKET,250,83,52,67%
2025-10-28,S25,CABANA SHIRT,176,84,38,53%
2025-10-28,S25,DRESS,243,122,43,50%
2025-10-28,S25,HOODIE,213,135,43,37%
2025-10-28,S25,JACKET,495,210,96,58%
2025-10-28,S25,LONG SLEEVE KNIT,339,115,56,66%
2025-10-28,S25,POLO,948,375,168,60%
2025-10-28,S25,PULLOVER,110,55,21,50%
2025-10-28,S25,SHORTS,"1,054",488,203,54%
2025-10-28,S25,SKORT,156,66,29,58%
2025-10-28,S25,SWEATER,"2,555","1,192",597,53%
2025-10-28,S25,SWEATPANTS,196,110,36,44%
2025-10-28,S25,SWEATSHIRT,330,144,54,57%
2025-10-28,S25,TANK TOP,116,44,16,62%
2025-10-28,S25,TRACK JACKET,"19,645","7,783","3,905",60%
2025-10-28,S25,TRACK PANT,"10,518","3,991","2,068",62%
2025-10-28,S25,T-SHIRT,"1,694",791,297,53%
2025-10-28,S25,VISOR,38,19,7,50%
2025-10-28,S26,HAT,0,0,0,#DIV/0!
2025-10-28,SS22,T-SHIRT,46,14,12,70%
2025-10-29,CORE,SOCKS,54,13,12,76%
2025-10-29,CORE,TRACK JACKET,"4,040","3,618",796,10%
2025-10-29,CORE,TRACK PANT,"2,380","2,049",472,14%
2025-10-29,F22,HAT,96,28,16,71%
2025-10-29,F23,TRACK PANT,160,67,39,58%
2025-10-29,F24,0,725,327,265,55%
2025-10-29,F24,ACCESSORIES,130,40,28,69%
2025-10-29,F24,CAMP SHIRT,150,52,30,65%
2025-10-29,F24,DRESS,525,39,162,93%
2025-10-29,F24,HOODIE,"1,450",644,332,56%
2025-10-29,F24,LEGGINGS,110,47,21,57%
2025-10-29,F24,LONG SLEEVE KNIT,"1,239",370,246,70%
2025-10-29,F24,OUTERWEAR,520,95,86,82%
2025-10-29,F24,POLO,450,184,164,59%
2025-10-29,F24,SHORTS,536,137,174,74%
2025-10-29,F24,SKIRT,176,84,55,52%
2025-10-29,F24,SPORT BRA,68,47,19,31%
2025-10-29,F24,SWEATPANTS,458,248,93,46%
2025-10-29,F24,TRACK JACKET,"2,515","1,055",555,58%
2025-10-29,F24,TRACK PANT,"2,125",777,470,63%
2025-10-29,F24,T-SHIRT,48,0,25,100%
2025-10-29,F25,CABANA SHIRT,135,95,32,30%
2025-10-29,F25,CREWNECK,633,549,118,13%
2025-10-29,F25,HAT,270,229,58,15%
2025-10-29,F25,HOODIE,"1,396","1,128",266,19%
2025-10-29,F25,KNITWEAR,525,406,141,23%
2025-10-29,F25,LONG SLEEVE KNIT,831,754,159,9%
2025-10-29,F25,OUTERWEAR,900,855,188,5%
2025-10-29,F25,POLO,574,476,130,17%
2025-10-29,F25,PULLOVER,125,100,27,20%
2025-10-29,F25,SHORTS,208,146,49,30%
2025-10-29,F25,SKORT,-88,-67,-22,24%
2025-10-29,F25,SOCKS,18,15,4,19%
2025-10-29,F25,SWEATER,556,394,119,29%
2025-10-29,F25,SWEATPANTS,"1,551","1,258",302,19%
2025-10-29,F25,TRACK JACKET,"10,910","9,176","2,374",16%
2025-10-29,F25,TRACK PANT,"9,517","8,006","2,094",16%
2025-10-29,F25,T-SHIRT,142,116,33,19%
2025-10-29,F25,VEST,0,0,0,#DIV/0!
2025-10-29,S24,FOOTWEAR,59,59,10,0%
2025-10-29,S24,TRACK JACKET,"1,115",527,249,53%
2025-10-29,S24,TRACK PANT,875,452,183,48%
2025-10-29,S25,0,88,40,18,55%
2025-10-29,S25,ACCESSORIES,510,123,105,76%
2025-10-29,S25,ACTIVE JACKET,250,85,52,66%
2025-10-29,S25,CABANA SHIRT,260,130,59,50%
2025-10-29,S25,CREWNECK,98,59,18,40%
2025-10-29,S25,HOODIE,175,-39,40,122%
2025-10-29,S25,JACKET,330,131,64,60%
2025-10-29,S25,LEGGINGS,574,216,105,62%
2025-10-29,S25,LONG SLEEVE KNIT,281,118,46,58%
2025-10-29,S25,POLO,"1,607",706,298,56%
2025-10-29,S25,PULLOVER,360,140,71,61%
2025-10-29,S25,SHORTS,"3,267","1,457",682,55%
2025-10-29,S25,SKIRT,146,73,32,50%
2025-10-29,S25,SKORT,156,78,29,50%
2025-10-29,S25,SOCKS,216,82,51,62%
2025-10-29,S25,SPORT BRA,136,48,34,65%
2025-10-29,S25,SWEATER,955,365,218,62%
2025-10-29,S25,SWEATPANTS,88,29,18,67%
2025-10-29,S25,SWEATSHIRT,440,198,72,55%
2025-10-29,S25,TANK TOP,242,113,40,54%
2025-10-29,S25,TRACK JACKET,"24,945","10,752","4,965",57%
2025-10-29,S25,TRACK PANT,"16,477","7,040","3,272",57%
2025-10-29,S25,T-SHIRT,"2,732","1,193",473,56%
2025-10-29,S25,VISOR,38,14,7,64%
2025-10-29,S26,HAT,0,0,0,#DIV/0!
2025-10-29,S26,SWEATPANTS,130,94,37,27%
2025-10-29,S26,T-SHIRT,65,65,18,0%
2025-10-30,CORE,ACCESSORIES,24,24,11,0%
2025-10-30,CORE,SOCKS,18,16,4,10%
2025-10-30,CORE,TRACK JACKET,"2,095","1,847",440,12%
2025-10-30,CORE,TRACK PANT,"1,000",794,224,21%
2025-10-30,F21,HAT,76,48,12,38%
2025-10-30,F23,OUTERWEAR,175,59,40,66%
2025-10-30,F24,0,-290,-218,-106,25%
2025-10-30,F24,ACCESSORIES,88,19,18,79%
2025-10-30,F24,HOODIE,150,150,29,0%
2025-10-30,F24,LEGGINGS,110,47,21,57%
2025-10-30,F24,LONG SLEEVE KNIT,460,165,88,64%
2025-10-30,F24,OUTERWEAR,225,63,50,72%
2025-10-30,F24,POLO,434,128,167,71%
2025-10-30,F24,SHORTS,913,309,266,66%
2025-10-30,F24,SKIRT,-88,-34,-16,61%
2025-10-30,F24,SPORT BRA,68,53,19,22%
2025-10-30,F24,SWEATER,295,79,68,73%
2025-10-30,F24,SWEATPANTS,125,125,25,0%
2025-10-30,F24,TRACK JACKET,"1,240",397,304,68%
2025-10-30,F24,TRACK PANT,435,151,87,65%
2025-10-30,F24,T-SHIRT,668,207,208,69%
2025-10-30,F25,CABANA SHIRT,135,135,32,0%
2025-10-30,F25,CREWNECK,178,178,34,0%
2025-10-30,F25,HAT,456,456,91,0%
2025-10-30,F25,HOODIE,270,229,52,15%
2025-10-30,F25,KNITWEAR,-165,-105,-38,36%
2025-10-30,F25,LONG SLEEVE KNIT,-57,-57,-15,1%
2025-10-30,F25,OUTERWEAR,225,190,51,16%
2025-10-30,F25,POLO,576,576,129,0%
2025-10-30,F25,PULLOVER,-125,-100,-27,20%
2025-10-30,F25,SHORTS,178,178,39,0%
2025-10-30,F25,SWEATER,98,111,23,-13%
2025-10-30,F25,SWEATPANTS,311,277,61,11%
2025-10-30,F25,TRACK JACKET,"3,793","3,451",841,9%
2025-10-30,F25,TRACK PANT,"3,726","3,392",822,9%
2025-10-30,F25,T-SHIRT,132,156,28,-18%
2025-10-30,S24,TRACK JACKET,420,243,94,42%
2025-10-30,S24,TRACK PANT,375,217,77,42%
2025-10-30,S25,0,59,30,8,50%
2025-10-30,S25,ACCESSORIES,"3,618",90,703,98%
2025-10-30,S25,BAG,175,88,108,50%
2025-10-30,S25,CABANA SHIRT,135,61,32,55%
2025-10-30,S25,CAMP SHIRT,88,44,15,50%
2025-10-30,S25,DRESS,-110,-50,-23,55%
2025-10-30,S25,HAT,58,26,12,55%
2025-10-30,S25,HOODIE,875,403,191,54%
2025-10-30,S25,JACKET,165,74,32,55%
2025-10-30,S25,LONG SLEEVE KNIT,546,262,70,52%
2025-10-30,S25,POLO,499,357,104,29%
2025-10-30,S25,SHORTS,"1,981","1,085",394,45%
2025-10-30,S25,SKIRT,98,49,20,50%
2025-10-30,S25,SWEATER,"1,530",819,334,46%
2025-10-30,S25,SWEATPANTS,186,101,36,46%
2025-10-30,S25,SWEATSHIRT,330,149,54,55%
2025-10-30,S25,TRACK JACKET,"14,080","6,785","2,765",52%
2025-10-30,S25,TRACK PANT,"8,123","3,913","1,635",52%
2025-10-30,S25,T-SHIRT,"1,602",816,280,49%
2025-10-31,CORE,HAT,0,0,0,#DIV/0!
2025-10-31,CORE,SOCKS,90,90,20,0%
2025-10-31,CORE,TRACK JACKET,165,258,36,-56%
2025-10-31,CORE,TRACK PANT,485,520,101,-7%
2025-10-31,F21,HAT,76,50,12,34%
2025-10-31,F23,TRACK PANT,98,23,17,77%
2025-10-31,F24,ACCESSORIES,260,98,56,62%
2025-10-31,F24,DRESS,270,74,44,73%
2025-10-31,F24,HOODIE,250,-103,63,141%
2025-10-31,F24,JACKET,325,73,55,78%
2025-10-31,F24,LONG SLEEVE KNIT,493,211,90,57%
2025-10-31,F24,OUTERWEAR,225,48,38,79%
2025-10-31,F24,POLO,568,176,187,69%
2025-10-31,F24,SHORTS,390,185,104,53%
2025-10-31,F24,SWEATPANTS,110,-84,25,176%
2025-10-31,F24,SWEATSHIRT,250,138,52,45%
2025-10-31,F24,TRACK JACKET,"1,125",403,213,64%
2025-10-31,F24,TRACK PANT,"1,040",389,211,63%
2025-10-31,F24,T-SHIRT,48,0,25,100%
2025-10-31,F25,CABANA SHIRT,135,135,32,0%
2025-10-31,F25,CREWNECK,110,110,20,0%
2025-10-31,F25,HAT,152,152,32,0%
2025-10-31,F25,HOODIE,444,444,80,0%
2025-10-31,F25,KNITWEAR,135,135,35,0%
2025-10-31,F25,LONG SLEEVE KNIT,135,135,27,0%
2025-10-31,F25,OUTERWEAR,-325,-293,-70,10%
2025-10-31,F25,POLO,203,203,46,0%
2025-10-31,F25,PULLOVER,125,125,27,0%
2025-10-31,F25,SHORTS,298,298,67,0%
2025-10-31,F25,SKIRT,-78,-62,-17,20%
2025-10-31,F25,SWEATER,544,532,120,2%
2025-10-31,F25,SWEATPANTS,223,223,43,0%
2025-10-31,F25,TRACK JACKET,"5,905","5,532","1,295",6%
2025-10-31,F25,TRACK PANT,"4,886","4,606","1,062",6%
2025-10-31,F25,T-SHIRT,-172,-166,-44,3%
2025-10-31,S24,FOOTWEAR,236,236,40,0%
2025-10-31,S24,TRACK JACKET,830,302,170,64%
2025-10-31,S24,TRACK PANT,700,311,128,56%
2025-10-31,S25,0,0,9,0,#DIV/0!
2025-10-31,S25,ACCESSORIES,"3,080",0,595,100%
2025-10-31,S25,CABANA SHIRT,260,143,59,45%
2025-10-31,S25,HOODIE,725,353,158,51%
2025-10-31,S25,JACKET,165,74,32,55%
2025-10-31,S25,LEGGINGS,110,50,21,55%
2025-10-31,S25,LONG SLEEVE KNIT,484,236,82,51%
2025-10-31,S25,PANTS,210,105,44,50%
2025-10-31,S25,POLO,"1,372",659,267,52%
2025-10-31,S25,PULLOVER,125,50,25,60%
2025-10-31,S25,SHORTS,"1,621",809,328,50%
2025-10-31,S25,SKORT,98,49,23,50%
2025-10-31,S25,SOCKS,36,16,8,55%
2025-10-31,S25,SPORT BRA,68,31,17,55%
2025-10-31,S25,SWEATER,670,383,154,43%
2025-10-31,S25,SWEATPANTS,98,54,18,45%
2025-10-31,S25,SWEATSHIRT,220,94,36,57%
2025-10-31,S25,TANK TOP,58,26,8,55%
2025-10-31,S25,TRACK JACKET,"17,705","8,314","3,392",53%
2025-10-31,S25,TRACK PANT,"9,352","4,605","1,821",51%
2025-10-31,S25,T-SHIRT,"1,314",662,225,50%
2025-10-31,S25,VISOR,76,36,14,53%
2025-11-01,CORE,ACCESSORIES,24,24,12,0%
2025-11-01,CORE,HAT,126,126,21,0%
2025-11-01,CORE,SOCKS,0,0,0,#DIV/0!
2025-11-01,CORE,TRACK JACKET,"1,905","1,585",390,17%
2025-11-01,CORE,TRACK PANT,970,851,202,12%
2025-11-01,F21,HAT,76,50,12,34%
2025-11-01,F22,SHORTS,78,43,14,45%
2025-11-01,F23,POLO,78,38,14,51%
2025-11-01,F24,0,145,109,53,25%
2025-11-01,F24,ACCESSORIES,172,57,38,67%
2025-11-01,F24,DRESS,425,102,124,76%
2025-11-01,F24,HOODIE,400,197,92,51%
2025-11-01,F24,LONG SLEEVE KNIT,118,33,24,72%
2025-11-01,F24,OUTERWEAR,225,53,38,76%
2025-11-01,F24,POLO,196,59,56,70%
2025-11-01,F24,SHORTS,153,98,39,36%
2025-11-01,F24,SKIRT,88,35,16,60%
2025-11-01,F24,SWEATER,295,79,68,73%
2025-11-01,F24,SWEATPANTS,125,125,25,0%
2025-11-01,F24,TRACK JACKET,"1,740",608,363,65%
2025-11-01,F24,TRACK PANT,360,98,83,73%
2025-11-01,F24,T-SHIRT,116,30,34,74%
2025-11-01,F25,CROP TOP,-68,-68,-16,0%
2025-11-01,F25,HAT,38,38,8,0%
2025-11-01,F25,HOODIE,248,248,46,0%
2025-11-01,F25,KNITWEAR,175,175,47,0%
2025-11-01,F25,LEGGINGS,118,118,25,0%
2025-11-01,F25,LONG SLEEVE KNIT,540,527,108,3%
2025-11-01,F25,OUTERWEAR,100,325,19,-225%
2025-11-01,F25,POLO,332,332,75,0%
2025-11-01,F25,SHORTS,422,422,100,0%
2025-11-01,F25,SOCKS,18,18,4,0%
2025-11-01,F25,SWEATER,125,125,27,0%
2025-11-01,F25,SWEATPANTS,223,223,44,0%
2025-11-01,F25,TRACK JACKET,"5,840","5,386","1,278",8%
2025-11-01,F25,TRACK PANT,"5,482","5,110","1,196",7%
2025-11-01,F25,T-SHIRT,282,282,67,0%
2025-11-01,S24,FOOTWEAR,199,199,51,0%
2025-11-01,S24,TRACK JACKET,415,192,91,54%
2025-11-01,S24,TRACK PANT,375,203,82,46%
2025-11-01,S25,0,147,74,26,50%
2025-11-01,S25,ACCESSORIES,"4,312",0,833,100%
2025-11-01,S25,ACTIVE JACKET,125,51,26,60%
2025-11-01,S25,DRESS,243,122,41,50%
2025-11-01,S25,HOODIE,"1,113",545,241,51%
2025-11-01,S25,JACKET,495,223,96,55%
2025-11-01,S25,LEGGINGS,118,48,21,60%
2025-11-01,S25,LONG SLEEVE KNIT,573,287,86,50%
2025-11-01,S25,PANTS,345,173,71,50%
2025-11-01,S25,POLO,552,270,113,51%
2025-11-01,S25,PULLOVER,125,50,25,60%
2025-11-01,S25,SHOES,170,85,41,50%
2025-11-01,S25,SHORTS,"1,810",912,357,50%
2025-11-01,S25,SKORT,156,78,29,50%
2025-11-01,S25,SOCKS,90,54,21,40%
2025-11-01,S25,SWEATER,150,90,37,40%
2025-11-01,S25,SWEATPANTS,98,54,18,45%
2025-11-01,S25,SWEATSHIRT,550,193,90,65%
2025-11-01,S25,TANK TOP,116,58,16,50%
2025-11-01,S25,TRACK JACKET,"16,860","8,354","3,213",50%
2025-11-01,S25,TRACK PANT,"8,805","4,321","1,741",51%
2025-11-01,S25,T-SHIRT,"3,374","1,655",562,51%
2025-11-02,CORE,HAT,42,42,7,0%
2025-11-02,CORE,SOCKS,36,36,8,0%
2025-11-02,CORE,TRACK JACKET,"2,095","2,095",440,0%
2025-11-02,CORE,TRACK PANT,"1,470","1,502",314,-2%
2025-11-02,F23,SHORTS,68,34,13,50%
2025-11-02,F24,0,290,218,106,25%
2025-11-02,F24,ACCESSORIES,88,21,18,76%
2025-11-02,F24,HOODIE,950,544,213,43%
2025-11-02,F24,LEGGINGS,110,42,21,62%
2025-11-02,F24,LONG SLEEVE KNIT,713,242,139,66%
2025-11-02,F24,POLO,787,288,334,63%
2025-11-02,F24,SHORTS,558,231,145,59%
2025-11-02,F24,SKIRT,88,35,16,60%
2025-11-02,F24,SPORT BRA,68,42,19,38%
2025-11-02,F24,SWEATPANTS,375,309,75,18%
2025-11-02,F24,SWEATSHIRT,125,69,26,45%
2025-11-02,F24,TRACK JACKET,"1,340",459,259,66%
2025-11-02,F24,TRACK PANT,"1,405",481,291,66%
2025-11-02,F24,T-SHIRT,328,183,131,44%
2025-11-02,F25,CREWNECK,68,68,14,0%
2025-11-02,F25,HAT,152,144,32,5%
2025-11-02,F25,HOODIE,150,170,29,-13%
2025-11-02,F25,KNITWEAR,225,225,58,0%
2025-11-02,F25,LONG SLEEVE KNIT,675,675,135,0%
2025-11-02,F25,OUTERWEAR,225,225,51,0%
2025-11-02,F25,POLO,196,196,42,0%
2025-11-02,F25,PULLOVER,125,125,27,0%
2025-11-02,F25,SHORTS,244,237,54,3%
2025-11-02,F25,SKORT,58,52,10,10%
2025-11-02,F25,SWEATER,223,213,49,4%
2025-11-02,F25,SWEATPANTS,115,132,23,-15%
2025-11-02,F25,TRACK JACKET,"6,775","6,281","1,487",7%
2025-11-02,F25,TRACK PANT,"5,950","5,506","1,321",7%
2025-11-02,F25,T-SHIRT,202,192,37,5%
2025-11-02,S24,SHORTS,100,39,23,61%
2025-11-02,S24,TRACK JACKET,140,76,34,46%
2025-11-02,S24,TRACK PANT,125,68,29,46%
2025-11-02,S25,0,88,44,18,50%
2025-11-02,S25,ACCESSORIES,"5,104",0,986,100%
2025-11-02,S25,ACTIVE JACKET,375,163,78,56%
2025-11-02,S25,CABANA SHIRT,135,68,32,50%
2025-11-02,S25,DRESS,110,50,23,55%
2025-11-02,S25,HOODIE,"1,025",481,224,53%
2025-11-02,S25,JACKET,330,141,64,57%
2025-11-02,S25,LEGGINGS,346,161,62,53%
2025-11-02,S25,LONG SLEEVE KNIT,78,35,10,55%
2025-11-02,S25,PANTS,210,105,44,50%
2025-11-02,S25,POLO,"1,041",521,203,50%
2025-11-02,S25,PULLOVER,235,105,46,55%
2025-11-02,S25,SHORTS,981,499,198,49%
2025-11-02,S25,SKORT,0,-3,0,#DIV/0!
2025-11-02,S25,SWEATER,195,88,41,55%
2025-11-02,S25,SWEATSHIRT,220,94,36,57%
2025-11-02,S25,TANK TOP,-116,-58,-16,50%
2025-11-02,S25,TRACK JACKET,"14,140","6,966","2,681",51%
2025-11-02,S25,TRACK PANT,"8,210","4,023","1,595",51%
2025-11-02,S25,T-SHIRT,"1,154",562,191,51%
2025-11-03,CORE,HAT,84,84,14,0%
2025-11-03,CORE,SOCKS,-18,-18,-4,0%
2025-11-03,CORE,TRACK JACKET,"1,690","1,385",326,18%
2025-11-03,CORE,TRACK PANT,"1,425","1,300",281,9%
2025-11-03,F23,TRACK PANT,150,53,27,65%
2025-11-03,F24,0,435,142,159,67%
2025-11-03,F24,ACCESSORIES,264,63,54,76%
2025-11-03,F24,CAMP SHIRT,150,47,30,69%
2025-11-03,F24,DRESS,650,135,208,79%
2025-11-03,F24,HOODIE,-25,-109,-1,-336%
2025-11-03,F24,JACKET,325,73,55,78%
2025-11-03,F24,LONG SLEEVE KNIT,733,172,154,77%
2025-11-03,F24,OUTERWEAR,970,218,174,78%
2025-11-03,F24,POLO,554,217,252,61%
2025-11-03,F24,SHORTS,467,228,125,51%
2025-11-03,F24,SKIRT,177,59,65,67%
2025-11-03,F24,SWEATER,295,79,68,73%
2025-11-03,F24,SWEATPANTS,220,16,50,93%
2025-11-03,F24,SWEATSHIRT,190,59,47,69%
2025-11-03,F24,TRACK JACKET,"1,390",562,273,60%
2025-11-03,F24,TRACK PANT,820,361,198,56%
2025-11-03,F24,T-SHIRT,192,49,96,74%
2025-11-03,F25,CABANA SHIRT,135,171,31,-27%
2025-11-03,F25,CREWNECK,136,136,28,0%
2025-11-03,F25,HAT,-270,-274,-53,-1%
2025-11-03,F25,HOODIE,548,548,104,0%
2025-11-03,F25,KNITWEAR,0,36,0,#DIV/0!
2025-11-03,F25,LONG SLEEVE KNIT,57,-39,15,169%
2025-11-03,F25,OUTERWEAR,675,675,149,0%
2025-11-03,F25,POLO,281,269,64,4%
2025-11-03,F25,SHORTS,486,486,112,0%
2025-11-03,F25,SWEATER,669,649,148,3%
2025-11-03,F25,SWEATPANTS,115,115,23,0%
2025-11-03,F25,TANK TOP,156,140,40,10%
2025-11-03,F25,TRACK JACKET,"6,120","5,676","1,349",7%
2025-11-03,F25,TRACK PANT,"5,549","4,930","1,219",11%
2025-11-03,F25,T-SHIRT,648,648,138,0%
2025-11-03,S24,FOOTWEAR,59,59,10,0%
2025-11-03,S24,TRACK JACKET,420,236,94,44%
2025-11-03,S24,TRACK PANT,550,267,103,51%
2025-11-03,S25,ACCESSORIES,"4,664",0,901,100%
2025-11-03,S25,ACTIVE JACKET,500,214,104,57%
2025-11-03,S25,CAMP SHIRT,88,40,15,55%
2025-11-03,S25,CREWNECK,98,59,18,40%
2025-11-03,S25,HOODIE,400,158,85,61%
2025-11-03,S25,JACKET,-165,-74,-32,55%
2025-11-03,S25,LEGGINGS,472,202,84,57%
2025-11-03,S25,LONG SLEEVE KNIT,232,107,40,54%
2025-11-03,S25,POLO,807,408,141,49%
2025-11-03,S25,SHORTS,662,339,118,49%
2025-11-03,S25,SKORT,136,65,22,53%
2025-11-03,S25,SOCKS,36,18,8,50%
2025-11-03,S25,SWEATER,"1,995","1,074",483,46%
2025-11-03,S25,SWEATPANTS,470,213,90,55%
2025-11-03,S25,SWEATSHIRT,220,104,36,53%
2025-11-03,S25,TANK TOP,116,55,16,53%
2025-11-03,S25,TRACK JACKET,"10,015","4,665","1,965",53%
2025-11-03,S25,TRACK PANT,"6,449","2,907","1,259",55%
2025-11-03,S25,T-SHIRT,"1,990",986,329,50%
2025-11-03,S26,TRACK JACKET,-195,-146,-30,25%
2025-11-03,S26,TRACK SHORT,-155,-116,-29,25%
2025-11-04,CORE,HAT,42,42,7,0%
2025-11-04,CORE,SOCKS,108,74,24,31%
2025-11-04,CORE,TRACK JACKET,-115,23,-8,120%
2025-11-04,CORE,TRACK PANT,-345,-271,-62,22%
2025-11-04,F22,HAT,0,10,0,#DIV/0!
2025-11-04,F23,TRACK PANT,98,25,17,74%
2025-11-04,F24,ACCESSORIES,214,76,48,64%
2025-11-04,F24,CAMP SHIRT,150,52,30,65%
2025-11-04,F24,DRESS,525,102,173,81%
2025-11-04,F24,HOODIE,"1,150",338,281,71%
2025-11-04,F24,LONG SLEEVE KNIT,"1,352",342,277,75%
2025-11-04,F24,OUTERWEAR,450,106,76,76%
2025-11-04,F24,POLO,933,334,359,64%
2025-11-04,F24,SHORTS,505,251,129,50%
2025-11-04,F24,SWEATPANTS,125,125,25,0%
2025-11-04,F24,TRACK JACKET,"1,580",356,331,77%
2025-11-04,F24,TRACK PANT,"1,565",441,358,72%
2025-11-04,F24,T-SHIRT,346,113,138,67%
2025-11-04,F25,CABANA SHIRT,-135,-135,-31,0%
2025-11-04,F25,HAT,42,42,10,0%
2025-11-04,F25,HOODIE,750,735,145,2%
2025-11-04,F25,KNITWEAR,435,371,117,15%
2025-11-04,F25,LONG SLEEVE KNIT,213,213,39,0%
2025-11-04,F25,OUTERWEAR,225,225,51,0%
2025-11-04,F25,PULLOVER,250,250,54,0%
2025-11-04,F25,SHORTS,-110,-110,-25,0%
2025-11-04,F25,SWEATER,625,625,138,0%
2025-11-04,F25,SWEATPANTS,723,711,144,2%
2025-11-04,F25,TRACK JACKET,"4,150","3,852",924,7%
2025-11-04,F25,TRACK PANT,"2,947","2,809",642,5%
2025-11-04,F25,T-SHIRT,-120,-120,-31,0%
2025-11-04,S24,SHORTS,100,39,23,61%
2025-11-04,S24,TANK TOP,-68,-30,-11,56%
2025-11-04,S24,TRACK JACKET,835,449,189,46%
2025-11-04,S24,TRACK PANT,"1,050",480,213,54%
2025-11-04,S25,0,88,44,18,50%
2025-11-04,S25,ACCESSORIES,"3,628",98,705,97%
2025-11-04,S25,ACTIVE JACKET,125,56,26,55%
2025-11-04,S25,HOODIE,525,278,111,47%
2025-11-04,S25,JACKET,165,74,32,55%
2025-11-04,S25,LEGGINGS,110,55,20,50%
2025-11-04,S25,LONG SLEEVE KNIT,214,107,30,50%
2025-11-04,S25,POLO,525,180,98,66%
2025-11-04,S25,SHOES,170,85,41,50%
2025-11-04,S25,SHORTS,572,247,125,57%
2025-11-04,S25,SKIRT,88,44,21,50%
2025-11-04,S25,SKORT,166,75,34,55%
2025-11-04,S25,SOCKS,-18,-9,-4,50%
2025-11-04,S25,SPORT BRA,68,34,17,50%
2025-11-04,S25,SWEATER,"1,820",876,417,52%
2025-11-04,S25,SWEATPANTS,392,210,73,46%
2025-11-04,S25,SWEATSHIRT,220,94,36,57%
2025-11-04,S25,TANK TOP,252,123,45,51%
2025-11-04,S25,TRACK JACKET,"14,460","6,809","2,863",53%
2025-11-04,S25,TRACK PANT,"9,156","4,202","1,808",54%
2025-11-04,S25,T-SHIRT,"1,012",513,184,49%
2025-11-04,S26,T-SHIRT,65,65,18,0%
2025-11-05,CORE,TRACK JACKET,"1,080","1,080",210,0%
2025-11-05,CORE,TRACK PANT,"1,050","1,050",197,0%
2025-11-05,F21,HAT,114,53,18,53%
2025-11-05,F22,HAT,48,19,8,60%
2025-11-05,F24,ACCESSORIES,218,81,46,63%
2025-11-05,F24,CAMP SHIRT,135,38,31,72%
2025-11-05,F24,DRESS,125,33,35,74%
2025-11-05,F24,HOODIE,300,300,58,0%
2025-11-05,F24,LEGGINGS,110,47,21,57%
2025-11-05,F24,LONG SLEEVE KNIT,424,185,105,56%
2025-11-05,F24,OUTERWEAR,225,63,50,72%
2025-11-05,F24,POLO,361,196,177,46%
2025-11-05,F24,SHORTS,369,147,92,60%
2025-11-05,F24,SKIRT,-176,-63,-32,64%
2025-11-05,F24,SPORT BRA,68,53,19,22%
2025-11-05,F24,SWEATER,295,79,68,73%
2025-11-05,F24,SWEATPANTS,375,309,75,18%
2025-11-05,F24,SWEATSHIRT,250,138,52,45%
2025-11-05,F24,TRACK JACKET,785,400,164,49%
2025-11-05,F24,TRACK PANT,770,321,171,58%
2025-11-05,F24,T-SHIRT,242,121,45,50%
2025-11-05,F25,CABANA SHIRT,0,0,0,#DIV/0!
2025-11-05,F25,HAT,190,186,40,2%
2025-11-05,F25,HOODIE,"1,388","1,355",266,2%
2025-11-05,F25,KNITWEAR,135,111,35,18%
2025-11-05,F25,LONG SLEEVE KNIT,675,555,135,18%
2025-11-05,F25,POLO,125,0,27,100%
2025-11-05,F25,SHORTS,146,146,34,0%
2025-11-05,F25,SWEATER,375,333,84,11%
2025-11-05,F25,SWEATPANTS,625,648,124,-4%
2025-11-05,F25,TRACK JACKET,"4,365","4,382",926,0%
2025-11-05,F25,TRACK PANT,"4,952","4,614","1,062",7%
2025-11-05,F25,T-SHIRT,228,228,45,0%
2025-11-05,S23,TRACK PANT,85,43,16,49%
2025-11-05,S24,FOOTWEAR,570,389,174,32%
2025-11-05,S24,TRACK JACKET,555,277,117,50%
2025-11-05,S24,TRACK PANT,250,143,53,43%
2025-11-05,S25,0,264,84,54,68%
2025-11-05,S25,ACCESSORIES,"4,556",122,882,97%
2025-11-05,S25,CABANA SHIRT,245,55,53,78%
2025-11-05,S25,CREWNECK,98,59,18,40%
2025-11-05,S25,HOODIE,550,300,118,45%
2025-11-05,S25,JACKET,0,-67,0,#DIV/0!
2025-11-05,S25,LEGGINGS,118,53,21,55%
2025-11-05,S25,LONG SLEEVE KNIT,546,273,70,50%
2025-11-05,S25,POLO,974,437,202,55%
2025-11-05,S25,PULLOVER,110,55,21,50%
2025-11-05,S25,SHOES,340,170,82,50%
2025-11-05,S25,SHORTS,"1,100",517,226,53%
2025-11-05,S25,SKIRT,186,49,41,74%
2025-11-05,S25,SKORT,186,59,41,68%
2025-11-05,S25,SOCKS,18,1,4,93%
2025-11-05,S25,SWEATER,325,179,76,45%
2025-11-05,S25,SWEATPANTS,274,160,54,42%
2025-11-05,S25,SWEATSHIRT,220,99,36,55%
2025-11-05,S25,TANK TOP,-184,-96,-30,48%
2025-11-05,S25,TRACK JACKET,"14,360","6,873","2,815",52%
2025-11-05,S25,TRACK PANT,"9,133","4,536","1,835",50%
2025-11-05,S25,T-SHIRT,"1,648",764,286,54%
2025-11-05,S26,T-SHIRT,65,65,18,0%
2025-11-05,SS22,T-SHIRT,46,1,12,98%
2025-11-06,CORE,HAT,-42,-6,-7,86%
2025-11-06,CORE,SOCKS,72,68,16,5%
2025-11-06,CORE,TRACK JACKET,380,309,100,19%
2025-11-06,CORE,TRACK PANT,500,290,112,42%
2025-11-06,F21,HAT,76,50,12,34%
2025-11-06,F22,HAT,-48,-16,-8,67%
2025-11-06,F24,0,-290,-109,-106,62%
2025-11-06,F24,ACCESSORIES,88,21,18,76%
2025-11-06,F24,DRESS,520,133,114,74%
2025-11-06,F24,HOODIE,550,347,121,37%
2025-11-06,F24,LEGGINGS,110,47,21,57%
2025-11-06,F24,LONG SLEEVE KNIT,570,222,118,61%
2025-11-06,F24,OUTERWEAR,225,63,50,72%
2025-11-06,F24,POLO,0,19,0,#DIV/0!
2025-11-06,F24,SHORTS,410,256,114,38%
2025-11-06,F24,SWEATPANTS,250,250,50,0%
2025-11-06,F24,TRACK JACKET,910,237,188,74%
2025-11-06,F24,TRACK PANT,765,186,152,76%
2025-11-06,F24,T-SHIRT,48,20,21,58%
2025-11-06,F25,CABANA SHIRT,135,76,32,44%
2025-11-06,F25,CREWNECK,68,61,14,10%
2025-11-06,F25,HAT,118,114,26,4%
2025-11-06,F25,HOODIE,390,372,75,5%
2025-11-06,F25,KNITWEAR,475,333,120,30%
2025-11-06,F25,LONG SLEEVE KNIT,135,87,27,36%
2025-11-06,F25,OUTERWEAR,-225,-248,-47,-10%
2025-11-06,F25,POLO,244,254,56,-4%
2025-11-06,F25,PULLOVER,-125,-125,-27,0%
2025-11-06,F25,SHORTS,298,31,67,90%
2025-11-06,F25,SKIRT,78,70,17,10%
2025-11-06,F25,SOCKS,18,18,4,0%
2025-11-06,F25,SWEATER,556,514,120,8%
2025-11-06,F25,SWEATPANTS,632,623,122,1%
2025-11-06,F25,TRACK JACKET,"7,395","6,856","1,612",7%
2025-11-06,F25,TRACK PANT,"5,700","5,559","1,271",2%
2025-11-06,F25,T-SHIRT,10,10,3,0%
2025-11-06,F25,VEST,110,110,24,0%
2025-11-06,S24,TRACK JACKET,-280,-176,-64,37%
2025-11-06,S24,TRACK PANT,-125,-102,-36,19%
2025-11-06,S25,0,235,110,44,53%
2025-11-06,S25,ACCESSORIES,"5,192",0,"1,003",100%
2025-11-06,S25,ACTIVE JACKET,125,56,26,55%
2025-11-06,S25,BAG,-525,-263,-325,50%
2025-11-06,S25,CABANA SHIRT,645,230,145,64%
2025-11-06,S25,HOODIE,337,210,75,38%
2025-11-06,S25,LEGGINGS,118,53,21,55%
2025-11-06,S25,LONG SLEEVE KNIT,78,39,10,50%
2025-11-06,S25,PANTS,-345,-166,-71,52%
2025-11-06,S25,POLO,823,386,154,53%
2025-11-06,S25,PULLOVER,345,160,67,54%
2025-11-06,S25,SHOES,170,85,41,50%
2025-11-06,S25,SHORTS,"1,066",365,218,66%
2025-11-06,S25,SKORT,98,49,23,50%
2025-11-06,S25,SWEATER,975,98,229,90%
2025-11-06,S25,SWEATPANTS,98,54,18,45%
2025-11-06,S25,SWEATSHIRT,110,15,18,87%
2025-11-06,S25,TANK TOP,164,82,36,50%
2025-11-06,S25,TRACK JACKET,"8,940","4,387","1,686",51%
2025-11-06,S25,TRACK PANT,"5,900","2,818","1,102",52%
2025-11-06,S25,T-SHIRT,990,530,162,47%
2025-11-06,S25,VISOR,38,19,7,50%
2025-11-07,CORE,HAT,126,122,21,3%
2025-11-07,CORE,SOCKS,90,90,20,0%
2025-11-07,CORE,TRACK JACKET,"1,360","1,387",254,-2%
2025-11-07,CORE,TRACK PANT,815,"1,007",152,-24%
2025-11-07,F21,HAT,38,25,6,34%
2025-11-07,F22,HAT,96,32,16,67%
2025-11-07,F24,ACCESSORIES,172,59,38,66%
2025-11-07,F24,DRESS,135,39,22,71%
2025-11-07,F24,HOODIE,300,135,58,55%
2025-11-07,F24,JACKET,325,73,55,78%
2025-11-07,F24,LONG SLEEVE KNIT,210,47,44,78%
2025-11-07,F24,OUTERWEAR,225,53,38,76%
2025-11-07,F24,POLO,186,82,59,56%
2025-11-07,F24,SHORTS,125,34,29,73%
2025-11-07,F24,SWEATPANTS,250,113,50,55%
2025-11-07,F24,TRACK JACKET,"1,195",400,273,67%
2025-11-07,F24,TRACK PANT,685,269,129,61%
2025-11-07,F24,T-SHIRT,106,61,23,42%
2025-11-07,F25,CABANA SHIRT,0,-24,0,#DIV/0!
2025-11-07,F25,CREWNECK,110,0,20,100%
2025-11-07,F25,HAT,76,76,16,0%
2025-11-07,F25,HOODIE,600,585,116,3%
2025-11-07,F25,LONG SLEEVE KNIT,561,478,105,15%
2025-11-07,F25,POLO,348,309,75,11%
2025-11-07,F25,PULLOVER,125,111,27,11%
2025-11-07,F25,SHORTS,-32,-32,-7,0%
2025-11-07,F25,SWEATER,375,347,83,7%
2025-11-07,F25,SWEATPANTS,821,809,163,2%
2025-11-07,F25,TRACK JACKET,"4,545","3,967",980,13%
2025-11-07,F25,TRACK PANT,"3,904","3,292",863,16%
2025-11-07,F25,T-SHIRT,344,340,70,1%
2025-11-07,F25,VEST,110,110,24,0%
2025-11-07,S24,TRACK JACKET,975,513,215,47%
2025-11-07,S24,TRACK PANT,775,398,155,49%
2025-11-07,S25,0,59,30,8,50%
2025-11-07,S25,ACCESSORIES,"3,726",59,722,98%
2025-11-07,S25,BAG,175,88,108,50%
2025-11-07,S25,CABANA SHIRT,135,68,32,50%
2025-11-07,S25,HOODIE,725,285,158,61%
2025-11-07,S25,LONG SLEEVE KNIT,448,224,60,50%
2025-11-07,S25,POLO,791,389,161,51%
2025-11-07,S25,PULLOVER,345,160,67,54%
2025-11-07,S25,SHORTS,"1,344",657,300,51%
2025-11-07,S25,SKORT,274,128,59,53%
2025-11-07,S25,SOCKS,54,27,12,50%
2025-11-07,S25,SWEATER,-650,-282,-154,57%
2025-11-07,S25,SWEATPANTS,98,54,18,45%
2025-11-07,S25,SWEATSHIRT,660,297,108,55%
2025-11-07,S25,TRACK JACKET,"13,910","6,360","2,754",54%
2025-11-07,S25,TRACK PANT,"9,300","4,268","1,839",54%
2025-11-07,S25,T-SHIRT,"2,410","1,220",423,49%
2025-11-07,S26,CREWNECK,165,165,29,0%
2025-11-07,S26,SWEATPANTS,130,130,37,0%
2025-11-07,S26,T-SHIRT,65,65,18,0%
2025-11-08,CORE,ACCESSORIES,18,18,5,0%
2025-11-08,CORE,HAT,42,42,7,0%
2025-11-08,CORE,SOCKS,36,36,8,0%
2025-11-08,CORE,TRACK JACKET,"1,030","1,007",182,2%
2025-11-08,CORE,TRACK PANT,"1,300","1,270",253,2%
2025-11-08,F23,TRACK PANT,125,48,23,62%
2025-11-08,F24,ACCESSORIES,348,101,74,71%
2025-11-08,F24,HOODIE,250,47,63,81%
2025-11-08,F24,LEGGINGS,110,47,21,57%
2025-11-08,F24,LONG SLEEVE KNIT,510,171,108,66%
2025-11-08,F24,OUTERWEAR,520,112,98,78%
2025-11-08,F24,POLO,88,45,31,49%
2025-11-08,F24,SHORTS,396,154,91,61%
2025-11-08,F24,SWEATPANTS,98,48,18,51%
2025-11-08,F24,TRACK JACKET,"2,445",918,515,62%
2025-11-08,F24,TRACK PANT,"1,240",537,269,57%
2025-11-08,F24,T-SHIRT,204,78,47,62%
2025-11-08,F25,CABANA SHIRT,-135,-159,-30,-18%
2025-11-08,F25,CONTOUR JACKET,135,111,29,18%
2025-11-08,F25,CREWNECK,15,1,4,93%
2025-11-08,F25,DRESS,250,222,54,11%
2025-11-08,F25,HAT,152,148,32,3%
2025-11-08,F25,HOODIE,960,933,185,3%
2025-11-08,F25,KNITWEAR,565,447,144,21%
2025-11-08,F25,LEGGINGS,118,118,25,0%
2025-11-08,F25,LONG SLEEVE KNIT,540,433,108,20%
2025-11-08,F25,OUTERWEAR,500,500,111,0%
2025-11-08,F25,POLO,614,586,137,5%
2025-11-08,F25,SHORTS,368,368,87,0%
2025-11-08,F25,SKORT,88,88,22,0%
2025-11-08,F25,SOCKS,-18,-18,-4,0%
2025-11-08,F25,SWEATER,583,555,125,5%
2025-11-08,F25,SWEATPANTS,446,446,86,0%
2025-11-08,F25,TRACK JACKET,"6,470","6,054","1,437",6%
2025-11-08,F25,TRACK PANT,"5,702","5,363","1,271",6%
2025-11-08,F25,T-SHIRT,168,168,36,0%
2025-11-08,F25,VEST,110,110,24,0%
2025-11-08,S24,FOOTWEAR,140,140,41,0%
2025-11-08,S24,TRACK JACKET,560,336,136,40%
2025-11-08,S24,TRACK PANT,500,300,116,40%
2025-11-08,S25,ACCESSORIES,"4,558",123,887,97%
2025-11-08,S25,CABANA SHIRT,125,75,27,40%
2025-11-08,S25,DRESS,"1,073",363,208,66%
2025-11-08,S25,HAT,58,35,12,40%
2025-11-08,S25,HOODIE,601,288,126,52%
2025-11-08,S25,LONG SLEEVE KNIT,156,84,20,46%
2025-11-08,S25,POLO,734,327,148,55%
2025-11-08,S25,PULLOVER,110,55,21,50%
2025-11-08,S25,SHORTS,"1,422",646,307,55%
2025-11-08,S25,SKORT,88,44,18,50%
2025-11-08,S25,SOCKS,18,9,4,50%
2025-11-08,S25,SWEATER,"1,310",622,307,53%
2025-11-08,S25,SWEATPANTS,98,54,18,45%
2025-11-08,S25,SWEATSHIRT,110,50,18,55%
2025-11-08,S25,TANK TOP,68,34,14,50%
2025-11-08,S25,TRACK JACKET,"13,200","6,492","2,621",51%
2025-11-08,S25,TRACK PANT,"8,523","4,097","1,671",52%
2025-11-08,S25,T-SHIRT,"2,440","1,179",415,52%
2025-11-08,S26,BOMBER JACKET,260,260,97,0%
2025-11-08,S26,CREWNECK,165,165,29,0%
2025-11-08,S26,SWEATPANTS,130,130,37,0%
2025-11-09,CORE,TRACK JACKET,"2,860","2,811",530,2%
2025-11-09,CORE,TRACK PANT,"2,085","2,072",384,1%
2025-11-09,F24,ACCESSORIES,88,19,18,79%
2025-11-09,F24,CAMP SHIRT,150,47,30,69%
2025-11-09,F24,DRESS,395,120,79,70%
2025-11-09,F24,LONG SLEEVE KNIT,553,208,115,62%
2025-11-09,F24,POLO,75,45,28,40%
2025-11-09,F24,TRACK JACKET,"1,770",622,417,65%
2025-11-09,F24,TRACK PANT,"1,100",417,208,62%
2025-11-09,F24,T-SHIRT,58,39,15,33%
2025-11-09,F25,CABANA SHIRT,270,222,63,18%
2025-11-09,F25,CREWNECK,186,179,37,4%
2025-11-09,F25,DRESS,125,111,30,11%
2025-11-09,F25,HAT,38,38,8,0%
2025-11-09,F25,HOODIE,788,759,150,4%
2025-11-09,F25,KNITWEAR,675,675,170,0%
2025-11-09,F25,LONG SLEEVE KNIT,675,544,135,19%
2025-11-09,F25,OUTERWEAR,-450,-405,-94,10%
2025-11-09,F25,POLO,125,100,27,20%
2025-11-09,F25,SHORTS,110,110,25,0%
2025-11-09,F25,SWEATER,750,669,166,11%
2025-11-09,F25,SWEATPANTS,436,436,85,0%
2025-11-09,F25,TANK TOP,-58,-58,-15,0%
2025-11-09,F25,TRACK JACKET,"6,099","5,825","1,335",4%
2025-11-09,F25,TRACK PANT,"5,588","4,900","1,225",12%
2025-11-09,S24,FOOTWEAR,285,249,87,13%
2025-11-09,S24,SPORT BRA,78,35,16,55%
2025-11-09,S24,TRACK JACKET,420,244,102,42%
2025-11-09,S24,TRACK PANT,275,111,54,60%
2025-11-09,S25,ACCESSORIES,"4,116",34,795,99%
2025-11-09,S25,CABANA SHIRT,260,143,59,45%
2025-11-09,S25,CAMP SHIRT,88,40,15,55%
2025-11-09,S25,HOODIE,675,360,144,47%
2025-11-09,S25,JACKET,165,74,32,55%
2025-11-09,S25,LONG SLEEVE KNIT,156,90,20,42%
2025-11-09,S25,POLO,"1,555",684,312,56%
2025-11-09,S25,PULLOVER,125,50,25,60%
2025-11-09,S25,SHOES,-170,-77,-41,55%
2025-11-09,S25,SHORTS,"1,546",740,327,52%
2025-11-09,S25,SKORT,68,34,11,50%
2025-11-09,S25,SWEATER,400,158,88,61%
2025-11-09,S25,SWEATPANTS,196,102,36,48%
2025-11-09,S25,TANK TOP,236,103,41,56%
2025-11-09,S25,TRACK JACKET,"14,440","7,208","2,828",50%
2025-11-09,S25,TRACK PANT,"8,436","3,932","1,672",53%
2025-11-09,S25,T-SHIRT,"1,522",675,259,56%
2025-11-10,CORE,HAT,42,0,7,100%
2025-11-10,CORE,SOCKS,18,20,4,-9%
2025-11-10,CORE,TRACK JACKET,"2,045","1,777",412,13%
2025-11-10,CORE,TRACK PANT,"1,205","1,005",247,17%
2025-11-10,F21,HAT,76,25,12,67%
2025-11-10,F24,ACCESSORIES,222,44,44,80%
2025-11-10,F24,DRESS,710,156,214,78%
2025-11-10,F24,HOODIE,250,47,63,81%
2025-11-10,F24,JACKET,325,66,55,80%
2025-11-10,F24,LEGGINGS,110,35,21,68%
2025-11-10,F24,LONG SLEEVE KNIT,"1,343",336,286,75%
2025-11-10,F24,OUTERWEAR,815,151,146,81%
2025-11-10,F24,SHORTS,250,80,68,68%
2025-11-10,F24,SKIRT,264,104,71,61%
2025-11-10,F24,SWEATSHIRT,190,59,47,69%
2025-11-10,F24,TRACK JACKET,"1,240",389,247,69%
2025-11-10,F24,TRACK PANT,"1,320",341,280,74%
2025-11-10,F24,T-SHIRT,96,56,33,42%
2025-11-10,F25,CONTOUR JACKET,135,111,29,18%
2025-11-10,F25,HAT,38,38,8,0%
2025-11-10,F25,HOODIE,270,261,52,3%
2025-11-10,F25,KNITWEAR,175,111,47,37%
2025-11-10,F25,LONG SLEEVE KNIT,561,488,105,13%
2025-11-10,F25,OUTERWEAR,275,275,64,0%
2025-11-10,F25,POLO,333,305,73,8%
2025-11-10,F25,PULLOVER,375,333,79,11%
2025-11-10,F25,SHORTS,244,244,56,0%
2025-11-10,F25,SKORT,146,146,32,0%
2025-11-10,F25,SWEATPANTS,321,321,63,0%
2025-11-10,F25,TRACK JACKET,"6,345","6,064","1,371",4%
2025-11-10,F25,TRACK PANT,"5,081","5,013","1,107",1%
2025-11-10,F25,T-SHIRT,42,110,-3,-161%
2025-11-10,S24,FOOTWEAR,59,59,10,0%
2025-11-10,S24,TRACK JACKET,140,15,30,89%
2025-11-10,S24,TRACK PANT,0,0,0,#DIV/0!
2025-11-10,S25,0,264,73,54,73%
2025-11-10,S25,ACCESSORIES,"3,608",79,697,98%
2025-11-10,S25,CAMP SHIRT,88,44,15,50%
2025-11-10,S25,DRESS,0,-23,2,#DIV/0!
2025-11-10,S25,HOODIE,613,317,128,48%
2025-11-10,S25,LEGGINGS,220,70,41,68%
2025-11-10,S25,POLO,493,231,97,53%
2025-11-10,S25,SHORTS,"1,288",499,268,61%
2025-11-10,S25,SOCKS,-18,-9,-4,50%
2025-11-10,S25,SWEATER,340,170,75,50%
2025-11-10,S25,SWEATPANTS,98,54,18,45%
2025-11-10,S25,TANK TOP,68,34,14,50%
2025-11-10,S25,TRACK JACKET,"12,070","5,803","2,186",52%
2025-11-10,S25,TRACK PANT,"6,190","3,034","1,165",51%
2025-11-10,S25,T-SHIRT,"1,230",630,205,49%
2025-11-11,CORE,ACCESSORIES,30,30,11,0%
2025-11-11,CORE,HAT,42,42,7,0%
2025-11-11,CORE,TRACK JACKET,"2,515","2,454",506,2%
2025-11-11,CORE,TRACK PANT,"1,345","1,220",286,9%
2025-11-11,F21,HAT,38,25,6,34%
2025-11-11,F24,ACCESSORIES,440,101,91,77%
2025-11-11,F24,DRESS,125,40,35,68%
2025-11-11,F24,HOODIE,700,497,150,29%
2025-11-11,F24,LEGGINGS,110,32,21,71%
2025-11-11,F24,LONG SLEEVE KNIT,546,184,117,66%
2025-11-11,F24,OUTERWEAR,745,145,124,81%
2025-11-11,F24,SHORTS,299,158,79,47%
2025-11-11,F24,SKIRT,88,32,16,64%
2025-11-11,F24,SWEATPANTS,250,250,50,0%
2025-11-11,F24,TRACK JACKET,"1,180",371,236,69%
2025-11-11,F24,TRACK PANT,"1,125",400,227,64%
2025-11-11,F24,T-SHIRT,212,98,66,54%
2025-11-11,F25,CONTOUR JACKET,135,111,29,18%
2025-11-11,F25,CREWNECK,246,239,48,3%
2025-11-11,F25,HAT,-380,-380,-75,0%
2025-11-11,F25,HOODIE,840,807,162,4%
2025-11-11,F25,KNITWEAR,650,322,168,50%
2025-11-11,F25,LONG SLEEVE KNIT,"1,755","1,299",351,26%
2025-11-11,F25,OUTERWEAR,225,203,47,10%
2025-11-11,F25,PULLOVER,125,100,25,20%
2025-11-11,F25,SWEATER,723,597,159,17%
2025-11-11,F25,SWEATPANTS,649,628,127,3%
2025-11-11,F25,TRACK JACKET,"6,208","5,751","1,367",7%
2025-11-11,F25,TRACK PANT,"5,284","5,188","1,170",2%
2025-11-11,F25,T-SHIRT,100,100,20,0%
2025-11-11,S24,TRACK JACKET,140,0,30,100%
2025-11-11,S24,TRACK PANT,250,127,41,49%
2025-11-11,S25,0,440,98,90,78%
2025-11-11,S25,ACCESSORIES,"3,784",0,731,100%
2025-11-11,S25,ACTIVE JACKET,125,51,26,59%
2025-11-11,S25,BAG,150,150,89,0%
2025-11-11,S25,CABANA SHIRT,395,210,89,47%
2025-11-11,S25,CAMP SHIRT,88,44,15,50%
2025-11-11,S25,DRESS,625,192,125,69%
2025-11-11,S25,HOODIE,775,443,163,43%
2025-11-11,S25,LEGGINGS,566,168,104,70%
2025-11-11,S25,LONG SLEEVE KNIT,125,56,26,55%
2025-11-11,S25,PANTS,210,105,44,50%
2025-11-11,S25,POLO,"1,142",477,236,58%
2025-11-11,S25,SHORTS,"1,286",523,273,59%
2025-11-11,S25,SKIRT,186,40,41,78%
2025-11-11,S25,SKORT,68,34,11,50%
2025-11-11,S25,SWEATER,900,388,207,57%
2025-11-11,S25,SWEATPANTS,294,162,54,45%
2025-11-11,S25,SWEATSHIRT,110,50,18,55%
2025-11-11,S25,TANK TOP,58,29,8,50%
2025-11-11,S25,TRACK JACKET,"15,855","7,693","3,095",51%
2025-11-11,S25,TRACK PANT,"10,338","5,138","2,025",50%
2025-11-11,S25,T-SHIRT,"1,252",596,217,52%
2025-11-11,S26,T-SHIRT,130,124,36,5%
2025-11-12,CORE,HAT,42,42,7,0%
2025-11-12,CORE,SOCKS,18,18,4,0%
2025-11-12,CORE,TRACK JACKET,"3,035","3,008",628,1%
2025-11-12,CORE,TRACK PANT,"2,285","2,277",466,0%
2025-11-12,F22,HAT,-48,-13,-8,73%
2025-11-12,F24,ACCESSORIES,218,61,46,72%
2025-11-12,F24,HOODIE,650,229,155,65%
2025-11-12,F24,LEGGINGS,220,70,42,68%
2025-11-12,F24,LONG SLEEVE KNIT,"1,225",292,262,76%
2025-11-12,F24,OUTERWEAR,900,215,176,76%
2025-11-12,F24,POLO,559,285,220,49%
2025-11-12,F24,SHORTS,193,69,60,64%
2025-11-12,F24,SKIRT,-89,-41,-26,54%
2025-11-12,F24,SPORT BRA,136,70,38,49%
2025-11-12,F24,SWEATPANTS,348,160,68,54%
2025-11-12,F24,SWEATSHIRT,440,190,99,57%
2025-11-12,F24,TRACK JACKET,945,253,185,73%
2025-11-12,F24,TRACK PANT,"1,095",259,236,76%
2025-11-12,F24,T-SHIRT,396,175,108,56%
2025-11-12,F25,CABANA SHIRT,0,-24,0,#DIV/0!
2025-11-12,F25,CREWNECK,125,100,24,20%
2025-11-12,F25,HAT,76,76,16,0%
2025-11-12,F25,HOODIE,"1,050","1,005",202,4%
2025-11-12,F25,KNITWEAR,175,111,47,37%
2025-11-12,F25,LONG SLEEVE KNIT,"1,371","1,136",267,17%
2025-11-12,F25,OUTERWEAR,225,225,51,0%
2025-11-12,F25,POLO,193,179,43,7%
2025-11-12,F25,PULLOVER,375,333,81,11%
2025-11-12,F25,SHORTS,68,68,14,0%
2025-11-12,F25,SKORT,58,58,10,0%
2025-11-12,F25,SWEATER,360,321,76,11%
2025-11-12,F25,SWEATPANTS,669,669,131,0%
2025-11-12,F25,TRACK JACKET,"7,053","6,554","1,562",7%
2025-11-12,F25,TRACK PANT,"7,304","6,941","1,595",5%
2025-11-12,F25,T-SHIRT,502,502,104,0%
2025-11-12,F25,VEST,110,110,24,0%
2025-11-12,S24,FOOTWEAR,-290,-109,-92,62%
2025-11-12,S24,TRACK JACKET,700,404,162,42%
2025-11-12,S24,TRACK PANT,625,361,135,42%
2025-11-12,S25,0,147,55,26,63%
2025-11-12,S25,ACCESSORIES,"4,928",0,952,100%
2025-11-12,S25,CABANA SHIRT,260,143,56,45%
2025-11-12,S25,HAT,58,35,12,40%
2025-11-12,S25,HOODIE,"1,350",713,288,47%
2025-11-12,S25,JACKET,660,290,128,56%
2025-11-12,S25,LEGGINGS,110,35,20,68%
2025-11-12,S25,LONG SLEEVE KNIT,513,262,86,49%
2025-11-12,S25,POLO,793,360,164,55%
2025-11-12,S25,PULLOVER,125,45,25,64%
2025-11-12,S25,SHOES,170,85,41,50%
2025-11-12,S25,SHORTS,"1,497",646,304,57%
2025-11-12,S25,SKORT,30,20,12,32%
2025-11-12,S25,SOCKS,144,70,34,51%
2025-11-12,S25,SWEATER,120,9,40,92%
2025-11-12,S25,SWEATPANTS,490,259,90,47%
2025-11-12,S25,SWEATSHIRT,440,198,72,55%
2025-11-12,S25,TANK TOP,10,10,7,-3%
2025-11-12,S25,TRACK JACKET,"15,965","7,690","3,135",52%
2025-11-12,S25,TRACK PANT,"10,200","5,023","2,016",51%
2025-11-12,S25,T-SHIRT,"3,708","1,519",625,59%
2025-11-13,CORE,ACCESSORIES,12,11,6,10%
2025-11-13,CORE,HAT,42,29,7,30%
2025-11-13,CORE,SOCKS,126,54,28,57%
2025-11-13,CORE,TRACK JACKET,"2,450","1,621",526,34%
2025-11-13,CORE,TRACK PANT,"1,515","1,147",347,24%
2025-11-13,F21,HAT,76,38,12,51%
2025-11-13,F22,HAT,48,13,8,72%
2025-11-13,F24,ACCESSORIES,130,34,28,74%
2025-11-13,F24,DRESS,500,108,140,78%
2025-11-13,F24,HOODIE,900,219,218,76%
2025-11-13,F24,LEGGINGS,110,21,21,81%
2025-11-13,F24,LONG SLEEVE KNIT,695,179,155,74%
2025-11-13,F24,OUTERWEAR,225,38,50,83%
2025-11-13,F24,POLO,835,296,333,65%
2025-11-13,F24,SHORTS,156,48,40,69%
2025-11-13,F24,SKIRT,88,21,16,76%
2025-11-13,F24,SWEATPANTS,458,158,93,65%
2025-11-13,F24,SWEATSHIRT,125,41,26,67%
2025-11-13,F24,TRACK JACKET,"2,310",659,503,71%
2025-11-13,F24,TRACK PANT,"2,780",680,569,76%
2025-11-13,F24,T-SHIRT,960,198,246,79%
2025-11-13,F25,CABANA SHIRT,540,366,127,32%
2025-11-13,F25,CONTOUR JACKET,135,67,29,51%
2025-11-13,F25,CREWNECK,110,50,20,55%
2025-11-13,F25,CROP TOP,78,55,18,30%
2025-11-13,F25,DRESS,-125,-125,-27,0%
2025-11-13,F25,HAT,114,106,24,7%
2025-11-13,F25,HOODIE,720,535,139,26%
2025-11-13,F25,KNITWEAR,165,22,35,87%
2025-11-13,F25,LEGGINGS,118,118,25,0%
2025-11-13,F25,LONG SLEEVE KNIT,78,-53,12,167%
2025-11-13,F25,OUTERWEAR,225,135,47,40%
2025-11-13,F25,POLO,541,265,118,51%
2025-11-13,F25,PULLOVER,250,189,52,25%
2025-11-13,F25,SHORTS,198,10,44,95%
2025-11-13,F25,SKORT,88,62,22,30%
2025-11-13,F25,SWEATER,387,221,81,43%
2025-11-13,F25,SWEATPANTS,544,314,106,42%
2025-11-13,F25,TANK TOP,58,35,15,40%
2025-11-13,F25,TRACK JACKET,"10,933","6,406","2,418",41%
2025-11-13,F25,TRACK PANT,"10,071","5,978","2,247",41%
2025-11-13,F25,T-SHIRT,256,158,46,38%
2025-11-13,S24,FOOTWEAR,280,168,82,40%
2025-11-13,S24,SHORTS,178,41,37,77%
2025-11-13,S24,SWEATER,150,39,37,74%
2025-11-13,S24,TRACK JACKET,695,175,155,75%
2025-11-13,S24,TRACK PANT,550,52,104,91%
2025-11-13,S25,0,176,50,36,72%
2025-11-13,S25,ACCESSORIES,-88,53,-17,160%
2025-11-13,S25,ACTIVE JACKET,125,34,26,73%
2025-11-13,S25,CABANA SHIRT,10,-62,5,715%
2025-11-13,S25,CREWNECK,-98,-59,-18,40%
2025-11-13,S25,DRESS,243,48,43,80%
2025-11-13,S25,HOODIE,"1,100",488,236,56%
2025-11-13,S25,JACKET,0,-30,0,#DIV/0!
2025-11-13,S25,LEGGINGS,118,7,20,94%
2025-11-13,S25,LONG SLEEVE KNIT,174,52,30,70%
2025-11-13,S25,POLO,"1,989",745,402,63%
2025-11-13,S25,SHORTS,"3,036",882,659,71%
2025-11-13,S25,SKORT,372,107,82,71%
2025-11-13,S25,SOCKS,162,73,36,55%
2025-11-13,S25,SWEATER,800,46,189,94%
2025-11-13,S25,SWEATPANTS,108,39,18,64%
2025-11-13,S25,SWEATSHIRT,0,5,0,#DIV/0!
2025-11-13,S25,TANK TOP,210,74,49,65%
2025-11-13,S25,TRACK JACKET,"22,255","8,395","4,445",62%
2025-11-13,S25,TRACK PANT,"14,735","5,578","2,928",62%
2025-11-13,S25,T-SHIRT,"3,976","1,261",707,68%
2025-11-14,CORE,ACCESSORIES,0,0,0,#DIV/0!
2025-11-14,CORE,HAT,168,118,28,30%
2025-11-14,CORE,SOCKS,90,52,20,42%
2025-11-14,CORE,TRACK JACKET,"5,885","3,982","1,096",32%
2025-11-14,CORE,TRACK PANT,"4,230","2,710",810,36%
2025-11-14,F21,HAT,114,19,18,83%
2025-11-14,F23,POLO,78,27,14,65%
2025-11-14,F23,TRACK PANT,98,15,17,85%
2025-11-14,F24,0,145,87,53,40%
2025-11-14,F24,ACCESSORIES,"1,342",251,290,81%
2025-11-14,F24,CAMP SHIRT,150,52,30,65%
2025-11-14,F24,DRESS,125,40,35,68%
2025-11-14,F24,HOODIE,"1,000",437,208,56%
2025-11-14,F24,LEGGINGS,220,42,42,81%
2025-11-14,F24,LONG SLEEVE KNIT,"1,181",312,233,74%
2025-11-14,F24,OUTERWEAR,675,139,150,79%
2025-11-14,F24,POLO,500,178,118,64%
2025-11-14,F24,SHORTS,244,76,64,69%
2025-11-14,F24,SPORT BRA,136,42,38,69%
2025-11-14,F24,SWEATPANTS,720,300,150,58%
2025-11-14,F24,SWEATSHIRT,315,104,73,67%
2025-11-14,F24,TRACK JACKET,"2,780",817,626,71%
2025-11-14,F24,TRACK PANT,"1,930",639,394,67%
2025-11-14,F24,T-SHIRT,"1,216",331,433,73%
2025-11-14,F25,CABANA SHIRT,"1,350",699,319,48%
2025-11-14,F25,CREWNECK,470,310,88,34%
2025-11-14,F25,CROP TOP,78,47,18,40%
2025-11-14,F25,DRESS,135,67,31,51%
2025-11-14,F25,HAT,350,210,76,40%
2025-11-14,F25,HOODIE,"1,996","1,198",382,40%
2025-11-14,F25,KNITWEAR,"1,125",535,306,52%
2025-11-14,F25,LONG SLEEVE KNIT,"1,449",673,279,54%
2025-11-14,F25,OUTERWEAR,550,330,117,40%
2025-11-14,F25,POLO,946,626,211,34%
2025-11-14,F25,PULLOVER,250,133,52,47%
2025-11-14,F25,SHORTS,"1,192",748,272,37%
2025-11-14,F25,SKORT,88,53,22,40%
2025-11-14,F25,SWEATER,973,550,215,43%
2025-11-14,F25,SWEATPANTS,"1,909","1,145",375,40%
2025-11-14,F25,TANK TOP,58,35,15,40%
2025-11-14,F25,TRACK JACKET,"32,430","19,289","7,114",41%
2025-11-14,F25,TRACK PANT,"27,458","16,109","6,048",41%
2025-11-14,F25,T-SHIRT,130,64,31,51%
2025-11-14,S24,DRESS,88,24,19,73%
2025-11-14,S24,FOOTWEAR,339,259,92,23%
2025-11-14,S24,TRACK JACKET,840,340,188,60%
2025-11-14,S24,TRACK PANT,625,229,125,63%
2025-11-14,S25,ACCESSORIES,126,38,24,70%
2025-11-14,S25,ACTIVE JACKET,0,-113,0,#DIV/0!
2025-11-14,S25,CABANA SHIRT,593,185,129,69%
2025-11-14,S25,CAMP SHIRT,264,79,45,70%
2025-11-14,S25,CREWNECK,-98,-59,-18,40%
2025-11-14,S25,DRESS,698,144,137,79%
2025-11-14,S25,HAT,232,84,48,64%
2025-11-14,S25,HOODIE,"1,563",590,331,62%
2025-11-14,S25,JACKET,"1,155",342,224,70%
2025-11-14,S25,LEGGINGS,110,21,21,81%
2025-11-14,S25,LONG SLEEVE KNIT,468,198,60,58%
2025-11-14,S25,PANTS,555,209,115,62%
2025-11-14,S25,POLO,"4,244","1,260",856,70%
2025-11-14,S25,PULLOVER,470,146,92,69%
2025-11-14,S25,SHOES,170,85,41,50%
2025-11-14,S25,SHORTS,"9,056","2,679","1,902",70%
2025-11-14,S25,SKIRT,88,24,21,73%
2025-11-14,S25,SKORT,166,50,34,70%
2025-11-14,S25,SOCKS,90,33,21,63%
2025-11-14,S25,SWEATER,"5,235","1,611","1,231",69%
2025-11-14,S25,SWEATPANTS,588,216,108,63%
2025-11-14,S25,SWEATSHIRT,990,282,162,71%
2025-11-14,S25,TANK TOP,578,177,102,69%
2025-11-14,S25,TRACK JACKET,"62,360","20,182","12,097",68%
2025-11-14,S25,TRACK PANT,"34,910","11,281","6,895",68%
2025-11-14,S25,T-SHIRT,"8,382","2,557","1,405",69%
2025-11-14,S26,HAT,255,153,109,40%
2025-11-14,S26,T-SHIRT,130,78,36,40%
2025-11-15,CORE,ACCESSORIES,30,25,11,16%
2025-11-15,CORE,HAT,168,134,28,20%
2025-11-15,CORE,SOCKS,126,76,28,40%
2025-11-15,CORE,TRACK JACKET,"4,815","3,589",948,25%
2025-11-15,CORE,TRACK PANT,"3,225","2,192",647,32%
2025-11-15,F21,HAT,152,60,24,61%
2025-11-15,F23,SHORTS,136,41,26,70%
2025-11-15,F23,TRACK PANT,110,35,23,68%
2025-11-15,F24,0,145,145,53,0%
2025-11-15,F24,ACCESSORIES,792,130,162,84%
2025-11-15,F24,CAMP SHIRT,150,31,30,79%
2025-11-15,F24,DRESS,475,72,143,85%
2025-11-15,F24,HOODIE,525,143,120,73%
2025-11-15,F24,JACKET,325,73,55,78%
2025-11-15,F24,LEGGINGS,660,140,126,79%
2025-11-15,F24,LONG SLEEVE KNIT,"1,275",364,263,71%
2025-11-15,F24,OUTERWEAR,900,170,152,81%
2025-11-15,F24,POLO,826,268,260,68%
2025-11-15,F24,SHORTS,777,261,177,66%
2025-11-15,F24,SKIRT,89,24,26,73%
2025-11-15,F24,SPORT BRA,136,42,38,69%
2025-11-15,F24,SWEATPANTS,250,110,50,56%
2025-11-15,F24,SWEATSHIRT,125,41,26,67%
2025-11-15,F24,TRACK JACKET,"1,860",588,405,68%
2025-11-15,F24,TRACK PANT,"2,000",637,410,68%
2025-11-15,F24,T-SHIRT,212,70,65,67%
2025-11-15,F25,CABANA SHIRT,945,622,223,34%
2025-11-15,F25,CONTOUR JACKET,135,67,29,51%
2025-11-15,F25,CREWNECK,118,43,23,63%
2025-11-15,F25,CROP TOP,78,47,18,40%
2025-11-15,F25,DRESS,125,67,27,47%
2025-11-15,F25,HAT,190,129,40,32%
2025-11-15,F25,HOODIE,"1,772","1,125",334,37%
2025-11-15,F25,KNITWEAR,515,233,129,55%
2025-11-15,F25,LONG SLEEVE KNIT,"1,641",946,321,42%
2025-11-15,F25,OUTERWEAR,"1,125",675,243,40%
2025-11-15,F25,POLO,"1,398",881,315,37%
2025-11-15,F25,PULLOVER,250,133,54,47%
2025-11-15,F25,SHORTS,"1,320",929,302,30%
2025-11-15,F25,SKORT,88,53,22,40%
2025-11-15,F25,SOCKS,18,11,4,40%
2025-11-15,F25,SWEATER,"1,071",662,236,38%
2025-11-15,F25,SWEATPANTS,"1,115",629,220,44%
2025-11-15,F25,TRACK JACKET,"25,116","14,952","5,533",40%
2025-11-15,F25,TRACK PANT,"21,170","12,835","4,688",39%
2025-11-15,F25,T-SHIRT,628,468,130,26%
2025-11-15,F25,VEST,110,110,24,0%
2025-11-15,S24,FOOTWEAR,140,84,41,40%
2025-11-15,S24,SHORTS,54,18,15,67%
2025-11-15,S24,SPORT BRA,78,21,16,73%
2025-11-15,S24,TRACK JACKET,560,244,120,56%
2025-11-15,S24,TRACK PANT,525,192,102,63%
2025-11-15,S25,0,88,15,18,83%
2025-11-15,S25,ACCESSORIES,68,20,13,70%
2025-11-15,S25,ACTIVE JACKET,125,34,26,73%
2025-11-15,S25,CABANA SHIRT,360,145,75,60%
2025-11-15,S25,CAMP SHIRT,88,44,15,50%
2025-11-15,S25,DRESS,595,136,119,77%
2025-11-15,S25,HOODIE,"1,300",419,283,68%
2025-11-15,S25,JACKET,990,342,192,65%
2025-11-15,S25,LEGGINGS,796,168,157,79%
2025-11-15,S25,LONG SLEEVE KNIT,593,236,86,60%
2025-11-15,S25,PANTS,555,236,115,58%
2025-11-15,S25,POLO,"5,754","1,737","1,080",70%
2025-11-15,S25,PULLOVER,360,110,71,70%
2025-11-15,S25,SHORTS,"6,144","1,856","1,285",70%
2025-11-15,S25,SKIRT,78,24,2,69%
2025-11-15,S25,SKORT,460,138,103,70%
2025-11-15,S25,SOCKS,90,33,21,63%
2025-11-15,S25,SPORT BRA,204,63,51,69%
2025-11-15,S25,SWEATER,"1,845",610,429,67%
2025-11-15,S25,SWEATPANTS,470,182,90,61%
2025-11-15,S25,SWEATSHIRT,"1,100",317,180,71%
2025-11-15,S25,TANK TOP,498,140,92,72%
2025-11-15,S25,TRACK JACKET,"43,455","14,000","8,426",68%
2025-11-15,S25,TRACK PANT,"25,664","8,254","5,045",68%
2025-11-15,S25,T-SHIRT,"6,452","2,013","1,098",69%
2025-11-15,SS22,T-SHIRT,46,11,12,77%
2025-11-16,CORE,ACCESSORIES,24,14,11,40%
2025-11-16,CORE,HAT,126,109,21,13%
2025-11-16,CORE,SOCKS,180,113,40,37%
2025-11-16,CORE,TRACK JACKET,"6,135","4,150","1,236",32%
2025-11-16,CORE,TRACK PANT,"4,805","3,365",978,30%
2025-11-16,F21,HAT,114,45,18,61%
2025-11-16,F23,TRACK PANT,98,25,17,74%
2025-11-16,F24,0,290,174,106,40%
2025-11-16,F24,ACCESSORIES,616,105,126,83%
2025-11-16,F24,CAMP SHIRT,150,31,30,79%
2025-11-16,F24,DRESS,300,48,89,84%
2025-11-16,F24,HOODIE,250,28,63,89%
2025-11-16,F24,LEGGINGS,880,182,168,79%
2025-11-16,F24,LONG SLEEVE KNIT,"1,753",506,350,71%
2025-11-16,F24,OUTERWEAR,675,123,126,82%
2025-11-16,F24,POLO,774,257,307,67%
2025-11-16,F24,SHORTS,724,183,162,75%
2025-11-16,F24,SKIRT,166,48,73,71%
2025-11-16,F24,SPORT BRA,408,140,114,66%
2025-11-16,F24,SWEATPANTS,110,25,25,78%
2025-11-16,F24,SWEATSHIRT,190,59,47,69%
2025-11-16,F24,TRACK JACKET,"1,835",447,375,76%
2025-11-16,F24,TRACK PANT,"3,445",908,693,74%
2025-11-16,F24,T-SHIRT,743,222,262,70%
2025-11-16,F25,CABANA SHIRT,945,599,223,37%
2025-11-16,F25,CREWNECK,439,282,86,36%
2025-11-16,F25,DRESS,125,67,27,47%
2025-11-16,F25,HAT,380,228,80,40%
2025-11-16,F25,HOODIE,"1,794","1,116",341,38%
2025-11-16,F25,KNITWEAR,"1,280",714,330,44%
2025-11-16,F25,LONG SLEEVE KNIT,"1,236",660,240,47%
2025-11-16,F25,OUTERWEAR,"1,325",795,281,40%
2025-11-16,F25,POLO,301,217,69,28%
2025-11-16,F25,PULLOVER,125,67,27,47%
2025-11-16,F25,SHORTS,584,390,135,33%
2025-11-16,F25,SKORT,78,47,21,40%
2025-11-16,F25,SOCKS,18,11,4,40%
2025-11-16,F25,SWEATER,375,158,83,58%
2025-11-16,F25,SWEATPANTS,"1,247",709,246,43%
2025-11-16,F25,TANK TOP,58,35,15,40%
2025-11-16,F25,TRACK JACKET,"26,119","15,546","5,717",40%
2025-11-16,F25,TRACK PANT,"22,853","13,638","5,000",40%
2025-11-16,F25,T-SHIRT,474,329,101,31%
2025-11-16,S24,SPORT BRA,48,20,7,59%
2025-11-16,S24,TRACK JACKET,975,360,211,63%
2025-11-16,S24,TRACK PANT,375,154,77,59%
2025-11-16,S25,0,147,43,26,71%
2025-11-16,S25,ACCESSORIES,186,118,40,36%
2025-11-16,S25,ACTIVE JACKET,375,118,78,68%
2025-11-16,S25,BAG,150,90,89,40%
2025-11-16,S25,CABANA SHIRT,473,179,105,62%
2025-11-16,S25,CAMP SHIRT,88,44,15,50%
2025-11-16,S25,DRESS,125,24,23,81%
2025-11-16,S25,HAT,116,42,24,64%
2025-11-16,S25,HOODIE,"1,950",870,410,55%
2025-11-16,S25,JACKET,825,223,160,73%
2025-11-16,S25,LEGGINGS,"1,396",333,269,76%
2025-11-16,S25,LONG SLEEVE KNIT,448,178,60,60%
2025-11-16,S25,PANTS,210,63,44,70%
2025-11-16,S25,POLO,"4,939","1,650","1,013",67%
2025-11-16,S25,PULLOVER,705,226,138,68%
2025-11-16,S25,SHORTS,"7,944","2,475","1,685",69%
2025-11-16,S25,SKIRT,98,24,20,76%
2025-11-16,S25,SKORT,196,53,46,73%
2025-11-16,S25,SOCKS,90,27,22,70%
2025-11-16,S25,SPORT BRA,136,42,34,69%
2025-11-16,S25,SWEATER,"4,385","1,380","1,030",69%
2025-11-16,S25,SWEATPANTS,980,399,181,59%
2025-11-16,S25,SWEATSHIRT,440,158,72,64%
2025-11-16,S25,TANK TOP,340,102,72,70%
2025-11-16,S25,TRACK JACKET,"51,650","17,672","10,183",66%
2025-11-16,S25,TRACK PANT,"32,101","11,011","6,385",66%
2025-11-16,S25,T-SHIRT,"8,538","2,661","1,489",69%
2025-11-16,S25,VISOR,38,11,7,70%
2025-11-16,S26,HAT,85,51,37,40%
2025-11-16,S26,T-SHIRT,65,39,18,40%
2025-11-17,CORE,HAT,-42,-29,-7,30%
2025-11-17,CORE,SOCKS,72,43,16,40%
2025-11-17,CORE,TRACK JACKET,"4,625","2,976",898,36%
2025-11-17,CORE,TRACK PANT,"3,805","2,488",754,35%
2025-11-17,F21,HAT,76,40,12,47%
2025-11-17,F22,HAT,-48,-13,-8,72%
2025-11-17,F23,OUTERWEAR,175,35,40,80%
2025-11-17,F23,SHORTS,68,20,13,70%
2025-11-17,F23,TRACK PANT,333,82,63,75%
2025-11-17,F23,T-SHIRT,68,30,12,56%
2025-11-17,F24,ACCESSORIES,482,83,100,83%
2025-11-17,F24,CAMP SHIRT,285,54,61,81%
2025-11-17,F24,DRESS,"1,015",180,242,82%
2025-11-17,F24,HOODIE,"1,200",400,269,67%
2025-11-17,F24,JACKET,325,44,55,87%
2025-11-17,F24,LEGGINGS,660,126,126,81%
2025-11-17,F24,LONG SLEEVE KNIT,"1,446",313,303,78%
2025-11-17,F24,OUTERWEAR,675,133,138,80%
2025-11-17,F24,POLO,"1,144",455,334,60%
2025-11-17,F24,SHORTS,755,205,194,73%
2025-11-17,F24,SKIRT,266,72,68,73%
2025-11-17,F24,SPORT BRA,476,147,133,69%
2025-11-17,F24,SWEATPANTS,140,121,25,13%
2025-11-17,F24,SWEATSHIRT,190,35,47,81%
2025-11-17,F24,TRACK JACKET,895,344,211,62%
2025-11-17,F24,TRACK PANT,"2,400",652,527,73%
2025-11-17,F24,T-SHIRT,656,200,205,70%
2025-11-17,F25,CABANA SHIRT,540,322,128,40%
2025-11-17,F25,CREWNECK,125,100,24,20%
2025-11-17,F25,DRESS,125,67,27,47%
2025-11-17,F25,HAT,266,140,56,48%
2025-11-17,F25,HOODIE,"1,028",607,197,41%
2025-11-17,F25,KNITWEAR,720,345,208,52%
2025-11-17,F25,LONG SLEEVE KNIT,"1,215",673,243,45%
2025-11-17,F25,OUTERWEAR,775,438,168,43%
2025-11-17,F25,POLO,254,152,58,40%
2025-11-17,F25,PULLOVER,125,49,27,61%
2025-11-17,F25,SHORTS,802,540,184,33%
2025-11-17,F25,SWEATER,375,313,82,17%
2025-11-17,F25,SWEATPANTS,"1,169",680,230,42%
2025-11-17,F25,TRACK JACKET,"17,050","9,857","3,767",42%
2025-11-17,F25,TRACK PANT,"15,591","8,936","3,483",43%
2025-11-17,F25,T-SHIRT,904,560,175,38%
2025-11-17,S24,FOOTWEAR,543,323,148,41%
2025-11-17,S24,SHORTS,146,47,26,68%
2025-11-17,S24,TRACK JACKET,415,113,87,73%
2025-11-17,S24,TRACK PANT,400,38,72,91%
2025-11-17,S25,0,176,38,36,79%
2025-11-17,S25,ACCESSORIES,314,94,67,70%
2025-11-17,S25,ACTIVE JACKET,375,124,78,67%
2025-11-17,S25,BAG,285,112,158,61%
2025-11-17,S25,CABANA SHIRT,125,38,27,70%
2025-11-17,S25,CAMP SHIRT,352,123,60,65%
2025-11-17,S25,DRESS,500,112,98,78%
2025-11-17,S25,HOODIE,"1,388",584,291,58%
2025-11-17,S25,JACKET,0,7,0,#DIV/0!
2025-11-17,S25,LEGGINGS,584,126,114,78%
2025-11-17,S25,LONG SLEEVE KNIT,814,263,132,68%
2025-11-17,S25,PANTS,210,105,44,50%
2025-11-17,S25,POLO,"2,195",676,432,69%
2025-11-17,S25,PULLOVER,485,145,96,70%
2025-11-17,S25,SHOES,-170,-85,-41,50%
2025-11-17,S25,SHORTS,"3,820","1,023",796,73%
2025-11-17,S25,SKORT,264,93,57,65%
2025-11-17,S25,SOCKS,54,29,14,46%
2025-11-17,S25,SPORT BRA,136,42,33,69%
2025-11-17,S25,SWEATER,"2,465",974,566,61%
2025-11-17,S25,SWEATPANTS,872,355,162,59%
2025-11-17,S25,SWEATSHIRT,220,79,36,64%
2025-11-17,S25,TANK TOP,430,134,88,69%
2025-11-17,S25,TRACK JACKET,"33,305","11,064","6,622",67%
2025-11-17,S25,TRACK PANT,"22,138","7,433","4,448",66%
2025-11-17,S25,T-SHIRT,"4,590","1,322",788,71%
2025-11-17,S25,VISOR,38,11,7,70%
2025-11-17,S26,CREWNECK,165,99,29,40%
2025-11-17,S26,SWEATPANTS,130,78,37,40%
2025-11-18,CORE,HAT,42,25,7,40%
2025-11-18,CORE,SOCKS,180,130,40,28%
2025-11-18,CORE,TRACK JACKET,"4,840","2,706",962,44%
2025-11-18,CORE,TRACK PANT,"3,945","2,267",792,43%
2025-11-18,F21,HAT,152,55,24,64%
2025-11-18,F23,T-SHIRT,68,18,12,74%
2025-11-18,F24,ACCESSORIES,352,50,72,86%
2025-11-18,F24,CAMP SHIRT,285,54,61,81%
2025-11-18,F24,DRESS,485,72,130,85%
2025-11-18,F24,HOODIE,400,118,92,70%
2025-11-18,F24,JACKET,325,73,55,78%
2025-11-18,F24,LEGGINGS,"1,430",312,274,78%
2025-11-18,F24,LONG SLEEVE KNIT,"1,155",252,243,78%
2025-11-18,F24,OUTERWEAR,450,91,88,80%
2025-11-18,F24,POLO,567,207,203,63%
2025-11-18,F24,SHORTS,742,188,171,75%
2025-11-18,F24,SKIRT,88,24,39,73%
2025-11-18,F24,SPORT BRA,340,116,95,66%
2025-11-18,F24,SWEATPANTS,223,107,43,52%
2025-11-18,F24,TRACK JACKET,"1,995",539,425,73%
2025-11-18,F24,TRACK PANT,"1,330",379,266,72%
2025-11-18,F24,T-SHIRT,384,131,153,66%
2025-11-18,F25,CABANA SHIRT,270,152,64,44%
2025-11-18,F25,CONTOUR JACKET,0,0,0,#DIV/0!
2025-11-18,F25,CREWNECK,500,307,99,39%
2025-11-18,F25,CROP TOP,0,0,0,#DIV/0!
2025-11-18,F25,HAT,540,237,116,56%
2025-11-18,F25,HOODIE,"1,442",842,271,42%
2025-11-18,F25,KNITWEAR,815,447,245,45%
2025-11-18,F25,LEGGINGS,118,64,25,46%
2025-11-18,F25,LONG SLEEVE KNIT,888,508,174,43%
2025-11-18,F25,OUTERWEAR,"1,125",689,239,39%
2025-11-18,F25,POLO,391,182,86,53%
2025-11-18,F25,PULLOVER,375,203,81,46%
2025-11-18,F25,SHORTS,276,134,62,52%
2025-11-18,F25,SKIRT,78,37,19,52%
2025-11-18,F25,SKORT,0,0,0,#DIV/0!
2025-11-18,F25,SWEATER,723,404,161,44%
2025-11-18,F25,SWEATPANTS,"1,717","1,072",334,38%
2025-11-18,F25,TRACK JACKET,"20,120","11,816","4,387",41%
2025-11-18,F25,TRACK PANT,"17,793","10,064","3,923",43%
2025-11-18,F25,T-SHIRT,508,288,101,43%
2025-11-18,F25,VEST,98,53,26,46%
2025-11-18,S24,FOOTWEAR,720,399,178,45%
2025-11-18,S24,SHORTS,200,78,46,61%
2025-11-18,S24,TRACK JACKET,"1,120",422,260,62%
2025-11-18,S24,TRACK PANT,875,297,181,66%
2025-11-18,S25,0,147,43,26,71%
2025-11-18,S25,ACCESSORIES,136,54,26,60%
2025-11-18,S25,BAG,150,90,89,40%
2025-11-18,S25,CABANA SHIRT,323,118,67,64%
2025-11-18,S25,CAMP SHIRT,88,26,15,70%
2025-11-18,S25,DRESS,243,64,43,74%
2025-11-18,S25,HAT,-58,-21,-12,64%
2025-11-18,S25,HOODIE,"1,325",435,281,67%
2025-11-18,S25,JACKET,495,156,96,68%
2025-11-18,S25,LEGGINGS,534,126,108,76%
2025-11-18,S25,LONG SLEEVE KNIT,526,206,70,61%
2025-11-18,S25,PANTS,480,144,98,70%
2025-11-18,S25,POLO,"4,383","1,336",875,70%
2025-11-18,S25,PULLOVER,750,235,150,69%
2025-11-18,S25,SHORTS,"8,111","2,424","1,698",70%
2025-11-18,S25,SKORT,852,270,192,68%
2025-11-18,S25,SOCKS,18,11,4,37%
2025-11-18,S25,SPORT BRA,68,21,18,69%
2025-11-18,S25,SWEATER,"2,075",610,494,71%
2025-11-18,S25,SWEATPANTS,382,171,72,55%
2025-11-18,S25,SWEATSHIRT,550,168,90,69%
2025-11-18,S25,TANK TOP,280,107,62,62%
2025-11-18,S25,TRACK JACKET,"63,010","21,783","11,750",65%
2025-11-18,S25,TRACK PANT,"28,088","9,576","5,598",66%
2025-11-18,S25,T-SHIRT,"6,244","1,870","1,099",70%
2025-11-18,S25,VISOR,0,0,0,#DIV/0!
2025-11-19,CORE,ACCESSORIES,24,13,12,45%
2025-11-19,CORE,HAT,42,25,7,40%
2025-11-19,CORE,SOCKS,198,94,44,53%
2025-11-19,CORE,TRACK JACKET,"6,235","3,799","1,292",39%
2025-11-19,CORE,TRACK PANT,"4,410","2,517",942,43%
2025-11-19,F21,HAT,152,88,24,42%
2025-11-19,F22,HAT,-48,-9,-8,81%
2025-11-19,F23,POLO,156,54,28,65%
2025-11-19,F23,T-SHIRT,136,36,24,74%
2025-11-19,F24,ACCESSORIES,"1,358",238,284,82%
2025-11-19,F24,CAMP SHIRT,150,31,30,79%
2025-11-19,F24,HOODIE,"2,575",921,575,64%
2025-11-19,F24,LEGGINGS,330,77,63,77%
2025-11-19,F24,LONG SLEEVE KNIT,614,161,121,74%
2025-11-19,F24,OUTERWEAR,450,70,88,85%
2025-11-19,F24,POLO,"1,423",491,531,66%
2025-11-19,F24,SHORTS,"1,039",298,267,71%
2025-11-19,F24,SKIRT,88,21,16,76%
2025-11-19,F24,SPORT BRA,340,116,95,66%
2025-11-19,F24,SWEATPANTS,919,513,179,44%
2025-11-19,F24,TRACK JACKET,"3,435","1,129",837,67%
2025-11-19,F24,TRACK PANT,"4,755","1,201","1,086",75%
2025-11-19,F24,T-SHIRT,242,94,75,61%
2025-11-19,F25,CABANA SHIRT,810,510,192,37%
2025-11-19,F25,CREWNECK,841,494,160,41%
2025-11-19,F25,HAT,658,303,141,54%
2025-11-19,F25,HOODIE,"1,770","1,055",342,40%
2025-11-19,F25,KNITWEAR,935,568,259,39%
2025-11-19,F25,LONG SLEEVE KNIT,"1,392",689,264,50%
2025-11-19,F25,POLO,825,507,181,39%
2025-11-19,F25,PULLOVER,125,60,25,52%
2025-11-19,F25,SHORTS,"1,330",748,303,44%
2025-11-19,F25,SKORT,136,73,31,46%
2025-11-19,F25,SPORT BRA,48,35,8,28%
2025-11-19,F25,SWEATER,"1,000",665,220,34%
2025-11-19,F25,SWEATPANTS,"2,112","1,239",414,41%
2025-11-19,F25,TANK TOP,58,31,15,46%
2025-11-19,F25,TRACK JACKET,"26,480","15,239","5,829",42%
2025-11-19,F25,TRACK PANT,"23,937","13,767","5,302",42%
2025-11-19,F25,T-SHIRT,986,570,191,42%
2025-11-19,F25,VEST,110,59,24,46%
2025-11-19,S24,FOOTWEAR,280,168,82,40%
2025-11-19,S24,SHORTS,85,20,15,76%
2025-11-19,S24,SKIRT,68,33,9,51%
2025-11-19,S24,SPORT BRA,48,33,7,31%
2025-11-19,S24,TRACK JACKET,560,172,128,69%
2025-11-19,S24,TRACK PANT,500,229,106,54%
2025-11-19,S25,0,176,65,36,63%
2025-11-19,S25,ACCESSORIES,98,56,23,43%
2025-11-19,S25,CABANA SHIRT,348,139,78,60%
2025-11-19,S25,DRESS,368,72,68,80%
2025-11-19,S25,HAT,116,56,24,52%
2025-11-19,S25,HOODIE,500,203,104,60%
2025-11-19,S25,JACKET,330,59,64,82%
2025-11-19,S25,LEGGINGS,220,56,42,75%
2025-11-19,S25,LONG SLEEVE KNIT,838,314,110,62%
2025-11-19,S25,POLO,"5,934","1,725","1,158",71%
2025-11-19,S25,PULLOVER,830,283,163,66%
2025-11-19,S25,SHORTS,"7,306","2,064","1,526",72%
2025-11-19,S25,SKIRT,86,72,12,16%
2025-11-19,S25,SKORT,576,178,115,69%
2025-11-19,S25,SOCKS,54,26,13,51%
2025-11-19,S25,SPORT BRA,48,1,7,98%
2025-11-19,S25,SWEATER,"3,905","1,053",911,73%
2025-11-19,S25,SWEATPANTS,186,86,36,54%
2025-11-19,S25,SWEATSHIRT,880,277,144,69%
2025-11-19,S25,TANK TOP,348,124,68,64%
2025-11-19,S25,TRACK JACKET,"50,780","17,134","9,619",66%
2025-11-19,S25,TRACK PANT,"29,233","9,870","5,660",66%
2025-11-19,S25,T-SHIRT,"5,576","1,656",995,70%
2025-11-19,S25,VISOR,38,11,7,70%
2025-11-19,S26,CREWNECK,165,99,29,40%
2025-11-19,S26,T-SHIRT,65,39,18,40%
2025-11-20,CORE,ACCESSORIES,120,38,44,69%
2025-11-20,CORE,HAT,252,90,42,64%
2025-11-20,CORE,SOCKS,360,148,80,59%
2025-11-20,CORE,TRACK JACKET,"10,150","4,795","2,018",53%
2025-11-20,CORE,TRACK PANT,"7,060","3,083","1,420",56%
2025-11-20,F23,T-SHIRT,68,15,12,78%
2025-11-20,F24,0,145,73,53,50%
2025-11-20,F24,ACCESSORIES,"1,090",173,231,84%
2025-11-20,F24,CAMP SHIRT,300,78,60,74%
2025-11-20,F24,DRESS,745,100,198,87%
2025-11-20,F24,HOODIE,"1,650",581,364,65%
2025-11-20,F24,JACKET,325,37,55,89%
2025-11-20,F24,LEGGINGS,110,18,21,84%
2025-11-20,F24,LONG SLEEVE KNIT,"2,845",588,627,79%
2025-11-20,F24,OUTERWEAR,675,111,126,84%
2025-11-20,F24,POLO,"1,633",440,579,73%
2025-11-20,F24,SHORTS,786,204,194,74%
2025-11-20,F24,SKIRT,89,20,26,78%
2025-11-20,F24,SPORT BRA,68,18,19,74%
2025-11-20,F24,SWEATPANTS,598,327,118,45%
2025-11-20,F24,SWEATSHIRT,190,30,47,84%
2025-11-20,F24,TRACK JACKET,"9,770","2,665","2,369",73%
2025-11-20,F24,TRACK PANT,"9,630","2,513","2,112",74%
2025-11-20,F24,T-SHIRT,952,230,238,76%
2025-11-20,F25,CABANA SHIRT,810,425,191,48%
2025-11-20,F25,CONTOUR JACKET,135,61,29,55%
2025-11-20,F25,CREWNECK,"1,103",436,206,60%
2025-11-20,F25,CROP TOP,234,101,54,57%
2025-11-20,F25,DRESS,125,56,27,55%
2025-11-20,F25,HAT,"1,604",505,338,69%
2025-11-20,F25,HOODIE,"4,812","2,483",912,48%
2025-11-20,F25,KNITWEAR,"1,020",520,265,49%
2025-11-20,F25,LEGGINGS,118,118,25,0%
2025-11-20,F25,LONG SLEEVE KNIT,"1,548",821,288,47%
2025-11-20,F25,OUTERWEAR,"1,450",754,305,48%
2025-11-20,F25,POLO,731,429,167,41%
2025-11-20,F25,PULLOVER,125,50,25,60%
2025-11-20,F25,SHORTS,818,395,189,52%
2025-11-20,F25,SKIRT,78,31,19,60%
2025-11-20,F25,SKORT,400,180,97,55%
2025-11-20,F25,SOCKS,18,12,4,33%
2025-11-20,F25,SWEATER,"2,225","1,373",486,38%
2025-11-20,F25,SWEATPANTS,"4,156","2,157",813,48%
2025-11-20,F25,TRACK JACKET,"33,926","16,394","7,454",52%
2025-11-20,F25,TRACK PANT,"29,625","13,945","6,593",53%
2025-11-20,F25,T-SHIRT,730,367,147,50%
2025-11-20,F25,VEST,110,50,24,55%
2025-11-20,S24,FOOTWEAR,941,307,297,67%
2025-11-20,S24,SHORTS,200,39,46,81%
2025-11-20,S24,TRACK JACKET,420,122,94,71%
2025-11-20,S24,TRACK PANT,125,34,24,73%
2025-11-20,S25,0,352,63,72,82%
2025-11-20,S25,ACCESSORIES,658,187,142,72%
2025-11-20,S25,ACTIVE JACKET,125,28,26,78%
2025-11-20,S25,BAG,220,45,100,80%
2025-11-20,S25,CABANA SHIRT,"1,341",400,298,70%
2025-11-20,S25,CAMP SHIRT,264,66,45,75%
2025-11-20,S25,DRESS,735,101,146,86%
2025-11-20,S25,HAT,232,65,48,72%
2025-11-20,S25,HOODIE,"1,838",533,390,71%
2025-11-20,S25,JACKET,330,74,64,78%
2025-11-20,S25,LEGGINGS,"1,270",248,247,81%
2025-11-20,S25,LONG SLEEVE KNIT,"1,099",348,156,68%
2025-11-20,S25,PANTS,"1,260",315,264,75%
2025-11-20,S25,POLO,"3,770",932,768,75%
2025-11-20,S25,PULLOVER,595,155,117,74%
2025-11-20,S25,SHORTS,"8,596","1,995","1,790",77%
2025-11-20,S25,SKIRT,166,60,23,64%
2025-11-20,S25,SKORT,470,114,105,76%
2025-11-20,S25,SOCKS,108,48,24,56%
2025-11-20,S25,SPORT BRA,204,53,51,74%
2025-11-20,S25,SWEATER,"4,775","1,199","1,129",75%
2025-11-20,S25,SWEATPANTS,196,21,36,90%
2025-11-20,S25,SWEATSHIRT,990,258,162,74%
2025-11-20,S25,TANK TOP,602,143,120,76%
2025-11-20,S25,TRACK JACKET,"54,580","15,924","10,568",71%
2025-11-20,S25,TRACK PANT,"31,994","8,998","6,295",72%
2025-11-20,S25,T-SHIRT,"6,292","1,361","1,094",78%
2025-11-20,S25,VISOR,38,9,7,76%
2025-11-20,S26,BOMBER JACKET,260,130,97,50%
2025-11-21,CORE,ACCESSORIES,84,30,32,64%
2025-11-21,CORE,HAT,420,150,71,64%
2025-11-21,CORE,SOCKS,720,246,160,66%
2025-11-21,CORE,TRACK JACKET,"12,995","6,492","2,596",50%
2025-11-21,CORE,TRACK PANT,"9,455","4,637","1,905",51%
2025-11-21,F23,POLO,78,23,14,71%
2025-11-21,F23,SHORTS,68,17,13,75%
2025-11-21,F24,ACCESSORIES,"2,540",320,534,87%
2025-11-21,F24,CAMP SHIRT,300,52,60,83%
2025-11-21,F24,DRESS,"2,020",240,617,88%
2025-11-21,F24,HOODIE,"1,950",746,421,62%
2025-11-21,F24,JACKET,325,37,55,89%
2025-11-21,F24,LEGGINGS,"1,650",255,315,85%
2025-11-21,F24,LONG SLEEVE KNIT,"3,097",574,639,81%
2025-11-21,F24,OUTERWEAR,900,106,152,88%
2025-11-21,F24,POLO,"3,082",726,"1,128",76%
2025-11-21,F24,SHORTS,"2,256",518,607,77%
2025-11-21,F24,SKIRT,970,239,242,75%
2025-11-21,F24,SPORT BRA,748,188,209,75%
2025-11-21,F24,SWEATPANTS,"1,588",686,308,57%
2025-11-21,F24,SWEATSHIRT,315,64,73,80%
2025-11-21,F24,TRACK JACKET,"15,625","4,167","3,814",73%
2025-11-21,F24,TRACK PANT,"12,950","3,375","2,894",74%
2025-11-21,F24,T-SHIRT,"1,632",410,476,75%
2025-11-21,F25,CABANA SHIRT,"1,080",547,255,49%
2025-11-21,F25,CREWNECK,"1,781",811,340,54%
2025-11-21,F25,CROP TOP,156,105,36,33%
2025-11-21,F25,DRESS,375,169,84,55%
2025-11-21,F25,HAT,916,266,193,71%
2025-11-21,F25,HOODIE,"6,432","3,196","1,225",50%
2025-11-21,F25,KNITWEAR,"2,325","1,046",656,55%
2025-11-21,F25,LONG SLEEVE KNIT,"3,729","1,800",717,52%
2025-11-21,F25,OUTERWEAR,"3,025","1,361",656,55%
2025-11-21,F25,POLO,"1,414",658,329,53%
2025-11-21,F25,PULLOVER,875,375,183,57%
2025-11-21,F25,SHORTS,"1,878",853,436,55%
2025-11-21,F25,SKIRT,390,164,92,58%
2025-11-21,F25,SKORT,496,223,106,55%
2025-11-21,F25,SOCKS,108,42,24,61%
2025-11-21,F25,SWEATER,"2,431","1,341",531,45%
2025-11-21,F25,SWEATPANTS,"5,971","3,017","1,172",49%
2025-11-21,F25,TANK TOP,58,26,15,55%
2025-11-21,F25,TRACK JACKET,"64,879","30,898","14,221",52%
2025-11-21,F25,TRACK PANT,"55,204","26,590","12,156",52%
2025-11-21,F25,T-SHIRT,"1,668",784,343,53%
2025-11-21,S24,FOOTWEAR,"1,042",352,254,66%
2025-11-21,S24,SHORTS,291,91,60,69%
2025-11-21,S24,TRACK JACKET,"1,115",341,245,69%
2025-11-21,S24,TRACK PANT,625,211,125,66%
2025-11-21,S25,0,176,25,36,86%
2025-11-21,S25,ACCESSORIES,824,224,178,73%
2025-11-21,S25,ACTIVE JACKET,"1,125",288,234,74%
2025-11-21,S25,BAG,220,45,100,80%
2025-11-21,S25,CABANA SHIRT,380,95,85,75%
2025-11-21,S25,CAMP SHIRT,528,154,90,71%
2025-11-21,S25,DRESS,"2,081",376,401,82%
2025-11-21,S25,HAT,174,75,36,57%
2025-11-21,S25,HOODIE,"1,625",515,346,68%
2025-11-21,S25,JACKET,"1,485",408,288,72%
2025-11-21,S25,LEGGINGS,"2,146",390,397,82%
2025-11-21,S25,LONG SLEEVE KNIT,"1,893",539,288,72%
2025-11-21,S25,POLO,"7,926","1,993","1,575",75%
2025-11-21,S25,PULLOVER,"2,485",515,496,79%
2025-11-21,S25,SHORTS,"13,911","3,353","2,923",76%
2025-11-21,S25,SKIRT,390,105,64,73%
2025-11-21,S25,SKORT,"1,556",433,341,72%
2025-11-21,S25,SOCKS,126,45,30,65%
2025-11-21,S25,SWEATER,"3,975",832,931,79%
2025-11-21,S25,SWEATPANTS,294,105,54,64%
2025-11-21,S25,SWEATSHIRT,550,74,90,87%
2025-11-21,S25,TANK TOP,"2,142",512,412,76%
2025-11-21,S25,TRACK JACKET,"78,915","21,276","15,694",73%
2025-11-21,S25,TRACK PANT,"49,493","13,393","9,890",73%
2025-11-21,S25,T-SHIRT,"13,792","3,259","2,407",76%
2025-11-21,S25,VISOR,114,27,21,76%
2025-11-21,S26,ACCESSORIES,130,33,60,75%
2025-11-21,S26,BOMBER JACKET,260,130,97,50%
2025-11-21,S26,CREWNECK,165,83,29,50%
2025-11-21,S26,HAT,170,44,72,74%
2025-11-21,S26,SWEATPANTS,130,65,37,50%
2025-11-21,SS22,T-SHIRT,92,27,24,71%
2025-11-22,CORE,ACCESSORIES,90,35,33,61%
2025-11-22,CORE,HAT,336,162,57,52%
2025-11-22,CORE,SOCKS,720,252,160,65%
2025-11-22,CORE,TRACK JACKET,"9,615","4,772","1,944",50%
2025-11-22,CORE,TRACK PANT,"7,185","3,693","1,449",49%
2025-11-22,F23,SHORTS,136,34,26,75%
2025-11-22,F24,ACCESSORIES,520,100,112,81%
2025-11-22,F24,CAMP SHIRT,135,19,31,86%
2025-11-22,F24,DRESS,435,60,111,86%
2025-11-22,F24,HOODIE,"1,250",437,272,65%
2025-11-22,F24,LEGGINGS,880,130,168,85%
2025-11-22,F24,LONG SLEEVE KNIT,"1,048",217,220,79%
2025-11-22,F24,OUTERWEAR,225,63,50,72%
2025-11-22,F24,POLO,"1,716",475,584,72%
2025-11-22,F24,SHORTS,"1,313",313,350,76%
2025-11-22,F24,SKIRT,176,35,32,80%
2025-11-22,F24,SPORT BRA,680,200,190,71%
2025-11-22,F24,SWEATPANTS,720,291,150,60%
2025-11-22,F24,TRACK JACKET,"9,900","2,635","2,363",73%
2025-11-22,F24,TRACK PANT,"7,210","1,878","1,595",74%
2025-11-22,F24,T-SHIRT,940,200,237,79%
2025-11-22,F25,CABANA SHIRT,"1,620",778,382,52%
2025-11-22,F25,CREWNECK,"1,115",558,212,50%
2025-11-22,F25,DRESS,250,169,57,33%
2025-11-22,F25,HAT,878,317,185,64%
2025-11-22,F25,HOODIE,"3,642","1,910",686,48%
2025-11-22,F25,KNITWEAR,"1,940",893,524,54%
2025-11-22,F25,LONG SLEEVE KNIT,"2,067",991,399,52%
2025-11-22,F25,OUTERWEAR,450,203,94,55%
2025-11-22,F25,POLO,"1,832",800,413,56%
2025-11-22,F25,PULLOVER,500,219,106,56%
2025-11-22,F25,SHORTS,"2,174","1,040",499,52%
2025-11-22,F25,SKIRT,78,62,19,20%
2025-11-22,F25,SKORT,88,40,22,55%
2025-11-22,F25,SOCKS,180,60,40,67%
2025-11-22,F25,SPORT BRA,48,19,8,60%
2025-11-22,F25,SWEATER,"2,392","1,365",526,43%
2025-11-22,F25,SWEATPANTS,"2,639","1,346",520,49%
2025-11-22,F25,TANK TOP,58,26,15,55%
2025-11-22,F25,TRACK JACKET,"41,497","20,100","8,992",52%
2025-11-22,F25,TRACK PANT,"35,722","17,148","7,802",52%
2025-11-22,F25,T-SHIRT,982,435,203,56%
2025-11-22,F25,VEST,110,50,24,55%
2025-11-22,S23,SHORTS,125,30,33,76%
2025-11-22,S24,FOOTWEAR,"1,555",801,419,48%
2025-11-22,S24,TRACK JACKET,700,240,158,66%
2025-11-22,S24,TRACK PANT,500,108,96,79%
2025-11-22,S25,0,264,50,53,81%
2025-11-22,S25,ACCESSORIES,442,118,98,73%
2025-11-22,S25,ACTIVE JACKET,250,56,52,77%
2025-11-22,S25,BAG,150,45,89,70%
2025-11-22,S25,CABANA SHIRT,520,143,116,73%
2025-11-22,S25,CAMP SHIRT,264,66,45,75%
2025-11-22,S25,DRESS,750,120,146,84%
2025-11-22,S25,HAT,58,20,12,66%
2025-11-22,S25,HOODIE,"1,475",486,314,67%
2025-11-22,S25,LEGGINGS,794,118,144,85%
2025-11-22,S25,LONG SLEEVE KNIT,943,268,136,72%
2025-11-22,S25,PANTS,420,105,88,75%
2025-11-22,S25,POLO,"5,501","1,393","1,063",75%
2025-11-22,S25,PULLOVER,"2,190",466,434,79%
2025-11-22,S25,SHOES,170,45,41,74%
2025-11-22,S25,SHORTS,"10,598","2,608","2,187",75%
2025-11-22,S25,SKIRT,234,92,33,61%
2025-11-22,S25,SKORT,832,214,183,74%
2025-11-22,S25,SOCKS,18,9,4,53%
2025-11-22,S25,SWEATER,"4,310",873,"1,019",80%
2025-11-22,S25,SWEATPANTS,578,196,108,66%
2025-11-22,S25,SWEATSHIRT,550,149,90,73%
2025-11-22,S25,TANK TOP,620,163,115,74%
2025-11-22,S25,TRACK JACKET,"48,265","13,544","9,364",72%
2025-11-22,S25,TRACK PANT,"31,814","9,094","6,206",71%
2025-11-22,S25,T-SHIRT,"9,056","2,317","1,581",74%
2025-11-22,S25,VISOR,190,45,35,76%
2025-11-22,S26,HAT,170,42,74,75%
2025-11-22,S26,SWEATPANTS,130,65,37,50%
2025-11-22,S26,T-SHIRT,65,33,18,50%
2025-11-22,SS22,T-SHIRT,46,9,12,80%
2025-11-23,CORE,ACCESSORIES,18,5,5,72%
2025-11-23,CORE,HAT,252,105,42,58%
2025-11-23,CORE,SOCKS,396,156,88,61%
2025-11-23,CORE,TRACK JACKET,"11,585","6,028","2,314",48%
2025-11-23,CORE,TRACK PANT,"8,765","4,558","1,780",48%
2025-11-23,F22,TANK TOP,50,11,10,79%
2025-11-23,F24,0,290,145,106,50%
2025-11-23,F24,ACCESSORIES,524,95,110,82%
2025-11-23,F24,CAMP SHIRT,450,78,90,83%
2025-11-23,F24,DRESS,"1,560",260,473,83%
2025-11-23,F24,HOODIE,"1,700",671,358,61%
2025-11-23,F24,JACKET,325,66,55,80%
2025-11-23,F24,LEGGINGS,660,105,127,84%
2025-11-23,F24,LONG SLEEVE KNIT,"2,158",450,456,79%
2025-11-23,F24,OUTERWEAR,"1,350",184,288,86%
2025-11-23,F24,POLO,"1,133",270,379,76%
2025-11-23,F24,SHORTS,"1,944",399,509,79%
2025-11-23,F24,SKIRT,177,38,42,79%
2025-11-23,F24,SPORT BRA,204,53,57,74%
2025-11-23,F24,SWEATPANTS,"1,318",549,268,58%
2025-11-23,F24,SWEATSHIRT,375,104,78,72%
2025-11-23,F24,TRACK JACKET,"13,065","3,231","3,135",75%
2025-11-23,F24,TRACK PANT,"9,785","2,505","2,212",74%
2025-11-23,F24,T-SHIRT,"1,034",264,328,74%
2025-11-23,F25,CABANA SHIRT,675,304,159,55%
2025-11-23,F25,CREWNECK,724,350,139,52%
2025-11-23,F25,DRESS,125,56,30,55%
2025-11-23,F25,HAT,"1,536",502,323,67%
2025-11-23,F25,HOODIE,"3,378","1,621",641,52%
2025-11-23,F25,KNITWEAR,"1,775",799,493,55%
2025-11-23,F25,LONG SLEEVE KNIT,"2,337","1,183",453,49%
2025-11-23,F25,OUTERWEAR,"2,675","1,204",582,55%
2025-11-23,F25,POLO,"1,551",846,354,45%
2025-11-23,F25,PULLOVER,500,213,104,58%
2025-11-23,F25,SHORTS,"1,564",749,358,52%
2025-11-23,F25,SKIRT,156,70,34,55%
2025-11-23,F25,SOCKS,18,6,4,67%
2025-11-23,F25,SWEATER,848,462,187,46%
2025-11-23,F25,SWEATPANTS,"2,433","1,328",482,45%
2025-11-23,F25,TANK TOP,156,62,40,60%
2025-11-23,F25,TRACK JACKET,"40,703","19,802","8,912",51%
2025-11-23,F25,TRACK PANT,"33,722","16,215","7,427",52%
2025-11-23,F25,T-SHIRT,786,386,164,51%
2025-11-23,F25,VEST,110,50,24,55%
2025-11-23,S24,FOOTWEAR,"1,521",592,387,61%
2025-11-23,S24,SHORTS,203,46,38,77%
2025-11-23,S24,TRACK JACKET,420,106,86,75%
2025-11-23,S24,TRACK PANT,500,170,96,66%
2025-11-23,S25,0,264,50,54,81%
2025-11-23,S25,ACCESSORIES,216,89,46,59%
2025-11-23,S25,ACTIVE JACKET,625,169,130,73%
2025-11-23,S25,BAG,350,180,216,49%
2025-11-23,S25,CABANA SHIRT,"1,025",275,230,73%
2025-11-23,S25,CAMP SHIRT,352,146,60,59%
2025-11-23,S25,DRESS,963,160,183,83%
2025-11-23,S25,HOODIE,"1,600",444,349,72%
2025-11-23,S25,JACKET,330,74,64,78%
2025-11-23,S25,LEGGINGS,"1,554",278,286,82%
2025-11-23,S25,LONG SLEEVE KNIT,"1,286",462,170,64%
2025-11-23,S25,PANTS,765,191,159,75%
2025-11-23,S25,POLO,"6,960","1,962","1,330",72%
2025-11-23,S25,PULLOVER,485,128,96,74%
2025-11-23,S25,SHOES,170,45,41,74%
2025-11-23,S25,SHORTS,"11,836","2,921","2,472",75%
2025-11-23,S25,SKIRT,156,45,31,71%
2025-11-23,S25,SKORT,822,215,180,74%
2025-11-23,S25,SOCKS,126,69,29,46%
2025-11-23,S25,SWEATER,"3,500",910,812,74%
2025-11-23,S25,SWEATPANTS,284,88,54,69%
2025-11-23,S25,SWEATSHIRT,"1,100",396,180,64%
2025-11-23,S25,TANK TOP,594,161,117,73%
2025-11-23,S25,TRACK JACKET,"53,195","14,590","10,260",73%
2025-11-23,S25,TRACK PANT,"31,077","8,794","6,147",72%
2025-11-23,S25,T-SHIRT,"10,820","2,558","1,860",76%
2025-11-23,S25,VISOR,114,45,21,61%
2025-11-23,S26,CREWNECK,165,99,29,40%
2025-11-23,S26,T-SHIRT,130,98,36,25%
2025-11-24,CORE,ACCESSORIES,36,16,18,56%
2025-11-24,CORE,HAT,126,60,21,52%
2025-11-24,CORE,SOCKS,252,85,56,66%
2025-11-24,CORE,TRACK JACKET,"15,260","7,680","2,962",50%
2025-11-24,CORE,TRACK PANT,"11,105","5,275","2,161",52%
2025-11-24,F23,T-SHIRT,68,15,12,78%
2025-11-24,F24,0,290,145,106,50%
2025-11-24,F24,ACCESSORIES,260,50,56,81%
2025-11-24,F24,CAMP SHIRT,135,19,31,86%
2025-11-24,F24,DRESS,500,160,140,68%
2025-11-24,F24,HOODIE,"2,650",943,571,64%
2025-11-24,F24,JACKET,325,73,55,78%
2025-11-24,F24,LEGGINGS,550,85,105,85%
2025-11-24,F24,LONG SLEEVE KNIT,"2,105",395,426,81%
2025-11-24,F24,OUTERWEAR,675,90,138,87%
2025-11-24,F24,POLO,"1,443",358,481,75%
2025-11-24,F24,SHORTS,991,269,253,73%
2025-11-24,F24,SKIRT,"2,397",530,640,78%
2025-11-24,F24,SPORT BRA,272,70,76,74%
2025-11-24,F24,SWEATPANTS,"1,642",716,322,56%
2025-11-24,F24,SWEATSHIRT,375,138,78,63%
2025-11-24,F24,TRACK JACKET,"9,325","2,529","2,240",73%
2025-11-24,F24,TRACK PANT,"7,580","1,799","1,712",76%
2025-11-24,F24,T-SHIRT,874,165,229,81%
2025-11-24,F25,CABANA SHIRT,"1,215",547,287,55%
2025-11-24,F25,CREWNECK,534,290,102,46%
2025-11-24,F25,HAT,658,205,141,69%
2025-11-24,F25,HOODIE,"4,422","2,154",836,51%
2025-11-24,F25,KNITWEAR,"3,635","1,636",998,55%
2025-11-24,F25,LONG SLEEVE KNIT,"3,402","1,723",648,49%
2025-11-24,F25,OUTERWEAR,"2,900","1,710",622,41%
2025-11-24,F25,POLO,"1,688",819,371,51%
2025-11-24,F25,PULLOVER,625,275,133,56%
2025-11-24,F25,SHORTS,"1,604",722,372,55%
2025-11-24,F25,SKIRT,156,70,34,55%
2025-11-24,F25,SWEATER,"2,654","1,332",582,50%
2025-11-24,F25,SWEATPANTS,"3,386","1,753",663,48%
2025-11-24,F25,TRACK JACKET,"52,230","25,177","11,418",52%
2025-11-24,F25,TRACK PANT,"44,316","21,459","9,800",52%
2025-11-24,F25,T-SHIRT,562,232,111,59%
2025-11-24,S24,FOOTWEAR,737,324,193,56%
2025-11-24,S24,SHORTS,74,24,17,68%
2025-11-24,S24,SPORT BRA,64,19,15,71%
2025-11-24,S24,TRACK JACKET,275,81,64,71%
2025-11-24,S24,TRACK PANT,150,5,19,97%
2025-11-24,S25,0,176,25,36,86%
2025-11-24,S25,ACCESSORIES,688,232,152,66%
2025-11-24,S25,ACTIVE JACKET,625,141,130,77%
2025-11-24,S25,BAG,-175,-90,-108,49%
2025-11-24,S25,CABANA SHIRT,963,253,209,74%
2025-11-24,S25,CAMP SHIRT,88,22,15,75%
2025-11-24,S25,DRESS,"1,191",200,228,83%
2025-11-24,S25,HAT,58,20,12,66%
2025-11-24,S25,HOODIE,"1,425",489,309,66%
2025-11-24,S25,JACKET,660,178,128,73%
2025-11-24,S25,LEGGINGS,"2,682",495,528,82%
2025-11-24,S25,LONG SLEEVE KNIT,"4,243","1,076",746,75%
2025-11-24,S25,PANTS,345,86,71,75%
2025-11-24,S25,POLO,"9,568","2,511","1,671",74%
2025-11-24,S25,PULLOVER,735,153,146,79%
2025-11-24,S25,SHORTS,"15,205","3,802","3,061",75%
2025-11-24,S25,SKIRT,156,45,31,71%
2025-11-24,S25,SKORT,"1,154",329,245,71%
2025-11-24,S25,SOCKS,0,-4,0,#DIV/0!
2025-11-24,S25,SPORT BRA,68,15,17,78%
2025-11-24,S25,SWEATER,"3,590",817,863,77%
2025-11-24,S25,SWEATPANTS,294,120,54,59%
2025-11-24,S25,SWEATSHIRT,660,124,108,81%
2025-11-24,S25,TANK TOP,"2,244",485,411,78%
2025-11-24,S25,TRACK JACKET,"59,380","15,994","11,367",73%
2025-11-24,S25,TRACK PANT,"30,517","7,815","6,022",74%
2025-11-24,S25,T-SHIRT,"10,162","2,507","1,775",75%
2025-11-24,S26,BOMBER JACKET,260,130,97,50%
2025-11-25,CORE,ACCESSORIES,66,33,29,50%
2025-11-25,CORE,HAT,420,156,70,63%
2025-11-25,CORE,SOCKS,612,223,138,64%
2025-11-25,CORE,TRACK JACKET,"18,380","9,269","3,694",50%
2025-11-25,CORE,TRACK PANT,"14,055","7,023","2,859",50%
2025-11-25,F23,OUTERWEAR,175,30,40,83%
2025-11-25,F23,SHORTS,68,17,13,75%
2025-11-25,F23,TRACK PANT,110,30,23,73%
2025-11-25,F24,0,145,0,53,100%
2025-11-25,F24,ACCESSORIES,910,185,196,80%
2025-11-25,F24,CAMP SHIRT,600,104,120,83%
2025-11-25,F24,DRESS,"1,285",180,406,86%
2025-11-25,F24,HOODIE,"2,450","1,035",503,58%
2025-11-25,F24,JACKET,650,110,110,83%
2025-11-25,F24,LEGGINGS,550,88,105,84%
2025-11-25,F24,LONG SLEEVE KNIT,"1,499",301,310,80%
2025-11-25,F24,OUTERWEAR,450,58,88,87%
2025-11-25,F24,POLO,"1,098",355,430,68%
2025-11-25,F24,SHORTS,"1,384",218,300,84%
2025-11-25,F24,SKIRT,"1,062",235,320,78%
2025-11-25,F24,SPORT BRA,272,70,76,74%
2025-11-25,F24,SWEATPANTS,"2,485","1,090",500,56%
2025-11-25,F24,SWEATSHIRT,"1,320",360,296,73%
2025-11-25,F24,TRACK JACKET,"12,815","3,415","3,155",73%
2025-11-25,F24,TRACK PANT,"11,390","2,966","2,486",74%
2025-11-25,F24,T-SHIRT,"1,268",300,329,76%
2025-11-25,F25,CABANA SHIRT,945,425,222,55%
2025-11-25,F25,CREWNECK,"2,026",872,393,57%
2025-11-25,F25,CROP TOP,68,27,16,60%
2025-11-25,F25,HAT,"1,414",433,299,69%
2025-11-25,F25,HOODIE,"4,406","2,133",837,52%
2025-11-25,F25,KNITWEAR,"2,500","1,186",770,53%
2025-11-25,F25,LEGGINGS,-118,-118,-25,0%
2025-11-25,F25,LONG SLEEVE KNIT,"2,010",905,384,55%
2025-11-25,F25,OUTERWEAR,"1,575",810,341,49%
2025-11-25,F25,POLO,"1,068",583,247,45%
2025-11-25,F25,PULLOVER,"1,375",606,292,56%
2025-11-25,F25,SHORTS,"2,244","1,028",530,54%
2025-11-25,F25,SKIRT,-78,-39,-15,50%
2025-11-25,F25,SKORT,58,26,10,55%
2025-11-25,F25,SOCKS,36,12,8,67%
2025-11-25,F25,SPORT BRA,48,19,8,60%
2025-11-25,F25,SWEATER,"2,588","1,343",573,48%
2025-11-25,F25,SWEATPANTS,"4,617","2,259",898,51%
2025-11-25,F25,TANK TOP,78,31,20,60%
2025-11-25,F25,TRACK JACKET,"53,937","26,315","11,769",51%
2025-11-25,F25,TRACK PANT,"45,130","21,641","9,941",52%
2025-11-25,F25,T-SHIRT,"1,300",672,272,48%
2025-11-25,S23,TRACK PANT,170,65,32,62%
2025-11-25,S24,FOOTWEAR,494,146,101,70%
2025-11-25,S24,SHORTS,85,17,15,80%
2025-11-25,S24,SPORT BRA,48,17,7,66%
2025-11-25,S24,TRACK JACKET,700,219,166,69%
2025-11-25,S24,TRACK PANT,650,159,119,76%
2025-11-25,S25,0,412,107,68,74%
2025-11-25,S25,ACCESSORIES,304,102,65,67%
2025-11-25,S25,ACTIVE JACKET,500,135,104,73%
2025-11-25,S25,BAG,150,90,89,40%
2025-11-25,S25,CABANA SHIRT,"1,091",359,245,67%
2025-11-25,S25,CAMP SHIRT,264,66,45,75%
2025-11-25,S25,DRESS,"1,976",360,388,82%
2025-11-25,S25,HAT,116,60,24,48%
2025-11-25,S25,HOODIE,"1,700",443,368,74%
2025-11-25,S25,JACKET,495,111,96,77%
2025-11-25,S25,LEGGINGS,"2,520",414,471,84%
2025-11-25,S25,LONG SLEEVE KNIT,"2,261",654,349,71%
2025-11-25,S25,PANTS,"4,830",730,"1,012",85%
2025-11-25,S25,POLO,"6,052","1,617","1,147",73%
2025-11-25,S25,PULLOVER,"1,080",283,213,74%
2025-11-25,S25,SHOES,340,90,82,74%
2025-11-25,S25,SHORTS,"10,567","2,726","2,226",74%
2025-11-25,S25,SKIRT,332,80,54,76%
2025-11-25,S25,SKORT,842,215,186,74%
2025-11-25,S25,SOCKS,36,15,9,60%
2025-11-25,S25,SPORT BRA,68,15,17,78%
2025-11-25,S25,SWEATER,"2,940",691,687,76%
2025-11-25,S25,SWEATPANTS,294,83,54,72%
2025-11-25,S25,SWEATSHIRT,"1,540",495,253,68%
2025-11-25,S25,TANK TOP,"1,516",344,281,77%
2025-11-25,S25,TRACK JACKET,"72,500","19,629","13,912",73%
2025-11-25,S25,TRACK PANT,"32,490","8,763","6,426",73%
2025-11-25,S25,T-SHIRT,"11,240","3,024","1,919",73%
2025-11-25,S25,VISOR,76,18,14,76%
2025-11-25,S26,HAT,85,22,36,74%
2025-11-26,CORE,ACCESSORIES,48,15,16,69%
2025-11-26,CORE,HAT,126,45,21,64%
2025-11-26,CORE,SOCKS,36,18,6,50%
2025-11-26,CORE,TRACK JACKET,"18,140","9,662","3,616",47%
2025-11-26,CORE,TRACK PANT,"12,880","6,418","2,633",50%
2025-11-26,F23,OUTERWEAR,175,30,40,83%
2025-11-26,F24,ACCESSORIES,520,120,112,77%
2025-11-26,F24,DRESS,"1,160",220,324,81%
2025-11-26,F24,HOODIE,"2,450",731,547,70%
2025-11-26,F24,JACKET,325,73,55,78%
2025-11-26,F24,LEGGINGS,880,140,168,84%
2025-11-26,F24,LONG SLEEVE KNIT,"2,586",339,532,87%
2025-11-26,F24,OUTERWEAR,450,58,88,87%
2025-11-26,F24,POLO,"1,441",356,498,75%
2025-11-26,F24,SHORTS,"1,776",501,513,72%
2025-11-26,F24,SKIRT,599,138,179,77%
2025-11-26,F24,SPORT BRA,408,105,114,74%
2025-11-26,F24,SWEATPANTS,"1,541",590,311,62%
2025-11-26,F24,SWEATSHIRT,505,123,120,76%
2025-11-26,F24,TRACK JACKET,"10,195","3,029","2,494",70%
2025-11-26,F24,TRACK PANT,"12,495","3,125","2,761",75%
2025-11-26,F24,T-SHIRT,"1,660",440,540,73%
2025-11-26,F25,CABANA SHIRT,"1,080",425,256,61%
2025-11-26,F25,CREWNECK,"1,449",652,280,55%
2025-11-26,F25,CROP TOP,146,62,34,57%
2025-11-26,F25,DRESS,250,113,54,55%
2025-11-26,F25,HAT,810,282,173,65%
2025-11-26,F25,HOODIE,"5,644","2,779","1,074",51%
2025-11-26,F25,KNITWEAR,"2,190","1,066",625,51%
2025-11-26,F25,LEGGINGS,220,99,48,55%
2025-11-26,F25,LONG SLEEVE KNIT,"3,381","1,605",651,53%
2025-11-26,F25,OUTERWEAR,"1,575",709,341,55%
2025-11-26,F25,POLO,"2,154","1,035",485,52%
2025-11-26,F25,PULLOVER,250,33,50,87%
2025-11-26,F25,SHORTS,"1,930",765,443,60%
2025-11-26,F25,SKORT,30,-13,12,142%
2025-11-26,F25,SPORT BRA,280,119,61,58%
2025-11-26,F25,SWEATER,"2,154",947,471,56%
2025-11-26,F25,SWEATPANTS,"3,991","1,890",779,53%
2025-11-26,F25,TANK TOP,58,26,15,55%
2025-11-26,F25,TRACK JACKET,"47,626","22,701","10,361",52%
2025-11-26,F25,TRACK PANT,"39,681","18,539","8,716",53%
2025-11-26,F25,T-SHIRT,"1,046",508,223,51%
2025-11-26,F25,VEST,110,50,24,55%
2025-11-26,S24,DRESS,88,20,19,77%
2025-11-26,S24,FOOTWEAR,516,199,122,61%
2025-11-26,S24,OUTERWEAR,150,37,28,76%
2025-11-26,S24,SHORTS,256,50,50,81%
2025-11-26,S24,SKORT,88,20,19,77%
2025-11-26,S24,SPORT BRA,78,15,16,81%
2025-11-26,S24,TANK TOP,164,41,29,75%
2025-11-26,S24,TRACK JACKET,835,257,179,69%
2025-11-26,S24,TRACK PANT,730,150,158,79%
2025-11-26,S25,0,470,97,88,79%
2025-11-26,S25,ACCESSORIES,334,139,71,59%
2025-11-26,S25,ACTIVE JACKET,250,56,52,78%
2025-11-26,S25,BAG,260,68,139,74%
2025-11-26,S25,CABANA SHIRT,520,176,116,66%
2025-11-26,S25,CAMP SHIRT,88,22,15,75%
2025-11-26,S25,DRESS,"2,615",480,520,82%
2025-11-26,S25,HAT,174,60,36,66%
2025-11-26,S25,HOODIE,"1,550",379,335,76%
2025-11-26,S25,JACKET,495,104,96,79%
2025-11-26,S25,LEGGINGS,"3,732",673,716,82%
2025-11-26,S25,LONG SLEEVE KNIT,"3,123",930,544,70%
2025-11-26,S25,PANTS,"1,050",263,220,75%
2025-11-26,S25,POLO,"10,726","2,846","1,970",73%
2025-11-26,S25,PULLOVER,815,210,159,74%
2025-11-26,S25,SHORTS,"20,433","5,363","4,218",74%
2025-11-26,S25,SKIRT,556,160,87,71%
2025-11-26,S25,SKORT,420,113,86,73%
2025-11-26,S25,SOCKS,72,29,16,60%
2025-11-26,S25,SPORT BRA,408,105,102,74%
2025-11-26,S25,SWEATER,"4,655","1,170","1,079",75%
2025-11-26,S25,SWEATSHIRT,"1,540",465,252,70%
2025-11-26,S25,TANK TOP,"2,128",505,422,76%
2025-11-26,S25,TRACK JACKET,"73,160","19,078","13,930",74%
2025-11-26,S25,TRACK PANT,"33,355","8,603","6,495",74%
2025-11-26,S25,T-SHIRT,"11,922","2,935","2,037",75%
2025-11-26,S25,VISOR,76,18,14,76%
2025-11-26,S26,BOMBER JACKET,260,130,97,50%
2025-11-26,S26,HAT,740,208,323,72%
2025-11-26,SS22,T-SHIRT,46,9,12,80%
2025-11-27,CORE,ACCESSORIES,108,35,38,68%
2025-11-27,CORE,HAT,210,75,35,64%
2025-11-27,CORE,SOCKS,144,54,32,63%
2025-11-27,CORE,TRACK JACKET,"16,830","7,879","3,390",53%
2025-11-27,CORE,TRACK PANT,"13,180","6,403","2,662",51%
2025-11-27,F22,SHORTS,78,22,14,72%
2025-11-27,F23,OUTERWEAR,175,30,40,83%
2025-11-27,F23,POLO,78,23,14,71%
2025-11-27,F23,TRACK PANT,385,53,73,86%
2025-11-27,F24,ACCESSORIES,566,105,120,81%
2025-11-27,F24,CAMP SHIRT,435,90,91,79%
2025-11-27,F24,DRESS,900,160,278,82%
2025-11-27,F24,HOODIE,"2,750","1,172",561,57%
2025-11-27,F24,LEGGINGS,770,158,147,80%
2025-11-27,F24,LONG SLEEVE KNIT,"1,590",301,309,81%
2025-11-27,F24,OUTERWEAR,450,63,100,86%
2025-11-27,F24,POLO,"1,897",502,631,74%
2025-11-27,F24,SHORTS,"1,748",414,413,76%
2025-11-27,F24,SKIRT,355,78,94,78%
2025-11-27,F24,SPORT BRA,476,158,133,67%
2025-11-27,F24,SWEATPANTS,"2,169",984,428,55%
2025-11-27,F24,SWEATSHIRT,315,64,73,80%
2025-11-27,F24,TRACK JACKET,"8,650","2,433","2,111",72%
2025-11-27,F24,TRACK PANT,"7,690","2,112","1,671",73%
2025-11-27,F24,T-SHIRT,"1,560",372,414,76%
2025-11-27,F25,CABANA SHIRT,"1,890",911,445,52%
2025-11-27,F25,CONTOUR JACKET,135,61,29,55%
2025-11-27,F25,CREWNECK,727,327,140,55%
2025-11-27,F25,CROP TOP,146,62,34,57%
2025-11-27,F25,DRESS,125,56,27,55%
2025-11-27,F25,HAT,"1,156",380,246,67%
2025-11-27,F25,HOODIE,"5,638","2,845","1,068",50%
2025-11-27,F25,KNITWEAR,"2,280",935,635,59%
2025-11-27,F25,LONG SLEEVE KNIT,"2,805","1,332",525,52%
2025-11-27,F25,OUTERWEAR,"2,150","1,020",475,53%
2025-11-27,F25,POLO,"2,056","1,000",459,51%
2025-11-27,F25,PULLOVER,625,275,133,56%
2025-11-27,F25,SHORTS,"1,792",894,415,50%
2025-11-27,F25,SKIRT,78,31,19,60%
2025-11-27,F25,SKORT,88,40,22,55%
2025-11-27,F25,SOCKS,54,30,12,44%
2025-11-27,F25,SWEATER,"1,761",927,372,47%
2025-11-27,F25,SWEATPANTS,"4,501","2,346",884,48%
2025-11-27,F25,TANK TOP,194,83,50,57%
2025-11-27,F25,TRACK JACKET,"60,692","28,584","13,230",53%
2025-11-27,F25,TRACK PANT,"49,292","22,981","10,831",53%
2025-11-27,F25,T-SHIRT,"1,732",900,362,48%
2025-11-27,S24,FOOTWEAR,"1,182",457,342,61%
2025-11-27,S24,TRACK JACKET,560,248,132,56%
2025-11-27,S24,TRACK PANT,375,102,72,73%
2025-11-27,S25,0,176,38,36,79%
2025-11-27,S25,ACCESSORIES,344,114,77,67%
2025-11-27,S25,ACTIVE JACKET,500,109,104,78%
2025-11-27,S25,BAG,110,23,50,80%
2025-11-27,S25,CABANA SHIRT,"1,706",485,380,72%
2025-11-27,S25,CAMP SHIRT,528,180,90,66%
2025-11-27,S25,DRESS,"1,346",340,251,75%
2025-11-27,S25,HAT,406,110,86,73%
2025-11-27,S25,HOODIE,"1,925",569,412,70%
2025-11-27,S25,JACKET,660,186,128,72%
2025-11-27,S25,LEGGINGS,626,118,118,81%
2025-11-27,S25,LONG SLEEVE KNIT,"1,044",285,183,73%
2025-11-27,S25,PANTS,"3,210",495,670,85%
2025-11-27,S25,POLO,"5,611","1,567","1,136",72%
2025-11-27,S25,PULLOVER,"1,345",323,267,76%
2025-11-27,S25,SHORTS,"13,813","3,737","2,890",73%
2025-11-27,S25,SKIRT,196,40,40,80%
2025-11-27,S25,SKORT,626,175,134,72%
2025-11-27,S25,SOCKS,18,12,4,33%
2025-11-27,S25,SWEATER,"2,930",727,712,75%
2025-11-27,S25,SWEATPANTS,176,58,36,67%
2025-11-27,S25,SWEATSHIRT,990,272,162,73%
2025-11-27,S25,TANK TOP,"1,258",319,250,75%
2025-11-27,S25,TRACK JACKET,"64,930","17,913","12,460",72%
2025-11-27,S25,TRACK PANT,"32,128","8,529","6,229",73%
2025-11-27,S25,T-SHIRT,"11,522","2,982","1,993",74%
2025-11-27,S25,VISOR,152,36,28,76%
2025-11-27,S26,ACCESSORIES,130,33,60,75%
2025-11-27,S26,HAT,165,46,72,72%
2025-11-28,CORE,ACCESSORIES,348,120,131,66%
2025-11-28,CORE,HAT,84,30,14,64%
2025-11-28,CORE,SOCKS,"1,404",468,312,67%
2025-11-28,CORE,TRACK JACKET,"48,310","24,815","9,626",49%
2025-11-28,CORE,TRACK PANT,"34,830","17,809","7,018",49%
2025-11-28,F23,POLO,156,45,29,71%
2025-11-28,F23,SHORTS,68,17,13,75%
2025-11-28,F23,TRACK PANT,177,28,33,84%
2025-11-28,F24,0,145,51,53,65%
2025-11-28,F24,ACCESSORIES,"2,402",388,508,84%
2025-11-28,F24,CAMP SHIRT,450,78,90,83%
2025-11-28,F24,DRESS,"2,870",396,734,86%
2025-11-28,F24,HOODIE,"6,450","2,616","1,335",59%
2025-11-28,F24,JACKET,325,37,55,89%
2025-11-28,F24,LEGGINGS,"3,080",490,588,84%
2025-11-28,F24,LONG SLEEVE KNIT,"6,227",933,"1,255",85%
2025-11-28,F24,OUTERWEAR,"1,800",217,316,88%
2025-11-28,F24,POLO,"5,398","1,355","1,987",75%
2025-11-28,F24,SHORTS,"3,562",792,937,78%
2025-11-28,F24,SKIRT,331,74,90,78%
2025-11-28,F24,SPORT BRA,"1,564",403,437,74%
2025-11-28,F24,SWEATPANTS,"5,056","2,251","1,011",55%
2025-11-28,F24,SWEATSHIRT,"1,570",353,349,78%
2025-11-28,F24,TRACK JACKET,"33,845","8,149","8,287",76%
2025-11-28,F24,TRACK PANT,"28,395","6,724","6,329",76%
2025-11-28,F24,T-SHIRT,"2,141",526,735,75%
2025-11-28,F25,CABANA SHIRT,"5,265","2,369","1,240",55%
2025-11-28,F25,CONTOUR JACKET,135,54,29,60%
2025-11-28,F25,CREWNECK,"3,179","1,431",611,55%
2025-11-28,F25,CROP TOP,224,94,52,58%
2025-11-28,F25,DRESS,625,281,138,55%
2025-11-28,F25,HAT,"3,102",855,655,72%
2025-11-28,F25,HOODIE,"14,512","6,958","2,747",52%
2025-11-28,F25,KNITWEAR,"6,270","2,813","1,677",55%
2025-11-28,F25,LEGGINGS,220,99,48,55%
2025-11-28,F25,LONG SLEEVE KNIT,"7,101","3,195","1,323",55%
2025-11-28,F25,OUTERWEAR,"4,575","1,958","1,010",57%
2025-11-28,F25,POLO,"5,219","2,455","1,191",53%
2025-11-28,F25,PULLOVER,"1,625",706,343,57%
2025-11-28,F25,SHORTS,"6,264","2,829","1,440",55%
2025-11-28,F25,SKIRT,312,137,70,56%
2025-11-28,F25,SKORT,662,324,158,51%
2025-11-28,F25,SOCKS,126,42,28,67%
2025-11-28,F25,SPORT BRA,68,31,19,55%
2025-11-28,F25,SWEATER,"6,619","3,149","1,457",52%
2025-11-28,F25,SWEATPANTS,"13,622","6,577","2,671",52%
2025-11-28,F25,TANK TOP,504,219,130,57%
2025-11-28,F25,TRACK JACKET,"143,422","69,050","31,582",52%
2025-11-28,F25,TRACK PANT,"118,864","57,162","26,372",52%
2025-11-28,F25,T-SHIRT,"4,110","1,873",907,54%
2025-11-28,F25,VEST,220,99,48,55%
2025-11-28,S24,DRESS,176,40,38,77%
2025-11-28,S24,FOOTWEAR,"2,212",842,490,62%
2025-11-28,S24,OUTERWEAR,150,37,28,76%
2025-11-28,S24,SHORTS,847,193,167,77%
2025-11-28,S24,SKORT,88,20,19,77%
2025-11-28,S24,SPORT BRA,78,15,16,81%
2025-11-28,S24,SWEATPANTS,88,21,16,77%
2025-11-28,S24,TANK TOP,164,41,29,75%
2025-11-28,S24,TRACK JACKET,960,208,194,78%
2025-11-28,S24,TRACK PANT,875,214,152,76%
2025-11-28,S24,T-SHIRT,116,25,46,78%
2025-11-28,S25,0,"1,760",250,360,86%
2025-11-28,S25,ACCESSORIES,"1,564",456,324,71%
2025-11-28,S25,ACTIVE JACKET,"1,875",391,390,79%
2025-11-28,S25,BAG,520,140,278,73%
2025-11-28,S25,CABANA SHIRT,"4,174","1,104",923,74%
2025-11-28,S25,CAMP SHIRT,"1,144",260,195,77%
2025-11-28,S25,DRESS,"4,396",740,834,83%
2025-11-28,S25,HAT,638,140,134,78%
2025-11-28,S25,HOODIE,"4,240","1,030",916,76%
2025-11-28,S25,JACKET,"2,805",631,544,77%
2025-11-28,S25,LEGGINGS,"5,522",883,"1,036",84%
2025-11-28,S25,LONG SLEEVE KNIT,"4,156","1,115",628,73%
2025-11-28,S25,PADDLE,58,29,10,50%
2025-11-28,S25,PANTS,"7,680","1,095","1,604",86%
2025-11-28,S25,POLO,"18,855","4,559","3,683",76%
2025-11-28,S25,PULLOVER,"6,910","1,205","1,377",83%
2025-11-28,S25,SHORTS,"41,860","9,730","8,679",77%
2025-11-28,S25,SKIRT,830,200,102,76%
2025-11-28,S25,SKORT,"3,010",771,628,74%
2025-11-28,S25,SOCKS,144,56,32,61%
2025-11-28,S25,SPORT BRA,340,81,85,76%
2025-11-28,S25,SWEATER,"15,100","3,154","3,478",79%
2025-11-28,S25,SWEATPANTS,274,85,54,69%
2025-11-28,S25,SWEATSHIRT,"2,750",614,450,78%
2025-11-28,S25,TANK TOP,"2,372",571,444,76%
2025-11-28,S25,TRACK JACKET,"210,825","49,064","40,147",77%
2025-11-28,S25,TRACK PANT,"103,594","23,718","20,037",77%
2025-11-28,S25,T-SHIRT,"34,984","7,940","5,943",77%
2025-11-28,S25,VISOR,152,36,28,76%
2025-11-28,S26,BOMBER JACKET,520,260,194,50%
2025-11-28,S26,BUTTON DOWN SHIRT,165,83,70,50%
2025-11-28,S26,CREWNECK,165,83,29,50%
2025-11-28,S26,T-SHIRT,65,33,18,50%
2025-11-28,SS22,T-SHIRT,92,18,24,80%
2025-11-29,CORE,ACCESSORIES,144,50,55,65%
2025-11-29,CORE,SOCKS,"1,620",539,360,67%
2025-11-29,CORE,TRACK JACKET,"38,005","18,930","7,352",50%
2025-11-29,CORE,TRACK PANT,"27,345","13,527","5,345",51%
2025-11-29,F23,OUTERWEAR,175,30,40,83%
2025-11-29,F23,POLO,78,23,14,71%
2025-11-29,F23,SHORTS,68,17,13,75%
2025-11-29,F23,SWEATPANTS,88,32,16,64%
2025-11-29,F23,TRACK PANT,690,171,137,75%
2025-11-29,F24,0,145,51,53,65%
2025-11-29,F24,ACCESSORIES,"1,572",248,330,84%
2025-11-29,F24,CAMP SHIRT,"1,275",199,275,84%
2025-11-29,F24,DRESS,"2,925",380,739,87%
2025-11-29,F24,HOODIE,"7,200","2,706","1,525",62%
2025-11-29,F24,LEGGINGS,"2,860",448,546,84%
2025-11-29,F24,LONG SLEEVE KNIT,"5,958",947,"1,193",84%
2025-11-29,F24,OUTERWEAR,"2,700",348,528,87%
2025-11-29,F24,POLO,"4,313","1,052","1,479",76%
2025-11-29,F24,SHORTS,"4,170",837,"1,055",80%
2025-11-29,F24,SKIRT,"1,209",275,394,77%
2025-11-29,F24,SPORT BRA,"1,496",380,418,75%
2025-11-29,F24,SWEATPANTS,"4,897","1,885",997,62%
2025-11-29,F24,SWEATSHIRT,"1,575",320,365,80%
2025-11-29,F24,TRACK JACKET,"23,185","5,770","5,732",75%
2025-11-29,F24,TRACK PANT,"22,790","5,133","5,034",77%
2025-11-29,F24,T-SHIRT,"2,964",704,991,76%
2025-11-29,F25,CABANA SHIRT,"2,970","1,337",699,55%
2025-11-29,F25,CONTOUR JACKET,135,61,29,55%
2025-11-29,F25,CREWNECK,"3,610","1,625",699,55%
2025-11-29,F25,DRESS,625,281,138,55%
2025-11-29,F25,HAT,"3,114",829,664,73%
2025-11-29,F25,HOODIE,"14,918","7,223","2,821",52%
2025-11-29,F25,KNITWEAR,"6,060","2,727","1,616",55%
2025-11-29,F25,LONG SLEEVE KNIT,"5,658","2,546","1,020",55%
2025-11-29,F25,OUTERWEAR,"5,698","2,362","1,215",59%
2025-11-29,F25,POLO,"3,400","1,627",762,52%
2025-11-29,F25,PULLOVER,"1,750",775,374,56%
2025-11-29,F25,SHORTS,"6,094","2,762","1,414",55%
2025-11-29,F25,SKIRT,468,199,108,58%
2025-11-29,F25,SKORT,426,186,81,56%
2025-11-29,F25,SOCKS,180,60,40,67%
2025-11-29,F25,SPORT BRA,48,19,8,60%
2025-11-29,F25,SWEATER,"7,285","3,458","1,597",53%
2025-11-29,F25,SWEATPANTS,"13,413","6,480","2,622",52%
2025-11-29,F25,TANK TOP,426,188,110,56%
2025-11-29,F25,TRACK JACKET,"111,155","52,810","24,313",52%
2025-11-29,F25,TRACK PANT,"93,562","44,255","20,611",53%
2025-11-29,F25,T-SHIRT,"5,372","2,416","1,133",55%
2025-11-29,F25,VEST,220,39,48,83%
2025-11-29,S23,SHORTS,250,59,66,76%
2025-11-29,S24,DRESS,176,40,38,77%
2025-11-29,S24,FOOTWEAR,"2,819","1,066",700,62%
2025-11-29,S24,OUTERWEAR,150,37,28,76%
2025-11-29,S24,SHORTS,510,106,110,79%
2025-11-29,S24,TANK TOP,184,43,31,77%
2025-11-29,S24,TRACK JACKET,"1,105",272,239,75%
2025-11-29,S24,TRACK PANT,985,249,173,75%
2025-11-29,S25,0,"1,116",194,212,83%
2025-11-29,S25,ACCESSORIES,"1,962",521,415,73%
2025-11-29,S25,ACTIVE JACKET,"1,500",322,312,79%
2025-11-29,S25,BAG,"1,920",543,"1,121",72%
2025-11-29,S25,CABANA SHIRT,"2,346",616,518,74%
2025-11-29,S25,CAMP SHIRT,"1,320",300,225,77%
2025-11-29,S25,DRESS,"3,561",560,647,84%
2025-11-29,S25,HAT,754,150,157,80%
2025-11-29,S25,HOODIE,"2,864",704,617,75%
2025-11-29,S25,JACKET,"2,640",594,512,77%
2025-11-29,S25,LEGGINGS,"5,422",909,"1,029",83%
2025-11-29,S25,LONG SLEEVE KNIT,"3,590",948,558,74%
2025-11-29,S25,PADDLE,58,29,10,50%
2025-11-29,S25,PANTS,"6,435",894,"1,347",86%
2025-11-29,S25,POLO,"17,699","4,336","3,462",76%
2025-11-29,S25,PULLOVER,"4,910",875,976,82%
2025-11-29,S25,SHORTS,"42,192","9,721","8,663",77%
2025-11-29,S25,SKIRT,558,116,103,79%
2025-11-29,S25,SKORT,"2,240",546,485,76%
2025-11-29,S25,SOCKS,198,74,45,63%
2025-11-29,S25,SPORT BRA,204,53,51,74%
2025-11-29,S25,SWEATER,"11,330","2,558","2,720",77%
2025-11-29,S25,SWEATPANTS,362,114,72,69%
2025-11-29,S25,SWEATSHIRT,"2,750",619,450,78%
2025-11-29,S25,TANK TOP,"2,390",557,444,77%
2025-11-29,S25,TRACK JACKET,"185,950","42,422","35,284",77%
2025-11-29,S25,TRACK PANT,"91,930","20,413","17,652",78%
2025-11-29,S25,T-SHIRT,"34,810","7,961","5,921",77%
2025-11-29,S25,VISOR,38,9,7,76%
2025-11-29,S26,CREWNECK,165,83,29,50%
2025-11-29,S26,HAT,80,24,36,70%
2025-11-29,S26,T-SHIRT,130,65,36,50%
2025-11-29,SS22,T-SHIRT,46,9,12,80%
2025-11-30,CORE,ACCESSORIES,108,35,38,68%
2025-11-30,CORE,SOCKS,918,306,204,67%
2025-11-30,CORE,TRACK JACKET,"26,805","13,708","5,310",49%
2025-11-30,CORE,TRACK PANT,"20,850","10,598","4,212",49%
2025-11-30,F23,OUTERWEAR,175,30,40,83%
2025-11-30,F23,SHORTS,68,17,13,75%
2025-11-30,F24,0,580,203,212,65%
2025-11-30,F24,ACCESSORIES,"1,354",225,284,83%
2025-11-30,F24,CAMP SHIRT,"1,005",161,213,84%
2025-11-30,F24,DRESS,915,140,193,85%
2025-11-30,F24,HOODIE,"4,200","1,802",856,57%
2025-11-30,F24,JACKET,650,73,110,89%
2025-11-30,F24,LEGGINGS,"1,430",225,274,84%
2025-11-30,F24,LONG SLEEVE KNIT,"4,358",528,904,88%
2025-11-30,F24,OUTERWEAR,900,116,176,87%
2025-11-30,F24,POLO,"3,621",864,"1,217",76%
2025-11-30,F24,SHORTS,"3,622",804,981,78%
2025-11-30,F24,SKIRT,156,40,68,74%
2025-11-30,F24,SPORT BRA,544,140,152,74%
2025-11-30,F24,SWEATPANTS,"4,071","1,595",811,61%
2025-11-30,F24,SWEATSHIRT,"1,880",473,406,75%
2025-11-30,F24,TRACK JACKET,"17,795","4,177","4,340",77%
2025-11-30,F24,TRACK PANT,"16,690","3,736","3,643",78%
2025-11-30,F24,T-SHIRT,"1,942",435,587,78%
2025-11-30,F25,CABANA SHIRT,"1,755",790,418,55%
2025-11-30,F25,CREWNECK,"1,811",815,350,55%
2025-11-30,F25,CROP TOP,360,152,84,58%
2025-11-30,F25,DRESS,625,281,135,55%
2025-11-30,F25,HAT,"2,494",695,530,72%
2025-11-30,F25,HOODIE,"11,754","5,649","2,206",52%
2025-11-30,F25,KNITWEAR,"5,340","2,403","1,450",55%
2025-11-30,F25,LEGGINGS,110,50,24,55%
2025-11-30,F25,LONG SLEEVE KNIT,"4,233","1,905",806,55%
2025-11-30,F25,OUTERWEAR,"7,100","3,195","1,528",55%
2025-11-30,F25,POLO,"3,187","1,478",718,54%
2025-11-30,F25,PULLOVER,875,388,186,56%
2025-11-30,F25,SHORTS,"3,712","1,675",855,55%
2025-11-30,F25,SKORT,322,173,76,46%
2025-11-30,F25,SOCKS,72,24,16,67%
2025-11-30,F25,SPORT BRA,116,50,27,57%
2025-11-30,F25,SWEATER,"5,048","2,376","1,114",53%
2025-11-30,F25,SWEATPANTS,"7,840","3,753","1,527",52%
2025-11-30,F25,TANK TOP,116,52,30,55%
2025-11-30,F25,TRACK JACKET,"85,414","41,255","18,778",52%
2025-11-30,F25,TRACK PANT,"73,166","35,158","16,174",52%
2025-11-30,F25,T-SHIRT,"3,466","1,591",755,54%
2025-11-30,F25,VEST,220,99,48,55%
2025-11-30,S24,DRESS,88,20,19,77%
2025-11-30,S24,FOOTWEAR,"1,261",359,278,72%
2025-11-30,S24,SHORTS,556,126,113,77%
2025-11-30,S24,SKORT,352,80,76,77%
2025-11-30,S24,SPORT BRA,156,30,32,81%
2025-11-30,S24,SWEATER,150,20,37,87%
2025-11-30,S24,SWEATPANTS,176,41,32,77%
2025-11-30,S24,TANK TOP,136,30,22,78%
2025-11-30,S24,TRACK JACKET,540,82,92,85%
2025-11-30,S24,TRACK PANT,"1,628",384,279,76%
2025-11-30,S25,0,558,97,106,83%
2025-11-30,S25,ACCESSORIES,"1,846",481,393,74%
2025-11-30,S25,ACTIVE JACKET,875,194,182,78%
2025-11-30,S25,BAG,300,90,178,70%
2025-11-30,S25,CABANA SHIRT,"2,169",587,470,73%
2025-11-30,S25,CAMP SHIRT,"1,144",260,195,77%
2025-11-30,S25,DRESS,"1,361",220,251,84%
2025-11-30,S25,HAT,174,30,36,83%
2025-11-30,S25,HOODIE,"2,802",678,601,76%
2025-11-30,S25,JACKET,"3,135",705,608,77%
2025-11-30,S25,LEGGINGS,"3,020",505,570,83%
2025-11-30,S25,LONG SLEEVE KNIT,"2,098",563,314,73%
2025-11-30,S25,PADDLE,232,116,42,50%
2025-11-30,S25,PANTS,"2,025",341,423,83%
2025-11-30,S25,POLO,"10,222","2,425","2,004",76%
2025-11-30,S25,PULLOVER,"4,675",833,931,82%
2025-11-30,S25,SHORTS,"28,704","6,469","5,934",77%
2025-11-30,S25,SKIRT,420,105,47,75%
2025-11-30,S25,SKORT,"1,418",360,302,75%
2025-11-30,S25,SOCKS,108,41,25,62%
2025-11-30,S25,SWEATER,"9,355","2,224","2,208",76%
2025-11-30,S25,SWEATPANTS,636,198,126,69%
2025-11-30,S25,SWEATSHIRT,"2,750",619,450,78%
2025-11-30,S25,TANK TOP,764,196,150,74%
2025-11-30,S25,TRACK JACKET,"143,075","33,278","27,577",77%
2025-11-30,S25,TRACK PANT,"76,068","17,074","14,737",78%
2025-11-30,S25,T-SHIRT,"26,994","6,309","4,532",77%
2025-11-30,S25,VISOR,38,9,7,76%
2025-11-30,S26,CREWNECK,165,83,29,50%
2025-12-01,CORE,ACCESSORIES,150,55,61,63%
2025-12-01,CORE,SOCKS,"1,638",540,364,67%
2025-12-01,CORE,TRACK JACKET,"46,775","23,911","9,274",49%
2025-12-01,CORE,TRACK PANT,"34,380","17,087","6,879",50%
2025-12-01,F22,SHORTS,156,43,28,72%
2025-12-01,F22,TANK TOP,116,22,22,81%
2025-12-01,F23,OUTERWEAR,700,118,161,83%
2025-12-01,F23,SHORTS,136,34,26,75%
2025-12-01,F23,SWEATPANTS,88,32,16,64%
2025-12-01,F23,TRACK PANT,"1,025",206,208,80%
2025-12-01,F24,0,870,305,318,65%
2025-12-01,F24,ACCESSORIES,"2,674",385,561,86%
2025-12-01,F24,CAMP SHIRT,"1,020",168,212,84%
2025-12-01,F24,DRESS,"2,765",380,684,86%
2025-12-01,F24,HOODIE,"7,350","3,371","1,465",54%
2025-12-01,F24,LEGGINGS,"4,180",650,800,84%
2025-12-01,F24,LONG SLEEVE KNIT,"2,187",391,426,82%
2025-12-01,F24,OUTERWEAR,"1,800",242,376,87%
2025-12-01,F24,POLO,"4,835","1,176","1,722",76%
2025-12-01,F24,SHORTS,"4,302",908,999,79%
2025-12-01,F24,SKIRT,510,118,152,77%
2025-12-01,F24,SPORT BRA,"2,108",525,589,75%
2025-12-01,F24,SWEATPANTS,"5,419","2,345","1,079",57%
2025-12-01,F24,SWEATSHIRT,"1,885",429,422,77%
2025-12-01,F24,TRACK JACKET,"25,060","6,045","5,993",76%
2025-12-01,F24,TRACK PANT,"20,325","4,644","4,385",77%
2025-12-01,F24,T-SHIRT,"2,618",638,804,76%
2025-12-01,F25,CABANA SHIRT,"5,265","2,369","1,241",55%
2025-12-01,F25,CONTOUR JACKET,0,-6,0,#DIV/0!
2025-12-01,F25,CREWNECK,"3,296","1,473",648,55%
2025-12-01,F25,CROP TOP,234,90,54,62%
2025-12-01,F25,DRESS,750,338,165,55%
2025-12-01,F25,HAT,"4,246","1,119",894,74%
2025-12-01,F25,HOODIE,"13,132","6,283","2,479",52%
2025-12-01,F25,KNITWEAR,"7,730","3,322","2,110",57%
2025-12-01,F25,LEGGINGS,566,255,122,55%
2025-12-01,F25,LONG SLEEVE KNIT,"6,285","2,785","1,185",56%
2025-12-01,F25,OUTERWEAR,"6,348","2,823","1,373",56%
2025-12-01,F25,POLO,"4,966","2,145","1,116",57%
2025-12-01,F25,PULLOVER,"2,500","1,094",530,56%
2025-12-01,F25,SHORTS,"7,760","3,423","1,780",56%
2025-12-01,F25,SKIRT,312,94,74,70%
2025-12-01,F25,SKORT,614,231,140,62%
2025-12-01,F25,SOCKS,198,61,44,69%
2025-12-01,F25,SWEATER,"10,256","4,670","2,255",54%
2025-12-01,F25,SWEATPANTS,"10,818","5,198","2,118",52%
2025-12-01,F25,TANK TOP,156,34,40,78%
2025-12-01,F25,TRACK JACKET,"118,064","55,999","25,890",53%
2025-12-01,F25,TRACK PANT,"100,118","47,320","22,113",53%
2025-12-01,F25,T-SHIRT,"6,138","2,635","1,279",57%
2025-12-01,F25,VEST,978,440,218,55%
2025-12-01,S23,SHORTS,125,30,33,76%
2025-12-01,S24,DRESS,88,20,19,77%
2025-12-01,S24,FOOTWEAR,"1,244",115,261,91%
2025-12-01,S24,OUTERWEAR,150,37,28,76%
2025-12-01,S24,SHORTS,648,167,118,74%
2025-12-01,S24,SKIRT,136,33,18,76%
2025-12-01,S24,SKORT,88,20,19,77%
2025-12-01,S24,SPORT BRA,240,83,35,66%
2025-12-01,S24,SWEATPANTS,88,21,16,77%
2025-12-01,S24,TANK TOP,48,13,9,73%
2025-12-01,S24,TRACK JACKET,805,60,127,93%
2025-12-01,S24,TRACK PANT,"1,423",353,237,75%
2025-12-01,S25,0,"1,115",167,224,85%
2025-12-01,S25,ACCESSORIES,"3,436",973,718,72%
2025-12-01,S25,ACTIVE JACKET,"2,000",438,416,78%
2025-12-01,S25,BAG,370,93,189,75%
2025-12-01,S25,CABANA SHIRT,"2,698",700,610,74%
2025-12-01,S25,CAMP SHIRT,"1,848",392,315,79%
2025-12-01,S25,DRESS,"4,219",700,812,83%
2025-12-01,S25,HAT,232,60,48,74%
2025-12-01,S25,HOODIE,"2,827",580,618,79%
2025-12-01,S25,JACKET,"3,630",817,704,77%
2025-12-01,S25,LEGGINGS,"5,742",960,"1,093",83%
2025-12-01,S25,LONG SLEEVE KNIT,"4,925","1,303",734,74%
2025-12-01,S25,PANTS,"3,420",680,714,80%
2025-12-01,S25,POLO,"14,068","3,290","2,694",77%
2025-12-01,S25,PULLOVER,"5,675","1,013","1,132",82%
2025-12-01,S25,SHORTS,"34,829","8,024","7,146",77%
2025-12-01,S25,SKIRT,"1,016",249,116,75%
2025-12-01,S25,SKORT,"3,552",871,775,75%
2025-12-01,S25,SOCKS,252,102,56,60%
2025-12-01,S25,SPORT BRA,592,155,143,74%
2025-12-01,S25,SWEATER,"8,760","1,973","2,040",77%
2025-12-01,S25,SWEATPANTS,196,19,35,90%
2025-12-01,S25,SWEATSHIRT,"3,630",792,594,78%
2025-12-01,S25,TANK TOP,"2,148",471,412,78%
2025-12-01,S25,TRACK JACKET,"167,455","38,723","32,162",77%
2025-12-01,S25,TRACK PANT,"85,744","18,715","16,475",78%
2025-12-01,S25,T-SHIRT,"29,396","6,908","5,022",77%
2025-12-01,S25,VISOR,114,27,21,76%
2025-12-01,S26,ACCESSORIES,130,33,60,75%
2025-12-01,S26,CREWNECK,165,83,29,50%
2025-12-01,S26,T-SHIRT,130,59,36,55%
2025-12-02,CORE,ACCESSORIES,372,125,137,66%
2025-12-02,CORE,SOCKS,"2,574",858,573,67%
2025-12-02,CORE,TRACK JACKET,"32,115","16,445","6,366",49%
2025-12-02,CORE,TRACK PANT,"25,800","12,838","5,168",50%
2025-12-02,F23,OUTERWEAR,"1,400",236,320,83%
2025-12-02,F23,POLO,78,23,14,71%
2025-12-02,F23,SHORTS,136,34,26,75%
2025-12-02,F23,TRACK PANT,440,118,92,73%
2025-12-02,F24,0,-145,-51,-53,65%
2025-12-02,F24,ACCESSORIES,"2,670",505,561,81%
2025-12-02,F24,CAMP SHIRT,990,154,214,84%
2025-12-02,F24,DRESS,"4,340",519,"1,345",88%
2025-12-02,F24,HOODIE,"6,000","2,696","1,204",55%
2025-12-02,F24,LEGGINGS,"1,210",193,232,84%
2025-12-02,F24,LONG SLEEVE KNIT,"4,677",602,974,87%
2025-12-02,F24,POLO,"5,330","1,327","1,803",75%
2025-12-02,F24,SHORTS,"5,137","1,110","1,419",78%
2025-12-02,F24,SKIRT,707,158,227,78%
2025-12-02,F24,SPORT BRA,544,140,152,74%
2025-12-02,F24,SWEATPANTS,"4,321","1,819",861,58%
2025-12-02,F24,SWEATSHIRT,"1,250",345,260,72%
2025-12-02,F24,TRACK JACKET,"19,340","4,531","4,669",77%
2025-12-02,F24,TRACK PANT,"16,785","3,640","3,657",78%
2025-12-02,F24,T-SHIRT,"1,895",461,661,76%
2025-12-02,F25,CABANA SHIRT,"3,375","1,519",798,55%
2025-12-02,F25,CONTOUR JACKET,270,115,58,58%
2025-12-02,F25,CREWNECK,"2,662","1,198",521,55%
2025-12-02,F25,CROP TOP,78,31,18,60%
2025-12-02,F25,DRESS,375,169,81,55%
2025-12-02,F25,HAT,"4,204","1,145",890,73%
2025-12-02,F25,HOODIE,"9,660","4,587","1,806",53%
2025-12-02,F25,KNITWEAR,"5,315","2,392","1,419",55%
2025-12-02,F25,LEGGINGS,220,99,48,55%
2025-12-02,F25,LONG SLEEVE KNIT,"4,539","2,043",879,55%
2025-12-02,F25,OUTERWEAR,"6,023","2,710","1,291",55%
2025-12-02,F25,POLO,"2,888","1,368",647,53%
2025-12-02,F25,PULLOVER,"1,250",544,264,57%
2025-12-02,F25,SHORTS,"5,762","2,616","1,316",55%
2025-12-02,F25,SKIRT,156,66,36,58%
2025-12-02,F25,SKORT,292,131,64,55%
2025-12-02,F25,SOCKS,270,102,61,62%
2025-12-02,F25,SPORT BRA,68,31,19,55%
2025-12-02,F25,SWEATER,"8,142","3,883","1,768",52%
2025-12-02,F25,SWEATPANTS,"5,888","2,824","1,144",52%
2025-12-02,F25,TANK TOP,290,131,75,55%
2025-12-02,F25,TRACK JACKET,"86,282","40,375","18,910",53%
2025-12-02,F25,TRACK PANT,"72,971","34,093","16,049",53%
2025-12-02,F25,T-SHIRT,"4,456","2,048",964,54%
2025-12-02,F25,VEST,526,237,124,55%
2025-12-02,S23,TRACK PANT,85,22,16,75%
2025-12-02,S24,DRESS,88,20,19,77%
2025-12-02,S24,FOOTWEAR,"1,878",528,402,72%
2025-12-02,S24,OUTERWEAR,150,37,28,76%
2025-12-02,S24,SHORTS,368,85,77,77%
2025-12-02,S24,SKIRT,68,17,9,76%
2025-12-02,S24,SPORT BRA,78,15,16,81%
2025-12-02,S24,TANK TOP,68,15,11,78%
2025-12-02,S24,TRACK JACKET,805,106,131,87%
2025-12-02,S24,TRACK PANT,985,292,187,70%
2025-12-02,S24,T-SHIRT,58,13,23,78%
2025-12-02,S25,0,881,152,168,83%
2025-12-02,S25,ACCESSORIES,"5,008","1,311","1,074",74%
2025-12-02,S25,ACTIVE JACKET,875,191,182,78%
2025-12-02,S25,BAG,370,95,189,74%
2025-12-02,S25,CABANA SHIRT,"3,152",830,698,74%
2025-12-02,S25,CAMP SHIRT,"1,672",380,285,77%
2025-12-02,S25,DRESS,"3,500",580,666,83%
2025-12-02,S25,HAT,348,60,72,83%
2025-12-02,S25,HOODIE,"2,676",643,581,76%
2025-12-02,S25,JACKET,"2,805",631,544,77%
2025-12-02,S25,LEGGINGS,"4,088",693,781,83%
2025-12-02,S25,LONG SLEEVE KNIT,"3,596",973,526,73%
2025-12-02,S25,PADDLE,58,29,10,50%
2025-12-02,S25,PANTS,"1,875",386,389,79%
2025-12-02,S25,POLO,"14,723","3,387","2,818",77%
2025-12-02,S25,PULLOVER,"4,755",895,943,81%
2025-12-02,S25,SHORTS,"31,720","7,081","6,556",78%
2025-12-02,S25,SKIRT,536,145,69,73%
2025-12-02,S25,SKORT,"1,614",412,348,75%
2025-12-02,S25,SOCKS,378,161,85,57%
2025-12-02,S25,SPORT BRA,408,105,102,74%
2025-12-02,S25,SWEATER,"10,825","2,513","2,612",77%
2025-12-02,S25,SWEATPANTS,88,29,18,67%
2025-12-02,S25,SWEATSHIRT,"2,750",569,450,79%
2025-12-02,S25,TANK TOP,"1,606",377,299,77%
2025-12-02,S25,TRACK JACKET,"140,640","32,496","27,629",77%
2025-12-02,S25,TRACK PANT,"75,331","16,440","14,793",78%
2025-12-02,S25,T-SHIRT,"22,506","5,452","3,732",76%
2025-12-02,S25,VISOR,266,63,49,76%
2025-12-02,S26,ACCESSORIES,130,33,60,75%
2025-12-02,S26,T-SHIRT,130,65,36,50%
2025-12-03,CORE,ACCESSORIES,12,5,6,58%
2025-12-03,CORE,SOCKS,288,156,64,46%
2025-12-03,CORE,TRACK JACKET,"7,660","5,432","1,526",29%
2025-12-03,CORE,TRACK PANT,"5,775","4,106","1,179",29%
2025-12-03,F24,ACCESSORIES,352,56,73,84%
2025-12-03,F24,DRESS,"1,055",179,263,83%
2025-12-03,F24,HOODIE,900,780,174,13%
2025-12-03,F24,LEGGINGS,220,53,42,76%
2025-12-03,F24,LONG SLEEVE KNIT,503,98,110,81%
2025-12-03,F24,POLO,663,259,211,61%
2025-12-03,F24,SHORTS,"1,218",442,314,64%
2025-12-03,F24,SKIRT,177,62,65,65%
2025-12-03,F24,SPORT BRA,68,14,19,80%
2025-12-03,F24,SWEATPANTS,750,713,150,5%
2025-12-03,F24,SWEATSHIRT,190,53,47,72%
2025-12-03,F24,TRACK JACKET,"5,200","2,214","1,275",57%
2025-12-03,F24,TRACK PANT,"4,395","1,611",976,63%
2025-12-03,F24,T-SHIRT,288,88,109,70%
2025-12-03,F25,CABANA SHIRT,"1,080",666,256,38%
2025-12-03,F25,CREWNECK,591,386,112,35%
2025-12-03,F25,CROP TOP,224,114,52,49%
2025-12-03,F25,HAT,384,255,82,34%
2025-12-03,F25,HOODIE,"1,472",953,276,35%
2025-12-03,F25,KNITWEAR,"1,075",579,347,46%
2025-12-03,F25,LEGGINGS,118,71,25,40%
2025-12-03,F25,LONG SLEEVE KNIT,852,597,156,30%
2025-12-03,F25,OUTERWEAR,"1,350",939,290,30%
2025-12-03,F25,POLO,"1,042",737,236,29%
2025-12-03,F25,PULLOVER,"1,000",600,212,40%
2025-12-03,F25,SHORTS,"1,814","1,046",421,42%
2025-12-03,F25,SKIRT,0,-23,0,#DIV/0!
2025-12-03,F25,SKORT,448,235,106,48%
2025-12-03,F25,SOCKS,18,11,4,39%
2025-12-03,F25,SPORT BRA,48,26,8,46%
2025-12-03,F25,SWEATER,"2,088","1,168",463,44%
2025-12-03,F25,SWEATPANTS,"1,041",758,201,27%
2025-12-03,F25,TANK TOP,78,47,20,40%
2025-12-03,F25,TRACK JACKET,"21,475","14,024","4,625",35%
2025-12-03,F25,TRACK PANT,"19,162","12,335","4,153",36%
2025-12-03,F25,T-SHIRT,"1,016",609,206,40%
2025-12-03,S23,TRACK PANT,85,39,16,54%
2025-12-03,S24,FOOTWEAR,499,256,106,49%
2025-12-03,S24,TANK TOP,68,24,11,65%
2025-12-03,S24,TRACK JACKET,270,60,46,78%
2025-12-03,S25,0,88,32,18,64%
2025-12-03,S25,ACCESSORIES,68,31,13,55%
2025-12-03,S25,ACTIVE JACKET,125,45,26,64%
2025-12-03,S25,BAG,300,16,178,95%
2025-12-03,S25,CABANA SHIRT,446,100,102,78%
2025-12-03,S25,CAMP SHIRT,-88,-20,-15,77%
2025-12-03,S25,HOODIE,0,23,0,#DIV/0!
2025-12-03,S25,JACKET,495,223,96,55%
2025-12-03,S25,LEGGINGS,"1,244",457,234,63%
2025-12-03,S25,LONG SLEEVE KNIT,874,361,132,59%
2025-12-03,S25,POLO,"4,211","1,385",777,67%
2025-12-03,S25,PULLOVER,375,163,75,56%
2025-12-03,S25,SHORTS,"4,613","1,536",964,67%
2025-12-03,S25,SKIRT,166,67,23,60%
2025-12-03,S25,SKORT,714,261,155,64%
2025-12-03,S25,SOCKS,54,30,12,44%
2025-12-03,S25,SPORT BRA,68,14,17,80%
2025-12-03,S25,SWEATER,"1,150",261,260,77%
2025-12-03,S25,SWEATSHIRT,770,219,126,72%
2025-12-03,S25,TANK TOP,232,79,42,66%
2025-12-03,S25,TRACK JACKET,"26,195","9,693","5,097",63%
2025-12-03,S25,TRACK PANT,"14,007","5,220","2,715",63%
2025-12-03,S25,T-SHIRT,"3,942","1,384",657,65%
2025-12-03,S25,VISOR,76,30,14,60%
2025-12-04,CORE,ACCESSORIES,48,28,16,42%
2025-12-04,CORE,SOCKS,198,106,44,47%
2025-12-04,CORE,TRACK JACKET,"8,370","6,433","1,698",23%
2025-12-04,CORE,TRACK PANT,"6,415","4,943","1,330",23%
2025-12-04,F23,OUTERWEAR,0,25,0,#DIV/0!
2025-12-04,F23,TRACK PANT,270,105,62,61%
2025-12-04,F24,ACCESSORIES,-88,12,-19,113%
2025-12-04,F24,DRESS,125,36,35,71%
2025-12-04,F24,HOODIE,"1,000",705,208,30%
2025-12-04,F24,LEGGINGS,330,104,63,68%
2025-12-04,F24,LONG SLEEVE KNIT,328,121,68,63%
2025-12-04,F24,POLO,291,136,93,53%
2025-12-04,F24,SHORTS,370,137,103,63%
2025-12-04,F24,SPORT BRA,204,62,57,69%
2025-12-04,F24,SWEATPANTS,500,413,100,18%
2025-12-04,F24,TRACK JACKET,"3,110","1,051",759,66%
2025-12-04,F24,TRACK PANT,"1,255",670,312,47%
2025-12-04,F24,T-SHIRT,154,77,54,50%
2025-12-04,F25,CABANA SHIRT,540,340,128,37%
2025-12-04,F25,CREWNECK,331,141,62,57%
2025-12-04,F25,CROP TOP,-78,-24,-18,70%
2025-12-04,F25,DRESS,250,163,57,35%
2025-12-04,F25,HAT,-140,47,-26,134%
2025-12-04,F25,HOODIE,"1,168",792,204,32%
2025-12-04,F25,KNITWEAR,"1,175",682,328,42%
2025-12-04,F25,LEGGINGS,-220,-220,-48,0%
2025-12-04,F25,LONG SLEEVE KNIT,966,745,186,23%
2025-12-04,F25,OUTERWEAR,350,379,71,-8%
2025-12-04,F25,POLO,500,328,116,34%
2025-12-04,F25,PULLOVER,500,270,106,46%
2025-12-04,F25,SHORTS,"1,410",860,326,39%
2025-12-04,F25,SKIRT,78,47,17,40%
2025-12-04,F25,SKORT,28,42,-2,-48%
2025-12-04,F25,SOCKS,18,13,4,30%
2025-12-04,F25,SWEATER,"1,348",933,300,31%
2025-12-04,F25,SWEATPANTS,629,398,118,37%
2025-12-04,F25,TANK TOP,58,35,15,40%
2025-12-04,F25,TRACK JACKET,"9,974","7,606","2,126",24%
2025-12-04,F25,TRACK PANT,"9,399","6,823","2,030",27%
2025-12-04,F25,T-SHIRT,280,244,56,13%
2025-12-04,F25,VEST,110,40,24,64%
2025-12-04,S24,FOOTWEAR,376,234,81,38%
2025-12-04,S24,TRACK JACKET,-275,-63,-57,77%
2025-12-04,S25,0,88,35,18,60%
2025-12-04,S25,ACCESSORIES,-186,28,-36,115%
2025-12-04,S25,BAG,340,-1,218,100%
2025-12-04,S25,CABANA SHIRT,213,67,43,69%
2025-12-04,S25,CAMP SHIRT,352,107,60,70%
2025-12-04,S25,HAT,58,23,12,60%
2025-12-04,S25,HOODIE,638,246,135,62%
2025-12-04,S25,JACKET,165,111,32,33%
2025-12-04,S25,LEGGINGS,0,-18,0,#DIV/0!
2025-12-04,S25,LONG SLEEVE KNIT,207,44,14,79%
2025-12-04,S25,POLO,"1,326",501,271,62%
2025-12-04,S25,PULLOVER,"1,065",468,209,56%
2025-12-04,S25,SHORTS,"1,832",748,377,59%
2025-12-04,S25,SKORT,264,84,57,68%
2025-12-04,S25,SOCKS,0,6,0,#DIV/0!
2025-12-04,S25,SWEATER,385,305,97,21%
2025-12-04,S25,SWEATPANTS,0,0,0,#DIV/0!
2025-12-04,S25,SWEATSHIRT,550,265,90,52%
2025-12-04,S25,TANK TOP,58,26,8,55%
2025-12-04,S25,TRACK JACKET,"18,920","8,492","3,741",55%
2025-12-04,S25,TRACK PANT,"9,813","3,792","1,948",61%
2025-12-04,S25,T-SHIRT,"1,896","1,001",332,47%
2025-12-05,CORE,ACCESSORIES,54,21,16,61%
2025-12-05,CORE,SOCKS,324,161,72,50%
2025-12-05,CORE,TRACK JACKET,"15,880","9,815","3,140",38%
2025-12-05,CORE,TRACK PANT,"12,100","7,150","2,443",41%
2025-12-05,F23,OUTERWEAR,175,34,40,81%
2025-12-05,F24,ACCESSORIES,922,229,192,75%
2025-12-05,F24,CAMP SHIRT,150,60,30,60%
2025-12-05,F24,HOODIE,"1,350",930,261,31%
2025-12-05,F24,LEGGINGS,-440,-39,-84,91%
2025-12-05,F24,LONG SLEEVE KNIT,118,64,24,46%
2025-12-05,F24,OUTERWEAR,450,120,100,73%
2025-12-05,F24,POLO,620,179,202,71%
2025-12-05,F24,SHORTS,691,246,191,64%
2025-12-05,F24,SKIRT,88,32,16,64%
2025-12-05,F24,SPORT BRA,0,14,0,#DIV/0!
2025-12-05,F24,SWEATPANTS,750,423,150,44%
2025-12-05,F24,SWEATSHIRT,375,135,78,64%
2025-12-05,F24,TRACK JACKET,"3,000","1,304",753,57%
2025-12-05,F24,TRACK PANT,"3,610","1,218",787,66%
2025-12-05,F24,T-SHIRT,600,178,180,70%
2025-12-05,F25,CABANA SHIRT,810,456,191,44%
2025-12-05,F25,CREWNECK,"1,012",506,193,50%
2025-12-05,F25,HAT,962,570,205,41%
2025-12-05,F25,HOODIE,"2,704","1,803",507,33%
2025-12-05,F25,KNITWEAR,"1,280",606,347,53%
2025-12-05,F25,LEGGINGS,-110,-56,-23,49%
2025-12-05,F25,LONG SLEEVE KNIT,"2,010","1,192",384,41%
2025-12-05,F25,OUTERWEAR,"1,625","1,028",342,37%
2025-12-05,F25,POLO,"1,191",711,266,40%
2025-12-05,F25,PULLOVER,625,308,133,51%
2025-12-05,F25,SHORTS,"1,388",779,315,44%
2025-12-05,F25,SKIRT,156,61,34,61%
2025-12-05,F25,SWEATER,"1,725","1,069",379,38%
2025-12-05,F25,SWEATPANTS,"2,423","1,532",475,37%
2025-12-05,F25,TANK TOP,58,30,15,49%
2025-12-05,F25,TRACK JACKET,"31,971","16,845","6,844",47%
2025-12-05,F25,TRACK PANT,"26,855","14,461","5,792",46%
2025-12-05,F25,T-SHIRT,"1,408",765,277,46%
2025-12-05,F25,VEST,330,149,72,55%
2025-12-05,S24,FOOTWEAR,155,60,8,61%
2025-12-05,S24,SHORTS,132,44,28,67%
2025-12-05,S24,TANK TOP,68,16,11,76%
2025-12-05,S24,TRACK PANT,125,38,17,70%
2025-12-05,S25,0,88,40,18,55%
2025-12-05,S25,ACCESSORIES,618,221,130,64%
2025-12-05,S25,ACTIVE JACKET,125,0,26,100%
2025-12-05,S25,BAG,150,43,89,72%
2025-12-05,S25,CABANA SHIRT,515,180,117,65%
2025-12-05,S25,CAMP SHIRT,88,28,15,68%
2025-12-05,S25,HAT,116,52,24,55%
2025-12-05,S25,HOODIE,675,213,144,68%
2025-12-05,S25,JACKET,495,193,96,61%
2025-12-05,S25,LEGGINGS,118,0,21,100%
2025-12-05,S25,LONG SLEEVE KNIT,"1,306",436,170,67%
2025-12-05,S25,PANTS,630,146,132,77%
2025-12-05,S25,POLO,"3,018",919,594,70%
2025-12-05,S25,PULLOVER,735,266,146,64%
2025-12-05,S25,SHORTS,"4,179","1,411",868,66%
2025-12-05,S25,SKIRT,254,80,24,69%
2025-12-05,S25,SKORT,450,161,97,64%
2025-12-05,S25,SOCKS,144,50,32,66%
2025-12-05,S25,SWEATER,"1,200",348,295,71%
2025-12-05,S25,SWEATPANTS,88,30,18,66%
2025-12-05,S25,SWEATSHIRT,770,285,126,63%
2025-12-05,S25,TANK TOP,116,37,26,69%
2025-12-05,S25,TRACK JACKET,"25,045","8,353","4,817",67%
2025-12-05,S25,TRACK PANT,"12,173","3,922","2,401",68%
2025-12-05,S25,T-SHIRT,"3,774","1,501",648,60%
2025-12-05,S25,VISOR,76,21,14,72%
2025-12-06,CORE,ACCESSORIES,90,55,33,39%
2025-12-06,CORE,SOCKS,180,93,40,49%
2025-12-06,CORE,TRACK JACKET,"16,770","10,772","3,300",36%
2025-12-06,CORE,TRACK PANT,"12,055","7,726","2,411",36%
2025-12-06,F23,SHORTS,68,26,13,61%
2025-12-06,F23,TRACK PANT,125,24,23,80%
2025-12-06,F24,0,290,157,106,46%
2025-12-06,F24,ACCESSORIES,348,76,74,78%
2025-12-06,F24,CAMP SHIRT,555,102,123,82%
2025-12-06,F24,DRESS,755,161,185,79%
2025-12-06,F24,HOODIE,"2,700","2,085",522,23%
2025-12-06,F24,JACKET,325,66,55,80%
2025-12-06,F24,LEGGINGS,550,170,106,69%
2025-12-06,F24,LONG SLEEVE KNIT,503,146,110,71%
2025-12-06,F24,POLO,"1,223",307,425,75%
2025-12-06,F24,SHORTS,731,155,165,79%
2025-12-06,F24,SKIRT,254,66,66,74%
2025-12-06,F24,SPORT BRA,68,23,19,66%
2025-12-06,F24,SWEATPANTS,"2,375","1,580",475,33%
2025-12-06,F24,SWEATSHIRT,375,105,78,72%
2025-12-06,F24,TRACK JACKET,"5,475","2,099","1,353",62%
2025-12-06,F24,TRACK PANT,"5,925","1,920","1,273",68%
2025-12-06,F24,T-SHIRT,"1,180",318,351,73%
2025-12-06,F25,CABANA SHIRT,"1,620",838,383,48%
2025-12-06,F25,CONTOUR JACKET,135,69,29,49%
2025-12-06,F25,CREWNECK,"1,629",822,313,50%
2025-12-06,F25,CROP TOP,234,123,54,48%
2025-12-06,F25,DRESS,375,193,84,48%
2025-12-06,F25,HAT,818,503,178,39%
2025-12-06,F25,HOODIE,"4,696","2,569",874,45%
2025-12-06,F25,KNITWEAR,"2,555","1,296",746,49%
2025-12-06,F25,LEGGINGS,-118,-118,-25,0%
2025-12-06,F25,LONG SLEEVE KNIT,"3,381","1,742",651,48%
2025-12-06,F25,OUTERWEAR,"2,773","1,411",590,49%
2025-12-06,F25,POLO,"1,103",573,259,48%
2025-12-06,F25,PULLOVER,"1,375",608,297,56%
2025-12-06,F25,SHORTS,"2,312","1,109",536,52%
2025-12-06,F25,SKIRT,156,66,38,58%
2025-12-06,F25,SKORT,506,274,116,46%
2025-12-06,F25,SOCKS,54,38,12,30%
2025-12-06,F25,SPORT BRA,48,29,8,40%
2025-12-06,F25,SWEATER,"5,112","2,886","1,117",44%
2025-12-06,F25,SWEATPANTS,"4,292","2,275",834,47%
2025-12-06,F25,TANK TOP,310,134,80,57%
2025-12-06,F25,TRACK JACKET,"44,209","23,422","9,584",47%
2025-12-06,F25,TRACK PANT,"37,186","19,187","8,159",48%
2025-12-06,F25,T-SHIRT,"2,256","1,159",497,49%
2025-12-06,F25,VEST,208,88,50,58%
2025-12-06,S24,FOOTWEAR,435,198,91,54%
2025-12-06,S24,SHORTS,78,22,13,72%
2025-12-06,S24,SPORT BRA,48,14,7,72%
2025-12-06,S24,TANK TOP,68,16,11,76%
2025-12-06,S24,TRACK PANT,715,209,159,71%
2025-12-06,S25,0,147,50,26,66%
2025-12-06,S25,ACCESSORIES,608,168,130,72%
2025-12-06,S25,BAG,955,223,525,77%
2025-12-06,S25,CABANA SHIRT,323,75,67,77%
2025-12-06,S25,CAMP SHIRT,88,40,15,55%
2025-12-06,S25,DRESS,345,103,69,70%
2025-12-06,S25,HAT,58,21,12,64%
2025-12-06,S25,HOODIE,813,289,175,65%
2025-12-06,S25,JACKET,495,130,96,74%
2025-12-06,S25,LEGGINGS,406,87,79,79%
2025-12-06,S25,LONG SLEEVE KNIT,"1,099",319,156,71%
2025-12-06,S25,PADDLE,58,49,10,15%
2025-12-06,S25,POLO,"5,319","1,728","1,011",68%
2025-12-06,S25,PULLOVER,"1,330",543,263,59%
2025-12-06,S25,SHORTS,"5,116","1,778","1,068",65%
2025-12-06,S25,SKIRT,284,67,61,76%
2025-12-06,S25,SKORT,408,120,66,71%
2025-12-06,S25,SOCKS,36,13,8,65%
2025-12-06,S25,SPORT BRA,68,19,17,72%
2025-12-06,S25,SWEATER,"2,615",811,649,69%
2025-12-06,S25,SWEATPANTS,0,-34,0,#DIV/0!
2025-12-06,S25,SWEATSHIRT,"1,210",424,198,65%
2025-12-06,S25,TANK TOP,706,195,122,72%
2025-12-06,S25,TRACK JACKET,"23,915","8,571","4,853",64%
2025-12-06,S25,TRACK PANT,"13,892","4,575","2,765",67%
2025-12-06,S25,T-SHIRT,"5,696","2,233",967,61%
2025-12-06,S25,VISOR,38,13,7,66%
2025-12-06,S26,CREWNECK,165,116,29,30%
2025-12-07,CORE,ACCESSORIES,96,47,33,52%
2025-12-07,CORE,SOCKS,558,305,124,45%
2025-12-07,CORE,TRACK JACKET,"23,360","14,660","4,678",37%
2025-12-07,CORE,TRACK PANT,"17,865","11,290","3,552",37%
2025-12-07,F23,OUTERWEAR,350,49,80,86%
2025-12-07,F23,SHORTS,136,34,26,75%
2025-12-07,F23,TRACK PANT,420,104,89,75%
2025-12-07,F24,0,145,71,53,51%
2025-12-07,F24,ACCESSORIES,"1,212",275,263,77%
2025-12-07,F24,CAMP SHIRT,135,24,31,83%
2025-12-07,F24,HOODIE,"2,550","1,845",493,28%
2025-12-07,F24,LEGGINGS,"1,100",266,211,76%
2025-12-07,F24,LONG SLEEVE KNIT,"1,286",312,268,76%
2025-12-07,F24,POLO,"2,780",713,"1,027",74%
2025-12-07,F24,SHORTS,"1,031",298,302,71%
2025-12-07,F24,SKIRT,156,27,69,83%
2025-12-07,F24,SPORT BRA,408,105,114,74%
2025-12-07,F24,SWEATPANTS,"2,500","1,483",500,41%
2025-12-07,F24,SWEATSHIRT,940,267,203,72%
2025-12-07,F24,TRACK JACKET,"5,780","1,984","1,411",66%
2025-12-07,F24,TRACK PANT,"5,680","1,661","1,200",71%
2025-12-07,F24,T-SHIRT,"1,146",311,388,73%
2025-12-07,F25,CABANA SHIRT,"1,350",727,320,46%
2025-12-07,F25,CREWNECK,"1,855","1,037",363,44%
2025-12-07,F25,CROP TOP,78,40,18,49%
2025-12-07,F25,DRESS,125,53,30,58%
2025-12-07,F25,HAT,"1,552",886,335,43%
2025-12-07,F25,HOODIE,"4,938","2,806",913,43%
2025-12-07,F25,KNITWEAR,"3,195","1,597",924,50%
2025-12-07,F25,LONG SLEEVE KNIT,"2,457","1,381",459,44%
2025-12-07,F25,OUTERWEAR,"2,700","1,490",576,45%
2025-12-07,F25,POLO,"1,665",740,371,56%
2025-12-07,F25,PULLOVER,"1,375",581,293,58%
2025-12-07,F25,SHORTS,"1,860",911,429,51%
2025-12-07,F25,SKIRT,78,47,17,40%
2025-12-07,F25,SKORT,262,155,52,41%
2025-12-07,F25,SOCKS,54,36,12,34%
2025-12-07,F25,SPORT BRA,48,17,8,64%
2025-12-07,F25,SWEATER,"7,004","3,813","1,537",46%
2025-12-07,F25,SWEATPANTS,"4,087","2,300",794,44%
2025-12-07,F25,TRACK JACKET,"50,775","26,517","11,089",48%
2025-12-07,F25,TRACK PANT,"43,006","22,408","9,468",48%
2025-12-07,F25,T-SHIRT,"1,568",835,323,47%
2025-12-07,F25,VEST,220,102,48,54%
2025-12-07,S24,FOOTWEAR,553,260,158,53%
2025-12-07,S24,SHORTS,68,26,13,61%
2025-12-07,S24,SKIRT,302,88,80,71%
2025-12-07,S24,TANK TOP,68,22,11,68%
2025-12-07,S24,TRACK JACKET,405,84,69,79%
2025-12-07,S24,TRACK PANT,615,217,172,65%
2025-12-07,S24,T-SHIRT,58,6,23,89%
2025-12-07,S25,0,88,40,18,55%
2025-12-07,S25,ACCESSORIES,626,177,131,72%
2025-12-07,S25,ACTIVE JACKET,125,5,26,96%
2025-12-07,S25,BAG,"1,545",313,906,80%
2025-12-07,S25,CABANA SHIRT,"1,348",435,296,68%
2025-12-07,S25,CAMP SHIRT,352,118,60,67%
2025-12-07,S25,DRESS,706,212,130,70%
2025-12-07,S25,HAT,174,56,36,68%
2025-12-07,S25,HOODIE,900,368,198,59%
2025-12-07,S25,JACKET,"1,155",390,224,66%
2025-12-07,S25,LEGGINGS,228,64,42,72%
2025-12-07,S25,LONG SLEEVE KNIT,"1,527",485,216,68%
2025-12-07,S25,PANTS,690,179,142,74%
2025-12-07,S25,POLO,"4,478","1,196",859,73%
2025-12-07,S25,PULLOVER,"1,080",469,213,57%
2025-12-07,S25,SHORTS,"7,526","2,459","1,552",67%
2025-12-07,S25,SKORT,294,80,69,73%
2025-12-07,S25,SOCKS,126,57,28,55%
2025-12-07,S25,SPORT BRA,68,19,17,72%
2025-12-07,S25,SWEATER,"3,990","1,063",944,73%
2025-12-07,S25,SWEATPANTS,264,54,54,80%
2025-12-07,S25,SWEATSHIRT,"1,650",662,270,60%
2025-12-07,S25,TANK TOP,406,111,85,73%
2025-12-07,S25,TRACK JACKET,"33,820","11,797","6,760",65%
2025-12-07,S25,TRACK PANT,"18,131","6,196","3,625",66%
2025-12-07,S25,T-SHIRT,"6,932","2,482","1,171",64%
2025-12-07,S25,VISOR,152,52,28,66%
2025-12-07,S26,ACCESSORIES,130,46,60,65%
2025-12-08,CORE,ACCESSORIES,36,11,10,69%
2025-12-08,CORE,SOCKS,180,99,40,45%
2025-12-08,CORE,TRACK JACKET,"18,780","11,346","3,636",40%
2025-12-08,CORE,TRACK PANT,"13,140","7,860","2,568",40%
2025-12-08,F23,OUTERWEAR,350,64,80,82%
2025-12-08,F23,POLO,78,17,14,78%
2025-12-08,F23,SHORTS,68,22,13,67%
2025-12-08,F23,TRACK PANT,220,90,46,59%
2025-12-08,F24,0,725,206,265,72%
2025-12-08,F24,ACCESSORIES,512,76,116,85%
2025-12-08,F24,CAMP SHIRT,-15,3,1,117%
2025-12-08,F24,DRESS,735,150,200,80%
2025-12-08,F24,HOODIE,"1,600",882,324,45%
2025-12-08,F24,LEGGINGS,550,111,106,80%
2025-12-08,F24,LONG SLEEVE KNIT,774,183,160,76%
2025-12-08,F24,OUTERWEAR,225,37,38,84%
2025-12-08,F24,POLO,"1,457",349,549,76%
2025-12-08,F24,SHORTS,"1,073",283,272,74%
2025-12-08,F24,SKIRT,265,78,58,70%
2025-12-08,F24,SPORT BRA,272,66,76,76%
2025-12-08,F24,SWEATPANTS,"1,000",473,200,53%
2025-12-08,F24,SWEATSHIRT,820,218,193,73%
2025-12-08,F24,TRACK JACKET,"4,965","1,997","1,219",60%
2025-12-08,F24,TRACK PANT,"5,565","1,823","1,175",67%
2025-12-08,F24,T-SHIRT,954,248,320,74%
2025-12-08,F25,CABANA SHIRT,"1,890",819,448,57%
2025-12-08,F25,CREWNECK,"1,462",732,283,50%
2025-12-08,F25,CROP TOP,146,79,34,46%
2025-12-08,F25,DRESS,500,288,114,42%
2025-12-08,F25,HAT,"1,324",760,288,43%
2025-12-08,F25,HOODIE,"3,790","2,190",693,42%
2025-12-08,F25,KNITWEAR,"2,130","1,100",609,48%
2025-12-08,F25,LEGGINGS,118,50,25,58%
2025-12-08,F25,LONG SLEEVE KNIT,"3,168","1,645",612,48%
2025-12-08,F25,OUTERWEAR,"4,175","2,422",878,42%
2025-12-08,F25,POLO,"1,749",935,395,47%
2025-12-08,F25,PULLOVER,625,285,135,54%
2025-12-08,F25,SHORTS,"3,334","1,561",767,53%
2025-12-08,F25,SKORT,234,113,54,52%
2025-12-08,F25,SOCKS,72,32,17,56%
2025-12-08,F25,SWEATER,"4,916","2,629","1,076",47%
2025-12-08,F25,SWEATPANTS,"2,907","1,595",566,45%
2025-12-08,F25,TANK TOP,58,44,15,24%
2025-12-08,F25,TRACK JACKET,"38,001","19,075","8,338",50%
2025-12-08,F25,TRACK PANT,"32,158","15,598","7,102",51%
2025-12-08,F25,T-SHIRT,"2,602","1,329",570,49%
2025-12-08,F25,VEST,98,41,26,58%
2025-12-08,S24,FOOTWEAR,295,124,50,58%
2025-12-08,S24,OUTERWEAR,150,44,28,71%
2025-12-08,S24,SHORTS,100,27,23,73%
2025-12-08,S24,SKIRT,68,23,9,66%
2025-12-08,S24,SPORT BRA,48,27,7,45%
2025-12-08,S24,TRACK JACKET,810,129,138,84%
2025-12-08,S24,TRACK PANT,323,85,88,74%
2025-12-08,S25,0,501,101,75,80%
2025-12-08,S25,ACCESSORIES,"1,280",359,265,72%
2025-12-08,S25,ACTIVE JACKET,-125,-26,-26,79%
2025-12-08,S25,BAG,220,43,100,81%
2025-12-08,S25,CABANA SHIRT,753,248,174,67%
2025-12-08,S25,CAMP SHIRT,88,40,15,55%
2025-12-08,S25,DRESS,610,198,119,68%
2025-12-08,S25,HAT,116,40,24,65%
2025-12-08,S25,HOODIE,600,219,132,64%
2025-12-08,S25,JACKET,165,52,32,69%
2025-12-08,S25,LEGGINGS,524,106,99,80%
2025-12-08,S25,LONG SLEEVE KNIT,"1,021",314,146,69%
2025-12-08,S25,PANTS,270,120,54,55%
2025-12-08,S25,POLO,"2,105",642,408,70%
2025-12-08,S25,PULLOVER,"1,110",413,221,63%
2025-12-08,S25,SHORTS,"5,472","1,795","1,139",67%
2025-12-08,S25,SKIRT,312,108,35,65%
2025-12-08,S25,SKORT,380,113,69,70%
2025-12-08,S25,SOCKS,54,19,12,64%
2025-12-08,S25,SPORT BRA,68,19,17,72%
2025-12-08,S25,SWEATER,730,177,180,76%
2025-12-08,S25,SWEATPANTS,186,37,36,80%
2025-12-08,S25,SWEATSHIRT,770,263,126,66%
2025-12-08,S25,TANK TOP,750,269,144,64%
2025-12-08,S25,TRACK JACKET,"23,070","7,526","4,591",67%
2025-12-08,S25,TRACK PANT,"9,707","3,313","1,970",66%
2025-12-08,S25,T-SHIRT,"5,398","2,058",889,62%
2025-12-08,S25,VISOR,76,22,14,71%
2025-12-09,CORE,ACCESSORIES,84,30,34,64%
2025-12-09,CORE,SOCKS,324,176,72,46%
2025-12-09,CORE,TRACK JACKET,"16,730","10,567","3,334",37%
2025-12-09,CORE,TRACK PANT,"11,775","7,128","2,332",39%
2025-12-09,F23,OUTERWEAR,175,26,40,85%
2025-12-09,F23,SHORTS,68,18,13,73%
2025-12-09,F24,0,145,44,53,70%
2025-12-09,F24,ACCESSORIES,168,29,40,83%
2025-12-09,F24,CAMP SHIRT,135,29,31,79%
2025-12-09,F24,DRESS,405,91,66,77%
2025-12-09,F24,HOODIE,"2,700","1,898",522,30%
2025-12-09,F24,LEGGINGS,770,203,147,74%
2025-12-09,F24,POLO,"2,773",610,"1,009",78%
2025-12-09,F24,SHORTS,"1,403",324,399,77%
2025-12-09,F24,SKIRT,520,106,202,80%
2025-12-09,F24,SPORT BRA,204,58,57,72%
2025-12-09,F24,SWEATPANTS,"2,250","1,425",450,37%
2025-12-09,F24,SWEATSHIRT,375,124,78,67%
2025-12-09,F24,TRACK JACKET,"5,065","1,657","1,237",67%
2025-12-09,F24,TRACK PANT,"4,435","1,226",974,72%
2025-12-09,F24,T-SHIRT,886,248,313,72%
2025-12-09,F25,CABANA SHIRT,"1,350",652,318,52%
2025-12-09,F25,CREWNECK,"2,039",925,385,55%
2025-12-09,F25,DRESS,375,211,81,44%
2025-12-09,F25,HAT,840,516,178,39%
2025-12-09,F25,HOODIE,"2,212","1,265",400,43%
2025-12-09,F25,KNITWEAR,"3,065","1,385",833,55%
2025-12-09,F25,LEGGINGS,118,50,25,58%
2025-12-09,F25,LONG SLEEVE KNIT,"2,961","1,653",549,44%
2025-12-09,F25,OUTERWEAR,"3,600","1,964",784,45%
2025-12-09,F25,POLO,"1,653",843,367,49%
2025-12-09,F25,PULLOVER,875,386,185,56%
2025-12-09,F25,SHORTS,"2,472","1,208",583,51%
2025-12-09,F25,SKORT,282,147,63,48%
2025-12-09,F25,SOCKS,18,11,4,41%
2025-12-09,F25,SPORT BRA,48,29,8,40%
2025-12-09,F25,SWEATER,"3,627","2,117",802,42%
2025-12-09,F25,SWEATPANTS,"4,678","2,300",895,51%
2025-12-09,F25,TANK TOP,214,90,55,58%
2025-12-09,F25,TRACK JACKET,"37,722","19,209","8,251",49%
2025-12-09,F25,TRACK PANT,"32,286","15,744","7,137",51%
2025-12-09,F25,T-SHIRT,"1,158",502,237,57%
2025-12-09,F25,VEST,98,41,26,58%
2025-12-09,S23,CAMP SHIRT,118,12,26,90%
2025-12-09,S24,FOOTWEAR,993,412,253,58%
2025-12-09,S24,POLO,125,31,20,75%
2025-12-09,S24,SHORTS,227,84,45,63%
2025-12-09,S24,SPORT BRA,126,30,23,76%
2025-12-09,S24,TRACK JACKET,135,30,23,78%
2025-12-09,S24,TRACK PANT,495,145,123,71%
2025-12-09,S24,T-SHIRT,58,9,23,85%
2025-12-09,S25,0,295,62,41,79%
2025-12-09,S25,ACCESSORIES,"1,008",277,207,72%
2025-12-09,S25,ACTIVE JACKET,125,35,26,72%
2025-12-09,S25,CABANA SHIRT,760,227,161,70%
2025-12-09,S25,CAMP SHIRT,264,92,45,65%
2025-12-09,S25,DRESS,500,211,100,58%
2025-12-09,S25,HAT,232,81,48,65%
2025-12-09,S25,HOODIE,688,145,149,79%
2025-12-09,S25,JACKET,165,67,32,59%
2025-12-09,S25,LEGGINGS,50,29,5,42%
2025-12-09,S25,LONG SLEEVE KNIT,312,59,40,81%
2025-12-09,S25,PANTS,"1,050",344,220,67%
2025-12-09,S25,POLO,"3,615","1,165",693,68%
2025-12-09,S25,PULLOVER,"1,095",415,217,62%
2025-12-09,S25,SHORTS,"6,244","1,917","1,308",69%
2025-12-09,S25,SKIRT,58,14,11,76%
2025-12-09,S25,SKORT,"1,146",373,259,67%
2025-12-09,S25,SOCKS,90,41,20,54%
2025-12-09,S25,SPORT BRA,68,23,17,66%
2025-12-09,S25,SWEATER,"3,465",990,824,71%
2025-12-09,S25,SWEATPANTS,0,-9,0,#DIV/0!
2025-12-09,S25,SWEATSHIRT,440,142,72,68%
2025-12-09,S25,TANK TOP,126,42,22,66%
2025-12-09,S25,TRACK JACKET,"28,735","8,725","5,611",70%
2025-12-09,S25,TRACK PANT,"11,271","3,782","2,227",66%
2025-12-09,S25,T-SHIRT,"5,518","1,939",949,65%
2025-12-09,S25,VISOR,38,15,7,60%
2025-12-10,CORE,SOCKS,378,192,84,49%
2025-12-10,CORE,TRACK JACKET,"18,560","11,363","3,682",39%
2025-12-10,CORE,TRACK PANT,"14,685","8,966","2,939",39%
2025-12-10,F23,SHORTS,68,18,13,73%
2025-12-10,F23,TRACK PANT,150,22,27,85%
2025-12-10,F24,0,290,34,106,88%
2025-12-10,F24,CAMP SHIRT,270,47,62,83%
2025-12-10,F24,DRESS,620,120,163,81%
2025-12-10,F24,HOODIE,"2,550","1,675",493,34%
2025-12-10,F24,LEGGINGS,220,60,42,73%
2025-12-10,F24,LONG SLEEVE KNIT,840,189,176,77%
2025-12-10,F24,POLO,"1,736",434,551,75%
2025-12-10,F24,SHORTS,"1,734",441,470,75%
2025-12-10,F24,SPORT BRA,136,46,38,66%
2025-12-10,F24,SWEATPANTS,"1,625",918,325,44%
2025-12-10,F24,SWEATSHIRT,375,143,78,62%
2025-12-10,F24,TRACK JACKET,"2,835","1,027",681,64%
2025-12-10,F24,TRACK PANT,"3,420","1,222",732,64%
2025-12-10,F24,T-SHIRT,"1,674",408,682,76%
2025-12-10,F25,CABANA SHIRT,"1,080",518,256,52%
2025-12-10,F25,CREWNECK,"1,682",812,331,52%
2025-12-10,F25,DRESS,625,358,141,43%
2025-12-10,F25,HAT,"1,582",958,339,39%
2025-12-10,F25,HOODIE,"3,958","2,254",714,43%
2025-12-10,F25,KNITWEAR,"2,645","1,178",695,55%
2025-12-10,F25,LEGGINGS,110,-29,24,127%
2025-12-10,F25,LONG SLEEVE KNIT,"1,896",972,354,49%
2025-12-10,F25,OUTERWEAR,"2,700","1,419",568,47%
2025-12-10,F25,POLO,"1,993",836,445,58%
2025-12-10,F25,PULLOVER,875,458,189,48%
2025-12-10,F25,SHORTS,"1,388",676,319,51%
2025-12-10,F25,SKORT,88,53,22,40%
2025-12-10,F25,SOCKS,54,34,12,37%
2025-12-10,F25,SWEATER,"3,671","1,891",808,48%
2025-12-10,F25,SWEATPANTS,"3,012","1,612",580,46%
2025-12-10,F25,TRACK JACKET,"39,677","20,843","8,606",47%
2025-12-10,F25,TRACK PANT,"32,703","16,845","7,176",48%
2025-12-10,F25,T-SHIRT,996,529,208,47%
2025-12-10,F25,VEST,318,131,74,59%
2025-12-10,S24,DRESS,176,60,38,66%
2025-12-10,S24,FOOTWEAR,671,213,178,68%
2025-12-10,S24,POLO,68,26,12,63%
2025-12-10,S24,SKIRT,224,51,65,77%
2025-12-10,S24,SWEATPANTS,88,25,16,72%
2025-12-10,S24,TRACK JACKET,405,54,69,87%
2025-12-10,S24,TRACK PANT,203,51,34,75%
2025-12-10,S24,T-SHIRT,58,1,23,98%
2025-12-10,S25,0,59,4,8,94%
2025-12-10,S25,ACCESSORIES,540,139,115,74%
2025-12-10,S25,CABANA SHIRT,770,207,169,73%
2025-12-10,S25,CAMP SHIRT,88,28,15,68%
2025-12-10,S25,DRESS,235,86,48,64%
2025-12-10,S25,HAT,58,17,12,70%
2025-12-10,S25,HOODIE,300,131,66,56%
2025-12-10,S25,JACKET,495,97,96,81%
2025-12-10,S25,LEGGINGS,220,62,41,72%
2025-12-10,S25,LONG SLEEVE KNIT,"1,014",374,130,63%
2025-12-10,S25,PANTS,840,189,176,78%
2025-12-10,S25,POLO,"3,297",992,637,70%
2025-12-10,S25,PULLOVER,375,135,75,64%
2025-12-10,S25,SHORTS,"6,712","2,152","1,374",68%
2025-12-10,S25,SKIRT,146,48,32,67%
2025-12-10,S25,SKORT,332,118,68,64%
2025-12-10,S25,SOCKS,72,21,16,71%
2025-12-10,S25,SPORT BRA,68,19,17,72%
2025-12-10,S25,SWEATER,935,186,231,80%
2025-12-10,S25,SWEATPANTS,186,40,36,79%
2025-12-10,S25,SWEATSHIRT,880,321,144,64%
2025-12-10,S25,TANK TOP,400,140,61,65%
2025-12-10,S25,TRACK JACKET,"31,675","10,025","6,574",68%
2025-12-10,S25,TRACK PANT,"12,664","4,395","2,599",65%
2025-12-10,S25,T-SHIRT,"5,902","2,078","1,005",65%
2025-12-10,S25,VISOR,38,9,7,76%
2025-12-11,CORE,ACCESSORIES,30,16,11,47%
2025-12-11,CORE,HAT,42,30,7,29%
2025-12-11,CORE,SOCKS,450,200,100,55%
2025-12-11,CORE,TRACK JACKET,"19,045","11,340","3,728",40%
2025-12-11,CORE,TRACK PANT,"13,465","7,989","2,680",41%
2025-12-11,F23,SHORTS,68,24,13,65%
2025-12-11,F23,TRACK PANT,125,39,23,69%
2025-12-11,F24,0,290,8,106,97%
2025-12-11,F24,DRESS,310,78,76,75%
2025-12-11,F24,HOODIE,600,338,116,44%
2025-12-11,F24,LEGGINGS,550,130,105,76%
2025-12-11,F24,LONG SLEEVE KNIT,595,126,130,79%
2025-12-11,F24,POLO,"1,342",313,516,77%
2025-12-11,F24,SHORTS,"1,618",446,484,72%
2025-12-11,F24,SKIRT,88,26,39,70%
2025-12-11,F24,SPORT BRA,136,36,38,74%
2025-12-11,F24,SWEATPANTS,"1,223",520,243,58%
2025-12-11,F24,SWEATSHIRT,625,186,130,70%
2025-12-11,F24,TRACK JACKET,"4,685","1,726","1,175",63%
2025-12-11,F24,TRACK PANT,"4,365","1,373",940,69%
2025-12-11,F24,T-SHIRT,"1,042",281,402,73%
2025-12-11,F25,CABANA SHIRT,"1,350",523,317,61%
2025-12-11,F25,CREWNECK,"1,573",752,297,52%
2025-12-11,F25,CROP TOP,-78,-35,-18,55%
2025-12-11,F25,HAT,"1,072",591,228,45%
2025-12-11,F25,HOODIE,"3,682","2,156",683,41%
2025-12-11,F25,KNITWEAR,"1,295",729,348,44%
2025-12-11,F25,LONG SLEEVE KNIT,"3,594","1,833",690,49%
2025-12-11,F25,OUTERWEAR,"5,050","2,760","1,065",45%
2025-12-11,F25,POLO,904,532,202,41%
2025-12-11,F25,PULLOVER,-125,-68,-25,46%
2025-12-11,F25,SHORTS,"1,490",646,339,57%
2025-12-11,F25,SKIRT,156,80,36,49%
2025-12-11,F25,SKORT,-118,-51,-34,57%
2025-12-11,F25,SOCKS,18,13,4,30%
2025-12-11,F25,SWEATER,"4,078","2,126",904,48%
2025-12-11,F25,SWEATPANTS,"2,947","1,573",570,47%
2025-12-11,F25,TRACK JACKET,"47,115","24,680","10,295",48%
2025-12-11,F25,TRACK PANT,"39,814","20,339","8,762",49%
2025-12-11,F25,T-SHIRT,"1,124",617,242,45%
2025-12-11,S23,CAMP SHIRT,118,17,26,86%
2025-12-11,S24,DRESS,330,84,88,75%
2025-12-11,S24,FOOTWEAR,531,196,90,63%
2025-12-11,S24,SHORTS,156,47,26,70%
2025-12-11,S24,SKIRT,68,12,9,83%
2025-12-11,S24,SPORT BRA,78,24,16,69%
2025-12-11,S24,SWEATPANTS,88,17,16,81%
2025-12-11,S24,TRACK JACKET,265,32,39,88%
2025-12-11,S24,TRACK PANT,250,64,46,75%
2025-12-11,S24,T-SHIRT,58,5,23,91%
2025-12-11,S25,0,176,60,36,66%
2025-12-11,S25,ACCESSORIES,930,305,198,67%
2025-12-11,S25,BAG,110,17,50,85%
2025-12-11,S25,CABANA SHIRT,"1,911",549,435,71%
2025-12-11,S25,DRESS,360,89,69,75%
2025-12-11,S25,HAT,290,108,60,63%
2025-12-11,S25,HOODIE,563,217,123,62%
2025-12-11,S25,JACKET,165,73,32,56%
2025-12-11,S25,LEGGINGS,126,22,22,83%
2025-12-11,S25,LONG SLEEVE KNIT,312,125,40,60%
2025-12-11,S25,PANTS,210,13,44,94%
2025-12-11,S25,POLO,"1,698",463,339,73%
2025-12-11,S25,PULLOVER,735,319,146,57%
2025-12-11,S25,SHORTS,"6,227","2,082","1,291",67%
2025-12-11,S25,SKIRT,58,23,11,60%
2025-12-11,S25,SKORT,302,97,56,68%
2025-12-11,S25,SOCKS,72,28,16,61%
2025-12-11,S25,SWEATER,"1,220",418,278,66%
2025-12-11,S25,SWEATPANTS,176,37,36,79%
2025-12-11,S25,SWEATSHIRT,990,316,163,68%
2025-12-11,S25,TANK TOP,426,133,70,69%
2025-12-11,S25,TRACK JACKET,"24,275","7,942","4,813",67%
2025-12-11,S25,TRACK PANT,"11,817","4,032","2,342",66%
2025-12-11,S25,T-SHIRT,"4,928","1,911",851,61%
2025-12-12,CORE,ACCESSORIES,66,30,22,55%
2025-12-12,CORE,SOCKS,288,176,64,39%
2025-12-12,CORE,TRACK JACKET,"14,320","8,994","2,774",37%
2025-12-12,CORE,TRACK PANT,"10,320","6,423","2,029",38%
2025-12-12,F23,POLO,78,17,14,78%
2025-12-12,F23,SHORTS,136,50,26,63%
2025-12-12,F24,0,290,37,106,87%
2025-12-12,F24,DRESS,715,166,142,77%
2025-12-12,F24,HOODIE,"1,650","1,245",319,25%
2025-12-12,F24,LEGGINGS,440,126,84,71%
2025-12-12,F24,LONG SLEEVE KNIT,892,209,184,77%
2025-12-12,F24,POLO,"1,921",452,791,76%
2025-12-12,F24,SHORTS,"1,651",412,429,75%
2025-12-12,F24,SKIRT,88,26,39,70%
2025-12-12,F24,SPORT BRA,204,82,57,60%
2025-12-12,F24,SWEATPANTS,"1,250",683,250,45%
2025-12-12,F24,SWEATSHIRT,875,248,182,72%
2025-12-12,F24,TRACK JACKET,"5,245","1,888","1,296",64%
2025-12-12,F24,TRACK PANT,"4,480","1,562",986,65%
2025-12-12,F24,T-SHIRT,622,183,253,71%
2025-12-12,F25,CABANA SHIRT,675,369,160,45%
2025-12-12,F25,CREWNECK,"1,253",629,247,50%
2025-12-12,F25,DRESS,125,75,27,40%
2025-12-12,F25,HAT,506,320,109,37%
2025-12-12,F25,HOODIE,"2,570","1,396",476,46%
2025-12-12,F25,KNITWEAR,"2,280","1,089",623,52%
2025-12-12,F25,LEGGINGS,346,156,74,55%
2025-12-12,F25,LONG SLEEVE KNIT,"2,109","1,194",393,43%
2025-12-12,F25,OUTERWEAR,"1,550",594,332,62%
2025-12-12,F25,POLO,"1,499",741,334,51%
2025-12-12,F25,PULLOVER,"1,750",821,368,53%
2025-12-12,F25,SHORTS,"1,424",726,331,49%
2025-12-12,F25,SKIRT,156,73,38,53%
2025-12-12,F25,SKORT,58,35,10,40%
2025-12-12,F25,SOCKS,18,11,4,41%
2025-12-12,F25,SPORT BRA,48,25,8,49%
2025-12-12,F25,SWEATER,"2,514","1,457",547,42%
2025-12-12,F25,SWEATPANTS,"2,505","1,479",484,41%
2025-12-12,F25,TANK TOP,78,35,20,56%
2025-12-12,F25,TRACK JACKET,"36,439","18,203","7,905",50%
2025-12-12,F25,TRACK PANT,"34,090","16,864","7,421",51%
2025-12-12,F25,T-SHIRT,"1,264",672,270,47%
2025-12-12,S24,FOOTWEAR,634,390,189,38%
2025-12-12,S24,OUTERWEAR,150,31,28,80%
2025-12-12,S24,SHORTS,331,85,70,74%
2025-12-12,S24,SKIRT,146,33,37,78%
2025-12-12,S24,SPORT BRA,64,14,15,79%
2025-12-12,S24,SWEATER,150,23,37,85%
2025-12-12,S24,TANK TOP,78,10,12,87%
2025-12-12,S24,TRACK PANT,0,-2,0,#DIV/0!
2025-12-12,S25,0,-59,-17,-8,71%
2025-12-12,S25,ACCESSORIES,146,64,30,57%
2025-12-12,S25,ACTIVE JACKET,-125,-56,-26,55%
2025-12-12,S25,BAG,220,43,100,81%
2025-12-12,S25,CABANA SHIRT,878,262,198,70%
2025-12-12,S25,CAMP SHIRT,176,62,30,65%
2025-12-12,S25,DRESS,235,82,48,65%
2025-12-12,S25,HAT,174,67,36,61%
2025-12-12,S25,HOODIE,-150,-31,-33,80%
2025-12-12,S25,JACKET,825,275,160,67%
2025-12-12,S25,LEGGINGS,-422,-185,-78,56%
2025-12-12,S25,LONG SLEEVE KNIT,"1,030",247,152,76%
2025-12-12,S25,PANTS,"1,395",371,291,73%
2025-12-12,S25,POLO,"2,508",820,468,67%
2025-12-12,S25,PULLOVER,"1,065",440,209,59%
2025-12-12,S25,SHORTS,"5,938","1,869","1,213",69%
2025-12-12,S25,SKIRT,58,31,-16,47%
2025-12-12,S25,SKORT,186,65,41,65%
2025-12-12,S25,SOCKS,36,14,8,62%
2025-12-12,S25,SPORT BRA,68,23,17,66%
2025-12-12,S25,SWEATER,"2,400",539,574,78%
2025-12-12,S25,SWEATPANTS,264,55,54,79%
2025-12-12,S25,SWEATSHIRT,990,315,162,68%
2025-12-12,S25,TANK TOP,158,22,30,86%
2025-12-12,S25,TRACK JACKET,"26,900","8,888","5,386",67%
2025-12-12,S25,TRACK PANT,"10,257","3,565","2,061",65%
2025-12-12,S25,T-SHIRT,"4,050","1,462",682,64%
2025-12-12,S26,BOMBER JACKET,-260,-130,-97,50%
2025-12-12,S26,T-SHIRT,65,65,18,0%
2025-12-13,CORE,ACCESSORIES,18,7,5,61%
2025-12-13,CORE,SOCKS,324,175,72,46%
2025-12-13,CORE,TRACK JACKET,"16,515","10,052","3,270",39%
2025-12-13,CORE,TRACK PANT,"12,350","7,724","2,499",37%
2025-12-13,F23,OUTERWEAR,175,38,40,79%
2025-12-13,F23,SWEATPANTS,88,38,16,57%
2025-12-13,F24,0,435,75,159,83%
2025-12-13,F24,CAMP SHIRT,270,47,62,83%
2025-12-13,F24,DRESS,135,29,22,79%
2025-12-13,F24,HOODIE,"1,250",444,271,65%
2025-12-13,F24,LONG SLEEVE KNIT,210,53,44,75%
2025-12-13,F24,POLO,"1,917",437,702,77%
2025-12-13,F24,SHORTS,"1,540",373,427,76%
2025-12-13,F24,SPORT BRA,272,100,76,63%
2025-12-13,F24,SWEATPANTS,"1,473",498,293,66%
2025-12-13,F24,SWEATSHIRT,"1,000",276,208,72%
2025-12-13,F24,TRACK JACKET,"4,010","1,330",955,67%
2025-12-13,F24,TRACK PANT,"2,915",992,668,66%
2025-12-13,F24,T-SHIRT,903,202,398,78%
2025-12-13,F25,CABANA SHIRT,"2,700","1,293",636,52%
2025-12-13,F25,CREWNECK,"2,452","1,113",463,55%
2025-12-13,F25,HAT,776,484,168,38%
2025-12-13,F25,HOODIE,"3,654","2,124",670,42%
2025-12-13,F25,KNITWEAR,"3,890","1,849","1,027",52%
2025-12-13,F25,LEGGINGS,110,40,24,64%
2025-12-13,F25,LONG SLEEVE KNIT,"2,202","1,244",426,44%
2025-12-13,F25,OUTERWEAR,"2,548","1,366",547,46%
2025-12-13,F25,POLO,"1,586",802,361,49%
2025-12-13,F25,PULLOVER,625,248,134,60%
2025-12-13,F25,SHORTS,"2,700","1,200",624,56%
2025-12-13,F25,SKIRT,-156,-70,-34,55%
2025-12-13,F25,SKORT,204,134,42,34%
2025-12-13,F25,SPORT BRA,48,20,8,58%
2025-12-13,F25,SWEATER,"3,492","2,045",767,41%
2025-12-13,F25,SWEATPANTS,"3,005","1,458",570,51%
2025-12-13,F25,TANK TOP,214,92,55,57%
2025-12-13,F25,TRACK JACKET,"39,543","20,279","8,600",49%
2025-12-13,F25,TRACK PANT,"33,337","16,931","7,274",49%
2025-12-13,F25,T-SHIRT,834,473,171,43%
2025-12-13,F25,VEST,110,40,24,64%
2025-12-13,S24,FOOTWEAR,617,286,126,54%
2025-12-13,S24,SHORTS,68,26,13,61%
2025-12-13,S24,TANK TOP,48,20,9,58%
2025-12-13,S24,TRACK PANT,698,158,151,77%
2025-12-13,S25,0,264,93,54,65%
2025-12-13,S25,ACCESSORIES,"1,012",190,214,81%
2025-12-13,S25,ACTIVE JACKET,125,43,26,66%
2025-12-13,S25,BAG,110,19,50,83%
2025-12-13,S25,CABANA SHIRT,"1,095",331,232,70%
2025-12-13,S25,CAMP SHIRT,352,131,60,63%
2025-12-13,S25,DRESS,345,136,69,61%
2025-12-13,S25,HAT,58,17,12,70%
2025-12-13,S25,HOODIE,150,77,33,49%
2025-12-13,S25,JACKET,825,296,160,64%
2025-12-13,S25,LEGGINGS,228,80,41,65%
2025-12-13,S25,LONG SLEEVE KNIT,"1,295",403,176,69%
2025-12-13,S25,PANTS,750,221,152,71%
2025-12-13,S25,POLO,"1,772",532,329,70%
2025-12-13,S25,PULLOVER,455,218,88,52%
2025-12-13,S25,SHORTS,"4,267","1,373",865,68%
2025-12-13,S25,SKIRT,392,138,73,65%
2025-12-13,S25,SKORT,352,126,75,64%
2025-12-13,S25,SOCKS,36,15,8,58%
2025-12-13,S25,SWEATER,950,212,213,78%
2025-12-13,S25,SWEATPANTS,176,37,36,79%
2025-12-13,S25,SWEATSHIRT,"1,540",490,252,68%
2025-12-13,S25,TANK TOP,68,31,12,55%
2025-12-13,S25,TRACK JACKET,"24,750","8,223","5,038",67%
2025-12-13,S25,TRACK PANT,"11,993","4,257","2,429",65%
2025-12-13,S25,T-SHIRT,"3,926","1,543",675,61%
2025-12-13,S26,BUTTON DOWN SHIRT,165,116,70,30%
2025-12-14,CORE,ACCESSORIES,42,27,17,36%
2025-12-14,CORE,SOCKS,486,279,109,43%
2025-12-14,CORE,TRACK JACKET,"14,750","9,547","2,902",35%
2025-12-14,CORE,TRACK PANT,"10,400","6,347","2,024",39%
2025-12-14,F22,SHORTS,156,35,28,78%
2025-12-14,F23,POLO,78,21,14,73%
2025-12-14,F23,SWEATPANTS,88,32,16,64%
2025-12-14,F23,TRACK PANT,150,27,27,82%
2025-12-14,F24,0,290,80,106,72%
2025-12-14,F24,ACCESSORIES,42,11,10,75%
2025-12-14,F24,CAMP SHIRT,150,26,30,83%
2025-12-14,F24,DRESS,0,0,0,#DIV/0!
2025-12-14,F24,HOODIE,"1,350",975,261,28%
2025-12-14,F24,LEGGINGS,770,179,147,77%
2025-12-14,F24,LONG SLEEVE KNIT,0,-24,0,#DIV/0!
2025-12-14,F24,POLO,"2,008",434,775,78%
2025-12-14,F24,SHORTS,"1,581",421,391,73%
2025-12-14,F24,SKIRT,88,18,16,79%
2025-12-14,F24,SPORT BRA,204,56,57,73%
2025-12-14,F24,SWEATPANTS,750,518,150,31%
2025-12-14,F24,SWEATSHIRT,0,15,0,#DIV/0!
2025-12-14,F24,TRACK JACKET,"2,260",910,554,60%
2025-12-14,F24,TRACK PANT,"3,365","1,030",695,69%
2025-12-14,F24,T-SHIRT,"1,530",370,626,76%
2025-12-14,F25,CABANA SHIRT,"1,890",738,445,61%
2025-12-14,F25,CONTOUR JACKET,135,57,29,58%
2025-12-14,F25,CREWNECK,"1,928",965,363,50%
2025-12-14,F25,DRESS,250,123,54,51%
2025-12-14,F25,HAT,346,205,74,41%
2025-12-14,F25,HOODIE,"2,984","1,696",551,43%
2025-12-14,F25,KNITWEAR,"2,750","1,389",694,49%
2025-12-14,F25,LEGGINGS,-110,-40,-24,64%
2025-12-14,F25,LONG SLEEVE KNIT,"2,145","1,199",411,44%
2025-12-14,F25,OUTERWEAR,"2,000","1,076",426,46%
2025-12-14,F25,POLO,"1,788",995,403,44%
2025-12-14,F25,PULLOVER,500,191,108,62%
2025-12-14,F25,SHORTS,"1,834",809,421,56%
2025-12-14,F25,SKIRT,156,80,36,49%
2025-12-14,F25,SKORT,88,43,22,51%
2025-12-14,F25,SWEATER,"3,183","1,975",696,38%
2025-12-14,F25,SWEATPANTS,"3,532","1,987",679,44%
2025-12-14,F25,TANK TOP,58,25,15,58%
2025-12-14,F25,TRACK JACKET,"32,223","17,495","7,017",46%
2025-12-14,F25,TRACK PANT,"26,690","14,165","5,855",47%
2025-12-14,F25,T-SHIRT,"1,906",935,343,51%
2025-12-14,S23,CAMP SHIRT,118,14,26,88%
2025-12-14,S24,DRESS,165,50,44,70%
2025-12-14,S24,FOOTWEAR,376,190,81,50%
2025-12-14,S24,SHORTS,324,97,62,70%
2025-12-14,S24,SKIRT,78,26,15,66%
2025-12-14,S24,TANK TOP,136,33,22,76%
2025-12-14,S24,TRACK JACKET,135,21,23,84%
2025-12-14,S24,TRACK PANT,203,51,43,75%
2025-12-14,S25,0,59,10,8,82%
2025-12-14,S25,ACCESSORIES,"1,218",327,259,73%
2025-12-14,S25,CABANA SHIRT,698,222,142,68%
2025-12-14,S25,CAMP SHIRT,528,192,90,64%
2025-12-14,S25,HAT,58,15,12,75%
2025-12-14,S25,HOODIE,750,293,165,61%
2025-12-14,S25,JACKET,330,104,64,69%
2025-12-14,S25,LEGGINGS,220,75,40,66%
2025-12-14,S25,LONG SLEEVE KNIT,546,215,70,61%
2025-12-14,S25,PANTS,345,125,71,64%
2025-12-14,S25,POLO,"3,625","1,286",669,65%
2025-12-14,S25,PULLOVER,485,201,96,59%
2025-12-14,S25,SHORTS,"4,580","1,507",932,67%
2025-12-14,S25,SKIRT,340,119,56,65%
2025-12-14,S25,SKORT,450,162,98,64%
2025-12-14,S25,SOCKS,306,110,68,64%
2025-12-14,S25,SWEATER,"2,120",529,503,75%
2025-12-14,S25,SWEATSHIRT,880,320,144,64%
2025-12-14,S25,TANK TOP,474,135,86,72%
2025-12-14,S25,TRACK JACKET,"14,705","5,181","3,035",65%
2025-12-14,S25,TRACK PANT,"8,703","2,913","1,756",67%
2025-12-14,S25,T-SHIRT,"7,910","2,968","1,344",62%
2025-12-14,S25,VISOR,0,0,0,#DIV/0!
2025-12-14,S26,T-SHIRT,65,46,18,30%
2025-12-15,CORE,SOCKS,198,103,44,48%
2025-12-15,CORE,TRACK JACKET,"16,000","9,948","3,038",38%
2025-12-15,CORE,TRACK PANT,"11,190","6,949","2,094",38%
2025-12-15,F23,TRACK PANT,150,22,27,85%
2025-12-15,F24,ACCESSORIES,-42,-11,-10,75%
2025-12-15,F24,DRESS,425,90,124,79%
2025-12-15,F24,HOODIE,450,315,87,30%
2025-12-15,F24,LEGGINGS,330,76,63,77%
2025-12-15,F24,LONG SLEEVE KNIT,210,45,44,79%
2025-12-15,F24,OUTERWEAR,-225,-32,-50,86%
2025-12-15,F24,POLO,"1,841",374,807,80%
2025-12-15,F24,SHORTS,994,213,278,79%
2025-12-15,F24,SKIRT,264,75,94,72%
2025-12-15,F24,SPORT BRA,204,60,57,70%
2025-12-15,F24,SWEATPANTS,625,355,125,43%
2025-12-15,F24,SWEATSHIRT,250,69,52,72%
2025-12-15,F24,TRACK JACKET,"3,660","1,627",922,56%
2025-12-15,F24,TRACK PANT,"4,355","1,573",945,64%
2025-12-15,F24,T-SHIRT,"1,108",283,391,74%
2025-12-15,F25,CABANA SHIRT,"1,755",830,415,53%
2025-12-15,F25,CREWNECK,"1,235",566,234,54%
2025-12-15,F25,DRESS,0,24,3,#DIV/0!
2025-12-15,F25,HAT,578,345,124,40%
2025-12-15,F25,HOODIE,"3,734","2,000",696,46%
2025-12-15,F25,KNITWEAR,"2,615","1,323",675,49%
2025-12-15,F25,LEGGINGS,110,66,24,40%
2025-12-15,F25,LONG SLEEVE KNIT,"2,280","1,315",438,42%
2025-12-15,F25,OUTERWEAR,"2,252","1,289",509,43%
2025-12-15,F25,POLO,602,280,128,53%
2025-12-15,F25,PULLOVER,"2,000",788,428,61%
2025-12-15,F25,SHORTS,"2,012",954,463,53%
2025-12-15,F25,SKORT,-20,-6,-11,69%
2025-12-15,F25,SOCKS,0,7,0,#DIV/0!
2025-12-15,F25,SPORT BRA,48,29,8,40%
2025-12-15,F25,SWEATER,"2,862","1,572",623,45%
2025-12-15,F25,SWEATPANTS,"3,109","1,466",605,53%
2025-12-15,F25,TANK TOP,234,99,60,58%
2025-12-15,F25,TRACK JACKET,"41,906","22,297","9,101",47%
2025-12-15,F25,TRACK PANT,"37,391","19,586","8,210",48%
2025-12-15,F25,T-SHIRT,"1,192",588,237,51%
2025-12-15,S24,DRESS,165,35,44,79%
2025-12-15,S24,FOOTWEAR,440,157,96,64%
2025-12-15,S24,SHORTS,100,23,23,77%
2025-12-15,S24,SKORT,88,31,19,65%
2025-12-15,S24,SPORT BRA,156,44,32,72%
2025-12-15,S24,TRACK PANT,328,82,75,75%
2025-12-15,S25,0,323,123,62,62%
2025-12-15,S25,ACCESSORIES,648,186,138,71%
2025-12-15,S25,ACTIVE JACKET,125,35,26,72%
2025-12-15,S25,BAG,220,43,100,81%
2025-12-15,S25,CABANA SHIRT,348,98,78,72%
2025-12-15,S25,CAMP SHIRT,88,36,15,59%
2025-12-15,S25,DRESS,125,39,23,68%
2025-12-15,S25,HAT,58,22,12,62%
2025-12-15,S25,HOODIE,25,38,7,-50%
2025-12-15,S25,JACKET,660,224,128,66%
2025-12-15,S25,LEGGINGS,236,66,42,72%
2025-12-15,S25,LONG SLEEVE KNIT,156,56,20,64%
2025-12-15,S25,PANTS,345,140,71,59%
2025-12-15,S25,POLO,"1,157",426,227,63%
2025-12-15,S25,PULLOVER,375,124,75,67%
2025-12-15,S25,SHORTS,"3,435","1,099",713,68%
2025-12-15,S25,SKIRT,0,0,0,#DIV/0!
2025-12-15,S25,SKORT,274,43,59,84%
2025-12-15,S25,SOCKS,72,28,16,61%
2025-12-15,S25,SPORT BRA,68,27,17,60%
2025-12-15,S25,SWEATER,-75,-15,-16,79%
2025-12-15,S25,SWEATPANTS,88,27,18,69%
2025-12-15,S25,SWEATSHIRT,880,319,144,64%
2025-12-15,S25,TANK TOP,-110,-23,-19,80%
2025-12-15,S25,TRACK JACKET,"15,620","5,069","3,245",68%
2025-12-15,S25,TRACK PANT,"9,353","3,088","1,917",67%
2025-12-15,S25,T-SHIRT,"3,258","1,158",543,64%
2025-12-15,S25,VISOR,76,26,14,66%
2025-12-15,S26,T-SHIRT,65,65,18,0%
2025-12-16,CORE,ACCESSORIES,36,17,10,53%
2025-12-16,CORE,SOCKS,144,80,32,45%
2025-12-16,CORE,TRACK JACKET,"18,205","11,317","3,596",38%
2025-12-16,CORE,TRACK PANT,"12,635","7,634","2,518",40%
2025-12-16,F24,ACCESSORIES,-42,-11,-10,75%
2025-12-16,F24,CAMP SHIRT,150,32,30,79%
2025-12-16,F24,HOODIE,300,210,58,30%
2025-12-16,F24,LEGGINGS,220,77,42,65%
2025-12-16,F24,LONG SLEEVE KNIT,236,63,48,73%
2025-12-16,F24,POLO,"1,772",428,718,76%
2025-12-16,F24,SHORTS,"1,123",230,311,80%
2025-12-16,F24,SKIRT,88,18,16,79%
2025-12-16,F24,SPORT BRA,68,39,19,43%
2025-12-16,F24,SWEATPANTS,625,328,125,48%
2025-12-16,F24,SWEATSHIRT,565,155,125,73%
2025-12-16,F24,TRACK JACKET,"3,765","1,188",912,68%
2025-12-16,F24,TRACK PANT,"3,075",950,675,69%
2025-12-16,F24,T-SHIRT,946,222,360,77%
2025-12-16,F25,CABANA SHIRT,"1,080",474,256,56%
2025-12-16,F25,CREWNECK,"1,030",522,198,49%
2025-12-16,F25,HAT,844,492,180,42%
2025-12-16,F25,HOODIE,"3,518","1,922",648,45%
2025-12-16,F25,KNITWEAR,"2,570","1,324",665,48%
2025-12-16,F25,LONG SLEEVE KNIT,"2,145","1,167",411,46%
2025-12-16,F25,OUTERWEAR,"1,975","1,029",440,48%
2025-12-16,F25,POLO,"1,169",679,263,42%
2025-12-16,F25,PULLOVER,375,169,77,55%
2025-12-16,F25,SHORTS,"1,294",521,296,60%
2025-12-16,F25,SKIRT,156,80,34,49%
2025-12-16,F25,SOCKS,18,11,4,41%
2025-12-16,F25,SWEATER,"2,472","1,380",537,44%
2025-12-16,F25,SWEATPANTS,"2,420","1,111",465,54%
2025-12-16,F25,TANK TOP,194,110,50,44%
2025-12-16,F25,TRACK JACKET,"38,643","20,077","8,384",48%
2025-12-16,F25,TRACK PANT,"32,417","16,917","7,075",48%
2025-12-16,F25,T-SHIRT,"1,034",494,226,52%
2025-12-16,S24,FOOTWEAR,666,335,173,50%
2025-12-16,S24,POLO,250,53,40,79%
2025-12-16,S24,SHORTS,78,14,13,82%
2025-12-16,S24,SKORT,88,22,19,75%
2025-12-16,S24,SPORT BRA,78,20,16,74%
2025-12-16,S24,TRACK JACKET,-10,10,-14,200%
2025-12-16,S24,TRACK PANT,125,32,29,75%
2025-12-16,S25,ACCESSORIES,"1,396",380,300,73%
2025-12-16,S25,ACTIVE JACKET,125,35,26,72%
2025-12-16,S25,BAG,-150,-26,-89,83%
2025-12-16,S25,CABANA SHIRT,297,58,67,80%
2025-12-16,S25,CAMP SHIRT,176,80,30,55%
2025-12-16,S25,DRESS,125,28,25,78%
2025-12-16,S25,HAT,174,42,37,76%
2025-12-16,S25,HOODIE,"2,125",633,460,70%
2025-12-16,S25,JACKET,660,232,128,65%
2025-12-16,S25,LEGGINGS,-110,-35,-21,68%
2025-12-16,S25,LONG SLEEVE KNIT,865,250,126,71%
2025-12-16,S25,PANTS,"1,050",357,220,66%
2025-12-16,S25,POLO,"2,350",746,433,68%
2025-12-16,S25,PULLOVER,500,160,100,68%
2025-12-16,S25,SHORTS,"3,601","1,034",734,71%
2025-12-16,S25,SKIRT,88,25,21,72%
2025-12-16,S25,SKORT,438,161,78,63%
2025-12-16,S25,SOCKS,36,15,8,59%
2025-12-16,S25,SPORT BRA,68,19,17,72%
2025-12-16,S25,SWEATER,"2,535",838,621,67%
2025-12-16,S25,SWEATPANTS,568,153,108,73%
2025-12-16,S25,SWEATSHIRT,990,345,162,65%
2025-12-16,S25,TANK TOP,338,117,51,65%
2025-12-16,S25,TRACK JACKET,"23,025","7,646","4,653",67%
2025-12-16,S25,TRACK PANT,"12,980","4,467","2,527",66%
2025-12-16,S25,T-SHIRT,"3,690","1,357",613,63%
2025-12-16,S25,VISOR,76,24,14,68%
2025-12-16,SS22,T-SHIRT,46,8,12,82%
2025-12-17,CORE,ACCESSORIES,54,18,16,67%
2025-12-17,CORE,SOCKS,342,175,76,49%
2025-12-17,CORE,TRACK JACKET,"17,965","10,434","3,518",42%
2025-12-17,CORE,TRACK PANT,"13,420","7,623","2,647",43%
2025-12-17,F23,OUTERWEAR,175,3,40,98%
2025-12-17,F23,POLO,78,17,14,78%
2025-12-17,F23,TRACK PANT,260,76,50,71%
2025-12-17,F24,0,145,6,53,96%
2025-12-17,F24,DRESS,485,116,141,76%
2025-12-17,F24,HOODIE,750,555,145,26%
2025-12-17,F24,LEGGINGS,550,134,106,76%
2025-12-17,F24,LONG SLEEVE KNIT,-118,-23,-24,81%
2025-12-17,F24,POLO,775,192,290,75%
2025-12-17,F24,SHORTS,"1,139",310,316,73%
2025-12-17,F24,SKIRT,177,37,65,79%
2025-12-17,F24,SPORT BRA,204,55,57,73%
2025-12-17,F24,SWEATPANTS,750,479,150,36%
2025-12-17,F24,SWEATSHIRT,440,92,99,79%
2025-12-17,F24,TRACK JACKET,"4,810","1,806","1,201",62%
2025-12-17,F24,TRACK PANT,"3,455","1,252",802,64%
2025-12-17,F24,T-SHIRT,"1,370",311,497,77%
2025-12-17,F25,CABANA SHIRT,"1,350",660,319,51%
2025-12-17,F25,CREWNECK,"1,412",708,273,50%
2025-12-17,F25,DRESS,250,176,54,30%
2025-12-17,F25,HAT,764,442,162,42%
2025-12-17,F25,HOODIE,"3,986","2,226",727,44%
2025-12-17,F25,KNITWEAR,"3,790","1,988","1,053",48%
2025-12-17,F25,LEGGINGS,330,142,72,57%
2025-12-17,F25,LONG SLEEVE KNIT,"2,238","1,189",444,47%
2025-12-17,F25,OUTERWEAR,802,473,181,41%
2025-12-17,F25,POLO,"1,436",773,324,46%
2025-12-17,F25,PULLOVER,"1,125",533,239,53%
2025-12-17,F25,SHORTS,"1,672",840,386,50%
2025-12-17,F25,SKORT,116,0,20,100%
2025-12-17,F25,SOCKS,18,9,4,51%
2025-12-17,F25,SPORT BRA,300,137,73,54%
2025-12-17,F25,SWEATER,"4,283","2,379",935,44%
2025-12-17,F25,SWEATPANTS,"2,072",978,397,53%
2025-12-17,F25,TANK TOP,136,57,35,58%
2025-12-17,F25,TRACK JACKET,"46,354","24,102","10,052",48%
2025-12-17,F25,TRACK PANT,"39,706","20,498","8,653",48%
2025-12-17,F25,T-SHIRT,"1,226",502,251,59%
2025-12-17,F25,VEST,220,132,48,40%
2025-12-17,S24,FOOTWEAR,676,276,135,59%
2025-12-17,S24,SHORTS,68,38,13,45%
2025-12-17,S24,SKIRT,68,14,9,79%
2025-12-17,S24,SKORT,264,39,57,85%
2025-12-17,S24,SPORT BRA,126,33,23,74%
2025-12-17,S24,TANK TOP,194,44,32,78%
2025-12-17,S24,TRACK PANT,125,38,29,70%
2025-12-17,S25,0,264,100,54,62%
2025-12-17,S25,ACCESSORIES,648,171,138,74%
2025-12-17,S25,ACTIVE JACKET,250,70,52,72%
2025-12-17,S25,CABANA SHIRT,620,189,126,69%
2025-12-17,S25,CAMP SHIRT,176,68,30,61%
2025-12-17,S25,DRESS,250,39,48,84%
2025-12-17,S25,HAT,116,30,24,75%
2025-12-17,S25,HOODIE,"1,226",574,256,53%
2025-12-17,S25,LEGGINGS,922,284,176,69%
2025-12-17,S25,LONG SLEEVE KNIT,78,34,10,56%
2025-12-17,S25,PANTS,"1,050",260,220,75%
2025-12-17,S25,POLO,"1,655",611,329,63%
2025-12-17,S25,PULLOVER,375,169,75,55%
2025-12-17,S25,SHORTS,"4,495","1,407",965,69%
2025-12-17,S25,SKIRT,292,108,44,63%
2025-12-17,S25,SKORT,538,120,113,78%
2025-12-17,S25,SOCKS,72,25,16,66%
2025-12-17,S25,SPORT BRA,136,38,34,72%
2025-12-17,S25,SWEATER,"1,435",492,334,66%
2025-12-17,S25,SWEATPANTS,"1,254",399,235,68%
2025-12-17,S25,SWEATSHIRT,550,186,90,66%
2025-12-17,S25,TANK TOP,262,64,53,76%
2025-12-17,S25,TRACK JACKET,"18,775","5,888","3,783",69%
2025-12-17,S25,TRACK PANT,"10,602","3,511","2,073",67%
2025-12-17,S25,T-SHIRT,"4,062","1,443",666,64%
2025-12-18,CORE,ACCESSORIES,48,27,16,44%
2025-12-18,CORE,SOCKS,108,65,24,39%
2025-12-18,CORE,TRACK JACKET,"11,550","7,574","2,238",34%
2025-12-18,CORE,TRACK PANT,"8,460","5,368","1,619",37%
2025-12-18,F22,TANK TOP,58,15,11,75%
2025-12-18,F23,TRACK PANT,70,2,33,97%
2025-12-18,F24,0,145,23,53,84%
2025-12-18,F24,CAMP SHIRT,0,18,0,#DIV/0!
2025-12-18,F24,HOODIE,-300,-120,-58,60%
2025-12-18,F24,LEGGINGS,660,172,127,74%
2025-12-18,F24,LONG SLEEVE KNIT,564,165,116,71%
2025-12-18,F24,POLO,613,182,320,70%
2025-12-18,F24,SHORTS,904,189,221,79%
2025-12-18,F24,SKIRT,89,23,26,75%
2025-12-18,F24,SPORT BRA,340,115,95,66%
2025-12-18,F24,SWEATPANTS,750,203,150,73%
2025-12-18,F24,SWEATSHIRT,750,188,156,75%
2025-12-18,F24,TRACK JACKET,"3,415","1,346",847,61%
2025-12-18,F24,TRACK PANT,"1,510",706,348,53%
2025-12-18,F24,T-SHIRT,348,108,159,69%
2025-12-18,F25,CABANA SHIRT,945,458,223,52%
2025-12-18,F25,CONTOUR JACKET,135,69,29,49%
2025-12-18,F25,CREWNECK,"1,583",823,307,48%
2025-12-18,F25,CROP TOP,78,46,18,41%
2025-12-18,F25,DRESS,125,88,27,30%
2025-12-18,F25,HAT,498,302,106,39%
2025-12-18,F25,HOODIE,"2,396","1,336",448,44%
2025-12-18,F25,KNITWEAR,"2,510","1,373",665,45%
2025-12-18,F25,LONG SLEEVE KNIT,"2,316","1,245",457,46%
2025-12-18,F25,OUTERWEAR,"2,050","1,035",459,50%
2025-12-18,F25,POLO,770,471,172,39%
2025-12-18,F25,PULLOVER,"1,125",544,235,52%
2025-12-18,F25,SHORTS,"1,030",534,238,48%
2025-12-18,F25,SKIRT,156,66,36,58%
2025-12-18,F25,SKORT,146,93,32,36%
2025-12-18,F25,SWEATER,"3,950","2,333",869,41%
2025-12-18,F25,SWEATPANTS,"2,573","1,306",491,49%
2025-12-18,F25,TANK TOP,78,40,20,49%
2025-12-18,F25,TRACK JACKET,"33,951","17,226","7,360",49%
2025-12-18,F25,TRACK PANT,"28,664","14,804","6,300",48%
2025-12-18,F25,T-SHIRT,878,520,191,41%
2025-12-18,S24,FOOTWEAR,585,143,142,76%
2025-12-18,S24,SHORTS,100,21,23,79%
2025-12-18,S24,SKIRT,78,26,15,66%
2025-12-18,S24,SWEATPANTS,88,25,16,72%
2025-12-18,S24,TRACK PANT,78,22,17,72%
2025-12-18,S25,ACCESSORIES,568,194,118,66%
2025-12-18,S25,ACTIVE JACKET,0,18,0,#DIV/0!
2025-12-18,S25,CABANA SHIRT,436,103,97,76%
2025-12-18,S25,CAMP SHIRT,0,16,0,#DIV/0!
2025-12-18,S25,DRESS,-125,-10,-25,92%
2025-12-18,S25,HAT,174,52,36,70%
2025-12-18,S25,HOODIE,"1,500",641,322,57%
2025-12-18,S25,JACKET,825,267,160,68%
2025-12-18,S25,LEGGINGS,330,127,61,62%
2025-12-18,S25,LONG SLEEVE KNIT,156,76,20,51%
2025-12-18,S25,PANTS,"1,470",530,308,64%
2025-12-18,S25,POLO,"1,623",506,301,69%
2025-12-18,S25,PULLOVER,250,107,50,57%
2025-12-18,S25,SHORTS,"2,213",610,465,72%
2025-12-18,S25,SKIRT,196,75,40,62%
2025-12-18,S25,SKORT,118,54,30,54%
2025-12-18,S25,SOCKS,126,52,28,59%
2025-12-18,S25,SWEATER,235,91,45,61%
2025-12-18,S25,SWEATPANTS,"1,558",430,288,72%
2025-12-18,S25,SWEATSHIRT,550,196,90,64%
2025-12-18,S25,TANK TOP,214,59,49,73%
2025-12-18,S25,TRACK JACKET,"17,310","5,873","3,590",66%
2025-12-18,S25,TRACK PANT,"10,118","3,962","1,964",61%
2025-12-18,S25,T-SHIRT,"2,718","1,237",441,54%
2025-12-18,S25,VISOR,-38,-15,-7,60%
2025-12-19,CORE,ACCESSORIES,42,25,17,40%
2025-12-19,CORE,SOCKS,252,135,56,46%
2025-12-19,CORE,TRACK JACKET,"14,000","8,636","2,764",38%
2025-12-19,CORE,TRACK PANT,"9,550","5,874","1,910",38%
2025-12-19,F23,SHORTS,68,13,13,81%
2025-12-19,F23,TRACK PANT,150,22,27,85%
2025-12-19,F24,0,0,-20,0,#DIV/0!
2025-12-19,F24,ACCESSORIES,42,11,10,75%
2025-12-19,F24,CAMP SHIRT,405,78,93,81%
2025-12-19,F24,DRESS,135,34,22,75%
2025-12-19,F24,HOODIE,750,548,145,27%
2025-12-19,F24,LEGGINGS,220,77,42,65%
2025-12-19,F24,LONG SLEEVE KNIT,354,115,72,68%
2025-12-19,F24,POLO,"1,732",424,626,76%
2025-12-19,F24,SHORTS,"1,126",234,310,79%
2025-12-19,F24,SKIRT,355,75,94,79%
2025-12-19,F24,SPORT BRA,204,71,57,65%
2025-12-19,F24,SWEATPANTS,875,575,175,34%
2025-12-19,F24,SWEATSHIRT,820,230,193,72%
2025-12-19,F24,TRACK JACKET,"3,035","1,147",749,62%
2025-12-19,F24,TRACK PANT,"2,970",962,663,68%
2025-12-19,F24,T-SHIRT,"1,321",289,534,78%
2025-12-19,F25,CABANA SHIRT,"1,755",883,414,50%
2025-12-19,F25,CREWNECK,215,182,46,15%
2025-12-19,F25,CROP TOP,78,38,18,51%
2025-12-19,F25,DRESS,125,88,27,30%
2025-12-19,F25,HAT,544,331,117,39%
2025-12-19,F25,HOODIE,"1,962","1,054",361,46%
2025-12-19,F25,KNITWEAR,700,232,175,67%
2025-12-19,F25,LONG SLEEVE KNIT,462,164,96,65%
2025-12-19,F25,OUTERWEAR,775,326,176,58%
2025-12-19,F25,POLO,"1,376",738,314,46%
2025-12-19,F25,PULLOVER,"1,500",656,322,56%
2025-12-19,F25,SHORTS,"1,790",861,402,52%
2025-12-19,F25,SKORT,282,131,63,54%
2025-12-19,F25,SWEATER,"4,218","2,521",937,40%
2025-12-19,F25,SWEATPANTS,"1,261",573,244,55%
2025-12-19,F25,TANK TOP,78,47,20,40%
2025-12-19,F25,TRACK JACKET,"36,203","18,757","7,865",48%
2025-12-19,F25,TRACK PANT,"31,120","15,981","6,872",49%
2025-12-19,F25,T-SHIRT,"1,306",648,267,50%
2025-12-19,F25,VEST,0,-3,0,#DIV/0!
2025-12-19,S24,FOOTWEAR,381,163,85,57%
2025-12-19,S24,SHORTS,228,63,55,73%
2025-12-19,S24,SKORT,88,31,19,65%
2025-12-19,S24,SPORT BRA,30,8,9,75%
2025-12-19,S24,SWEATPANTS,88,17,16,81%
2025-12-19,S24,TANK TOP,-78,-12,-12,84%
2025-12-19,S24,TRACK PANT,125,4,29,96%
2025-12-19,S25,ACCESSORIES,"1,650",524,355,68%
2025-12-19,S25,ACTIVE JACKET,0,0,0,#DIV/0!
2025-12-19,S25,BAG,150,38,89,75%
2025-12-19,S25,CABANA SHIRT,"1,458",463,313,68%
2025-12-19,S25,CAMP SHIRT,264,84,45,68%
2025-12-19,S25,DRESS,-110,-20,-23,82%
2025-12-19,S25,HAT,174,52,37,70%
2025-12-19,S25,HOODIE,"2,200","1,055",463,52%
2025-12-19,S25,JACKET,825,279,160,66%
2025-12-19,S25,LEGGINGS,330,126,61,62%
2025-12-19,S25,LONG SLEEVE KNIT,437,176,66,60%
2025-12-19,S25,PADDLE,58,58,10,0%
2025-12-19,S25,PANTS,690,232,142,66%
2025-12-19,S25,POLO,"2,397",743,453,69%
2025-12-19,S25,PULLOVER,110,39,21,65%
2025-12-19,S25,SHORTS,"5,288","1,535","1,068",71%
2025-12-19,S25,SKIRT,98,31,20,69%
2025-12-19,S25,SKORT,302,91,56,70%
2025-12-19,S25,SOCKS,72,31,16,58%
2025-12-19,S25,SWEATER,"1,760",503,402,71%
2025-12-19,S25,SWEATPANTS,"2,734",757,504,72%
2025-12-19,S25,SWEATSHIRT,550,172,90,69%
2025-12-19,S25,TANK TOP,548,158,92,71%
2025-12-19,S25,TRACK JACKET,"19,190","6,546","4,152",66%
2025-12-19,S25,TRACK PANT,"11,427","3,677","2,357",68%
2025-12-19,S25,T-SHIRT,"5,686","1,944",928,66%
2025-12-19,S25,VISOR,38,11,7,72%
2025-12-20,CORE,ACCESSORIES,72,36,27,50%
2025-12-20,CORE,SOCKS,342,179,76,48%
2025-12-20,CORE,TRACK JACKET,"17,010","10,099","3,378",41%
2025-12-20,CORE,TRACK PANT,"11,930","7,028","2,384",41%
2025-12-20,F23,TRACK PANT,150,19,27,88%
2025-12-20,F24,0,145,37,53,75%
2025-12-20,F24,ACCESSORIES,-42,-10,-10,76%
2025-12-20,F24,CAMP SHIRT,135,17,31,87%
2025-12-20,F24,DRESS,135,29,22,79%
2025-12-20,F24,HOODIE,300,315,58,-5%
2025-12-20,F24,LEGGINGS,330,90,63,73%
2025-12-20,F24,LONG SLEEVE KNIT,-57,-5,-18,91%
2025-12-20,F24,POLO,"1,101",279,428,75%
2025-12-20,F24,SHORTS,"1,457",342,412,77%
2025-12-20,F24,SPORT BRA,204,73,57,64%
2025-12-20,F24,SWEATPANTS,598,238,118,60%
2025-12-20,F24,SWEATSHIRT,690,161,151,77%
2025-12-20,F24,TRACK JACKET,"4,690","1,679","1,140",64%
2025-12-20,F24,TRACK PANT,"3,925","1,376",870,65%
2025-12-20,F24,T-SHIRT,720,219,203,70%
2025-12-20,F25,CABANA SHIRT,"1,215",522,286,57%
2025-12-20,F25,CONTOUR JACKET,135,41,29,70%
2025-12-20,F25,CREWNECK,"1,196",598,237,50%
2025-12-20,F25,CROP TOP,224,98,52,56%
2025-12-20,F25,DRESS,125,38,30,70%
2025-12-20,F25,HAT,430,249,94,42%
2025-12-20,F25,HOODIE,"3,330","1,911",613,43%
2025-12-20,F25,KNITWEAR,"2,945","1,371",777,53%
2025-12-20,F25,LEGGINGS,220,102,48,54%
2025-12-20,F25,LONG SLEEVE KNIT,"2,856","1,481",564,48%
2025-12-20,F25,OUTERWEAR,725,361,166,50%
2025-12-20,F25,POLO,894,334,209,63%
2025-12-20,F25,PULLOVER,"1,375",615,289,55%
2025-12-20,F25,SHORTS,"1,600",722,364,55%
2025-12-20,F25,SKORT,468,213,108,55%
2025-12-20,F25,SOCKS,36,21,8,41%
2025-12-20,F25,SPORT BRA,136,63,38,54%
2025-12-20,F25,SWEATER,"4,543","2,679",990,41%
2025-12-20,F25,SWEATPANTS,"1,948",936,367,52%
2025-12-20,F25,TANK TOP,78,40,20,49%
2025-12-20,F25,TRACK JACKET,"39,012","19,815","8,478",49%
2025-12-20,F25,TRACK PANT,"34,250","17,369","7,509",49%
2025-12-20,F25,T-SHIRT,"1,504",757,304,50%
2025-12-20,S24,FOOTWEAR,209,136,14,35%
2025-12-20,S24,OUTERWEAR,150,26,28,83%
2025-12-20,S24,SHORTS,203,55,31,73%
2025-12-20,S24,SKORT,88,26,19,70%
2025-12-20,S24,TRACK PANT,375,96,87,75%
2025-12-20,S25,ACCESSORIES,854,218,180,74%
2025-12-20,S25,CABANA SHIRT,593,173,131,71%
2025-12-20,S25,CAMP SHIRT,176,58,30,67%
2025-12-20,S25,DRESS,375,89,71,76%
2025-12-20,S25,HAT,406,103,84,75%
2025-12-20,S25,HOODIE,"1,525",506,328,67%
2025-12-20,S25,JACKET,"1,155",440,224,62%
2025-12-20,S25,LEGGINGS,602,162,124,73%
2025-12-20,S25,LONG SLEEVE KNIT,390,137,50,65%
2025-12-20,S25,PANTS,0,46,0,#DIV/0!
2025-12-20,S25,POLO,"2,801",940,522,66%
2025-12-20,S25,PULLOVER,95,82,17,14%
2025-12-20,S25,SHORTS,"5,703","1,667","1,172",71%
2025-12-20,S25,SKIRT,176,57,22,68%
2025-12-20,S25,SKORT,156,49,29,69%
2025-12-20,S25,SOCKS,18,8,4,55%
2025-12-20,S25,SWEATER,"2,120",592,495,72%
2025-12-20,S25,SWEATPANTS,"1,372",306,252,78%
2025-12-20,S25,SWEATSHIRT,770,224,126,71%
2025-12-20,S25,TANK TOP,58,26,10,55%
2025-12-20,S25,TRACK JACKET,"22,725","7,769","4,605",66%
2025-12-20,S25,TRACK PANT,"14,040","4,893","2,791",65%
2025-12-20,S25,T-SHIRT,"4,484","1,731",734,61%
2025-12-21,CORE,SOCKS,270,147,60,46%
2025-12-21,CORE,TRACK JACKET,"12,180","7,224","2,478",41%
2025-12-21,CORE,TRACK PANT,"8,560","4,798","1,758",44%
2025-12-21,F23,POLO,78,15,14,81%
2025-12-21,F23,SHORTS,68,0,13,100%
2025-12-21,F23,TRACK PANT,150,27,27,82%
2025-12-21,F24,0,145,44,53,70%
2025-12-21,F24,CAMP SHIRT,135,34,31,75%
2025-12-21,F24,DRESS,125,32,35,74%
2025-12-21,F24,HOODIE,450,315,87,30%
2025-12-21,F24,LEGGINGS,220,35,42,84%
2025-12-21,F24,POLO,827,203,302,75%
2025-12-21,F24,SHORTS,"1,105",284,304,74%
2025-12-21,F24,SKIRT,89,27,26,70%
2025-12-21,F24,SPORT BRA,68,27,19,60%
2025-12-21,F24,SWEATPANTS,625,348,125,44%
2025-12-21,F24,SWEATSHIRT,820,212,193,74%
2025-12-21,F24,TRACK JACKET,"2,115",930,539,56%
2025-12-21,F24,TRACK PANT,"2,180",860,484,61%
2025-12-21,F24,T-SHIRT,630,175,186,72%
2025-12-21,F25,CABANA SHIRT,945,409,224,57%
2025-12-21,F25,CREWNECK,674,311,130,54%
2025-12-21,F25,CROP TOP,156,93,36,41%
2025-12-21,F25,DRESS,125,53,30,58%
2025-12-21,F25,HAT,388,247,83,36%
2025-12-21,F25,HOODIE,"1,648",896,297,46%
2025-12-21,F25,KNITWEAR,620,286,181,54%
2025-12-21,F25,LONG SLEEVE KNIT,"1,797","1,044",345,42%
2025-12-21,F25,OUTERWEAR,-325,-90,-70,72%
2025-12-21,F25,POLO,624,324,147,48%
2025-12-21,F25,PULLOVER,"1,125",551,233,51%
2025-12-21,F25,SHORTS,298,99,70,67%
2025-12-21,F25,SKIRT,78,33,19,58%
2025-12-21,F25,SKORT,380,205,86,46%
2025-12-21,F25,SOCKS,18,9,4,51%
2025-12-21,F25,SPORT BRA,48,20,8,58%
2025-12-21,F25,SWEATER,"3,362","1,940",731,42%
2025-12-21,F25,SWEATPANTS,"1,271",726,248,43%
2025-12-21,F25,TANK TOP,78,42,20,46%
2025-12-21,F25,TRACK JACKET,"33,399","17,302","7,280",48%
2025-12-21,F25,TRACK PANT,"26,814","13,720","5,965",49%
2025-12-21,F25,T-SHIRT,402,204,77,49%
2025-12-21,F25,VEST,208,53,50,74%
2025-12-21,S24,FOOTWEAR,381,176,86,54%
2025-12-21,S25,ACCESSORIES,"1,376",416,295,70%
2025-12-21,S25,ACTIVE JACKET,375,85,78,77%
2025-12-21,S25,CABANA SHIRT,760,172,160,77%
2025-12-21,S25,DRESS,743,245,141,67%
2025-12-21,S25,HAT,174,41,36,77%
2025-12-21,S25,HOODIE,"1,062",559,224,47%
2025-12-21,S25,JACKET,495,200,96,60%
2025-12-21,S25,LEGGINGS,456,122,82,73%
2025-12-21,S25,LONG SLEEVE KNIT,390,121,50,69%
2025-12-21,S25,PANTS,"1,185",344,247,71%
2025-12-21,S25,POLO,"1,848",568,317,69%
2025-12-21,S25,PULLOVER,125,39,25,69%
2025-12-21,S25,SHORTS,"3,394","1,091",697,68%
2025-12-21,S25,SKIRT,78,35,2,55%
2025-12-21,S25,SKORT,98,31,23,69%
2025-12-21,S25,SOCKS,216,69,49,68%
2025-12-21,S25,SWEATER,705,213,151,70%
2025-12-21,S25,SWEATPANTS,"1,558",480,289,69%
2025-12-21,S25,SWEATSHIRT,110,37,18,66%
2025-12-21,S25,TANK TOP,136,49,30,64%
2025-12-21,S25,TRACK JACKET,"17,235","5,431","3,533",68%
2025-12-21,S25,TRACK PANT,"8,901","2,982","1,761",66%
2025-12-21,S25,T-SHIRT,"2,978",981,501,67%
2025-12-21,S25,VISOR,76,28,14,63%
2025-12-21,S26,ACCESSORIES,130,27,60,79%
2025-12-22,CORE,ACCESSORIES,18,9,5,53%
2025-12-22,CORE,HAT,-42,-30,-7,29%
2025-12-22,CORE,SOCKS,450,241,100,47%
2025-12-22,CORE,TRACK JACKET,"10,150","6,147","2,018",39%
2025-12-22,CORE,TRACK PANT,"7,780","4,537","1,567",42%
2025-12-22,F24,0,145,44,53,70%
2025-12-22,F24,ACCESSORIES,-210,-44,-50,79%
2025-12-22,F24,CAMP SHIRT,300,73,60,76%
2025-12-22,F24,DRESS,-175,-20,-54,89%
2025-12-22,F24,HOODIE,450,233,87,48%
2025-12-22,F24,LONG SLEEVE KNIT,118,35,24,70%
2025-12-22,F24,POLO,"1,136",284,436,75%
2025-12-22,F24,SHORTS,"1,315",317,348,76%
2025-12-22,F24,SKIRT,-89,-20,-26,78%
2025-12-22,F24,SPORT BRA,-136,-34,-38,75%
2025-12-22,F24,SWEATPANTS,625,273,125,56%
2025-12-22,F24,SWEATSHIRT,565,189,125,67%
2025-12-22,F24,TRACK JACKET,"3,000","1,082",753,64%
2025-12-22,F24,TRACK PANT,"2,520",783,554,69%
2025-12-22,F24,T-SHIRT,356,91,173,74%
2025-12-22,F25,CABANA SHIRT,945,417,223,56%
2025-12-22,F25,CREWNECK,"1,615",741,311,54%
2025-12-22,F25,HAT,384,242,82,37%
2025-12-22,F25,HOODIE,"2,804","1,485",516,47%
2025-12-22,F25,KNITWEAR,"1,320",602,330,54%
2025-12-22,F25,LONG SLEEVE KNIT,"1,428",677,282,53%
2025-12-22,F25,OUTERWEAR,"1,100",527,242,52%
2025-12-22,F25,POLO,"1,394",666,320,52%
2025-12-22,F25,PULLOVER,"1,125",533,235,53%
2025-12-22,F25,SHORTS,"1,552",751,351,52%
2025-12-22,F25,SKORT,194,101,41,48%
2025-12-22,F25,SOCKS,72,43,16,41%
2025-12-22,F25,SWEATER,"2,855","1,716",631,40%
2025-12-22,F25,SWEATPANTS,"2,248",875,430,61%
2025-12-22,F25,TANK TOP,58,30,15,49%
2025-12-22,F25,TRACK JACKET,"19,881","9,843","4,341",50%
2025-12-22,F25,TRACK PANT,"17,622","8,717","3,874",51%
2025-12-22,F25,T-SHIRT,362,229,54,37%
2025-12-22,F25,VEST,110,46,24,58%
2025-12-22,S24,DRESS,88,25,19,72%
2025-12-22,S24,FOOTWEAR,-113,-21,-62,82%
2025-12-22,S24,SHORTS,68,0,13,100%
2025-12-22,S25,0,88,40,18,55%
2025-12-22,S25,ACTIVE JACKET,0,25,0,#DIV/0!
2025-12-22,S25,BAG,-175,-44,-108,75%
2025-12-22,S25,CABANA SHIRT,610,215,129,65%
2025-12-22,S25,CAMP SHIRT,176,64,30,64%
2025-12-22,S25,DRESS,-15,11,-2,172%
2025-12-22,S25,HAT,116,32,24,72%
2025-12-22,S25,HOODIE,500,221,104,56%
2025-12-22,S25,JACKET,0,-4,0,#DIV/0!
2025-12-22,S25,LEGGINGS,0,32,0,#DIV/0!
2025-12-22,S25,LONG SLEEVE KNIT,156,47,20,70%
2025-12-22,S25,PANTS,345,97,71,72%
2025-12-22,S25,POLO,"1,267",371,244,71%
2025-12-22,S25,PULLOVER,500,210,100,58%
2025-12-22,S25,SHORTS,"3,452","1,054",711,69%
2025-12-22,S25,SKIRT,58,20,11,66%
2025-12-22,S25,SKORT,448,102,80,77%
2025-12-22,S25,SOCKS,90,14,20,84%
2025-12-22,S25,SWEATER,720,234,165,68%
2025-12-22,S25,SWEATPANTS,784,183,144,77%
2025-12-22,S25,SWEATSHIRT,660,150,108,77%
2025-12-22,S25,TANK TOP,174,34,27,80%
2025-12-22,S25,TRACK JACKET,"14,005","4,702","2,915",66%
2025-12-22,S25,TRACK PANT,"7,969","2,630","1,577",67%
2025-12-22,S25,T-SHIRT,"2,316",777,371,66%
2025-12-22,S25,VISOR,38,15,7,60%
2025-12-22,S26,ACCESSORIES,130,33,60,75%
2025-12-23,CORE,ACCESSORIES,60,28,22,53%
2025-12-23,CORE,SOCKS,270,134,60,50%
2025-12-23,CORE,TRACK JACKET,"25,830","12,531","5,046",51%
2025-12-23,CORE,TRACK PANT,"19,060","9,129","3,732",52%
2025-12-23,F23,OUTERWEAR,350,38,80,89%
2025-12-23,F23,SHORTS,136,32,26,77%
2025-12-23,F23,TRACK PANT,110,23,23,80%
2025-12-23,F24,ACCESSORIES,42,5,10,88%
2025-12-23,F24,CAMP SHIRT,435,74,91,83%
2025-12-23,F24,DRESS,"1,560",283,451,82%
2025-12-23,F24,HOODIE,"1,150",564,237,51%
2025-12-23,F24,LEGGINGS,440,68,84,85%
2025-12-23,F24,LONG SLEEVE KNIT,"1,010",118,208,88%
2025-12-23,F24,POLO,"3,626",652,"1,506",82%
2025-12-23,F24,SHORTS,"2,892",510,780,82%
2025-12-23,F24,SKIRT,177,29,65,84%
2025-12-23,F24,SPORT BRA,68,-1,19,101%
2025-12-23,F24,SWEATPANTS,"1,125",448,225,60%
2025-12-23,F24,SWEATSHIRT,315,47,73,85%
2025-12-23,F24,TRACK JACKET,"10,825","2,867","2,640",74%
2025-12-23,F24,TRACK PANT,"10,025","2,451","2,157",76%
2025-12-23,F24,T-SHIRT,980,85,467,91%
2025-12-23,F25,CABANA SHIRT,"1,080",429,255,60%
2025-12-23,F25,CREWNECK,"2,933","1,266",560,57%
2025-12-23,F25,CROP TOP,156,65,36,59%
2025-12-23,F25,DRESS,625,292,138,53%
2025-12-23,F25,HAT,304,145,64,52%
2025-12-23,F25,HOODIE,"4,658","1,515",868,67%
2025-12-23,F25,KNITWEAR,"3,435","1,443",880,58%
2025-12-23,F25,LONG SLEEVE KNIT,"3,027","1,341",609,56%
2025-12-23,F25,OUTERWEAR,"1,298",692,288,47%
2025-12-23,F25,POLO,"1,175",599,263,49%
2025-12-23,F25,PULLOVER,"1,250",520,266,58%
2025-12-23,F25,SHORTS,"2,280",973,523,57%
2025-12-23,F25,SKIRT,156,61,34,61%
2025-12-23,F25,SKORT,370,168,85,55%
2025-12-23,F25,SOCKS,18,14,4,20%
2025-12-23,F25,SWEATER,"3,948","2,192",865,44%
2025-12-23,F25,SWEATPANTS,"15,008",950,"2,983",94%
2025-12-23,F25,TANK TOP,272,111,70,59%
2025-12-23,F25,TRACK JACKET,"55,235","25,338","11,878",54%
2025-12-23,F25,TRACK PANT,"45,847","21,386","9,902",53%
2025-12-23,F25,T-SHIRT,"1,612",813,312,50%
2025-12-23,F25,VEST,330,143,72,57%
2025-12-23,S23,SHORTS,125,18,33,86%
2025-12-23,S24,DRESS,165,50,44,70%
2025-12-23,S24,FOOTWEAR,821,265,182,68%
2025-12-23,S24,SHORTS,264,71,58,73%
2025-12-23,S24,SPORT BRA,-78,-24,-16,69%
2025-12-23,S24,SWEATPANTS,88,15,16,83%
2025-12-23,S24,TRACK PANT,-31,-3,-5,90%
2025-12-23,S25,0,29,7,10,78%
2025-12-23,S25,ACCESSORIES,"1,090",178,230,84%
2025-12-23,S25,ACTIVE JACKET,375,75,78,80%
2025-12-23,S25,BAG,-220,-43,-100,81%
2025-12-23,S25,CABANA SHIRT,"1,540",384,345,75%
2025-12-23,S25,CAMP SHIRT,968,264,165,73%
2025-12-23,S25,DRESS,846,220,159,74%
2025-12-23,S25,HAT,0,-21,0,#DIV/0!
2025-12-23,S25,HOODIE,"2,088",574,442,73%
2025-12-23,S25,JACKET,"1,155",337,224,71%
2025-12-23,S25,LEGGINGS,"1,074",234,202,78%
2025-12-23,S25,LONG SLEEVE KNIT,936,295,120,68%
2025-12-23,S25,PANTS,975,237,203,76%
2025-12-23,S25,POLO,"5,142","1,166",924,77%
2025-12-23,S25,PULLOVER,830,186,163,78%
2025-12-23,S25,SHORTS,"13,404","2,953","2,784",78%
2025-12-23,S25,SKIRT,196,74,40,63%
2025-12-23,S25,SKORT,-50,10,-16,121%
2025-12-23,S25,SOCKS,162,67,36,59%
2025-12-23,S25,SPORT BRA,136,27,34,80%
2025-12-23,S25,SWEATER,"1,800",554,434,69%
2025-12-23,S25,SWEATPANTS,"3,704",678,686,82%
2025-12-23,S25,SWEATSHIRT,"1,430",388,234,73%
2025-12-23,S25,TANK TOP,924,249,179,73%
2025-12-23,S25,TRACK JACKET,"36,090","8,646","7,428",76%
2025-12-23,S25,TRACK PANT,"20,789","5,134","4,137",75%
2025-12-23,S25,T-SHIRT,"11,616","3,036","1,916",74%
2025-12-23,S25,VISOR,190,44,35,77%
2025-12-23,S26,T-SHIRT,65,33,18,50%
2025-12-24,CORE,ACCESSORIES,42,15,17,64%
2025-12-24,CORE,SOCKS,198,97,44,51%
2025-12-24,CORE,TRACK JACKET,"14,015","6,985","2,716",50%
2025-12-24,CORE,TRACK PANT,"10,255","5,143","2,046",50%
2025-12-24,F23,OUTERWEAR,350,75,80,79%
2025-12-24,F23,POLO,78,15,14,81%
2025-12-24,F23,SHORTS,136,42,26,69%
2025-12-24,F24,CAMP SHIRT,705,115,153,84%
2025-12-24,F24,DRESS,425,72,124,83%
2025-12-24,F24,LEGGINGS,880,182,168,79%
2025-12-24,F24,LONG SLEEVE KNIT,984,132,204,87%
2025-12-24,F24,POLO,"2,896",581,"1,114",80%
2025-12-24,F24,SHORTS,"4,157",732,"1,123",82%
2025-12-24,F24,SKIRT,354,64,107,82%
2025-12-24,F24,SPORT BRA,544,145,152,73%
2025-12-24,F24,SWEATPANTS,250,80,50,68%
2025-12-24,F24,SWEATSHIRT,"1,005",251,224,75%
2025-12-24,F24,TRACK JACKET,"5,350","1,570","1,325",71%
2025-12-24,F24,TRACK PANT,"6,335","1,750","1,400",72%
2025-12-24,F24,T-SHIRT,"2,454",566,938,77%
2025-12-24,F25,CABANA SHIRT,405,297,96,27%
2025-12-24,F25,CONTOUR JACKET,270,119,58,56%
2025-12-24,F25,CREWNECK,792,396,153,50%
2025-12-24,F25,DRESS,125,100,27,20%
2025-12-24,F25,HAT,308,181,66,41%
2025-12-24,F25,HOODIE,"2,428","1,333",447,45%
2025-12-24,F25,KNITWEAR,945,468,244,50%
2025-12-24,F25,LONG SLEEVE KNIT,"2,352","1,185",474,50%
2025-12-24,F25,OUTERWEAR,"1,450",714,324,51%
2025-12-24,F25,POLO,873,486,205,44%
2025-12-24,F25,PULLOVER,250,163,52,35%
2025-12-24,F25,SHORTS,886,500,205,44%
2025-12-24,F25,SKIRT,78,37,17,52%
2025-12-24,F25,SKORT,428,226,95,47%
2025-12-24,F25,SOCKS,72,45,16,38%
2025-12-24,F25,SWEATER,"1,669","1,082",368,35%
2025-12-24,F25,SWEATPANTS,"1,619",898,306,45%
2025-12-24,F25,TRACK JACKET,"28,866","15,784","6,269",45%
2025-12-24,F25,TRACK PANT,"24,331","13,152","5,331",46%
2025-12-24,F25,T-SHIRT,842,465,171,45%
2025-12-24,S23,CAMP SHIRT,118,10,26,91%
2025-12-24,S23,SHORTS,125,21,33,83%
2025-12-24,S24,FOOTWEAR,177,54,30,70%
2025-12-24,S24,OUTERWEAR,150,26,28,83%
2025-12-24,S24,SHORTS,"1,156",131,209,89%
2025-12-24,S24,SKORT,88,18,19,79%
2025-12-24,S24,SWEATER,300,30,74,90%
2025-12-24,S24,TRACK JACKET,135,18,23,87%
2025-12-24,S24,TRACK PANT,125,23,29,82%
2025-12-24,S25,0,264,86,54,68%
2025-12-24,S25,ACCESSORIES,"3,528",751,759,79%
2025-12-24,S25,ACTIVE JACKET,500,135,104,73%
2025-12-24,S25,BAG,175,32,108,82%
2025-12-24,S25,CABANA SHIRT,"2,319",657,518,72%
2025-12-24,S25,CAMP SHIRT,176,53,30,70%
2025-12-24,S25,DRESS,235,77,46,67%
2025-12-24,S25,HAT,406,91,85,78%
2025-12-24,S25,HOODIE,"2,300",841,491,63%
2025-12-24,S25,JACKET,660,226,128,66%
2025-12-24,S25,LEGGINGS,456,128,85,72%
2025-12-24,S25,LONG SLEEVE KNIT,796,243,122,69%
2025-12-24,S25,PANTS,0,42,0,#DIV/0!
2025-12-24,S25,POLO,"2,567",727,461,72%
2025-12-24,S25,PULLOVER,235,68,46,71%
2025-12-24,S25,SHORTS,"10,374","2,768","2,143",73%
2025-12-24,S25,SKIRT,254,76,24,70%
2025-12-24,S25,SKORT,498,141,102,72%
2025-12-24,S25,SOCKS,180,80,40,55%
2025-12-24,S25,SPORT BRA,252,69,58,72%
2025-12-24,S25,SWEATER,"1,655",480,407,71%
2025-12-24,S25,SWEATPANTS,"1,078",287,199,73%
2025-12-24,S25,SWEATSHIRT,"1,430",450,234,69%
2025-12-24,S25,TANK TOP,494,147,90,70%
2025-12-24,S25,TRACK JACKET,"25,980","7,842","5,268",70%
2025-12-24,S25,TRACK PANT,"15,299","4,726","3,047",69%
2025-12-24,S25,T-SHIRT,"7,120","2,101","1,177",70%
2025-12-25,CORE,ACCESSORIES,48,16,16,67%
2025-12-25,CORE,SOCKS,360,144,80,60%
2025-12-25,CORE,TRACK JACKET,"21,510","10,476","4,206",51%
2025-12-25,CORE,TRACK PANT,"15,910","7,928","3,137",50%
2025-12-25,F22,TANK TOP,58,9,11,85%
2025-12-25,F23,OUTERWEAR,175,23,40,87%
2025-12-25,F23,POLO,78,15,14,81%
2025-12-25,F23,SHORTS,408,114,78,72%
2025-12-25,F23,TRACK PANT,680,111,139,84%
2025-12-25,F24,ACCESSORIES,-88,-21,-18,76%
2025-12-25,F24,CAMP SHIRT,555,113,123,80%
2025-12-25,F24,DRESS,635,118,162,81%
2025-12-25,F24,HOODIE,450,300,87,33%
2025-12-25,F24,LEGGINGS,880,154,168,83%
2025-12-25,F24,LONG SLEEVE KNIT,472,92,96,81%
2025-12-25,F24,OUTERWEAR,-225,-32,-50,86%
2025-12-25,F24,POLO,"4,494",777,"1,686",83%
2025-12-25,F24,SHORTS,"4,401",777,"1,117",82%
2025-12-25,F24,SPORT BRA,272,58,76,79%
2025-12-25,F24,SWEATPANTS,"2,196",654,436,70%
2025-12-25,F24,SWEATSHIRT,"1,875",405,390,78%
2025-12-25,F24,TRACK JACKET,"9,795","3,073","2,436",69%
2025-12-25,F24,TRACK PANT,"9,080","2,635","2,032",71%
2025-12-25,F24,T-SHIRT,"1,348",236,475,82%
2025-12-25,F25,CABANA SHIRT,"1,755","1,055",415,40%
2025-12-25,F25,CONTOUR JACKET,135,65,29,52%
2025-12-25,F25,CREWNECK,"1,270",700,247,45%
2025-12-25,F25,DRESS,125,125,30,0%
2025-12-25,F25,HAT,532,353,112,34%
2025-12-25,F25,HOODIE,"4,574","2,080",857,55%
2025-12-25,F25,KNITWEAR,"2,820","1,441",753,49%
2025-12-25,F25,LEGGINGS,-110,-46,-24,58%
2025-12-25,F25,LONG SLEEVE KNIT,"3,858","1,873",768,51%
2025-12-25,F25,OUTERWEAR,"3,221","1,371",726,57%
2025-12-25,F25,POLO,873,432,203,51%
2025-12-25,F25,PULLOVER,"1,250",540,266,57%
2025-12-25,F25,SHORTS,"2,656","1,350",613,49%
2025-12-25,F25,SKORT,408,207,84,49%
2025-12-25,F25,SOCKS,72,29,16,60%
2025-12-25,F25,SWEATER,"2,496","1,319",526,47%
2025-12-25,F25,SWEATPANTS,"2,751","1,261",535,54%
2025-12-25,F25,TANK TOP,388,255,99,34%
2025-12-25,F25,TRACK JACKET,"47,281","24,646","10,219",48%
2025-12-25,F25,TRACK PANT,"38,723","20,220","8,375",48%
2025-12-25,F25,T-SHIRT,"1,768",956,360,46%
2025-12-25,F25,VEST,110,55,24,50%
2025-12-25,S23,SHORTS,125,18,33,86%
2025-12-25,S24,FOOTWEAR,794,302,156,62%
2025-12-25,S24,POLO,125,16,20,87%
2025-12-25,S24,SHORTS,804,161,138,80%
2025-12-25,S24,SKORT,88,16,19,82%
2025-12-25,S24,SPORT BRA,78,14,16,82%
2025-12-25,S24,SWEATER,300,38,74,88%
2025-12-25,S24,SWEATPANTS,88,12,16,86%
2025-12-25,S24,TANK TOP,68,14,11,79%
2025-12-25,S24,TRACK JACKET,270,33,46,88%
2025-12-25,S24,TRACK PANT,125,34,24,73%
2025-12-25,S25,ACCESSORIES,"1,000",223,205,78%
2025-12-25,S25,ACTIVE JACKET,125,28,26,77%
2025-12-25,S25,BAG,-110,-23,-50,80%
2025-12-25,S25,CABANA SHIRT,"1,029",250,228,76%
2025-12-25,S25,CAMP SHIRT,352,102,60,71%
2025-12-25,S25,DRESS,"1,243",337,235,73%
2025-12-25,S25,HAT,116,26,24,78%
2025-12-25,S25,HOODIE,"2,151",831,452,61%
2025-12-25,S25,JACKET,990,295,192,70%
2025-12-25,S25,LEGGINGS,-68,-15,-15,78%
2025-12-25,S25,LONG SLEEVE KNIT,"1,451",419,196,71%
2025-12-25,S25,PANTS,135,36,27,73%
2025-12-25,S25,POLO,"3,430",992,611,71%
2025-12-25,S25,PULLOVER,"1,205",362,239,70%
2025-12-25,S25,SHORTS,"10,756","2,784","2,217",74%
2025-12-25,S25,SKIRT,284,80,34,72%
2025-12-25,S25,SKORT,528,158,111,70%
2025-12-25,S25,SOCKS,198,49,44,75%
2025-12-25,S25,SWEATER,"2,050",557,469,73%
2025-12-25,S25,SWEATPANTS,"2,136",568,396,73%
2025-12-25,S25,SWEATSHIRT,"1,210",371,198,69%
2025-12-25,S25,TANK TOP,902,249,178,72%
2025-12-25,S25,TRACK JACKET,"33,440","8,985","6,900",73%
2025-12-25,S25,TRACK PANT,"23,049","6,410","4,586",72%
2025-12-25,S25,T-SHIRT,"9,838","2,881","1,643",71%
2025-12-25,S25,VISOR,-38,-9,-7,78%
2025-12-25,S26,ACCESSORIES,130,20,54,85%
2025-12-26,CORE,SOCKS,216,73,48,66%
2025-12-26,CORE,TRACK JACKET,"17,730","8,302","3,330",53%
2025-12-26,CORE,TRACK PANT,"13,275","6,016","2,480",55%
2025-12-26,F23,POLO,156,27,28,83%
2025-12-26,F23,SHORTS,68,16,13,77%
2025-12-26,F23,TRACK PANT,300,50,54,83%
2025-12-26,F24,CAMP SHIRT,300,90,60,70%
2025-12-26,F24,DRESS,825,128,262,85%
2025-12-26,F24,HOODIE,300,315,58,-5%
2025-12-26,F24,LEGGINGS,880,165,168,81%
2025-12-26,F24,LONG SLEEVE KNIT,538,84,112,84%
2025-12-26,F24,POLO,"3,097",531,"1,138",83%
2025-12-26,F24,SHORTS,"4,176",797,"1,165",81%
2025-12-26,F24,SKIRT,176,32,55,82%
2025-12-26,F24,SPORT BRA,476,114,133,76%
2025-12-26,F24,SWEATPANTS,"1,348",499,268,63%
2025-12-26,F24,SWEATSHIRT,"2,200",534,495,76%
2025-12-26,F24,TRACK JACKET,"5,010","1,577","1,256",69%
2025-12-26,F24,TRACK PANT,"4,675","1,332","1,055",72%
2025-12-26,F24,T-SHIRT,"1,038",198,438,81%
2025-12-26,F25,CABANA SHIRT,675,520,160,23%
2025-12-26,F25,CONTOUR JACKET,675,324,145,52%
2025-12-26,F25,CREWNECK,"1,185",632,230,47%
2025-12-26,F25,CROP TOP,380,177,88,53%
2025-12-26,F25,HAT,240,157,54,34%
2025-12-26,F25,HOODIE,"2,482","1,194",451,52%
2025-12-26,F25,KNITWEAR,"1,200",570,316,52%
2025-12-26,F25,LONG SLEEVE KNIT,"2,565","1,168",513,54%
2025-12-26,F25,OUTERWEAR,775,468,172,40%
2025-12-26,F25,POLO,"1,110",883,251,20%
2025-12-26,F25,PULLOVER,625,232,129,63%
2025-12-26,F25,SHORTS,"1,594","1,042",369,35%
2025-12-26,F25,SKIRT,156,62,34,60%
2025-12-26,F25,SKORT,752,355,185,53%
2025-12-26,F25,SOCKS,90,50,20,44%
2025-12-26,F25,SPORT BRA,48,23,8,52%
2025-12-26,F25,SWEATER,"2,795","1,725",599,38%
2025-12-26,F25,SWEATPANTS,981,424,183,57%
2025-12-26,F25,TANK TOP,446,224,115,50%
2025-12-26,F25,TRACK JACKET,"45,523","23,276","9,856",49%
2025-12-26,F25,TRACK PANT,"39,143","20,215","8,527",48%
2025-12-26,F25,T-SHIRT,"1,026",639,217,38%
2025-12-26,S24,DRESS,-165,-35,-44,79%
2025-12-26,S24,FOOTWEAR,386,25,91,94%
2025-12-26,S24,POLO,250,38,40,85%
2025-12-26,S24,SHORTS,153,44,28,71%
2025-12-26,S24,TRACK JACKET,0,0,0,#DIV/0!
2025-12-26,S24,TRACK PANT,250,80,48,68%
2025-12-26,S25,0,176,46,36,74%
2025-12-26,S25,ACCESSORIES,"1,060",215,222,80%
2025-12-26,S25,CABANA SHIRT,"1,235",318,267,74%
2025-12-26,S25,CAMP SHIRT,176,-25,30,114%
2025-12-26,S25,DRESS,478,130,91,73%
2025-12-26,S25,HAT,-58,-17,-12,70%
2025-12-26,S25,HOODIE,"1,026",319,218,69%
2025-12-26,S25,JACKET,825,135,160,84%
2025-12-26,S25,LEGGINGS,592,143,115,76%
2025-12-26,S25,LONG SLEEVE KNIT,936,286,120,69%
2025-12-26,S25,PANTS,690,150,142,78%
2025-12-26,S25,POLO,"2,561",739,487,71%
2025-12-26,S25,PULLOVER,660,197,126,70%
2025-12-26,S25,SHORTS,"8,332","2,003","1,731",76%
2025-12-26,S25,SKIRT,136,36,13,73%
2025-12-26,S25,SKORT,"1,106",312,244,72%
2025-12-26,S25,SOCKS,54,18,12,67%
2025-12-26,S25,SPORT BRA,68,15,17,78%
2025-12-26,S25,SWEATER,"1,945",411,426,79%
2025-12-26,S25,SWEATPANTS,764,175,144,77%
2025-12-26,S25,SWEATSHIRT,"1,100",287,180,74%
2025-12-26,S25,TANK TOP,442,129,84,71%
2025-12-26,S25,TRACK JACKET,"22,465","5,988","4,657",73%
2025-12-26,S25,TRACK PANT,"14,960","4,314","2,976",71%
2025-12-26,S25,T-SHIRT,"6,594","1,971","1,102",70%
2025-12-26,S26,T-SHIRT,65,33,18,50%
2025-12-27,CORE,ACCESSORIES,54,20,22,63%
2025-12-27,CORE,SOCKS,216,79,48,63%
2025-12-27,CORE,TRACK JACKET,"17,060","7,750","3,124",55%
2025-12-27,CORE,TRACK PANT,"12,655","5,693","2,277",55%
2025-12-27,F23,OUTERWEAR,175,38,40,79%
2025-12-27,F23,POLO,234,39,42,83%
2025-12-27,F23,SHORTS,68,13,13,81%
2025-12-27,F23,TRACK PANT,410,57,77,86%
2025-12-27,F24,CAMP SHIRT,435,83,91,81%
2025-12-27,F24,DRESS,510,81,127,84%
2025-12-27,F24,HOODIE,600,270,116,55%
2025-12-27,F24,LEGGINGS,"1,210",221,232,82%
2025-12-27,F24,LONG SLEEVE KNIT,748,110,156,85%
2025-12-27,F24,POLO,"3,043",582,"1,136",81%
2025-12-27,F24,SHORTS,"4,148",708,"1,130",83%
2025-12-27,F24,SKIRT,176,29,55,84%
2025-12-27,F24,SPORT BRA,476,135,133,72%
2025-12-27,F24,SWEATPANTS,"1,000",385,200,62%
2025-12-27,F24,SWEATSHIRT,"1,575",326,365,79%
2025-12-27,F24,TRACK JACKET,"6,510","1,977","1,618",70%
2025-12-27,F24,TRACK PANT,"5,850","1,677","1,287",71%
2025-12-27,F24,T-SHIRT,"1,608",283,563,82%
2025-12-27,F25,CABANA SHIRT,"1,080",608,254,44%
2025-12-27,F25,CONTOUR JACKET,-135,-120,-29,11%
2025-12-27,F25,CREWNECK,"1,111",559,209,50%
2025-12-27,F25,CROP TOP,146,64,34,56%
2025-12-27,F25,HAT,506,310,110,39%
2025-12-27,F25,HOODIE,"2,426","1,181",455,51%
2025-12-27,F25,KNITWEAR,"2,545","1,296",686,49%
2025-12-27,F25,LONG SLEEVE KNIT,"2,757","1,338",555,51%
2025-12-27,F25,OUTERWEAR,"2,723",903,600,67%
2025-12-27,F25,POLO,"1,105",650,248,41%
2025-12-27,F25,PULLOVER,"1,375",630,289,54%
2025-12-27,F25,SHORTS,"1,736","1,023",409,41%
2025-12-27,F25,SKIRT,156,75,34,52%
2025-12-27,F25,SKORT,146,53,32,64%
2025-12-27,F25,SWEATER,"2,823","1,843",616,35%
2025-12-27,F25,SWEATPANTS,"1,747",790,335,55%
2025-12-27,F25,TANK TOP,78,62,20,20%
2025-12-27,F25,TRACK JACKET,"40,479","20,720","8,728",49%
2025-12-27,F25,TRACK PANT,"34,475","18,023","7,506",48%
2025-12-27,F25,T-SHIRT,820,490,159,40%
2025-12-27,S23,CAMP SHIRT,118,9,26,93%
2025-12-27,S24,FOOTWEAR,177,-155,30,187%
2025-12-27,S24,SHORTS,324,43,63,87%
2025-12-27,S24,SPORT BRA,78,14,16,82%
2025-12-27,S24,SWEATER,150,15,37,90%
2025-12-27,S24,SWEATPANTS,176,29,32,83%
2025-12-27,S24,TANK TOP,68,14,11,79%
2025-12-27,S24,TRACK JACKET,270,36,46,87%
2025-12-27,S25,ACCESSORIES,"1,208",275,259,77%
2025-12-27,S25,ACTIVE JACKET,250,68,52,73%
2025-12-27,S25,CABANA SHIRT,"1,050",272,241,74%
2025-12-27,S25,CAMP SHIRT,352,102,60,71%
2025-12-27,S25,DRESS,625,146,119,77%
2025-12-27,S25,HAT,116,22,24,81%
2025-12-27,S25,HOODIE,"1,300",437,283,66%
2025-12-27,S25,JACKET,"1,485",497,288,67%
2025-12-27,S25,LEGGINGS,110,30,20,73%
2025-12-27,S25,LONG SLEEVE KNIT,593,194,86,67%
2025-12-27,S25,PANTS,210,59,44,72%
2025-12-27,S25,POLO,"4,071","1,104",750,73%
2025-12-27,S25,PULLOVER,800,230,155,71%
2025-12-27,S25,SHORTS,"10,728","2,626","2,217",76%
2025-12-27,S25,SKIRT,292,83,17,71%
2025-12-27,S25,SKORT,822,204,177,75%
2025-12-27,S25,SOCKS,54,12,12,78%
2025-12-27,S25,SWEATER,"3,815",893,912,77%
2025-12-27,S25,SWEATPANTS,196,60,36,69%
2025-12-27,S25,SWEATSHIRT,"1,210",287,198,76%
2025-12-27,S25,TANK TOP,696,169,146,76%
2025-12-27,S25,TRACK JACKET,"25,710","7,160","5,187",72%
2025-12-27,S25,TRACK PANT,"16,814","4,894","3,352",71%
2025-12-27,S25,T-SHIRT,"7,756","2,192","1,296",72%
2025-12-27,S25,VISOR,38,9,7,78%
2025-12-27,S26,ACCESSORIES,130,23,54,82%
2025-12-27,S26,CREWNECK,165,83,29,50%
2025-12-28,CORE,ACCESSORIES,60,22,22,63%
2025-12-28,CORE,SOCKS,450,174,100,61%
2025-12-28,CORE,TRACK JACKET,"12,265","5,539","2,300",55%
2025-12-28,CORE,TRACK PANT,"9,030","4,362","1,656",52%
2025-12-28,F23,OUTERWEAR,350,45,80,87%
2025-12-28,F23,TRACK PANT,110,27,23,75%
2025-12-28,F24,CAMP SHIRT,135,20,31,85%
2025-12-28,F24,DRESS,925,163,300,82%
2025-12-28,F24,HOODIE,800,246,184,69%
2025-12-28,F24,LEGGINGS,"1,210",236,231,80%
2025-12-28,F24,LONG SLEEVE KNIT,328,51,68,84%
2025-12-28,F24,POLO,"3,256",652,"1,273",80%
2025-12-28,F24,SHORTS,"2,748",482,703,82%
2025-12-28,F24,SKIRT,793,143,334,82%
2025-12-28,F24,SPORT BRA,544,135,152,75%
2025-12-28,F24,SWEATPANTS,750,215,150,71%
2025-12-28,F24,SWEATSHIRT,625,140,129,78%
2025-12-28,F24,TRACK JACKET,"8,245","2,495","2,022",70%
2025-12-28,F24,TRACK PANT,"7,025","1,932","1,568",73%
2025-12-28,F24,T-SHIRT,"1,060",222,362,79%
2025-12-28,F25,CABANA SHIRT,810,594,192,27%
2025-12-28,F25,CREWNECK,"1,396",643,262,54%
2025-12-28,F25,CROP TOP,234,112,54,52%
2025-12-28,F25,DRESS,125,60,27,52%
2025-12-28,F25,HAT,460,261,98,43%
2025-12-28,F25,HOODIE,"2,516","1,005",472,60%
2025-12-28,F25,KNITWEAR,"3,765","2,121",999,44%
2025-12-28,F25,LEGGINGS,118,71,25,40%
2025-12-28,F25,LONG SLEEVE KNIT,"3,645","1,814",729,50%
2025-12-28,F25,OUTERWEAR,"1,225",562,274,54%
2025-12-28,F25,POLO,"1,233",673,279,45%
2025-12-28,F25,PULLOVER,625,290,135,54%
2025-12-28,F25,SHORTS,"1,186",750,275,37%
2025-12-28,F25,SKORT,380,188,86,50%
2025-12-28,F25,SOCKS,126,59,29,53%
2025-12-28,F25,SWEATER,"1,713",942,379,45%
2025-12-28,F25,SWEATPANTS,"1,338",609,258,54%
2025-12-28,F25,TRACK JACKET,"35,927","19,027","7,780",47%
2025-12-28,F25,TRACK PANT,"32,274","17,308","7,053",46%
2025-12-28,F25,T-SHIRT,"1,416",755,291,47%
2025-12-28,F25,VEST,98,59,26,40%
2025-12-28,S23,SHORTS,125,18,33,86%
2025-12-28,S24,FOOTWEAR,762,313,171,59%
2025-12-28,S24,POLO,68,30,12,56%
2025-12-28,S24,SHORTS,449,79,81,82%
2025-12-28,S24,SKIRT,78,38,15,52%
2025-12-28,S24,SKORT,176,32,38,82%
2025-12-28,S24,SWEATER,150,15,37,90%
2025-12-28,S24,TANK TOP,78,10,12,87%
2025-12-28,S24,TRACK JACKET,270,36,46,87%
2025-12-28,S24,TRACK PANT,875,161,198,82%
2025-12-28,S25,ACCESSORIES,"1,198",275,255,77%
2025-12-28,S25,CABANA SHIRT,"1,630",440,343,73%
2025-12-28,S25,CAMP SHIRT,352,107,60,70%
2025-12-28,S25,DRESS,-7,2,-5,124%
2025-12-28,S25,HAT,232,49,48,79%
2025-12-28,S25,HOODIE,976,303,204,69%
2025-12-28,S25,JACKET,330,94,64,72%
2025-12-28,S25,LEGGINGS,770,191,142,75%
2025-12-28,S25,LONG SLEEVE KNIT,"1,061",343,146,68%
2025-12-28,S25,PANTS,765,207,159,73%
2025-12-28,S25,POLO,"4,372","1,382",823,68%
2025-12-28,S25,PULLOVER,485,173,96,64%
2025-12-28,S25,SHORTS,"9,428","2,314","1,960",75%
2025-12-28,S25,SKIRT,78,35,2,55%
2025-12-28,S25,SKORT,644,172,126,73%
2025-12-28,S25,SOCKS,108,44,24,60%
2025-12-28,S25,SPORT BRA,136,37,34,73%
2025-12-28,S25,SWEATER,"2,800",803,667,71%
2025-12-28,S25,SWEATPANTS,686,160,126,77%
2025-12-28,S25,SWEATSHIRT,"1,210",332,198,73%
2025-12-28,S25,TANK TOP,484,171,94,65%
2025-12-28,S25,TRACK JACKET,"28,705","8,041","5,738",72%
2025-12-28,S25,TRACK PANT,"21,317","6,085","4,245",71%
2025-12-28,S25,T-SHIRT,"7,138","2,032","1,216",72%
2025-12-28,S25,VISOR,76,21,14,73%
2025-12-29,CORE,ACCESSORIES,72,30,28,58%
2025-12-29,CORE,SOCKS,666,250,148,63%
2025-12-29,CORE,TRACK JACKET,"7,640","3,310","1,402",57%
2025-12-29,CORE,TRACK PANT,"5,175","2,572",930,50%
2025-12-29,F23,OUTERWEAR,175,23,40,87%
2025-12-29,F23,SHORTS,204,48,38,77%
2025-12-29,F24,0,290,203,106,30%
2025-12-29,F24,ACCESSORIES,0,5,0,#DIV/0!
2025-12-29,F24,CAMP SHIRT,"1,050",199,210,81%
2025-12-29,F24,DRESS,375,83,105,78%
2025-12-29,F24,HOODIE,900,192,218,79%
2025-12-29,F24,LEGGINGS,770,144,147,81%
2025-12-29,F24,LONG SLEEVE KNIT,949,203,202,79%
2025-12-29,F24,POLO,"1,077",173,332,84%
2025-12-29,F24,SHORTS,"4,217",785,"1,039",81%
2025-12-29,F24,SKIRT,971,175,298,82%
2025-12-29,F24,SPORT BRA,544,131,152,76%
2025-12-29,F24,SWEATPANTS,"1,500",405,301,73%
2025-12-29,F24,SWEATSHIRT,"1,565",349,331,78%
2025-12-29,F24,TRACK JACKET,"6,620","1,985","1,567",70%
2025-12-29,F24,TRACK PANT,"5,655","1,589","1,291",72%
2025-12-29,F24,T-SHIRT,886,137,325,85%
2025-12-29,F25,CABANA SHIRT,0,39,-1,#DIV/0!
2025-12-29,F25,CREWNECK,857,357,158,58%
2025-12-29,F25,CROP TOP,78,37,18,52%
2025-12-29,F25,DRESS,125,60,27,52%
2025-12-29,F25,HAT,376,210,78,44%
2025-12-29,F25,HOODIE,"1,348",713,239,47%
2025-12-29,F25,KNITWEAR,"1,005",551,256,45%
2025-12-29,F25,LONG SLEEVE KNIT,"3,162","1,445",636,54%
2025-12-29,F25,OUTERWEAR,675,287,149,57%
2025-12-29,F25,POLO,993,604,228,39%
2025-12-29,F25,PULLOVER,"1,125",575,235,49%
2025-12-29,F25,SHORTS,626,470,144,25%
2025-12-29,F25,SKIRT,312,112,74,64%
2025-12-29,F25,SOCKS,54,24,12,55%
2025-12-29,F25,SWEATER,919,380,203,59%
2025-12-29,F25,SWEATPANTS,331,97,62,71%
2025-12-29,F25,TANK TOP,78,37,20,52%
2025-12-29,F25,TRACK JACKET,"20,042","10,016","4,324",50%
2025-12-29,F25,TRACK PANT,"17,995","9,508","3,882",47%
2025-12-29,F25,T-SHIRT,758,413,159,46%
2025-12-29,S24,FOOTWEAR,821,275,183,66%
2025-12-29,S24,SHORTS,733,154,139,79%
2025-12-29,S24,SKIRT,234,49,71,79%
2025-12-29,S24,SKORT,176,32,38,82%
2025-12-29,S24,SPORT BRA,318,76,51,76%
2025-12-29,S24,SWEATER,150,0,37,100%
2025-12-29,S24,TANK TOP,146,24,23,83%
2025-12-29,S24,TRACK JACKET,540,72,92,87%
2025-12-29,S24,TRACK PANT,"1,000",192,227,81%
2025-12-29,S25,0,176,70,36,60%
2025-12-29,S25,ACCESSORIES,"1,158",250,243,78%
2025-12-29,S25,ACTIVE JACKET,375,101,78,73%
2025-12-29,S25,BAG,0,0,0,#DIV/0!
2025-12-29,S25,CABANA SHIRT,"1,910",455,407,76%
2025-12-29,S25,CAMP SHIRT,176,71,30,60%
2025-12-29,S25,DRESS,250,62,48,75%
2025-12-29,S25,HAT,522,95,110,82%
2025-12-29,S25,HOODIE,575,186,125,68%
2025-12-29,S25,JACKET,330,127,64,62%
2025-12-29,S25,LEGGINGS,60,13,15,79%
2025-12-29,S25,LONG SLEEVE KNIT,305,46,24,85%
2025-12-29,S25,PANTS,210,39,44,81%
2025-12-29,S25,POLO,"2,383",711,448,70%
2025-12-29,S25,PULLOVER,"1,190",389,234,67%
2025-12-29,S25,SHORTS,"12,647","2,835","2,645",78%
2025-12-29,S25,SKIRT,478,120,58,75%
2025-12-29,S25,SKORT,390,114,74,71%
2025-12-29,S25,SOCKS,144,41,32,71%
2025-12-29,S25,SWEATER,"1,870",480,445,74%
2025-12-29,S25,SWEATPANTS,588,176,108,70%
2025-12-29,S25,SWEATSHIRT,880,226,144,74%
2025-12-29,S25,TANK TOP,366,81,67,78%
2025-12-29,S25,TRACK JACKET,"20,960","5,622","4,157",73%
2025-12-29,S25,TRACK PANT,"12,151","3,418","2,380",72%
2025-12-29,S25,T-SHIRT,"5,512","1,522",981,72%
2025-12-29,S25,VISOR,152,41,28,73%
2025-12-30,CORE,ACCESSORIES,60,26,22,57%
2025-12-30,CORE,SOCKS,396,193,88,51%
2025-12-30,CORE,TRACK JACKET,"10,665","4,344","1,968",59%
2025-12-30,CORE,TRACK PANT,"7,225","3,070","1,351",58%
2025-12-30,F22,TANK TOP,58,9,11,85%
2025-12-30,F23,POLO,156,27,28,83%
2025-12-30,F23,SHORTS,272,74,52,73%
2025-12-30,F23,TRACK PANT,310,71,66,77%
2025-12-30,F24,0,290,203,106,30%
2025-12-30,F24,CAMP SHIRT,570,86,122,85%
2025-12-30,F24,DRESS,"1,685",282,461,83%
2025-12-30,F24,HOODIE,"1,300",324,310,75%
2025-12-30,F24,LEGGINGS,"1,210",263,231,78%
2025-12-30,F24,LONG SLEEVE KNIT,"1,246",203,256,84%
2025-12-30,F24,POLO,"4,172",784,"1,615",81%
2025-12-30,F24,SHORTS,"5,541",954,"1,436",83%
2025-12-30,F24,SKIRT,706,122,171,83%
2025-12-30,F24,SPORT BRA,612,158,171,74%
2025-12-30,F24,SWEATPANTS,500,193,100,62%
2025-12-30,F24,SWEATSHIRT,755,153,172,80%
2025-12-30,F24,TRACK JACKET,"7,920","2,359","1,979",70%
2025-12-30,F24,TRACK PANT,"6,815","1,811","1,524",73%
2025-12-30,F24,T-SHIRT,"1,414",273,523,81%
2025-12-30,F25,CABANA SHIRT,"1,755","1,127",414,36%
2025-12-30,F25,CREWNECK,921,393,172,57%
2025-12-30,F25,CROP TOP,156,75,36,52%
2025-12-30,F25,DRESS,250,160,57,36%
2025-12-30,F25,HAT,270,173,58,36%
2025-12-30,F25,HOODIE,"3,180","1,479",585,53%
2025-12-30,F25,KNITWEAR,"1,455",742,377,49%
2025-12-30,F25,LEGGINGS,-236,-236,-50,0%
2025-12-30,F25,LONG SLEEVE KNIT,"2,103","1,061",417,50%
2025-12-30,F25,OUTERWEAR,"3,571","1,731",794,52%
2025-12-30,F25,POLO,389,-15,83,104%
2025-12-30,F25,PULLOVER,250,110,50,56%
2025-12-30,F25,SHORTS,"2,104","1,002",478,52%
2025-12-30,F25,SKIRT,78,31,17,60%
2025-12-30,F25,SKORT,350,187,74,47%
2025-12-30,F25,SPORT BRA,96,61,16,36%
2025-12-30,F25,SWEATER,"2,421","1,430",528,41%
2025-12-30,F25,SWEATPANTS,"1,470",835,279,43%
2025-12-30,F25,TRACK JACKET,"32,679","15,779","7,042",52%
2025-12-30,F25,TRACK PANT,"29,497","14,392","6,376",51%
2025-12-30,F25,T-SHIRT,"1,388",774,279,44%
2025-12-30,F25,VEST,110,110,24,0%
2025-12-30,S23,CAMP SHIRT,236,26,52,89%
2025-12-30,S24,DRESS,165,30,44,82%
2025-12-30,S24,FOOTWEAR,735,173,146,76%
2025-12-30,S24,POLO,193,37,32,81%
2025-12-30,S24,SHORTS,777,170,151,78%
2025-12-30,S24,SKIRT,360,83,57,77%
2025-12-30,S24,SKORT,176,37,38,79%
2025-12-30,S24,SPORT BRA,268,56,54,79%
2025-12-30,S24,TANK TOP,214,37,34,83%
2025-12-30,S24,TRACK JACKET,540,84,92,84%
2025-12-30,S24,TRACK PANT,"1,375",281,314,80%
2025-12-30,S25,0,176,48,36,73%
2025-12-30,S25,ACCESSORIES,"1,244",298,253,76%
2025-12-30,S25,ACTIVE JACKET,250,62,52,75%
2025-12-30,S25,CABANA SHIRT,"2,169",612,470,72%
2025-12-30,S25,DRESS,"1,213",433,225,64%
2025-12-30,S25,HAT,174,38,36,78%
2025-12-30,S25,HOODIE,975,371,210,62%
2025-12-30,S25,JACKET,990,257,192,74%
2025-12-30,S25,LEGGINGS,228,56,41,75%
2025-12-30,S25,LONG SLEEVE KNIT,"1,139",348,156,69%
2025-12-30,S25,PANTS,210,51,44,76%
2025-12-30,S25,POLO,"4,052","1,079",757,73%
2025-12-30,S25,PULLOVER,125,43,25,66%
2025-12-30,S25,SHORTS,"11,553","2,806","2,383",76%
2025-12-30,S25,SKIRT,936,253,199,73%
2025-12-30,S25,SKORT,556,121,108,78%
2025-12-30,S25,SOCKS,54,14,12,75%
2025-12-30,S25,SWEATER,"2,640",861,606,67%
2025-12-30,S25,SWEATPANTS,558,130,108,77%
2025-12-30,S25,SWEATSHIRT,"1,540",396,252,74%
2025-12-30,S25,TANK TOP,984,265,183,73%
2025-12-30,S25,TRACK JACKET,"28,100","7,378","5,717",74%
2025-12-30,S25,TRACK PANT,"20,337","5,124","4,053",75%
2025-12-30,S25,T-SHIRT,"7,872","2,165","1,312",72%
2025-12-30,S25,VISOR,152,41,28,73%
2025-12-31,CORE,ACCESSORIES,78,29,28,63%
2025-12-31,CORE,SOCKS,414,149,92,64%
2025-12-31,CORE,TRACK JACKET,"14,610","6,359","2,598",56%
2025-12-31,CORE,TRACK PANT,"8,910","3,857","1,568",57%
2025-12-31,F23,SHORTS,68,16,13,77%
2025-12-31,F24,0,435,264,159,39%
2025-12-31,F24,CAMP SHIRT,750,133,150,82%
2025-12-31,F24,DRESS,800,128,287,84%
2025-12-31,F24,HOODIE,950,321,213,66%
2025-12-31,F24,LEGGINGS,880,179,168,80%
2025-12-31,F24,LONG SLEEVE KNIT,118,20,24,83%
2025-12-31,F24,POLO,"3,786",705,"1,570",81%
2025-12-31,F24,SHORTS,"3,586",660,878,82%
2025-12-31,F24,SKIRT,353,61,97,83%
2025-12-31,F24,SPORT BRA,544,158,152,71%
2025-12-31,F24,SWEATPANTS,625,330,125,47%
2025-12-31,F24,SWEATSHIRT,440,89,99,80%
2025-12-31,F24,TRACK JACKET,"5,320","1,522","1,329",71%
2025-12-31,F24,TRACK PANT,"4,875","1,238","1,094",75%
2025-12-31,F24,T-SHIRT,769,164,293,79%
2025-12-31,F25,CABANA SHIRT,"1,485",865,350,42%
2025-12-31,F25,CREWNECK,"1,156",612,216,47%
2025-12-31,F25,CROP TOP,146,70,34,52%
2025-12-31,F25,DRESS,760,383,175,50%
2025-12-31,F25,HAT,590,338,130,43%
2025-12-31,F25,HOODIE,"1,318",591,233,55%
2025-12-31,F25,KNITWEAR,"2,420","1,227",638,49%
2025-12-31,F25,LONG SLEEVE KNIT,"3,126","1,491",618,52%
2025-12-31,F25,OUTERWEAR,"2,375","1,068",521,55%
2025-12-31,F25,POLO,"2,015","1,235",458,39%
2025-12-31,F25,PULLOVER,"1,750",666,378,62%
2025-12-31,F25,SHORTS,"1,774",839,409,53%
2025-12-31,F25,SKIRT,156,69,36,56%
2025-12-31,F25,SKORT,204,93,42,54%
2025-12-31,F25,SOCKS,36,16,8,56%
2025-12-31,F25,SWEATER,"2,448","1,336",536,45%
2025-12-31,F25,SWEATPANTS,"1,362",613,261,55%
2025-12-31,F25,TANK TOP,194,107,50,45%
2025-12-31,F25,TRACK JACKET,"33,083","15,734","7,080",52%
2025-12-31,F25,TRACK PANT,"29,544","14,346","6,410",51%
2025-12-31,F25,T-SHIRT,986,499,205,49%
2025-12-31,F25,VEST,110,66,24,40%
2025-12-31,S23,CAMP SHIRT,118,10,26,91%
2025-12-31,S24,FOOTWEAR,440,125,96,72%
2025-12-31,S24,POLO,-125,-19,-20,85%
2025-12-31,S24,SHORTS,466,64,91,86%
2025-12-31,S24,SKIRT,78,13,28,83%
2025-12-31,S24,SKORT,440,82,95,81%
2025-12-31,S24,SPORT BRA,78,14,16,82%
2025-12-31,S24,SWEATER,150,13,37,92%
2025-12-31,S24,TANK TOP,204,40,33,81%
2025-12-31,S24,TRACK JACKET,270,33,46,88%
2025-12-31,S24,TRACK PANT,"1,125",243,246,78%
2025-12-31,S25,ACCESSORIES,"2,822",508,584,82%
2025-12-31,S25,ACTIVE JACKET,375,90,78,76%
2025-12-31,S25,BAG,525,79,324,85%
2025-12-31,S25,CABANA SHIRT,"2,803",774,589,72%
2025-12-31,S25,CAMP SHIRT,352,93,60,74%
2025-12-31,S25,DRESS,235,59,46,75%
2025-12-31,S25,HAT,58,13,12,77%
2025-12-31,S25,HOODIE,"1,839",671,393,64%
2025-12-31,S25,JACKET,495,116,96,77%
2025-12-31,S25,LEGGINGS,236,64,42,73%
2025-12-31,S25,LONG SLEEVE KNIT,515,122,76,76%
2025-12-31,S25,PANTS,960,268,196,72%
2025-12-31,S25,POLO,"2,832",770,517,73%
2025-12-31,S25,PULLOVER,"1,130",402,218,64%
2025-12-31,S25,SHORTS,"12,165","3,021","2,525",75%
2025-12-31,S25,SKIRT,488,138,84,72%
2025-12-31,S25,SKORT,"1,152",262,233,77%
2025-12-31,S25,SOCKS,198,56,45,72%
2025-12-31,S25,SPORT BRA,164,47,31,71%
2025-12-31,S25,SWEATER,"4,045",992,937,75%
2025-12-31,S25,SWEATPANTS,646,171,126,74%
2025-12-31,S25,SWEATSHIRT,"1,210",312,198,74%
2025-12-31,S25,TANK TOP,688,152,121,78%
2025-12-31,S25,TRACK JACKET,"27,180","7,023","5,430",74%
2025-12-31,S25,TRACK PANT,"16,598","4,543","3,270",73%
2025-12-31,S25,T-SHIRT,"7,986","2,283","1,335",71%
2025-12-31,S25,VISOR,76,19,14,75%
2025-12-31,S26,T-SHIRT,65,33,18,50%

